Price,Adj Close,Close,High,Low,Open,Volume
Ticker,DTE,DTE,DTE,DTE,DTE,DTE
Date,,,,,,
2000-01-03,8.680184364318848,25.585105895996094,26.70212745666504,25.4255313873291,26.70212745666504,672453
2000-01-04,8.698227882385254,25.63829803466797,25.63829803466797,25.159574508666992,25.159574508666992,659410
2000-01-05,8.968920707702637,26.43617057800293,26.755319595336914,25.79787254333496,25.79787254333496,444385
2000-01-06,8.932831764221191,26.32978630065918,26.70212745666504,26.117021560668945,26.382978439331055,338988
2000-01-07,9.023058891296387,26.595745086669922,26.595745086669922,26.276596069335938,26.382978439331055,666578
2000-01-10,9.077199935913086,26.755319595336914,27.340425491333008,26.648935317993164,27.180850982666016,743540
2000-01-11,9.077199935913086,26.755319595336914,26.755319595336914,26.382978439331055,26.648935317993164,422648
2000-01-12,9.113289833068848,26.86170196533203,27.180850982666016,26.595745086669922,26.648935317993164,1200498
2000-01-13,9.095250129699707,26.80851173400879,27.021276473999023,26.542552947998047,26.96808433532715,377645
2000-01-14,9.005012512207031,26.542552947998047,27.021276473999023,26.382978439331055,26.86170196533203,481633
2000-01-18,8.896739959716797,26.223403930664062,26.648935317993164,25.957447052001953,26.542552947998047,295160
2000-01-19,9.20352554321289,27.127660751342773,27.340425491333008,26.276596069335938,26.382978439331055,683263
2000-01-20,9.781002044677734,28.82978630065918,28.989362716674805,27.127660751342773,27.23404312133789,1158315
2000-01-21,10.737443923950195,31.648935317993164,31.914894104003906,28.82978630065918,29.5744686126709,1446778
2000-01-24,10.845721244812012,31.96808433532715,35.15957260131836,31.80851173400879,33.191490173339844,2141555
2000-01-25,10.322383880615234,30.4255313873291,32.34042739868164,30.0,32.021278381347656,908745
2000-01-26,10.358475685119629,30.53191566467285,30.53191566467285,30.106382369995117,30.478723526000977,520878
2000-01-27,10.105823516845703,29.787233352661133,30.4255313873291,29.36170196533203,30.4255313873291,1132230
2000-01-28,9.600536346435547,28.29787254333496,29.521276473999023,28.29787254333496,29.36170196533203,463303
2000-01-31,10.033650398254395,29.5744686126709,29.787233352661133,28.404254913330078,28.617021560668945,1064550
2000-02-01,10.033650398254395,29.5744686126709,30.053190231323242,29.521276473999023,29.680850982666016,748475
2000-02-02,9.726863861083984,28.67021369934082,29.414894104003906,28.617021560668945,29.30851173400879,453550
2000-02-03,9.889278411865234,29.148935317993164,29.414894104003906,28.67021369934082,28.67021369934082,732730
2000-02-04,9.600536346435547,28.29787254333496,29.255319595336914,28.19148826599121,29.20212745666504,642255
2000-02-07,9.52835464477539,28.085105895996094,28.29787254333496,27.76595687866211,28.29787254333496,438040
2000-02-08,9.52835464477539,28.085105895996094,28.29787254333496,28.03191566467285,28.244680404663086,682205
2000-02-09,9.347890853881836,27.553190231323242,28.404254913330078,27.553190231323242,28.085105895996094,613115
2000-02-10,9.29374885559082,27.393617630004883,27.819149017333984,27.127660751342773,27.76595687866211,778438
2000-02-11,9.383983612060547,27.659574508666992,27.819149017333984,27.393617630004883,27.393617630004883,384460
2000-02-14,9.438122749328613,27.819149017333984,28.404254913330078,27.606382369995117,27.872339248657227,599015
2000-02-15,9.52835464477539,28.085105895996094,28.29787254333496,27.76595687866211,27.9255313873291,608180
2000-02-16,9.402030944824219,27.712766647338867,28.29787254333496,27.659574508666992,28.13829803466797,443915
2000-02-17,9.383983612060547,27.659574508666992,28.244680404663086,27.553190231323242,28.085105895996094,558595
2000-02-18,9.275707244873047,27.340425491333008,27.712766647338867,27.23404312133789,27.659574508666992,385400
2000-02-22,9.185476303100586,27.0744686126709,27.659574508666992,26.96808433532715,27.553190231323242,381640
2000-02-23,8.914780616760254,26.276596069335938,26.914894104003906,26.17021369934082,26.86170196533203,354968
2000-02-24,8.680184364318848,25.585105895996094,26.542552947998047,25.372339248657227,26.43617057800293,728618
2000-02-25,8.499725341796875,25.053190231323242,25.69148826599121,24.787233352661133,25.585105895996094,530043
2000-02-28,8.589954376220703,25.319149017333984,25.69148826599121,24.787233352661133,25.0,881955
2000-02-29,8.716277122497559,25.69148826599121,25.79787254333496,25.106382369995117,25.319149017333984,514533
2000-03-01,8.481677055358887,25.0,25.851064682006836,24.840425491333008,25.53191566467285,424763
2000-03-02,8.481677055358887,25.0,25.319149017333984,24.840425491333008,25.319149017333984,714988
2000-03-03,8.517770767211914,25.106382369995117,25.212766647338867,24.787233352661133,24.893617630004883,583505
2000-03-06,8.607998847961426,25.372339248657227,26.382978439331055,25.212766647338867,26.382978439331055,1341968
2000-03-07,8.481677055358887,25.0,25.904254913330078,25.0,25.372339248657227,978893
2000-03-08,8.589954376220703,25.319149017333984,25.53191566467285,24.787233352661133,24.946809768676758,672218
2000-03-09,8.73432445526123,25.744680404663086,25.744680404663086,25.26595687866211,25.319149017333984,1032708
2000-03-10,8.878692626953125,26.17021369934082,26.542552947998047,25.851064682006836,25.957447052001953,991230
2000-03-13,8.824557304382324,26.010637283325195,26.43617057800293,25.478723526000977,25.53191566467285,1053623
2000-03-14,8.662138938903809,25.53191566467285,26.32978630065918,25.319149017333984,26.010637283325195,1288153
2000-03-15,9.077199935913086,26.755319595336914,27.180850982666016,25.53191566467285,25.585105895996094,1263360
2000-03-16,9.356802940368652,27.127660751342773,27.5,25.957447052001953,26.010637283325195,2837273
2000-03-17,8.934829711914062,25.904254913330078,26.914894104003906,25.69148826599121,26.648935317993164,681735
2000-03-20,9.00821590423584,26.117021560668945,26.32978630065918,25.851064682006836,26.06382942199707,533685
2000-03-21,8.824748039245605,25.585105895996094,26.32978630065918,25.159574508666992,26.32978630065918,467415
2000-03-22,8.586238861083984,24.893617630004883,25.53191566467285,24.20212745666504,25.53191566467285,866445
2000-03-23,8.769706726074219,25.4255313873291,25.744680404663086,25.053190231323242,25.053190231323242,809928
2000-03-24,8.733015060424805,25.319149017333984,25.478723526000977,24.946809768676758,25.372339248657227,636733
2000-03-27,8.733015060424805,25.319149017333984,25.904254913330078,25.319149017333984,25.478723526000977,410780
2000-03-28,8.806401252746582,25.53191566467285,25.744680404663086,25.212766647338867,25.319149017333984,748005
2000-03-29,8.733015060424805,25.319149017333984,25.744680404663086,25.319149017333984,25.372339248657227,679503
2000-03-30,8.696320533752441,25.212766647338867,25.851064682006836,25.106382369995117,25.478723526000977,955745
2000-03-31,8.567895889282227,24.840425491333008,25.319149017333984,24.5744686126709,25.319149017333984,2122990
2000-04-03,8.604593276977539,24.946809768676758,25.0,24.5744686126709,24.787233352661133,662700
2000-04-04,8.696320533752441,25.212766647338867,25.478723526000977,24.73404312133789,24.893617630004883,945875
2000-04-05,8.733015060424805,25.319149017333984,25.904254913330078,25.053190231323242,25.212766647338867,749063
2000-04-06,8.696320533752441,25.212766647338867,25.53191566467285,24.73404312133789,25.53191566467285,629565
2000-04-07,8.641286849975586,25.053190231323242,25.26595687866211,24.73404312133789,24.946809768676758,409135
2000-04-10,8.843094825744629,25.63829803466797,25.69148826599121,24.893617630004883,24.946809768676758,490563
2000-04-11,8.751360893249512,25.372339248657227,26.010637283325195,25.372339248657227,25.63829803466797,441800
2000-04-12,8.751360893249512,25.372339248657227,26.117021560668945,25.26595687866211,25.26595687866211,946345
2000-04-13,8.843094825744629,25.63829803466797,25.851064682006836,25.212766647338867,25.4255313873291,650715
2000-04-14,8.641286849975586,25.053190231323242,25.851064682006836,24.680850982666016,25.4255313873291,726738
2000-04-17,8.586238861083984,24.893617630004883,25.4255313873291,24.46808433532715,24.627660751342773,1327985
2000-04-18,8.898136138916016,25.79787254333496,25.957447052001953,24.946809768676758,25.0,1048335
2000-04-19,8.843094825744629,25.63829803466797,25.79787254333496,25.159574508666992,25.63829803466797,694190
2000-04-20,9.044909477233887,26.223403930664062,26.382978439331055,25.69148826599121,25.744680404663086,361430
2000-04-24,9.411844253540039,27.287233352661133,27.446809768676758,26.117021560668945,26.223403930664062,642373
2000-04-25,9.66869831085205,28.03191566467285,28.085105895996094,27.0744686126709,27.0744686126709,704883
2000-04-26,10.035622596740723,29.095745086669922,29.148935317993164,27.553190231323242,27.659574508666992,824145
2000-04-27,9.650349617004395,27.978723526000977,28.882978439331055,27.872339248657227,28.882978439331055,782668
2000-04-28,9.576961517333984,27.76595687866211,27.872339248657227,27.393617630004883,27.76595687866211,1108143
2000-05-01,9.411844253540039,27.287233352661133,27.819149017333984,27.23404312133789,27.553190231323242,824615
2000-05-02,9.191679954528809,26.648935317993164,27.5,26.595745086669922,27.180850982666016,368245
2000-05-03,9.044909477233887,26.223403930664062,26.648935317993164,26.17021369934082,26.648935317993164,426760
2000-05-04,9.173334121704102,26.595745086669922,28.351064682006836,26.43617057800293,26.43617057800293,1077475
2000-05-05,9.228377342224121,26.755319595336914,27.127660751342773,26.542552947998047,26.70212745666504,1058323
2000-05-08,9.558619499206543,27.712766647338867,27.978723526000977,26.542552947998047,26.648935317993164,834250
2000-05-09,9.466883659362793,27.446809768676758,27.9255313873291,27.340425491333008,27.712766647338867,902048
2000-05-10,9.301761627197266,26.96808433532715,27.446809768676758,26.86170196533203,27.446809768676758,906865
2000-05-11,9.466883659362793,27.446809768676758,27.446809768676758,26.86170196533203,26.86170196533203,931188
2000-05-12,9.416430473327637,27.3005313873291,27.76595687866211,27.0744686126709,27.5,1229285
2000-05-15,9.797124862670898,28.404254913330078,28.404254913330078,27.553190231323242,27.553190231323242,1204375
2000-05-16,9.778777122497559,28.351064682006836,28.404254913330078,27.712766647338867,28.29787254333496,1481558
2000-05-17,9.613654136657715,27.872339248657227,28.19148826599121,27.23404312133789,28.13829803466797,790893
2000-05-18,9.907201766967773,28.723403930664062,28.776596069335938,27.76595687866211,27.9255313873291,596078
2000-05-19,9.8888578414917,28.67021369934082,28.82978630065918,28.29787254333496,28.510637283325195,363780
2000-05-22,9.742084503173828,28.244680404663086,28.82978630065918,28.19148826599121,28.67021369934082,508540
2000-05-23,9.632004737854004,27.9255313873291,28.67021369934082,27.393617630004883,28.67021369934082,596665
2000-05-24,9.677864074707031,28.05851173400879,28.776596069335938,27.872339248657227,27.9255313873291,939295
2000-05-25,9.94389820098877,28.82978630065918,28.82978630065918,27.23404312133789,27.872339248657227,669280
2000-05-26,10.145710945129395,29.414894104003906,29.680850982666016,28.351064682006836,28.404254913330078,834133
2000-05-30,10.035622596740723,29.095745086669922,29.893617630004883,28.882978439331055,29.255319595336914,915678
2000-05-31,10.145710945129395,29.414894104003906,29.680850982666016,29.042552947998047,29.148935317993164,504193
2000-06-01,10.29248332977295,29.840425491333008,29.946809768676758,29.36170196533203,29.36170196533203,599250
2000-06-02,10.36586856842041,30.053190231323242,30.4255313873291,29.042552947998047,29.787233352661133,759990
2000-06-05,9.980591773986816,28.93617057800293,30.106382369995117,28.93617057800293,30.106382369995117,583505
2000-06-06,10.27413558959961,29.787233352661133,29.893617630004883,28.723403930664062,28.93617057800293,598663
2000-06-07,10.200756072998047,29.5744686126709,29.946809768676758,29.36170196533203,29.5744686126709,428640
2000-06-08,10.109017372131348,29.30851173400879,29.521276473999023,28.93617057800293,29.414894104003906,330528
2000-06-09,10.36586856842041,30.053190231323242,30.159574508666992,29.414894104003906,29.414894104003906,264963
2000-06-12,10.43925666809082,30.26595687866211,30.585105895996094,30.159574508666992,30.26595687866211,320540
2000-06-13,10.43925666809082,30.26595687866211,30.585105895996094,30.053190231323242,30.159574508666992,263200
2000-06-14,10.127361297607422,29.36170196533203,30.319149017333984,29.042552947998047,30.26595687866211,597723
2000-06-15,10.27413558959961,29.787233352661133,30.0,29.20212745666504,29.20212745666504,1760973
2000-06-16,10.204123497009277,29.148935317993164,29.521276473999023,28.93617057800293,29.095745086669922,2134505
2000-06-19,9.94343376159668,28.404254913330078,29.787233352661133,28.29787254333496,28.989362716674805,633795
2000-06-20,9.924810409545898,28.351064682006836,28.617021560668945,27.978723526000977,28.510637283325195,505955
2000-06-21,9.906192779541016,28.29787254333496,28.67021369934082,28.19148826599121,28.404254913330078,243930
2000-06-22,9.757230758666992,27.872339248657227,28.19148826599121,27.606382369995117,28.13829803466797,348388
2000-06-23,9.682747840881348,27.659574508666992,28.244680404663086,27.446809768676758,27.659574508666992,563060
2000-06-26,9.738611221313477,27.819149017333984,27.978723526000977,27.5,27.819149017333984,279180
2000-06-27,9.515158653259277,27.180850982666016,28.03191566467285,27.0744686126709,27.978723526000977,488918
2000-06-28,9.654816627502441,27.57978630065918,27.659574508666992,26.595745086669922,27.180850982666016,473525
2000-06-29,9.44067096710205,26.96808433532715,27.606382369995117,26.914894104003906,27.340425491333008,590790
2000-06-30,9.105502128601074,26.010637283325195,27.978723526000977,25.79787254333496,26.755319595336914,1181345
2000-07-03,9.328947067260742,26.648935317993164,26.648935317993164,26.010637283325195,26.010637283325195,714048
2000-07-05,9.198604583740234,26.276596069335938,27.23404312133789,26.17021369934082,26.86170196533203,375765
2000-07-06,9.310334205627441,26.595745086669922,26.755319595336914,25.904254913330078,26.382978439331055,475288
2000-07-07,9.384817123413086,26.80851173400879,26.914894104003906,26.489362716674805,26.595745086669922,258030
2000-07-10,9.422056198120117,26.914894104003906,27.180850982666016,26.542552947998047,26.648935317993164,336168
2000-07-11,9.459298133850098,27.021276473999023,27.0744686126709,26.542552947998047,26.96808433532715,221370
2000-07-12,9.384817123413086,26.80851173400879,27.021276473999023,26.70212745666504,26.80851173400879,200808
2000-07-13,9.47791576385498,27.0744686126709,27.127660751342773,26.648935317993164,26.914894104003906,256268
2000-07-14,9.44067096710205,26.96808433532715,27.393617630004883,26.86170196533203,27.180850982666016,463068
2000-07-17,9.44067096710205,26.96808433532715,27.180850982666016,26.80851173400879,26.80851173400879,289285
2000-07-18,9.496541023254395,27.127660751342773,27.446809768676758,26.86170196533203,27.180850982666016,389748
2000-07-19,9.608262062072754,27.446809768676758,27.76595687866211,27.127660751342773,27.287233352661133,445090
2000-07-20,9.682747840881348,27.659574508666992,27.659574508666992,27.340425491333008,27.553190231323242,296335
2000-07-21,9.608262062072754,27.446809768676758,27.819149017333984,27.393617630004883,27.659574508666992,329118
2000-07-24,9.552397727966309,27.287233352661133,27.5,27.021276473999023,27.340425491333008,355203
2000-07-25,9.515158653259277,27.180850982666016,27.659574508666992,27.021276473999023,27.446809768676758,313020
2000-07-26,9.449982643127441,26.994680404663086,27.180850982666016,26.648935317993164,27.021276473999023,440273
2000-07-27,9.403432846069336,26.86170196533203,27.76595687866211,26.648935317993164,27.180850982666016,580685
2000-07-28,9.422056198120117,26.914894104003906,27.180850982666016,26.70212745666504,27.021276473999023,518998
2000-07-31,9.384817123413086,26.80851173400879,27.340425491333008,26.489362716674805,27.021276473999023,427583
2000-08-01,9.664121627807617,27.606382369995117,27.819149017333984,26.648935317993164,26.70212745666504,504898
2000-08-02,9.701362609863281,27.712766647338867,27.9255313873291,27.340425491333008,27.393617630004883,367070
2000-08-03,9.743265151977539,27.832447052001953,28.29787254333496,27.76595687866211,27.819149017333984,263670
2000-08-04,9.775847434997559,27.9255313873291,28.085105895996094,27.021276473999023,27.76595687866211,459308
2000-08-07,10.059808731079102,28.73670196533203,28.82978630065918,27.76595687866211,27.9255313873291,1024365
2000-08-08,10.1110258102417,28.882978439331055,28.989362716674805,28.617021560668945,28.93617057800293,742953
2000-08-09,10.07378101348877,28.776596069335938,29.042552947998047,28.510637283325195,28.67021369934082,674215
2000-08-10,10.227396965026855,29.215425491333008,29.255319595336914,28.82978630065918,28.989362716674805,637320
2000-08-11,10.301878929138184,29.428190231323242,29.787233352661133,29.20212745666504,29.30851173400879,351560
2000-08-14,10.40894889831543,29.73404312133789,29.840425491333008,28.882978439331055,29.521276473999023,501138
2000-08-15,10.446192741394043,29.840425491333008,30.212766647338867,29.46808433532715,29.627660751342773,527575
2000-08-16,10.539295196533203,30.106382369995117,30.744680404663086,30.053190231323242,30.159574508666992,653888
2000-08-17,10.502056121826172,30.0,30.372339248657227,29.893617630004883,30.319149017333984,220783
2000-08-18,10.576537132263184,30.212766647338867,30.53191566467285,29.946809768676758,30.212766647338867,362135
2000-08-21,10.502056121826172,30.0,30.159574508666992,29.627660751342773,30.159574508666992,177543
2000-08-22,10.3158540725708,29.46808433532715,29.946809768676758,29.46808433532715,29.840425491333008,240993
2000-08-23,10.1110258102417,28.882978439331055,29.46808433532715,28.82978630065918,29.255319595336914,1054093
2000-08-24,10.055157661437988,28.723403930664062,29.148935317993164,28.617021560668945,29.095745086669922,405728
2000-08-25,9.999295234680176,28.56382942199707,28.93617057800293,27.978723526000977,28.93617057800293,413483
2000-08-28,10.222745895385742,29.20212745666504,29.30851173400879,28.404254913330078,28.457447052001953,503840
2000-08-29,10.185501098632812,29.095745086669922,29.255319595336914,28.776596069335938,28.989362716674805,288228
2000-08-30,10.278611183166504,29.36170196533203,29.521276473999023,28.93617057800293,29.042552947998047,282470
2000-08-31,10.353092193603516,29.5744686126709,29.787233352661133,29.36170196533203,29.36170196533203,303738
2000-09-01,10.3158540725708,29.46808433532715,29.787233352661133,29.30851173400879,29.627660751342773,170845
2000-09-05,10.632396697998047,30.372339248657227,30.372339248657227,29.414894104003906,29.46808433532715,657413
2000-09-06,10.81860065460205,30.904254913330078,31.010637283325195,30.159574508666992,30.159574508666992,365895
2000-09-07,10.930331230163574,31.223403930664062,31.276596069335938,30.372339248657227,30.79787254333496,1151030
2000-09-08,11.367910385131836,32.47340393066406,32.5,31.117021560668945,31.276596069335938,738018
2000-09-11,11.451708793640137,32.712764739990234,33.24468231201172,32.180850982666016,32.287235260009766,657765
2000-09-12,11.656534194946289,33.29787063598633,33.29787063598633,31.80851173400879,32.553192138671875,1006153
2000-09-13,11.656534194946289,33.29787063598633,34.25531768798828,33.29787063598633,33.29787063598633,742013
2000-09-14,11.377225875854492,32.5,33.3510627746582,32.287235260009766,33.191490173339844,618638
2000-09-15,11.642568588256836,33.25798034667969,33.9361686706543,32.34042739868164,32.34042739868164,1043988
2000-09-18,11.488950729370117,32.819149017333984,33.13829803466797,32.5,32.819149017333984,440625
2000-09-19,10.930331230163574,31.223403930664062,32.65957260131836,30.851064682006836,32.60638427734375,518645
2000-09-20,10.930331230163574,31.223403930664062,31.43617057800293,30.585105895996094,31.43617057800293,2489238
2000-09-21,11.029293060302734,31.06382942199707,31.43617057800293,30.53191566467285,30.744680404663086,2185500
2000-09-22,11.10483169555664,31.276596069335938,31.755319595336914,30.69148826599121,30.957447052001953,566350
2000-09-25,11.218147277832031,31.595745086669922,31.70212745666504,30.744680404663086,30.79787254333496,347095
2000-09-26,11.237034797668457,31.648935317993164,32.074466705322266,31.382978439331055,31.489362716674805,485863
2000-09-27,11.355074882507324,31.981382369995117,32.12765884399414,30.79787254333496,31.80851173400879,493500
2000-09-28,11.369236946105957,32.021278381347656,32.34042739868164,31.70212745666504,31.755319595336914,491268
2000-09-29,11.56281852722168,32.566490173339844,32.65957260131836,31.648935317993164,31.80851173400879,574223
2000-10-02,11.57697582244873,32.60638427734375,32.76595687866211,31.43617057800293,32.021278381347656,567525
2000-10-03,11.331463813781738,31.914894104003906,32.819149017333984,31.70212745666504,32.60638427734375,619225
2000-10-04,11.10483169555664,31.276596069335938,32.5,30.744680404663086,31.914894104003906,701240
2000-10-05,10.878206253051758,30.63829803466797,31.80851173400879,30.4255313873291,31.223403930664062,398913
2000-10-06,10.878206253051758,30.63829803466797,31.382978439331055,30.53191566467285,30.851064682006836,350033
2000-10-09,10.802664756774902,30.4255313873291,30.957447052001953,30.212766647338867,30.4255313873291,360373
2000-10-10,10.915976524353027,30.744680404663086,31.223403930664062,30.4255313873291,30.63829803466797,420180
2000-10-11,11.010397911071777,31.010637283325195,31.489362716674805,30.4255313873291,30.851064682006836,442740
2000-10-12,11.12371826171875,31.32978630065918,31.70212745666504,30.053190231323242,30.79787254333496,506543
2000-10-13,11.10483169555664,31.276596069335938,31.86170196533203,31.06382942199707,31.489362716674805,486450
2000-10-16,11.142610549926758,31.382978439331055,31.755319595336914,31.17021369934082,31.32978630065918,303973
2000-10-17,11.12371826171875,31.32978630065918,31.914894104003906,31.010637283325195,31.489362716674805,359080
2000-10-18,10.897088050842285,30.69148826599121,31.80851173400879,30.478723526000977,31.542552947998047,717925
2000-10-19,11.048176765441895,31.117021560668945,31.276596069335938,30.159574508666992,30.478723526000977,565410
2000-10-20,11.029293060302734,31.06382942199707,31.595745086669922,30.851064682006836,31.32978630065918,639318
2000-10-23,11.067061424255371,31.17021369934082,31.70212745666504,30.904254913330078,30.904254913330078,693250
2000-10-24,10.991521835327148,30.957447052001953,31.489362716674805,30.585105895996094,31.382978439331055,409723
2000-10-25,10.840436935424805,30.53191566467285,31.32978630065918,30.372339248657227,31.06382942199707,273775
2000-10-26,10.708235740661621,30.159574508666992,30.63829803466797,29.893617630004883,30.63829803466797,290460
2000-10-27,10.840436935424805,30.53191566467285,31.010637283325195,29.73404312133789,30.159574508666992,377410
2000-10-30,10.97262954711914,30.904254913330078,31.010637283325195,30.478723526000977,30.53191566467285,553073
2000-10-31,10.915976524353027,30.744680404663086,31.117021560668945,30.4255313873291,30.957447052001953,597018
2000-11-01,11.199260711669922,31.542552947998047,31.755319595336914,30.851064682006836,30.904254913330078,961738
2000-11-02,11.067061424255371,31.17021369934082,31.70212745666504,30.904254913330078,31.489362716674805,412073
2000-11-03,11.293691635131836,31.80851173400879,31.80851173400879,30.79787254333496,31.06382942199707,942468
2000-11-06,10.821545600891113,30.478723526000977,32.287235260009766,30.106382369995117,31.595745086669922,1234925
2000-11-07,10.915976524353027,30.744680404663086,30.851064682006836,30.478723526000977,30.478723526000977,548490
2000-11-08,10.897088050842285,30.69148826599121,31.010637283325195,30.4255313873291,30.63829803466797,546728
2000-11-09,10.97262954711914,30.904254913330078,31.010637283325195,30.212766647338867,30.69148826599121,672100
2000-11-10,11.029293060302734,31.06382942199707,31.595745086669922,30.79787254333496,30.904254913330078,545318
2000-11-13,11.142610549926758,31.382978439331055,31.43617057800293,30.957447052001953,31.223403930664062,883483
2000-11-14,10.897088050842285,30.69148826599121,31.32978630065918,30.63829803466797,31.17021369934082,608063
2000-11-15,11.067061424255371,31.17021369934082,31.223403930664062,30.53191566467285,30.79787254333496,578923
2000-11-16,11.237034797668457,31.648935317993164,31.70212745666504,31.223403930664062,31.276596069335938,511595
2000-11-17,11.293691635131836,31.80851173400879,32.021278381347656,31.43617057800293,31.70212745666504,556128
2000-11-20,11.350348472595215,31.96808433532715,32.34042739868164,31.648935317993164,31.96808433532715,340750
2000-11-21,11.274807929992676,31.755319595336914,32.021278381347656,31.276596069335938,32.021278381347656,343923
2000-11-22,11.199260711669922,31.542552947998047,32.074466705322266,31.43617057800293,31.96808433532715,486568
2000-11-24,11.218147277832031,31.595745086669922,31.80851173400879,30.904254913330078,31.382978439331055,176955
2000-11-27,11.180378913879395,31.489362716674805,31.648935317993164,30.69148826599121,31.43617057800293,566703
2000-11-28,11.274807929992676,31.755319595336914,32.074466705322266,31.489362716674805,31.489362716674805,494440
2000-11-29,11.407011032104492,32.12765884399414,32.34042739868164,31.648935317993164,31.755319595336914,497495
2000-11-30,11.463665962219238,32.287235260009766,32.5,32.021278381347656,32.12765884399414,1092750
2000-12-01,11.482551574707031,32.34042739868164,32.5,31.86170196533203,32.12765884399414,341808
2000-12-04,11.501434326171875,32.39361572265625,32.978721618652344,32.074466705322266,32.34042739868164,479283
2000-12-05,11.293691635131836,31.80851173400879,32.553192138671875,31.595745086669922,32.553192138671875,712873
2000-12-06,11.161484718322754,31.43617057800293,32.021278381347656,31.276596069335938,31.755319595336914,1060555
2000-12-07,11.180378913879395,31.489362716674805,31.70212745666504,31.17021369934082,31.648935317993164,680325
2000-12-08,10.934863090515137,30.79787254333496,31.32978630065918,30.63829803466797,31.32978630065918,380113
2000-12-11,10.897088050842285,30.69148826599121,31.010637283325195,30.319149017333984,31.010637283325195,507130
2000-12-12,10.859318733215332,30.585105895996094,30.851064682006836,30.372339248657227,30.79787254333496,590438
2000-12-13,11.048176765441895,31.117021560668945,31.276596069335938,30.319149017333984,30.69148826599121,444150
2000-12-14,11.010397911071777,31.010637283325195,31.276596069335938,30.79787254333496,31.223403930664062,404435
2000-12-15,11.142610549926758,31.382978439331055,31.648935317993164,30.904254913330078,31.223403930664062,880780
2000-12-18,11.331463813781738,31.914894104003906,31.914894104003906,31.382978439331055,31.382978439331055,1017433
2000-12-19,11.331463813781738,31.914894104003906,32.287235260009766,31.80851173400879,31.96808433532715,1852388
2000-12-20,11.527545928955078,32.021278381347656,32.180850982666016,31.276596069335938,31.43617057800293,2170108
2000-12-21,11.565845489501953,32.12765884399414,32.34042739868164,31.595745086669922,32.34042739868164,7711995
2000-12-22,11.776480674743652,32.712764739990234,32.712764739990234,31.80851173400879,32.074466705322266,615935
2000-12-26,12.006261825561523,33.3510627746582,33.40425491333008,32.553192138671875,32.712764739990234,439098
2000-12-27,11.929670333862305,33.13829803466797,33.45744705200195,32.87234115600586,33.40425491333008,697480
2000-12-28,11.929670333862305,33.13829803466797,33.3510627746582,32.76595687866211,33.24468231201172,492090
2000-12-29,11.929670333862305,33.13829803466797,33.40425491333008,32.819149017333984,33.13829803466797,530983
2001-01-02,11.719029426574707,32.553192138671875,32.978721618652344,32.287235260009766,32.925533294677734,629683
2001-01-03,11.336058616638184,31.489362716674805,33.085105895996094,31.276596069335938,32.76595687866211,1579553
2001-01-04,10.685003280639648,29.680850982666016,31.276596069335938,29.215425491333008,31.223403930664062,1280045
2001-01-05,10.876489639282227,30.212766647338867,30.372339248657227,29.36170196533203,29.680850982666016,1228110
2001-01-08,11.087127685546875,30.79787254333496,30.904254913330078,30.159574508666992,30.26595687866211,1005330
2001-01-09,11.221160888671875,31.17021369934082,31.17021369934082,30.478723526000977,30.63829803466797,1343965
2001-01-10,11.182867050170898,31.06382942199707,31.43617057800293,30.851064682006836,31.382978439331055,783843
2001-01-11,10.378622055053711,28.82978630065918,31.06382942199707,28.723403930664062,31.06382942199707,1326458
2001-01-12,10.570112228393555,29.36170196533203,29.5744686126709,28.776596069335938,29.148935317993164,1250435
2001-01-16,10.340325355529785,28.723403930664062,29.5744686126709,28.19148826599121,29.5744686126709,932245
2001-01-17,10.359472274780273,28.776596069335938,29.414894104003906,28.56382942199707,28.882978439331055,698303
2001-01-18,10.646708488464355,29.5744686126709,29.680850982666016,28.93617057800293,28.989362716674805,961385
2001-01-19,10.665857315063477,29.627660751342773,30.053190231323242,29.095745086669922,29.5744686126709,1115663
2001-01-22,11.144574165344238,30.957447052001953,31.06382942199707,29.46808433532715,29.627660751342773,993345
2001-01-23,11.182867050170898,31.06382942199707,31.489362716674805,30.585105895996094,30.904254913330078,1046103
2001-01-24,11.297764778137207,31.382978439331055,31.70212745666504,31.06382942199707,31.06382942199707,468943
2001-01-25,11.221160888671875,31.17021369934082,31.80851173400879,31.06382942199707,31.595745086669922,596665
2001-01-26,10.991381645202637,30.53191566467285,31.489362716674805,29.840425491333008,31.489362716674805,853755
2001-01-29,11.008234977722168,30.578723907470703,31.480850219726562,30.510637283325195,30.527660369873047,456840
2001-01-30,11.155289649963379,30.987234115600586,31.217021942138672,30.272340774536133,30.791488647460938,593845
2001-01-31,10.812149047851562,30.034042358398438,30.77446746826172,29.897872924804688,30.77446746826172,1223880
2001-02-01,10.753935813903809,29.872339248657227,30.62127685546875,29.489362716674805,30.382978439331055,957625
2001-02-02,10.65283203125,29.591489791870117,30.17021369934082,29.514894485473633,30.042552947998047,649423
2001-02-05,10.717169761657715,29.770212173461914,30.348936080932617,29.617021560668945,29.617021560668945,1167715
2001-02-06,10.83665943145752,30.102127075195312,30.595745086669922,29.5744686126709,29.98297882080078,1447483
2001-02-07,11.339119911193848,31.49787139892578,31.642553329467773,30.4255313873291,30.4255313873291,3494568
2001-02-08,11.630180358886719,32.30638122558594,32.680850982666016,31.404254913330078,31.404254913330078,2310873
2001-02-09,11.7557954788208,32.65531921386719,32.74042510986328,31.914894104003906,32.30638122558594,2453283
2001-02-12,11.651633262634277,32.3659553527832,33.293617248535156,32.0,32.72340393066406,817448
2001-02-13,11.550525665283203,32.085105895996094,32.71489334106445,32.01702117919922,32.3659553527832,1071130
2001-02-14,11.296226501464844,31.37872314453125,32.0936164855957,31.06382942199707,32.085105895996094,1487785
2001-02-15,11.035809516906738,30.655319213867188,31.421276092529297,30.63829803466797,31.344680786132812,1351133
2001-02-16,11.029678344726562,30.63829803466797,31.276596069335938,30.382978439331055,30.868085861206055,1741938
2001-02-20,11.051121711730957,30.697872161865234,31.08085060119629,30.62127685546875,30.91914939880371,666225
2001-02-21,11.084827423095703,30.791488647460938,31.625532150268555,30.723403930664062,31.319149017333984,684555
2001-02-22,10.968402862548828,30.46808433532715,31.276596069335938,30.4255313873291,31.004255294799805,1003568
2001-02-23,10.784571647644043,29.957447052001953,30.93617057800293,29.744680404663086,30.510637283325195,895468
2001-02-26,10.848913192749023,30.13616943359375,31.140426635742188,29.940425872802734,30.17021369934082,531805
2001-02-27,10.928568840026855,30.357446670532227,30.706382751464844,30.00851058959961,30.13616943359375,467415
2001-02-28,11.04193115234375,30.672340393066406,31.489362716674805,30.212766647338867,30.46808433532715,3173323
2001-03-01,11.443288803100586,31.787233352661133,32.25531768798828,31.148935317993164,31.489362716674805,3591505
2001-03-02,11.685328483581543,32.45957565307617,32.63829803466797,31.82978630065918,31.914894104003906,1566745
2001-03-05,11.823200225830078,32.842552185058594,32.89361572265625,32.45957565307617,32.45957565307617,1376983
2001-03-06,11.844647407531738,32.90212631225586,33.174468994140625,32.78297805786133,32.78297805786133,1068545
2001-03-07,11.881417274475098,33.00425338745117,33.40425491333008,32.808509826660156,32.90212631225586,1454533
2001-03-08,12.071370124816895,33.53191375732422,33.54042434692383,33.021278381347656,33.174468994140625,848585
2001-03-09,11.87834644317627,32.99574661254883,33.54042434692383,32.953189849853516,33.54042434692383,663875
2001-03-12,11.810948371887207,32.808509826660156,33.27659606933594,32.689361572265625,32.689361572265625,867973
2001-03-13,11.976396560668945,33.26808547973633,33.68510437011719,32.808509826660156,32.808509826660156,1427743
2001-03-14,11.792562484741211,32.7574462890625,33.22553253173828,32.7574462890625,33.021278381347656,1242210
2001-03-15,11.96107292175293,33.22553253173828,33.446807861328125,32.46808624267578,32.76595687866211,1339265
2001-03-16,11.87834644317627,32.99574661254883,33.61701965332031,32.76595687866211,32.76595687866211,1163603
2001-03-19,11.967202186584473,33.2425537109375,33.34468078613281,33.00425338745117,33.00425338745117,914268
2001-03-20,11.90976333618164,32.64680862426758,33.25957489013672,32.553192138671875,32.71489334106445,749768
2001-03-21,11.903555870056152,32.62978744506836,33.39574432373047,32.46808624267578,32.46808624267578,591260
2001-03-22,11.658282279968262,31.957447052001953,32.76595687866211,31.23404312133789,32.62978744506836,2247188
2001-03-23,11.680015563964844,32.01702117919922,32.12765884399414,31.319149017333984,31.787233352661133,1601408
2001-03-26,12.06810474395752,33.08085250854492,33.08085250854492,31.957447052001953,32.01702117919922,1504470
2001-03-27,12.217133522033691,33.48936080932617,33.87234115600586,33.055320739746094,33.08085250854492,1990685
2001-03-28,12.201605796813965,33.446807861328125,33.82978820800781,32.52766036987305,33.28510665893555,1162075
2001-03-29,12.235756874084473,33.54042434692383,33.599998474121094,32.834041595458984,33.28510665893555,743893
2001-03-30,12.356844902038574,33.87234115600586,34.212764739990234,33.651065826416016,33.75319290161133,942350
2001-04-02,12.605229377746582,34.553192138671875,34.680850982666016,33.86383056640625,33.87234115600586,1778833
2001-04-03,12.782197952270508,35.038299560546875,35.13191604614258,33.931915283203125,34.425533294677734,1611865
2001-04-04,13.03368091583252,35.7276611328125,35.86383056640625,34.72340393066406,34.953189849853516,1759445
2001-04-05,13.133030891418457,36.0,36.12765884399414,35.27659606933594,36.12765884399414,1591773
2001-04-06,12.940535545349121,35.47233963012695,36.12765884399414,35.0638313293457,35.787235260009766,2777113
2001-04-09,13.139238357543945,36.01702117919922,36.348934173583984,35.70212936401367,35.87234115600586,1104735
2001-04-10,13.486974716186523,36.97021484375,37.07233810424805,36.348934173583984,36.348934173583984,1040463
2001-04-11,13.142342567443848,36.02553176879883,36.808509826660156,35.787235260009766,36.808509826660156,1046573
2001-04-12,13.0523042678833,35.778724670410156,36.12765884399414,35.3361701965332,35.940425872802734,734140
2001-04-16,13.4745454788208,36.9361686706543,36.9361686706543,35.787235260009766,35.87234115600586,1090048
2001-04-17,13.331729888916016,36.544681549072266,37.36170196533203,36.408512115478516,36.9361686706543,889240
2001-04-18,13.384512901306152,36.689361572265625,36.9361686706543,35.574466705322266,36.553192138671875,1327985
2001-04-19,12.94674301147461,35.48936080932617,37.021278381347656,35.48936080932617,36.689361572265625,933655
2001-04-20,12.962268829345703,35.53191375732422,35.914894104003906,34.9361686706543,35.48936080932617,898053
2001-04-23,13.030574798583984,35.71915054321289,35.84680938720703,34.961700439453125,35.53191375732422,529103
2001-04-24,13.11750602722168,35.95744705200195,36.16170120239258,35.54893493652344,35.931915283203125,652713
2001-04-25,13.151657104492188,36.051063537597656,36.34042739868164,35.53191375732422,36.17021179199219,722743
2001-04-26,13.272741317749023,36.38298034667969,36.79148864746094,36.04255294799805,36.04255294799805,832135
2001-04-27,13.133030891418457,36.0,36.44255447387695,35.787235260009766,36.39148712158203,563060
2001-04-30,13.01505184173584,35.676597595214844,36.076595306396484,35.61701965332031,36.0,754938
2001-05-01,13.133030891418457,36.0,36.11063766479492,35.62553024291992,35.84680938720703,565763
2001-05-02,12.828770637512207,35.165958404541016,36.0,34.953189849853516,36.0,685260
2001-05-03,12.760466575622559,34.978721618652344,35.36170196533203,34.51063919067383,35.27659606933594,396798
2001-05-04,12.949851036071777,35.49787139892578,35.49787139892578,34.72340393066406,34.89361572265625,707115
2001-05-07,13.018155097961426,35.68510437011719,35.82978820800781,35.47233963012695,35.49787139892578,605713
2001-05-08,12.94674301147461,35.48936080932617,35.89787292480469,35.319149017333984,35.89787292480469,763515
2001-05-09,13.164077758789062,36.085105895996094,36.51063919067383,35.48936080932617,35.48936080932617,1213070
2001-05-10,13.185806274414062,36.14468002319336,36.25531768798828,35.82978820800781,36.17021179199219,540970
2001-05-11,13.219961166381836,36.23829650878906,36.38298034667969,35.96595764160156,36.29787063598633,361900
2001-05-14,13.120609283447266,35.96595764160156,36.842552185058594,35.95744705200195,36.33191680908203,897583
2001-05-15,13.086456298828125,35.87234115600586,36.17021179199219,35.74468231201172,36.17021179199219,664228
2001-05-16,13.244800567626953,36.30638122558594,36.34042739868164,35.795745849609375,35.87234115600586,621223
2001-05-17,13.337943077087402,36.561702728271484,36.63829803466797,36.17021179199219,36.30638122558594,625923
2001-05-18,13.471454620361328,36.92766189575195,36.92766189575195,36.51063919067383,36.561702728271484,466005
2001-05-21,13.673249244689941,37.48085021972656,37.48085021972656,36.65531921386719,36.92766189575195,524050
2001-05-22,13.688773155212402,37.52340316772461,37.65957260131836,37.191490173339844,37.48085021972656,674803
2001-05-23,13.881267547607422,38.051063537597656,38.25531768798828,37.48936080932617,37.53191375732422,767158
2001-05-24,13.785024642944336,37.787235260009766,38.17021179199219,37.49787139892578,37.87234115600586,1268530
2001-05-25,13.552168846130371,37.1489372253418,37.787235260009766,37.08936309814453,37.787235260009766,744010
2001-05-29,13.552168846130371,37.1489372253418,37.53191375732422,36.9361686706543,36.9361686706543,567643
2001-05-30,13.468337059020996,36.91914749145508,37.62553024291992,36.62978744506836,37.157447814941406,1720083
2001-05-31,13.884380340576172,38.059574127197266,38.24680709838867,37.021278381347656,37.021278381347656,3413728
2001-06-01,13.88747787475586,38.068084716796875,38.17021179199219,37.65957260131836,37.97446823120117,1538780
2001-06-04,13.757076263427734,37.710636138916016,38.14468002319336,37.61701965332031,38.04255294799805,809928
2001-06-05,13.772604942321777,37.75319290161133,37.87234115600586,37.23404312133789,37.7276611328125,437453
2001-06-06,13.567686080932617,37.191490173339844,37.574466705322266,36.76595687866211,37.574466705322266,1564865
2001-06-07,13.518014907836914,37.055320739746094,37.27659606933594,36.8510627746582,37.191490173339844,1486375
2001-06-08,13.629780769348145,37.36170196533203,37.446807861328125,37.055320739746094,37.23404312133789,1986455
2001-06-11,13.90921401977539,38.12765884399414,38.1787223815918,37.37021255493164,37.429786682128906,1338678
2001-06-12,14.148275375366211,38.78297805786133,38.842552185058594,38.17021179199219,38.25531768798828,1278870
2001-06-13,13.868849754333496,38.01702117919922,38.978721618652344,37.88936233520508,38.8510627746582,1012850
2001-06-14,13.573906898498535,37.20851135253906,37.87234115600586,37.191490173339844,37.87234115600586,1021075
2001-06-15,14.014776229858398,38.417022705078125,38.570213317871094,36.76595687866211,36.76595687866211,1932875
2001-06-18,14.095490455627441,38.63829803466797,39.40425491333008,38.29787063598633,38.417022705078125,777028
2001-06-19,14.37492561340332,39.40425491333008,39.40425491333008,38.425533294677734,38.425533294677734,687375
2001-06-20,14.471165657043457,39.66808319091797,40.11063766479492,39.463829040527344,39.463829040527344,800410
2001-06-21,14.174492835998535,38.425533294677734,39.37021255493164,37.98297882080078,39.21702194213867,833310
2001-06-22,14.24356746673584,38.61276626586914,39.021278381347656,37.940425872802734,38.425533294677734,587735
2001-06-25,14.133681297302246,38.31489562988281,38.61276626586914,38.059574127197266,38.61276626586914,547080
2001-06-26,14.431929588317871,39.12340545654297,39.174468994140625,37.88936233520508,38.425533294677734,722038
2001-06-27,14.479020118713379,39.25106430053711,39.55744552612305,38.59574508666992,39.021278381347656,328413
2001-06-28,14.441346168518066,39.1489372253418,39.73617172241211,38.978721618652344,39.038299560546875,368480
2001-06-29,14.579482078552246,39.52340316772461,39.676597595214844,39.0638313293457,39.191490173339844,1170300
2001-07-02,14.607731819152832,39.599998474121094,40.03404235839844,39.327659606933594,39.52340316772461,693015
2001-07-03,14.59831428527832,39.574466705322266,39.7276611328125,39.27659606933594,39.446807861328125,402790
2001-07-05,14.654823303222656,39.7276611328125,39.96595764160156,39.2425537109375,39.574466705322266,747065
2001-07-06,14.488433837890625,39.27659606933594,39.82978820800781,39.10638427734375,39.82978820800781,1019430
2001-07-09,14.526106834411621,39.37872314453125,39.82978820800781,39.1489372253418,39.23404312133789,797355
2001-07-10,14.529248237609863,39.38723373413086,39.446807861328125,39.0638313293457,39.23404312133789,655885
2001-07-11,14.3628568649292,38.9361686706543,39.48936080932617,38.63829803466797,39.1489372253418,935300
2001-07-12,14.174492835998535,38.425533294677734,38.71489334106445,38.25531768798828,38.553192138671875,448615
2001-07-13,13.932764053344727,37.77021408081055,38.425533294677734,37.48936080932617,38.425533294677734,614995
2001-07-16,13.954734802246094,37.82978820800781,38.0,37.582977294921875,37.77021408081055,776910
2001-07-17,13.79776382446289,37.40425491333008,37.97446823120117,37.191490173339844,37.82978820800781,367188
2001-07-18,13.763236045837402,37.310638427734375,37.574466705322266,37.021278381347656,37.36170196533203,371535
2001-07-19,13.79776382446289,37.40425491333008,37.574466705322266,37.021278381347656,37.40425491333008,475405
2001-07-20,13.656488418579102,37.021278381347656,37.61701965332031,36.8510627746582,37.53191375732422,404905
2001-07-23,13.345687866210938,36.1787223815918,37.10638427734375,35.95744705200195,37.0638313293457,841300
2001-07-24,13.326858520507812,36.12765884399414,36.46808624267578,35.82978820800781,36.39148712158203,1439610
2001-07-25,13.417899131774902,36.37446975708008,36.51063919067383,35.74468231201172,36.12765884399414,1507525
2001-07-26,13.333125114440918,36.14468002319336,36.51063919067383,35.7276611328125,36.38298034667969,2299123
2001-07-27,13.342545509338379,36.17021179199219,36.46808624267578,35.1489372253418,36.35744857788086,624395
2001-07-30,13.421036720275879,36.38298034667969,36.425533294677734,35.36170196533203,36.212764739990234,416185
2001-07-31,13.264067649841309,35.95744705200195,36.706382751464844,35.582977294921875,36.25531768798828,349563
2001-08-01,13.496379852294922,36.58723449707031,36.65531921386719,35.87234115600586,36.15319061279297,672688
2001-08-02,13.760086059570312,37.302127838134766,37.302127838134766,36.50212860107422,36.89361572265625,574105
2001-08-03,13.869969367980957,37.599998474121094,37.70212936401367,36.77446746826172,37.302127838134766,713813
2001-08-06,13.62508773803711,36.9361686706543,37.599998474121094,36.60425567626953,37.599998474121094,565645
2001-08-07,13.62195873260498,36.92766189575195,37.38723373413086,36.697872161865234,36.978721618652344,764690
2001-08-08,13.267197608947754,35.96595764160156,37.02978515625,35.83829879760742,36.76595687866211,509598
2001-08-09,13.317437171936035,36.10212707519531,36.212764739990234,35.73617172241211,35.75319290161133,417948
2001-08-10,13.320578575134277,36.11063766479492,36.30638122558594,35.446807861328125,36.25531768798828,548373
2001-08-13,13.314295768737793,36.0936164855957,36.808509826660156,35.82978820800781,36.25531768798828,382580
2001-08-14,13.282903671264648,36.00851058959961,36.348934173583984,35.75319290161133,36.15319061279297,391745
2001-08-15,13.267197608947754,35.96595764160156,36.38298034667969,35.787235260009766,36.04255294799805,553660
2001-08-16,13.386491775512695,36.289363861083984,36.46808624267578,35.778724670410156,35.96595764160156,524755
2001-08-17,13.295456886291504,36.04255294799805,36.59574508666992,36.0,36.25531768798828,361430
2001-08-20,13.430453300476074,36.408512115478516,36.51914978027344,36.12765884399414,36.12765884399414,268253
2001-08-21,13.55916976928711,36.7574462890625,36.8510627746582,36.195743560791016,36.195743560791016,461658
2001-08-22,13.775788307189941,37.34468078613281,37.70212936401367,36.51063919067383,36.553192138671875,896525
2001-08-23,13.741250991821289,37.25106430053711,37.599998474121094,36.978721618652344,37.13191604614258,415715
2001-08-24,13.813467025756836,37.446807861328125,37.514892578125,37.021278381347656,37.10638427734375,205743
2001-08-27,13.81660270690918,37.455318450927734,37.76170349121094,37.36170196533203,37.446807861328125,398678
2001-08-28,13.66277027130127,37.038299560546875,37.40425491333008,37.02978515625,37.36170196533203,634383
2001-08-29,13.725561141967773,37.20851135253906,37.48936080932617,36.89361572265625,37.1489372253418,344863
2001-08-30,13.62508773803711,36.9361686706543,37.446807861328125,36.90212631225586,37.191490173339844,270838
2001-08-31,13.590561866760254,36.842552185058594,37.21702194213867,36.65531921386719,36.9361686706543,219020
2001-09-04,13.691022872924805,37.11489486694336,37.37872314453125,36.62978744506836,36.62978744506836,238760
2001-09-05,13.60940170288086,36.89361572265625,37.08936309814453,36.76595687866211,36.978721618652344,424528
2001-09-06,13.741250991821289,37.25106430053711,37.35319137573242,36.62127685546875,36.9361686706543,391980
2001-09-07,13.80717945098877,37.429786682128906,37.70212936401367,36.89361572265625,37.038299560546875,455195
2001-09-10,13.62508773803711,36.9361686706543,37.429786682128906,36.9361686706543,37.429786682128906,412190
2001-09-17,13.581149101257324,36.817020416259766,37.28510665893555,36.59574508666992,36.72340393066406,735315
2001-09-18,13.684747695922852,37.09787368774414,37.25106430053711,36.46808624267578,36.817020416259766,368363
2001-09-19,13.62508773803711,36.9361686706543,37.40425491333008,36.680850982666016,36.88510513305664,1169595
2001-09-20,13.725178718566895,36.76595687866211,37.2425537109375,35.787235260009766,35.787235260009766,3425478
2001-09-21,13.598091125488281,36.425533294677734,37.74468231201172,36.1787223815918,36.38298034667969,996635
2001-09-24,13.375688552856445,35.82978820800781,36.59574508666992,35.676597595214844,36.425533294677734,670455
2001-09-25,13.394757270812988,35.88085174560547,36.12765884399414,35.52340316772461,36.04255294799805,680795
2001-09-26,13.312151908874512,35.65957260131836,36.0,35.2425537109375,35.88936233520508,933185
2001-09-27,13.31850528717041,35.676597595214844,36.17021179199219,35.191490173339844,35.446807861328125,578218
2001-09-28,13.677522659301758,36.63829803466797,36.63829803466797,35.48936080932617,35.53191375732422,635675
2001-10-01,13.718818664550781,36.74893569946289,36.90212631225586,36.25531768798828,36.51063919067383,448615
2001-10-02,14.011115074157715,37.53191375732422,37.53191375732422,36.59574508666992,36.706382751464844,505955
2001-10-03,14.24940013885498,38.17021179199219,38.187232971191406,37.446807861328125,37.53191375732422,663875
2001-10-04,14.23351764678955,38.12765884399414,38.289363861083984,37.514892578125,38.17021179199219,493148
2001-10-05,14.293874740600586,38.289363861083984,38.29787063598633,37.87234115600586,38.28084945678711,453080
2001-10-08,14.096899032592773,37.76170349121094,37.99148941040039,37.48936080932617,37.9063835144043,464830
2001-10-09,13.890386581420898,37.20851135253906,37.86383056640625,37.021278381347656,37.86383056640625,303033
2001-10-10,13.903097152709961,37.2425537109375,37.25106430053711,36.680850982666016,37.191490173339844,340045
2001-10-11,13.798243522644043,36.961700439453125,37.429786682128906,36.953189849853516,37.157447814941406,522170
2001-10-12,13.8268461227417,37.038299560546875,37.1489372253418,36.51914978027344,36.79148864746094,315018
2001-10-15,13.677522659301758,36.63829803466797,37.07233810424805,36.45106506347656,36.89361572265625,470940
2001-10-16,13.899917602539062,37.23404312133789,37.27659606933594,36.64680862426758,36.64680862426758,429110
2001-10-17,13.845903396606445,37.08936309814453,37.438297271728516,37.021278381347656,37.23404312133789,310318
2001-10-18,13.509133338928223,36.187232971191406,37.021278381347656,36.13616943359375,36.87659454345703,509010
2001-10-19,13.741059303283691,36.808509826660156,37.08936309814453,36.0,36.0,222780
2001-10-22,13.493247985839844,36.14468002319336,36.6638298034668,35.95744705200195,36.59574508666992,471645
2001-10-23,13.397932052612305,35.88936233520508,36.14468002319336,35.651065826416016,36.14468002319336,573635
2001-10-24,13.3534574508667,35.77021408081055,36.04255294799805,35.34468078613281,35.88936233520508,555070
2001-10-25,13.397932052612305,35.88936233520508,36.212764739990234,35.574466705322266,35.574466705322266,383520
2001-10-26,13.274022102355957,35.55744552612305,35.787235260009766,35.34468078613281,35.74468231201172,356965
2001-10-29,13.299437522888184,35.62553024291992,35.82978820800781,34.46808624267578,35.191490173339844,579393
2001-10-30,13.172355651855469,35.28510665893555,35.48936080932617,35.038299560546875,35.191490173339844,418653
2001-10-31,13.245429992675781,35.48085021972656,35.71915054321289,34.978721618652344,35.07233810424805,666460
2001-11-01,13.026208877563477,34.89361572265625,35.565956115722656,34.73191452026367,35.27659606933594,750943
2001-11-02,12.899126052856445,34.553192138671875,34.8510627746582,34.212764739990234,34.8510627746582,1541718
2001-11-05,13.191415786743164,35.3361701965332,35.48936080932617,34.60425567626953,34.63829803466797,494323
2001-11-06,13.226369857788086,35.429786682128906,35.65957260131836,34.944679260253906,35.12340545654297,562473
2001-11-07,13.213658332824707,35.39574432373047,35.582977294921875,35.0638313293457,35.23404312133789,659410
2001-11-08,13.343914985656738,35.74468231201172,36.25531768798828,35.48085021972656,35.48085021972656,439803
2001-11-09,13.337568283081055,35.7276611328125,36.04255294799805,35.36170196533203,35.914894104003906,293633
2001-11-12,13.197772979736328,35.35319137573242,35.60851287841797,35.0638313293457,35.53191375732422,333935
2001-11-13,13.312151908874512,35.65957260131836,35.7276611328125,34.89361572265625,35.35319137573242,400558
2001-11-14,13.137404441833496,35.191490173339844,35.710636138916016,35.01276779174805,35.70212936401367,372945
2001-11-15,13.03891658782959,34.92766189575195,35.319149017333984,34.689361572265625,35.191490173339844,637673
2001-11-16,13.048444747924805,34.953189849853516,35.26808547973633,34.74042510986328,34.92766189575195,446618
2001-11-19,13.073866844177246,35.021278381347656,35.038299560546875,34.51063919067383,34.961700439453125,545553
2001-11-20,13.328030586242676,35.70212936401367,35.82978820800781,35.055320739746094,35.10638427734375,623103
2001-11-21,13.169174194335938,35.27659606933594,35.710636138916016,35.10638427734375,35.710636138916016,571990
2001-11-23,13.22954273223877,35.438297271728516,35.53191375732422,35.10638427734375,35.27659606933594,161798
2001-11-26,13.172355651855469,35.28510665893555,35.61701965332031,35.174468994140625,35.446807861328125,251568
2001-11-27,13.210484504699707,35.38723373413086,35.70212936401367,35.1489372253418,35.293617248535156,290578
2001-11-28,13.115169525146484,35.13191604614258,35.40425491333008,34.97021484375,35.39574432373047,673040
2001-11-29,13.15329360961914,35.23404312133789,35.48936080932617,34.944679260253906,35.13191604614258,611823
2001-11-30,13.121519088745117,35.1489372253418,35.40425491333008,35.09787368774414,35.23404312133789,410545
2001-12-03,13.15011215209961,35.22553253173828,35.302127838134766,34.73191452026367,35.021278381347656,920260
2001-12-04,13.057984352111816,34.978721618652344,35.1489372253418,34.72340393066406,35.021278381347656,1007680
2001-12-05,13.061151504516602,34.98723220825195,35.25957489013672,34.8510627746582,35.046810150146484,469295
2001-12-06,12.91501522064209,34.59574508666992,34.89361572265625,34.39148712158203,34.89361572265625,709818
2001-12-07,13.029387474060059,34.90212631225586,35.07233810424805,34.46808624267578,34.46808624267578,727090
2001-12-10,12.924542427062988,34.62127685546875,34.978721618652344,34.553192138671875,34.90212631225586,460130
2001-12-11,12.730737686157227,34.10212707519531,34.73191452026367,33.97446823120117,34.63829803466797,409723
2001-12-12,12.943601608276367,34.672340393066406,34.72340393066406,33.95744705200195,34.10212707519531,743775
2001-12-13,12.984901428222656,34.78297805786133,35.07233810424805,34.63829803466797,34.672340393066406,420768
2001-12-14,12.949954986572266,34.689361572265625,34.87659454345703,34.25531768798828,34.570213317871094,296688
2001-12-17,12.895951271057129,34.544681549072266,34.78297805786133,34.417022705078125,34.689361572265625,319248
2001-12-18,13.032564163208008,34.91063690185547,34.97021484375,34.544681549072266,34.544681549072266,463773
2001-12-19,13.324857711791992,35.69361877441406,35.804256439208984,34.76595687866211,34.8510627746582,643783
2001-12-20,13.254962921142578,35.50638198852539,35.73617172241211,35.20000076293945,35.73617172241211,733435
2001-12-21,13.230834007263184,35.00425338745117,35.310638427734375,34.99574661254883,35.23404312133789,1931935
2001-12-24,13.301606178283691,35.191490173339844,35.319149017333984,34.944679260253906,34.961700439453125,5195968
2001-12-26,13.320902824401855,35.2425537109375,35.582977294921875,35.20000076293945,35.20851135253906,422883
2001-12-27,13.494613647460938,35.70212936401367,35.7276611328125,34.90212631225586,35.319149017333984,415128
2001-12-28,13.484966278076172,35.676597595214844,35.914894104003906,35.0638313293457,35.914894104003906,454373
2001-12-31,13.491398811340332,35.69361877441406,35.99148941040039,35.446807861328125,35.61701965332031,256268
2002-01-02,13.629722595214844,36.059574127197266,36.187232971191406,34.99574661254883,35.778724670410156,519820
2002-01-03,13.55573558807373,35.86383056640625,36.12765884399414,35.582977294921875,36.0,342983
2002-01-04,13.443148612976074,35.565956115722656,36.195743560791016,35.191490173339844,36.195743560791016,821090
2002-01-07,13.343421936035156,35.302127838134766,35.429786682128906,35.11489486694336,35.302127838134766,804993
2002-01-08,13.089298248291016,34.62978744506836,35.13191604614258,34.37446975708008,35.08085250854492,709348
2002-01-09,13.127898216247559,34.73191452026367,34.978721618652344,34.28084945678711,34.5787239074707,670338
2002-01-10,13.205101013183594,34.9361686706543,35.01276779174805,34.38298034667969,34.38298034667969,648600
2002-01-11,13.195454597473145,34.91063690185547,35.319149017333984,34.86808395385742,34.944679260253906,563530
2002-01-14,13.324125289916992,35.25106430053711,35.40425491333008,34.74042510986328,34.74042510986328,572225
2002-01-15,13.513924598693848,35.75319290161133,35.82978820800781,35.3361701965332,35.40425491333008,475288
2002-01-16,13.504266738891602,35.7276611328125,36.17021179199219,35.60851287841797,35.87234115600586,430873
2002-01-17,13.40132999420166,35.455318450927734,35.84680938720703,35.319149017333984,35.7276611328125,337695
2002-01-18,13.427064895629883,35.52340316772461,35.65957260131836,35.319149017333984,35.40425491333008,319248
2002-01-22,13.172928810119629,34.8510627746582,35.53191375732422,34.78297805786133,35.50638198852539,470470
2002-01-23,13.179368019104004,34.86808395385742,34.961700439453125,34.46808624267578,34.680850982666016,337343
2002-01-24,13.246917724609375,35.046810150146484,35.39574432373047,34.680850982666016,34.680850982666016,327825
2002-01-25,13.237263679504395,35.021278381347656,35.11489486694336,34.85957336425781,34.978721618652344,273188
2002-01-28,13.195454597473145,34.91063690185547,35.00425338745117,34.79999923706055,34.89361572265625,183183
2002-01-29,12.979923248291016,34.34042739868164,35.25106430053711,34.289363861083984,35.25106430053711,515943
2002-01-30,12.989571571350098,34.3659553527832,34.39148712158203,33.74468231201172,34.212764739990234,287758
2002-01-31,13.18901538848877,34.89361572265625,34.89361572265625,34.04255294799805,34.195743560791016,537328
2002-02-01,13.208316802978516,34.944679260253906,34.978721618652344,34.72340393066406,34.808509826660156,205390
2002-02-04,13.18901538848877,34.89361572265625,35.1489372253418,34.61276626586914,34.944679260253906,440155
2002-02-05,13.063560485839844,34.561702728271484,34.97021484375,34.50212860107422,34.8510627746582,585033
2002-02-06,13.028177261352539,34.46808624267578,34.680850982666016,34.348934173583984,34.3659553527832,520995
2002-02-07,13.18901538848877,34.89361572265625,35.021278381347656,34.65531921386719,34.808509826660156,490093
2002-02-08,13.134332656860352,34.74893569946289,35.157447814941406,34.51063919067383,34.86808395385742,853520
2002-02-11,13.20187759399414,34.92766189575195,35.038299560546875,34.26382827758789,34.46808624267578,493265
2002-02-12,13.311250686645508,35.21702194213867,35.455318450927734,34.953189849853516,34.961700439453125,490563
2002-02-13,13.304816246032715,35.20000076293945,35.39574432373047,34.978721618652344,35.10638427734375,252508
2002-02-14,13.362726211547852,35.35319137573242,35.429786682128906,35.00425338745117,35.191490173339844,344393
2002-02-15,13.324125289916992,35.25106430053711,35.455318450927734,35.20000076293945,35.36170196533203,354263
2002-02-19,13.282306671142578,35.14042663574219,35.35319137573242,34.961700439453125,35.1489372253418,476228
2002-02-20,13.266219139099121,35.09787368774414,35.2425537109375,34.71489334106445,35.1489372253418,828023
2002-02-21,13.208316802978516,34.944679260253906,35.40425491333008,34.90212631225586,35.08936309814453,420298
2002-02-22,13.237263679504395,35.021278381347656,35.191490173339844,34.6638298034668,34.8510627746582,645780
2002-02-25,13.18901538848877,34.89361572265625,35.165958404541016,34.73191452026367,34.8510627746582,489153
2002-02-26,13.327340126037598,35.25957489013672,35.327659606933594,34.8510627746582,34.8510627746582,335110
2002-02-27,13.37237548828125,35.37872314453125,35.65957260131836,35.13191604614258,35.22553253173828,352030
2002-02-28,13.324125289916992,35.25106430053711,35.574466705322266,35.25106430053711,35.37872314453125,302680
2002-03-01,13.571817398071289,35.9063835144043,35.95744705200195,35.25106430053711,35.25106430053711,358610
2002-03-04,13.745532035827637,36.3659553527832,36.400001525878906,35.9063835144043,35.9063835144043,341220
2002-03-05,13.957843780517578,36.92766189575195,36.9361686706543,36.1787223815918,36.212764739990234,462480
2002-03-06,14.109030723571777,37.327659606933594,37.34468078613281,36.51063919067383,36.92766189575195,529925
2002-03-07,14.186233520507812,37.53191375732422,37.574466705322266,37.10638427734375,37.327659606933594,457193
2002-03-08,14.179800987243652,37.514892578125,37.710636138916016,37.13191604614258,37.574466705322266,367305
2002-03-11,14.195884704589844,37.55744552612305,37.70212936401367,37.174468994140625,37.429786682128906,360843
2002-03-12,14.086522102355957,37.26808547973633,37.574466705322266,37.02978515625,37.446807861328125,399618
2002-03-13,13.989999771118164,37.01276779174805,37.319149017333984,36.88510513305664,37.0638313293457,370948
2002-03-14,13.967494010925293,36.953189849853516,37.293617248535156,36.808509826660156,37.021278381347656,344040
2002-03-15,14.018957138061523,37.08936309814453,37.157447814941406,36.91063690185547,36.953189849853516,734140
2002-03-18,14.002873420715332,37.046810150146484,37.14042663574219,36.425533294677734,36.71489334106445,498788
2002-03-19,14.195884704589844,37.55744552612305,37.68510437011719,37.2425537109375,37.27659606933594,782433
2002-03-20,14.186233520507812,37.53191375732422,37.787235260009766,37.191490173339844,37.574466705322266,491973
2002-03-21,14.529621124267578,37.99148941040039,38.04255294799805,37.12340545654297,37.22553253173828,1053270
2002-03-22,14.493815422058105,37.89787292480469,38.24680709838867,37.68510437011719,37.95744705200195,382815
2002-03-25,14.471038818359375,37.83829879760742,38.24680709838867,37.302127838134766,37.7276611328125,446500
2002-03-26,14.568673133850098,38.0936164855957,38.14468002319336,37.676597595214844,37.86383056640625,415598
2002-03-27,14.682591438293457,38.39148712158203,38.425533294677734,37.8212776184082,37.96595764160156,388573
2002-03-28,14.809536933898926,38.72340393066406,38.9361686706543,38.29787063598633,38.29787063598633,452023
2002-04-01,14.773736953735352,38.62978744506836,38.834041595458984,38.38298034667969,38.46808624267578,399853
2002-04-02,14.829068183898926,38.77446746826172,38.8510627746582,38.417022705078125,38.62978744506836,420885
2002-04-03,14.842084884643555,38.808509826660156,38.91914749145508,38.485107421875,38.680850982666016,374943
2002-04-04,14.757463455200195,38.58723449707031,39.12340545654297,38.04255294799805,38.72340393066406,538033
2002-04-05,14.637022018432617,38.2723388671875,38.72340393066406,38.17021179199219,38.46808624267578,266255
2002-04-08,14.627264976501465,38.24680709838867,38.38298034667969,37.87234115600586,37.87234115600586,386928
2002-04-09,14.490562438964844,37.88936233520508,38.16170120239258,37.86383056640625,38.16170120239258,367188
2002-04-10,14.682591438293457,38.39148712158203,38.400001525878906,37.787235260009766,37.787235260009766,514768
2002-04-11,14.493815422058105,37.89787292480469,38.63829803466797,37.88936233520508,38.39148712158203,325005
2002-04-12,14.575193405151367,38.11063766479492,38.12765884399414,37.68510437011719,37.914894104003906,303033
2002-04-15,14.438488006591797,37.75319290161133,37.89787292480469,37.65957260131836,37.87234115600586,551193
2002-04-16,14.737934112548828,38.536170959472656,38.553192138671875,38.01702117919922,38.085105895996094,681853
2002-04-17,14.835577011108398,38.79148864746094,38.88510513305664,38.46808624267578,38.52766036987305,352148
2002-04-18,14.92670726776123,39.02978515625,39.055320739746094,38.62127685546875,38.808509826660156,379173
2002-04-19,14.998318672180176,39.21702194213867,39.21702194213867,38.72340393066406,38.9361686706543,315018
2002-04-22,14.90717887878418,38.978721618652344,39.310638427734375,38.817020416259766,39.046810150146484,332760
2002-04-23,15.128500938415527,39.55744552612305,39.914894104003906,38.8510627746582,38.89361572265625,428053
2002-04-24,15.317288398742676,40.051063537597656,40.34042739868164,39.48936080932617,39.74468231201172,883248
2002-04-25,14.861620903015137,38.85957336425781,39.88085174560547,38.79999923706055,39.87234115600586,795358
2002-04-26,14.731415748596191,38.51914978027344,39.10638427734375,38.085105895996094,38.92766189575195,700888
2002-04-29,14.633779525756836,38.26382827758789,38.817020416259766,38.15319061279297,38.50212860107422,693250
2002-04-30,14.757463455200195,38.58723449707031,38.87659454345703,38.29787063598633,38.434043884277344,772093
2002-05-01,14.767228126525879,38.61276626586914,38.76595687866211,38.34042739868164,38.417022705078125,473760
2002-05-02,14.962516784667969,39.12340545654297,39.1489372253418,38.23829650878906,38.706382751464844,496673
2002-05-03,14.929969787597656,39.038299560546875,39.27659606933594,38.62978744506836,39.13191604614258,352735
2002-05-06,14.790006637573242,38.672340393066406,39.038299560546875,38.6638298034668,39.038299560546875,246985
2002-05-07,14.650053024291992,38.30638122558594,38.63829803466797,38.15319061279297,38.63829803466797,308555
2002-05-08,14.64678955078125,38.29787063598633,38.51914978027344,37.931915283203125,38.408512115478516,1202495
2002-05-09,14.552401542663574,38.051063537597656,38.37446975708008,37.914894104003906,38.29787063598633,812748
2002-05-10,14.467780113220215,37.82978820800781,38.72340393066406,37.71915054321289,38.51063919067383,1031063
2002-05-13,14.493815422058105,37.89787292480469,37.923404693603516,37.49787139892578,37.676597595214844,1548298
2002-05-14,14.770479202270508,38.62127685546875,38.63829803466797,37.62553024291992,38.068084716796875,758815
2002-05-15,14.6858549118042,38.400001525878906,38.51063919067383,38.25531768798828,38.425533294677734,1075360
2002-05-16,14.744436264038086,38.553192138671875,39.0638313293457,38.400001525878906,38.400001525878906,1931583
2002-05-17,14.734678268432617,38.52766036987305,38.89361572265625,37.64255142211914,38.553192138671875,936828
2002-05-20,15.027616500854492,39.293617248535156,39.327659606933594,38.50212860107422,38.52766036987305,625688
2002-05-21,15.20012378692627,39.74468231201172,40.03404235839844,39.10638427734375,39.293617248535156,572108
2002-05-22,15.519098281860352,40.5787239074707,40.59574508666992,39.70212936401367,39.70212936401367,644018
2002-05-23,15.379131317138672,40.212764739990234,40.51063919067383,39.923404693603516,40.25531768798828,938120
2002-05-24,15.268465042114258,39.923404693603516,40.23829650878906,39.319149017333984,40.212764739990234,615935
2002-05-28,15.209884643554688,39.77021408081055,39.96595764160156,39.48936080932617,39.75319290161133,473055
2002-05-29,15.13502025604248,39.574466705322266,39.71915054321289,39.11489486694336,39.61701965332031,509833
2002-05-30,15.265213012695312,39.914894104003906,40.0,39.52340316772461,39.574466705322266,757170
2002-05-31,15.232671737670898,39.82978820800781,40.17021179199219,39.66808319091797,39.914894104003906,521700
2002-06-03,14.942985534667969,39.07233810424805,39.87234115600586,38.961700439453125,39.82978820800781,532863
2002-06-04,15.037374496459961,39.319149017333984,39.565956115722656,38.90212631225586,38.90212631225586,485510
2002-06-05,14.695612907409668,38.425533294677734,39.327659606933594,38.38298034667969,39.327659606933594,633560
2002-06-06,14.347344398498535,37.514892578125,38.544681549072266,37.50638198852539,38.434043884277344,654593
2002-06-07,14.402677536010742,37.65957260131836,37.795745849609375,37.36170196533203,37.514892578125,612410
2002-06-10,14.480792045593262,37.86383056640625,38.051063537597656,37.48936080932617,37.65957260131836,337108
2002-06-11,14.672835350036621,38.3659553527832,39.08085250854492,37.95744705200195,37.95744705200195,1090283
2002-06-12,14.835577011108398,38.79148864746094,39.0638313293457,38.17021179199219,38.17021179199219,642490
2002-06-13,14.929969787597656,39.038299560546875,39.65957260131836,38.59574508666992,38.64680862426758,650010
2002-06-14,14.158567428588867,37.021278381347656,37.599998474121094,36.91914749145508,37.40425491333008,1717968
2002-06-17,13.93072509765625,36.425533294677734,37.12340545654297,36.34042739868164,37.02978515625,1786470
2002-06-18,14.103236198425293,36.87659454345703,37.20851135253906,36.46808624267578,36.5787239074707,1331158
2002-06-19,14.207393646240234,37.1489372253418,37.1489372253418,36.29787063598633,36.72340393066406,2536590
2002-06-20,14.370134353637695,37.574466705322266,37.84680938720703,37.25957489013672,37.27659606933594,3999935
2002-06-21,14.679339408874512,38.38298034667969,38.38298034667969,37.446807861328125,37.446807861328125,1949678
2002-06-24,14.490562438964844,37.88936233520508,38.24680709838867,37.71915054321289,38.085105895996094,1234338
2002-06-25,14.30504035949707,37.40425491333008,38.0,37.319149017333984,37.787235260009766,1526208
2002-06-26,14.24410629272461,36.808509826660156,37.191490173339844,36.434043884277344,36.808509826660156,1626553
2002-06-27,14.34290599822998,37.0638313293457,37.27659606933594,36.51063919067383,36.978721618652344,796415
2002-06-28,14.701899528503418,37.99148941040039,37.99148941040039,36.59574508666992,36.59574508666992,885480
2002-07-01,14.484533309936523,37.429786682128906,37.923404693603516,37.319149017333984,37.74468231201172,779613
2002-07-02,14.145303726196289,36.553192138671875,37.10638427734375,36.45957565307617,36.9361686706543,1048453
2002-07-03,14.062960624694824,36.34042739868164,36.808509826660156,36.0,36.59574508666992,647308
2002-07-05,14.145303726196289,36.553192138671875,36.59574508666992,35.95744705200195,36.38298034667969,314548
2002-07-08,14.043206214904785,36.289363861083984,36.59574508666992,36.04255294799805,36.51063919067383,358845
2002-07-09,13.486615180969238,34.8510627746582,36.425533294677734,34.6638298034668,36.17021179199219,852228
2002-07-10,13.035415649414062,33.68510437011719,34.91063690185547,33.446807861328125,34.91063690185547,1111903
2002-07-11,13.387815475463867,34.59574508666992,34.65531921386719,33.35319137573242,33.651065826416016,981125
2002-07-12,12.930024147033691,33.41276550292969,34.672340393066406,33.02978515625,34.672340393066406,784430
2002-07-15,13.289010047912598,34.34042739868164,34.47659683227539,30.893617630004883,33.174468994140625,1650758
2002-07-16,12.930024147033691,33.41276550292969,34.289363861083984,33.09787368774414,34.12765884399414,1266415
2002-07-17,12.785112380981445,33.038299560546875,34.085105895996094,32.8510627746582,34.04255294799805,917793
2002-07-18,12.340500831604004,31.889362335205078,33.10638427734375,31.889362335205078,33.10638427734375,665873
2002-07-19,11.843193054199219,30.60425567626953,31.889362335205078,29.98297882080078,30.859573364257812,989585
2002-07-22,11.889302253723145,30.723403930664062,31.404254913330078,29.889362335205078,30.978723526000977,1177585
2002-07-23,11.230616569519043,29.021276473999023,31.106382369995117,28.595745086669922,30.731914520263672,1565100
2002-07-24,12.11984634399414,31.319149017333984,31.412765502929688,28.127660751342773,28.510637283325195,1517630
2002-07-25,12.518343925476074,32.348934173583984,32.51063919067383,30.723403930664062,31.23404312133789,1665328
2002-07-26,12.324036598205566,31.84680938720703,32.60425567626953,31.285106658935547,32.2723388671875,691605
2002-07-29,12.653374671936035,32.697872161865234,32.73191452026367,31.744680404663086,31.82978630065918,718748
2002-07-30,13.200089454650879,34.11063766479492,34.212764739990234,32.52766036987305,32.706382751464844,1082175
2002-07-31,13.489910125732422,34.85957336425781,35.0638313293457,33.02978515625,34.11063766479492,1004743
2002-08-01,13.26595687866211,34.28084945678711,35.319149017333984,33.87234115600586,34.85957336425781,765043
2002-08-02,13.262660026550293,34.2723388671875,34.834041595458984,33.75319290161133,34.28084945678711,675038
2002-08-05,13.430627822875977,34.706382751464844,35.36170196533203,34.38298034667969,34.553192138671875,1081353
2002-08-06,13.75009822845459,35.53191375732422,35.940425872802734,35.01276779174805,35.01276779174805,908393
2002-08-07,13.91147232055664,35.948936462402344,35.948936462402344,35.20000076293945,35.651065826416016,658353
2002-08-08,14.03662109375,36.2723388671875,36.29787063598633,35.182979583740234,35.948936462402344,580920
2002-08-09,13.835725784301758,35.75319290161133,36.45957565307617,35.68510437011719,36.2723388671875,681970
2002-08-12,13.848897933959961,35.787235260009766,36.17021179199219,35.319149017333984,35.40425491333008,1022603
2002-08-13,13.62493896484375,35.20851135253906,36.04255294799805,35.191490173339844,35.787235260009766,803113
2002-08-14,14.006980895996094,36.195743560791016,36.212764739990234,35.021278381347656,35.20851135253906,550488
2002-08-15,13.98063850402832,36.12765884399414,36.78297805786133,35.948936462402344,36.195743560791016,496203
2002-08-16,13.779736518859863,35.60851287841797,36.04255294799805,35.38723373413086,36.0,485158
2002-08-19,14.010271072387695,36.204254150390625,36.204254150390625,35.36170196533203,35.60851287841797,335815
2002-08-20,13.93451976776123,36.00851058959961,36.408512115478516,35.48936080932617,36.204254150390625,750003
2002-08-21,14.441713333129883,37.319149017333984,37.34468078613281,35.96595764160156,36.12765884399414,661643
2002-08-22,14.599799156188965,37.7276611328125,37.82978820800781,36.99574661254883,37.319149017333984,451200
2002-08-23,14.319855690002441,37.00425338745117,37.651065826416016,36.89361572265625,37.52340316772461,311845
2002-08-26,14.51745891571045,37.514892578125,37.60851287841797,37.10638427734375,37.10638427734375,471880
2002-08-27,14.293508529663086,36.9361686706543,37.75319290161133,36.9361686706543,37.68510437011719,465065
2002-08-28,14.15518569946289,36.5787239074707,36.825531005859375,36.12765884399414,36.680850982666016,506895
2002-08-29,14.06955337524414,36.35744857788086,36.47659683227539,35.9063835144043,36.34042739868164,408195
2002-08-30,14.132131576538086,36.51914978027344,36.79999923706055,35.914894104003906,36.35744857788086,515943
2002-09-03,13.809371948242188,35.68510437011719,36.212764739990234,35.14042663574219,36.10212707519531,713813
2002-09-04,13.839014053344727,35.76170349121094,35.82978820800781,34.834041595458984,35.68510437011719,619343
2002-09-05,13.75009822845459,35.53191375732422,35.923404693603516,35.36170196533203,35.61701965332031,584915
2002-09-06,14.03662109375,36.2723388671875,36.34042739868164,35.53191375732422,36.16170120239258,744010
2002-09-09,13.855484962463379,35.804256439208984,36.16170120239258,35.28510665893555,36.085105895996094,662465
2002-09-10,13.453685760498047,34.76595687866211,35.778724670410156,34.553192138671875,35.778724670410156,792303
2002-09-11,13.703988075256348,35.41276550292969,35.54042434692383,34.697872161865234,34.697872161865234,560358
2002-09-12,13.503083229064941,34.89361572265625,35.41276550292969,34.808509826660156,35.41276550292969,874788
2002-09-13,13.743504524230957,35.514892578125,35.65957260131836,34.73191452026367,34.89361572265625,929308
2002-09-16,13.667757034301758,35.319149017333984,35.319149017333984,34.680850982666016,35.1489372253418,732378
2002-09-17,13.368057250976562,34.544681549072266,35.676597595214844,34.536170959472656,35.574466705322266,843180
2002-09-18,13.634824752807617,35.23404312133789,35.75319290161133,34.068084716796875,34.13616943359375,1228345
2002-09-19,13.516250610351562,34.92766189575195,35.37021255493164,34.62978744506836,35.1489372253418,754468
2002-09-20,13.331826210021973,34.45106506347656,34.9361686706543,33.74468231201172,34.9361686706543,1228815
2002-09-23,13.351588249206543,34.50212860107422,34.561702728271484,33.931915283203125,34.0,1120128
2002-09-24,12.95629596710205,33.055320739746094,34.01702117919922,32.72340393066406,34.00851058959961,1411763
2002-09-25,13.259857177734375,33.82978820800781,34.14468002319336,32.91914749145508,33.09787368774414,905220
2002-09-26,13.65347671508789,34.834041595458984,34.97021484375,33.914894104003906,34.0,611000
2002-09-27,13.349920272827148,34.059574127197266,35.0638313293457,33.95744705200195,34.62127685546875,585385
2002-09-30,13.576753616333008,34.63829803466797,34.85957336425781,33.463829040527344,33.95744705200195,873025
2002-10-01,13.960370063781738,35.61701965332031,35.73617172241211,34.425533294677734,34.9361686706543,1052683
2002-10-02,13.940360069274902,35.565956115722656,36.17021179199219,35.27659606933594,35.574466705322266,811455
2002-10-03,14.083802223205566,35.931915283203125,36.25531768798828,35.574466705322266,35.574466705322266,1348313
2002-10-04,13.640130996704102,34.79999923706055,35.940425872802734,34.434043884277344,35.940425872802734,1346315
2002-10-07,13.906998634338379,35.48085021972656,36.10212707519531,34.953189849853516,35.191490173339844,809575
2002-10-08,14.000404357910156,35.71915054321289,36.49361801147461,33.74468231201172,35.48085021972656,1932523
2002-10-09,13.009666442871094,33.191490173339844,35.7276611328125,33.165958404541016,35.7276611328125,1778833
2002-10-10,13.990401268005371,35.69361877441406,36.03404235839844,32.51063919067383,33.36170196533203,1335270
2002-10-11,13.893656730651855,35.446807861328125,36.17021179199219,34.73191452026367,35.70212936401367,1008973
2002-10-14,14.03376293182373,35.804256439208984,35.82978820800781,34.04255294799805,35.455318450927734,921553
2002-10-15,14.170534133911133,36.15319061279297,36.89361572265625,35.83829879760742,36.34042739868164,1253843
2002-10-16,13.40996265411377,34.212764739990234,36.11914825439453,34.212764739990234,36.04255294799805,1444780
2002-10-17,13.893656730651855,35.446807861328125,35.455318450927734,34.25531768798828,34.680850982666016,719688
2002-10-18,13.850290298461914,35.3361701965332,35.7276611328125,34.38298034667969,35.27659606933594,757053
2002-10-21,14.330649375915527,36.561702728271484,36.672340393066406,35.182979583740234,35.34468078613281,1164308
2002-10-22,13.983724594116211,35.676597595214844,37.046810150146484,35.34468078613281,36.085105895996094,876550
2002-10-23,14.40402889251709,36.74893569946289,36.9361686706543,35.574466705322266,35.574466705322266,795710
2002-10-24,14.567485809326172,37.165958404541016,37.83829879760742,36.39148712158203,36.825531005859375,934243
2002-10-25,14.727606773376465,37.574466705322266,37.70212936401367,36.842552185058594,37.174468994140625,573988
2002-10-28,15.097882270812988,38.51914978027344,38.72340393066406,37.76170349121094,37.76170349121094,988058
2002-10-29,14.897734642028809,38.00851058959961,38.842552185058594,37.49787139892578,38.52766036987305,879018
2002-10-30,15.18460750579834,38.74042510986328,38.74042510986328,37.86383056640625,38.12765884399414,854930
2002-10-31,15.041179656982422,38.37446975708008,39.1489372253418,38.13616943359375,39.1489372253418,862685
2002-11-01,15.077873229980469,38.46808624267578,38.60425567626953,38.221275329589844,38.425533294677734,791010
2002-11-04,15.468155860900879,39.463829040527344,39.74468231201172,38.9361686706543,39.74468231201172,1218123
2002-11-05,15.468155860900879,39.463829040527344,39.6340446472168,39.174468994140625,39.6340446472168,820973
2002-11-06,15.558231353759766,39.69361877441406,39.914894104003906,39.302127838134766,39.48936080932617,1134933
2002-11-07,15.031167030334473,38.348934173583984,39.49787139892578,37.74468231201172,39.49787139892578,1220238
2002-11-08,14.620861053466797,37.302127838134766,38.425533294677734,37.302127838134766,38.35744857788086,907335
2002-11-11,14.710925102233887,37.53191375732422,37.65957260131836,36.825531005859375,37.310638427734375,587618
2002-11-12,14.480767250061035,36.944679260253906,37.914894104003906,36.62127685546875,37.599998474121094,1345845
2002-11-13,14.624200820922852,37.310638427734375,37.54893493652344,36.953189849853516,36.953189849853516,946580
2002-11-14,14.867712020874023,37.931915283203125,38.14468002319336,37.65957260131836,37.65957260131836,600543
2002-11-15,15.091207504272461,38.50212860107422,38.50212860107422,37.931915283203125,37.931915283203125,670690
2002-11-18,14.767633438110352,37.676597595214844,38.74042510986328,37.62553024291992,38.50212860107422,882895
2002-11-19,14.727606773376465,37.574466705322266,37.9063835144043,37.34468078613281,37.68510437011719,829315
2002-11-20,14.744285583496094,37.61701965332031,37.85531997680664,37.21702194213867,37.61701965332031,1071718
2002-11-21,14.657565116882324,37.39574432373047,37.88936233520508,37.1489372253418,37.61701965332031,798060
2002-11-22,15.154594421386719,38.6638298034668,38.808509826660156,37.27659606933594,37.40425491333008,733083
2002-11-25,15.251335144042969,38.91063690185547,39.191490173339844,38.23829650878906,38.536170959472656,747770
2002-11-26,14.884390830993652,37.97446823120117,38.91914749145508,37.931915283203125,38.91914749145508,671513
2002-11-27,14.931086540222168,38.0936164855957,38.29787063598633,37.88936233520508,38.03404235839844,412778
2002-11-29,14.787652015686035,37.7276611328125,37.98297882080078,37.61701965332031,37.923404693603516,325710
2002-12-02,14.66089153289795,37.40425491333008,37.9063835144043,37.182979583740234,37.89787292480469,545318
2002-12-03,14.794325828552246,37.74468231201172,38.12765884399414,37.39574432373047,37.40425491333008,633090
2002-12-04,14.677578926086426,37.446807861328125,38.38298034667969,37.446807861328125,37.82978820800781,860218
2002-12-05,14.584169387817383,37.20851135253906,37.97446823120117,37.021278381347656,37.787235260009766,698303
2002-12-06,14.494099617004395,36.978721618652344,37.021278381347656,36.60425567626953,36.62978744506836,1229990
2002-12-09,14.72093677520752,37.55744552612305,37.787235260009766,36.8510627746582,36.8510627746582,785605
2002-12-10,14.824349403381348,37.8212776184082,37.86383056640625,37.36170196533203,37.68510437011719,607358
2002-12-11,14.874382019042969,37.948936462402344,38.12765884399414,37.455318450927734,37.8212776184082,533685
2002-12-12,14.967779159545898,38.187232971191406,38.31489562988281,37.787235260009766,38.11914825439453,532628
2002-12-13,15.154594421386719,38.6638298034668,38.87659454345703,38.04255294799805,38.04255294799805,811925
2002-12-16,15.411446571350098,39.319149017333984,39.319149017333984,38.72340393066406,38.76595687866211,1037760
2002-12-17,15.454812049865723,39.429786682128906,39.574466705322266,39.25957489013672,39.319149017333984,595725
2002-12-18,15.458150863647461,39.438297271728516,39.73617172241211,39.27659606933594,39.27659606933594,661055
2002-12-19,15.429472923278809,38.92766189575195,39.27659606933594,38.87659454345703,39.1489372253418,1044810
2002-12-20,15.692587852478027,39.591487884521484,39.74468231201172,39.21702194213867,39.36170196533203,830725
2002-12-23,15.449716567993164,38.978721618652344,39.68510437011719,38.9361686706543,39.446807861328125,652595
2002-12-24,15.453093528747559,38.98723220825195,39.20000076293945,38.76595687866211,38.76595687866211,178835
2002-12-26,15.500317573547363,39.10638427734375,39.41276550292969,39.00425338745117,39.0638313293457,396680
2002-12-27,15.304666519165039,38.61276626586914,39.26808547973633,38.51063919067383,39.10638427734375,399970
2002-12-30,15.70607852935791,39.62553024291992,39.70212936401367,38.553192138671875,38.63829803466797,906983
2002-12-31,15.652114868164062,39.48936080932617,39.65957260131836,39.191490173339844,39.41276550292969,608415
2003-01-02,15.84776782989502,39.98297882080078,39.98297882080078,39.39574432373047,39.574466705322266,430520
2003-01-03,15.844392776489258,39.97446823120117,40.425533294677734,39.70212936401367,39.99148941040039,1085113
2003-01-06,16.623624801635742,41.940425872802734,42.12765884399414,40.63829803466797,40.74893569946289,2098903
2003-01-07,16.168224334716797,40.79148864746094,42.12765884399414,40.59574508666992,41.948936462402344,1531025
2003-01-08,16.245824813842773,40.98723220825195,41.021278381347656,40.425533294677734,40.59574508666992,962325
2003-01-09,15.790420532226562,39.83829879760742,40.72340393066406,39.74468231201172,40.72340393066406,1539720
2003-01-10,15.594772338867188,39.34468078613281,39.50638198852539,38.9361686706543,39.3361701965332,1382623
2003-01-13,15.362015724182129,38.7574462890625,39.34468078613281,38.697872161865234,39.34468078613281,1391318
2003-01-14,15.648736000061035,39.48085021972656,39.48085021972656,38.63829803466797,39.1489372253418,879723
2003-01-15,15.550920486450195,39.23404312133789,40.0,39.1489372253418,39.48936080932617,822853
2003-01-16,15.37213134765625,38.78297805786133,39.455318450927734,38.74893569946289,39.23404312133789,937885
2003-01-17,15.324904441833496,38.6638298034668,38.91914749145508,38.37446975708008,38.8510627746582,607828
2003-01-21,15.112393379211426,38.12765884399414,39.021278381347656,38.11914825439453,38.72340393066406,419710
2003-01-22,15.146114349365234,38.212764739990234,38.5787239074707,37.651065826416016,37.95744705200195,672923
2003-01-23,15.213589668273926,38.38298034667969,38.697872161865234,38.26382827758789,38.29787063598633,583740
2003-01-24,14.852644920349121,37.47233963012695,38.39148712158203,37.47233963012695,38.39148712158203,674333
2003-01-27,14.24207592010498,35.931915283203125,37.21702194213867,35.914894104003906,36.91914749145508,1226935
2003-01-28,14.518689155578613,36.62978744506836,36.834041595458984,36.23829650878906,36.25531768798828,1061613
2003-01-29,14.471460342407227,36.51063919067383,36.74042510986328,36.15319061279297,36.58723449707031,788660
2003-01-30,14.201597213745117,35.82978820800781,36.52766036987305,35.82978820800781,36.52766036987305,871145
2003-01-31,14.140885353088379,35.676597595214844,35.98297882080078,35.565956115722656,35.74468231201172,1534315
2003-02-03,14.336523056030273,36.17021179199219,36.23829650878906,35.76170349121094,35.795745849609375,1071013
2003-02-04,14.167866706848145,35.74468231201172,35.97446823120117,35.574466705322266,35.795745849609375,740368
2003-02-05,14.103769302368164,35.582977294921875,36.076595306396484,35.582977294921875,35.75319290161133,847058
2003-02-06,14.150996208190918,35.70212936401367,36.0,35.582977294921875,35.591487884521484,699478
2003-02-07,13.965472221374512,35.23404312133789,36.0936164855957,35.191490173339844,36.0936164855957,1073950
2003-02-10,14.08690357208252,35.54042434692383,35.65957260131836,35.23404312133789,35.55744552612305,781728
2003-02-11,13.668617248535156,34.485107421875,35.574466705322266,34.485107421875,35.49787139892578,910508
2003-02-12,13.449349403381348,33.931915283203125,34.74893569946289,33.66808319091797,34.59574508666992,1437965
2003-02-13,13.6483736038208,34.434043884277344,34.697872161865234,33.41276550292969,33.76170349121094,1171593
2003-02-14,13.894627571105957,35.055320739746094,35.055320739746094,34.434043884277344,34.47659683227539,1091575
2003-02-18,14.076787948608398,35.514892578125,35.582977294921875,35.038299560546875,35.22553253173828,580920
2003-02-19,14.204972267150879,35.83829879760742,35.98297882080078,35.6340446472168,35.95744705200195,1300960
2003-02-20,14.16111946105957,35.7276611328125,36.26382827758789,35.61701965332031,35.70212936401367,947050
2003-02-21,14.154374122619629,35.710636138916016,36.38298034667969,35.710636138916016,35.914894104003906,657060
2003-02-24,14.036299705505371,35.41276550292969,35.914894104003906,35.41276550292969,35.82978820800781,594785
2003-02-25,14.215089797973633,35.86383056640625,36.04255294799805,35.08936309814453,35.40425491333008,1173825
2003-02-26,13.914865493774414,35.10638427734375,35.86383056640625,34.953189849853516,35.86383056640625,879135
2003-02-27,13.94859790802002,35.191490173339844,35.53191375732422,35.038299560546875,35.21702194213867,815098
2003-02-28,13.978955268859863,35.26808547973633,35.40425491333008,35.12340545654297,35.319149017333984,689725
2003-03-03,14.070042610168457,35.49787139892578,35.65957260131836,35.21702194213867,35.48085021972656,645193
2003-03-04,13.962090492248535,35.22553253173828,35.574466705322266,35.174468994140625,35.49787139892578,462480
2003-03-05,13.999202728271484,35.319149017333984,35.319149017333984,34.89361572265625,34.99574661254883,659058
2003-03-06,13.958722114562988,35.21702194213867,35.27659606933594,34.680850982666016,35.191490173339844,1037173
2003-03-07,14.08353328704834,35.53191375732422,35.574466705322266,34.98723220825195,35.22553253173828,1202378
2003-03-10,13.94859790802002,35.191490173339844,35.574466705322266,35.046810150146484,35.574466705322266,1078650
2003-03-11,13.874388694763184,35.00425338745117,35.582977294921875,34.9361686706543,35.25957489013672,930365
2003-03-12,13.813667297363281,34.8510627746582,35.23404312133789,34.425533294677734,35.00425338745117,1109318
2003-03-13,13.94859790802002,35.191490173339844,35.191490173339844,34.697872161865234,35.0638313293457,825555
2003-03-14,13.965472221374512,35.23404312133789,35.40425491333008,34.98723220825195,35.25957489013672,930365
2003-03-17,14.137511253356934,35.66808319091797,35.71915054321289,35.13191604614258,35.1489372253418,1012380
2003-03-18,14.150996208190918,35.70212936401367,35.82978820800781,35.38723373413086,35.61701965332031,1374280
2003-03-19,13.800174713134766,34.817020416259766,34.978721618652344,34.561702728271484,34.978721618652344,2234498
2003-03-20,13.344097137451172,33.2425537109375,34.01702117919922,32.90212631225586,33.61701965332031,3586805
2003-03-21,13.620816230773926,33.931915283203125,33.931915283203125,33.293617248535156,33.455318450927734,1529263
2003-03-24,13.32359790802002,33.191490173339844,33.931915283203125,33.13191604614258,33.931915283203125,1047395
2003-03-25,13.333853721618652,33.21702194213867,33.446807861328125,33.046810150146484,33.25957489013672,1072305
2003-03-26,13.385091781616211,33.34468078613281,33.54893493652344,33.13191604614258,33.25957489013672,718043
2003-03-27,13.350927352905273,33.25957489013672,33.34468078613281,32.91063690185547,33.25957489013672,781610
2003-03-28,13.279186248779297,33.08085250854492,33.319149017333984,33.01276779174805,33.191490173339844,496438
2003-03-31,13.204031944274902,32.89361572265625,33.22553253173828,32.77446746826172,32.9361686706543,626628
2003-04-01,13.337264060974121,33.22553253173828,33.25106430053711,32.842552185058594,33.021278381347656,547315
2003-04-02,13.320180892944336,33.182979583740234,33.591487884521484,33.157447814941406,33.36170196533203,676213
2003-04-03,13.330435752868652,33.20851135253906,33.48085021972656,33.12340545654297,33.182979583740234,883483
2003-04-04,13.55249309539795,33.76170349121094,33.88085174560547,33.293617248535156,33.446807861328125,591025
2003-04-07,13.470498085021973,33.55744552612305,34.49361801147461,33.37872314453125,34.44255447387695,908158
2003-04-08,13.456831932067871,33.52340316772461,33.82978820800781,33.319149017333984,33.64255142211914,649070
2003-04-09,13.542241096496582,33.73617172241211,33.948936462402344,33.574466705322266,33.73617172241211,1216478
2003-04-10,13.497827529907227,33.62553024291992,34.04255294799805,33.327659606933594,33.948936462402344,839303
2003-04-11,13.23819351196289,32.978721618652344,33.70212936401367,32.978721618652344,33.62553024291992,1182638
2003-04-14,13.255271911621094,33.021278381347656,33.25957489013672,32.91914749145508,33.046810150146484,865623
2003-04-15,13.467082977294922,33.54893493652344,33.55744552612305,32.944679260253906,33.046810150146484,924608
2003-04-16,13.391922950744629,33.36170196533203,33.914894104003906,33.2425537109375,33.74468231201172,580568
2003-04-17,13.40217113494873,33.38723373413086,33.429786682128906,33.22553253173828,33.27659606933594,419123
2003-04-21,13.32359790802002,33.191490173339844,33.48936080932617,33.191490173339844,33.438297271728516,559418
2003-04-22,13.40217113494873,33.38723373413086,33.463829040527344,33.021278381347656,33.191490173339844,670220
2003-04-23,13.57982349395752,33.82978820800781,33.948936462402344,33.25106430053711,33.34468078613281,655885
2003-04-24,13.740382194519043,34.22978591918945,34.544681549072266,33.7276611328125,33.787235260009766,834955
2003-04-25,13.723304748535156,34.187232971191406,34.38298034667969,33.83829879760742,34.289363861083984,671748
2003-04-28,13.907783508300781,34.64680862426758,34.79999923706055,34.187232971191406,34.187232971191406,640375
2003-04-29,13.897537231445312,34.62127685546875,34.74042510986328,34.434043884277344,34.680850982666016,856693
2003-04-30,13.774551391601562,34.31489562988281,34.680850982666016,34.26382827758789,34.62127685546875,864565
2003-05-01,13.521743774414062,33.68510437011719,34.348934173583984,33.61701965332031,34.31489562988281,757405
2003-05-02,13.241604804992676,32.98723220825195,33.940425872802734,32.817020416259766,33.778724670410156,2247775
2003-05-05,13.350927352905273,33.25957489013672,33.302127838134766,32.78297805786133,32.99574661254883,1215655
2003-05-06,13.368009567260742,33.302127838134766,33.574466705322266,33.12340545654297,33.25957489013672,744833
2003-05-07,13.32359790802002,33.191490173339844,33.54893493652344,33.021278381347656,33.21702194213867,1350193
2003-05-08,13.374845504760742,33.319149017333984,33.565956115722656,33.021278381347656,33.021278381347656,930718
2003-05-09,13.487582206726074,33.599998474121094,33.60851287841797,33.26808547973633,33.40425491333008,871263
2003-05-12,13.46025276184082,33.53191375732422,33.60851287841797,33.191490173339844,33.574466705322266,783843
2003-05-13,13.555909156799316,33.77021408081055,33.88936233520508,33.54042434692383,33.61701965332031,796180
2003-05-14,13.572994232177734,33.812767028808594,33.84680938720703,33.6340446472168,33.75319290161133,864918
2003-05-15,13.65156078338623,34.00851058959961,34.04255294799805,33.48085021972656,33.89787292480469,784078
2003-05-16,13.982948303222656,34.834041595458984,34.978721618652344,34.24680709838867,34.38298034667969,946228
2003-05-19,13.65839672088623,34.02553176879883,34.672340393066406,34.02553176879883,34.63829803466797,569405
2003-05-20,13.87362289428711,34.561702728271484,34.76595687866211,34.03404235839844,34.03404235839844,965968
2003-05-21,13.918036460876465,34.672340393066406,34.89361572265625,34.45957565307617,34.51914978027344,1083820
2003-05-22,14.556885719299316,36.26382827758789,36.34042739868164,34.74893569946289,34.79999923706055,2554098
2003-05-23,15.100080490112305,37.61701965332031,37.98297882080078,36.17021179199219,36.26382827758789,2167170
2003-05-27,15.311894416809082,38.14468002319336,38.25531768798828,37.37021255493164,37.48936080932617,1637715
2003-05-28,15.120574951171875,37.66808319091797,38.11063766479492,37.54893493652344,37.97446823120117,968905
2003-05-29,14.860936164855957,37.021278381347656,37.8212776184082,36.51914978027344,37.62553024291992,1597530
2003-05-30,14.80285930633545,36.87659454345703,37.20851135253906,36.62127685546875,36.808509826660156,1203200
2003-06-02,14.813111305236816,36.90212631225586,37.10638427734375,36.72340393066406,36.87659454345703,932128
2003-06-03,14.88485050201416,37.08085250854492,37.28510665893555,36.706382751464844,36.87659454345703,717690
2003-06-04,15.079577445983887,37.565956115722656,37.804256439208984,37.07233810424805,37.08085250854492,872673
2003-06-05,14.908767700195312,37.14042663574219,37.327659606933594,36.99574661254883,37.23404312133789,1157140
2003-06-06,14.676456451416016,36.561702728271484,37.21702194213867,36.51914978027344,37.14042663574219,1278635
2003-06-09,14.563716888427734,36.28084945678711,36.45106506347656,35.95744705200195,36.26382827758789,970668
2003-06-10,14.519308090209961,36.17021179199219,36.46808624267578,36.11063766479492,36.28084945678711,833898
2003-06-11,14.05126953125,35.00425338745117,36.1787223815918,34.04255294799805,36.1787223815918,3960573
2003-06-12,14.24941635131836,35.49787139892578,35.514892578125,34.29787063598633,34.89361572265625,2001495
2003-06-13,14.006857872009277,34.89361572265625,35.47233963012695,34.85957336425781,35.36170196533203,841770
2003-06-16,13.962441444396973,34.78297805786133,35.09787368774414,34.680850982666016,34.85957336425781,1331040
2003-06-17,13.829214096069336,34.45106506347656,34.79148864746094,34.417022705078125,34.79148864746094,1623028
2003-06-18,13.904372215270996,34.63829803466797,34.72340393066406,34.400001525878906,34.425533294677734,2369035
2003-06-19,13.847277641296387,34.059574127197266,34.561702728271484,34.059574127197266,34.34042739868164,1212483
2003-06-20,13.86803913116455,34.11063766479492,34.212764739990234,34.01702117919922,34.195743560791016,1218123
2003-06-23,13.791921615600586,33.923404693603516,34.04255294799805,33.574466705322266,34.04255294799805,876433
2003-06-24,13.59815502166748,33.446807861328125,33.83829879760742,33.21702194213867,33.65957260131836,1161723
2003-06-25,13.667351722717285,33.61701965332031,34.059574127197266,33.52340316772461,33.574466705322266,864095
2003-06-26,13.771161079406738,33.87234115600586,34.02553176879883,33.53191375732422,33.69361877441406,816508
2003-06-27,13.497812271118164,33.20000076293945,33.82978820800781,33.20000076293945,33.82978820800781,873260
2003-06-30,13.369791030883789,32.88510513305664,33.27659606933594,32.79999923706055,33.20000076293945,1074773
2003-07-01,13.241772651672363,32.570213317871094,32.978721618652344,32.46808624267578,32.8510627746582,1616565
2003-07-02,13.40439224243164,32.97021484375,33.01276779174805,32.59574508666992,32.7574462890625,830725
2003-07-03,13.40439224243164,32.97021484375,33.09787368774414,32.74893569946289,32.808509826660156,517705
2003-07-07,13.338643074035645,32.808509826660156,33.174468994140625,32.74042510986328,33.021278381347656,767275
2003-07-08,13.321348190307617,32.76595687866211,32.8510627746582,32.536170959472656,32.76595687866211,852463
2003-07-09,13.221006393432617,32.51914978027344,32.961700439453125,32.49361801147461,32.680850982666016,613585
2003-07-10,12.975337028503418,31.914894104003906,32.561702728271484,31.795745849609375,32.561702728271484,1115780
2003-07-11,12.919977188110352,31.778722763061523,32.16170120239258,31.54893684387207,32.059574127197266,1094513
2003-07-14,12.940738677978516,31.82978630065918,32.34042739868164,31.821277618408203,31.965957641601562,720980
2003-07-15,12.809257507324219,31.506383895874023,32.0,31.412765502929688,32.0,1009560
2003-07-16,12.66739273071289,31.157447814941406,31.67659568786621,30.92765998840332,31.67659568786621,938590
2003-07-17,12.850776672363281,31.608510971069336,31.719148635864258,30.970212936401367,31.106382369995117,971373
2003-07-18,13.044532775878906,32.085105895996094,32.289363861083984,31.80425453186035,31.872339248657227,1152205
2003-07-21,12.729668617248535,31.310638427734375,32.068084716796875,31.2425537109375,31.957447052001953,663523
2003-07-22,12.989180564880371,31.948936462402344,32.00851058959961,31.404254913330078,31.438297271728516,1000513
2003-07-23,12.951116561889648,31.855318069458008,32.16170120239258,31.617021560668945,32.051063537597656,539325
2003-07-24,12.923433303833008,31.787233352661133,32.348934173583984,31.719148635864258,31.855318069458008,818505
2003-07-25,12.888836860656738,31.70212745666504,32.04255294799805,31.617021560668945,31.787233352661133,640258
2003-07-28,12.750433921813965,31.36170196533203,31.744680404663086,31.19148826599121,31.70212745666504,1084055
2003-07-29,12.622408866882324,31.04680824279785,31.506383895874023,30.80851173400879,31.36170196533203,907218
2003-07-30,12.459784507751465,30.646808624267578,31.097871780395508,30.527660369873047,31.04680824279785,867385
2003-07-31,12.355986595153809,30.391489028930664,30.851064682006836,30.391489028930664,30.646808624267578,1763323
2003-08-01,12.120698928833008,29.81276512145996,30.0,29.70212745666504,29.787233352661133,1370050
2003-08-04,12.099933624267578,29.761701583862305,30.034042358398438,29.480850219726562,29.914894104003906,815685
2003-08-05,11.951151847839355,29.39574432373047,29.872339248657227,29.37021255493164,29.5744686126709,725680
2003-08-06,12.041116714477539,29.617021560668945,29.957447052001953,29.106382369995117,29.344680786132812,633090
2003-08-07,12.17605209350586,29.948936462402344,29.99148941040039,29.651063919067383,29.6680850982666,522640
2003-08-08,12.29024600982666,30.229787826538086,30.246809005737305,29.838298797607422,29.98297882080078,675860
2003-08-11,12.134541511535645,29.84680938720703,30.272340774536133,29.617021560668945,30.127660751342773,819563
2003-08-12,12.134541511535645,29.84680938720703,29.855318069458008,29.421276092529297,29.84680938720703,856928
2003-08-13,12.013434410095215,29.54893684387207,29.957447052001953,29.489362716674805,29.923404693603516,814040
2003-08-14,11.954611778259277,29.404254913330078,29.54893684387207,29.37021255493164,29.54042625427246,635793
2003-08-15,12.013434410095215,29.54893684387207,29.642553329467773,28.93617057800293,29.336170196533203,1260540
2003-08-18,12.006512641906738,29.53191566467285,29.82978630065918,29.446809768676758,29.54893684387207,486333
2003-08-19,11.989218711853027,29.489362716674805,29.582979202270508,29.344680786132812,29.36170196533203,820620
2003-08-20,12.03073501586914,29.591489791870117,29.761701583862305,29.489362716674805,29.5744686126709,744715
2003-08-21,12.099933624267578,29.761701583862305,29.88085174560547,29.506383895874023,29.617021560668945,675978
2003-08-22,11.982292175292969,29.472339630126953,29.923404693603516,29.463830947875977,29.88085174560547,483278
2003-08-25,12.02726936340332,29.582979202270508,29.795745849609375,29.582979202270508,29.591489791870117,375178
2003-08-26,12.058415412902832,29.659574508666992,29.727659225463867,29.506383895874023,29.582979202270508,632503
2003-08-27,12.02381706237793,29.5744686126709,29.719148635864258,29.5744686126709,29.651063919067383,465653
2003-08-28,12.058415412902832,29.659574508666992,29.6680850982666,29.506383895874023,29.5744686126709,555540
2003-08-29,12.079172134399414,29.71063804626465,29.719148635864258,29.55744743347168,29.659574508666992,442975
2003-09-02,12.231424331665039,30.085105895996094,30.11914825439453,29.582979202270508,29.6680850982666,887008
2003-09-03,12.324843406677246,30.31489372253418,30.46808433532715,30.178722381591797,30.212766647338867,626628
2003-09-04,12.349058151245117,30.374467849731445,30.62978744506836,30.28936195373535,30.357446670532227,694190
2003-09-05,12.266019821166992,30.17021369934082,30.212766647338867,29.84680938720703,30.212766647338867,1169478
2003-09-08,12.650094985961914,31.11489486694336,31.123403549194336,30.229787826538086,30.340425491333008,1072658
2003-09-09,12.535907745361328,30.834043502807617,31.344680786132812,30.80851173400879,31.11489486694336,839890
2003-09-10,12.819634437561035,31.53191566467285,31.744680404663086,30.868085861206055,30.893617630004883,2026640
2003-09-11,12.722750663757324,31.293617248535156,31.778722763061523,31.2425537109375,31.53191566467285,971490
2003-09-12,12.87153434753418,31.659574508666992,31.6680850982666,31.276596069335938,31.446809768676758,681030
2003-09-15,12.778117179870605,31.429786682128906,31.70212745666504,31.319149017333984,31.600000381469727,909568
2003-09-16,12.76773738861084,31.404254913330078,31.53191566467285,31.285106658935547,31.49787139892578,680678
2003-09-17,12.48400592803955,30.706382751464844,30.92765998840332,30.536169052124023,30.893617630004883,1927000
2003-09-18,12.492779731750488,30.28936195373535,30.45106315612793,30.18723487854004,30.348936080932617,1350075
2003-09-19,12.619147300720215,30.595745086669922,30.62978744506836,30.110637664794922,30.127660751342773,880193
2003-09-22,12.429598808288574,30.13616943359375,30.47659683227539,30.110637664794922,30.408510208129883,908275
2003-09-23,12.461185455322266,30.212766647338867,30.374467849731445,30.204254150390625,30.272340774536133,641550
2003-09-24,12.5840482711792,30.510637283325195,30.995744705200195,30.255319595336914,30.255319595336914,1667913
2003-09-25,12.706903457641602,30.80851173400879,30.859573364257812,30.434043884277344,30.510637283325195,1107673
2003-09-26,12.966654777526855,31.438297271728516,31.795745849609375,30.80851173400879,30.80851173400879,2104425
2003-09-29,13.180781364440918,31.957447052001953,32.051063537597656,31.489362716674805,31.489362716674805,1341850
2003-09-30,12.949104309082031,31.39574432373047,31.957447052001953,31.38723373413086,31.957447052001953,1345963
2003-10-01,13.075474739074707,31.70212745666504,31.795745849609375,31.285106658935547,31.39574432373047,1116720
2003-10-02,13.258003234863281,32.14468002319336,32.17021179199219,31.49787139892578,31.70212745666504,897700
2003-10-03,13.233431816101074,32.085105895996094,32.50212860107422,32.04255294799805,32.289363861083984,1212013
2003-10-06,13.163233757019043,31.914894104003906,32.11063766479492,31.787233352661133,32.04255294799805,638613
2003-10-07,12.913999557495117,31.310638427734375,31.753190994262695,31.19148826599121,31.719148635864258,1273818
2003-10-08,12.777100563049316,30.978723526000977,31.38723373413086,30.859573364257812,31.310638427734375,797590
2003-10-09,12.724453926086426,30.851064682006836,31.23404312133789,30.791488647460938,31.08085060119629,734375
2003-10-10,12.573513984680176,30.485105514526367,30.851064682006836,30.47659683227539,30.851064682006836,602658
2003-10-13,12.57702350616455,30.493616104125977,30.723403930664062,30.374467849731445,30.553190231323242,491033
2003-10-14,12.668292999267578,30.714893341064453,30.714893341064453,30.408510208129883,30.570213317871094,900990
2003-10-15,12.49629020690918,30.29787254333496,31.23404312133789,30.178722381591797,31.23404312133789,941410
2003-10-16,12.52437686920166,30.365957260131836,30.493616104125977,30.221277236938477,30.4255313873291,738018
2003-10-17,12.562984466552734,30.45957374572754,30.485105514526367,30.18723487854004,30.382978439331055,811573
2003-10-20,12.745513916015625,30.902128219604492,30.902128219604492,30.31489372253418,30.399999618530273,884305
2003-10-21,12.570003509521484,30.47659683227539,30.7574462890625,30.417020797729492,30.74042510986328,654005
2003-10-22,12.896454811096191,31.268085479736328,31.53191566467285,30.74893569946289,31.19148826599121,1904675
2003-10-23,12.892942428588867,31.25957489013672,31.268085479736328,30.74042510986328,31.19148826599121,588323
2003-10-24,12.882413864135742,31.23404312133789,31.25957489013672,30.95319175720215,30.95319175720215,559888
2003-10-27,12.812209129333496,31.06382942199707,31.285106658935547,31.029787063598633,31.165956497192383,719923
2003-10-28,12.973682403564453,31.455318450927734,31.455318450927734,31.004255294799805,31.004255294799805,983710
2003-10-29,13.086002349853516,31.727659225463867,31.889362335205078,31.19148826599121,31.2425537109375,1376983
2003-10-30,12.913999557495117,31.310638427734375,31.778722763061523,31.2425537109375,31.770212173461914,1486845
2003-10-31,12.945594787597656,31.38723373413086,31.659574508666992,31.319149017333984,31.446809768676758,957625
2003-11-03,12.970171928405762,31.446809768676758,31.625532150268555,31.276596069335938,31.327659606933594,664933
2003-11-04,12.657759666442871,30.689361572265625,31.37021255493164,30.680850982666016,31.36170196533203,1195445
2003-11-05,12.5840482711792,30.510637283325195,30.799999237060547,30.29787254333496,30.63829803466797,747888
2003-11-06,12.527883529663086,30.374467849731445,30.570213317871094,30.255319595336914,30.4255313873291,734610
2003-11-07,12.44363784790039,30.17021369934082,30.62127685546875,29.889362335205078,30.510637283325195,1620678
2003-11-10,12.492779731750488,30.28936195373535,30.382978439331055,29.965957641601562,30.212766647338867,709700
2003-11-11,12.517354011535645,30.348936080932617,30.553190231323242,30.17021369934082,30.17021369934082,482690
2003-11-12,12.580540657043457,30.50212860107422,30.63829803466797,30.28936195373535,30.348936080932617,825320
2003-11-13,12.696371078491211,30.782978057861328,30.799999237060547,30.382978439331055,30.382978439331055,701593
2003-11-14,12.731478691101074,30.868085861206055,31.029787063598633,30.62127685546875,30.62127685546875,787720
2003-11-17,12.773598670959473,30.970212936401367,31.148935317993164,30.851064682006836,30.9106388092041,2037803
2003-11-18,12.770088195800781,30.961702346801758,31.39574432373047,30.94468116760254,31.148935317993164,1527265
2003-11-19,12.875389099121094,31.217021942138672,31.276596069335938,30.851064682006836,30.88510513305664,1058323
2003-11-20,12.675311088562012,30.731914520263672,31.22553253173828,30.731914520263672,30.93617057800293,728383
2003-11-21,12.76305866241455,30.94468116760254,30.987234115600586,30.553190231323242,30.723403930664062,636968
2003-11-24,12.903474807739258,31.285106658935547,31.319149017333984,30.893617630004883,30.94468116760254,915090
2003-11-25,13.110573768615723,31.787233352661133,31.81276512145996,31.319149017333984,31.37872314453125,875258
2003-11-26,13.163233757019043,31.914894104003906,32.04255294799805,31.82978630065918,31.82978630065918,744480
2003-11-28,13.236944198608398,32.0936164855957,32.0936164855957,31.84680938720703,31.914894104003906,268370
2003-12-01,13.26150894165039,32.15319061279297,32.25531768798828,31.940425872802734,32.0936164855957,639083
2003-12-02,13.187792778015137,31.974468231201172,32.187232971191406,31.931915283203125,32.17021179199219,632973
2003-12-03,13.128124237060547,31.82978630065918,32.24680709838867,31.821277618408203,32.04255294799805,498905
2003-12-04,13.145676612854004,31.872339248657227,31.948936462402344,31.69361686706543,31.872339248657227,597840
2003-12-05,13.152702331542969,31.889362335205078,32.03404235839844,31.778722763061523,31.872339248657227,597018
2003-12-08,13.321188926696777,32.29787063598633,32.34042739868164,31.821277618408203,31.821277618408203,696775
2003-12-09,13.177267074584961,31.948936462402344,32.29787063598633,31.931915283203125,32.29787063598633,798530
2003-12-10,13.250977516174316,32.12765884399414,32.31489562988281,31.957447052001953,31.957447052001953,579393
2003-12-11,13.33171558380127,32.323402404785156,32.3659553527832,32.02553176879883,32.25531768798828,744480
2003-12-12,13.616043090820312,33.01276779174805,33.09787368774414,32.12765884399414,32.28084945678711,3500325
2003-12-15,13.714330673217773,33.25106430053711,33.62553024291992,33.191490173339844,33.319149017333984,2218635
2003-12-16,13.686251640319824,33.182979583740234,33.41276550292969,33.09787368774414,33.27659606933594,1285450
2003-12-17,13.665186882019043,33.13191604614258,33.191490173339844,32.86808395385742,33.191490173339844,1091693
2003-12-18,13.702542304992676,32.78297805786133,32.8510627746582,32.47659683227539,32.8510627746582,1253725
2003-12-19,13.663411140441895,32.689361572265625,32.8510627746582,32.425533294677734,32.834041595458984,1439140
2003-12-22,13.695422172546387,32.76595687866211,32.76595687866211,32.51063919067383,32.63829803466797,1113900
2003-12-23,13.84482479095459,33.12340545654297,33.12340545654297,32.8510627746582,32.8510627746582,1102738
2003-12-24,13.784354209899902,32.978721618652344,33.08936309814453,32.90212631225586,33.021278381347656,320305
2003-12-26,13.823482513427734,33.07233810424805,33.1489372253418,32.9361686706543,32.978721618652344,273070
2003-12-29,14.05469799041748,33.62553024291992,33.69361877441406,33.055320739746094,33.0638313293457,1464755
2003-12-30,14.12229061126709,33.787235260009766,33.82978820800781,33.62553024291992,33.62553024291992,1029888
2003-12-31,14.015573501586914,33.53191375732422,33.83829879760742,33.47233963012695,33.71915054321289,698890
2004-01-02,14.04759407043457,33.60851287841797,33.82978820800781,33.53191375732422,33.53191375732422,785370
2004-01-05,13.972888946533203,33.429786682128906,33.812767028808594,33.165958404541016,33.787235260009766,828493
2004-01-06,13.912413597106934,33.28510665893555,33.429786682128906,33.14042663574219,33.36170196533203,528515
2004-01-07,13.855498313903809,33.1489372253418,33.2425537109375,32.89361572265625,33.11489486694336,720980
2004-01-08,13.848387718200684,33.13191604614258,33.191490173339844,32.92766189575195,32.953189849853516,558595
2004-01-09,13.766566276550293,32.9361686706543,33.13191604614258,32.85957336425781,33.13191604614258,493383
2004-01-12,13.634950637817383,32.62127685546875,32.85957336425781,32.61276626586914,32.8510627746582,771740
2004-01-13,13.709648132324219,32.79999923706055,32.8510627746582,32.59574508666992,32.71489334106445,697363
2004-01-14,13.859052658081055,33.157447814941406,33.22553253173828,32.817020416259766,32.9361686706543,740720
2004-01-15,13.759453773498535,32.91914749145508,33.1489372253418,32.88510513305664,33.07233810424805,982535
2004-01-16,13.613603591918945,32.570213317871094,32.91914749145508,32.570213317871094,32.87659454345703,1024718
2004-01-20,13.734552383422852,32.85957336425781,32.87659454345703,32.5787239074707,32.672340393066406,792303
2004-01-21,14.033354759216309,33.574466705322266,33.778724670410156,32.978721618652344,33.021278381347656,1124240
2004-01-22,14.12939739227295,33.804256439208984,34.03404235839844,33.65957260131836,33.65957260131836,917323
2004-01-23,13.937315940856934,33.34468078613281,33.82978820800781,33.310638427734375,33.812767028808594,788895
2004-01-26,13.777235984802246,32.961700439453125,33.429786682128906,32.91914749145508,33.34468078613281,756465
2004-01-27,13.770124435424805,32.944679260253906,33.10638427734375,32.9361686706543,32.961700439453125,688668
2004-01-28,13.958647727966309,33.39574432373047,33.50638198852539,32.89361572265625,32.89361572265625,1995973
2004-01-29,13.958647727966309,33.39574432373047,33.591487884521484,33.310638427734375,33.37021255493164,1606813
2004-01-30,13.908855438232422,33.27659606933594,33.50638198852539,33.1489372253418,33.2425537109375,956685
2004-02-02,13.841266632080078,33.11489486694336,33.35319137573242,33.10638427734375,33.27659606933594,1030593
2004-02-03,13.848387718200684,33.13191604614258,33.23404312133789,32.78297805786133,32.978721618652344,1176410
2004-02-04,13.642067909240723,32.63829803466797,32.97021484375,32.536170959472656,32.817020416259766,813335
2004-02-05,13.54245662689209,32.400001525878906,32.672340393066406,32.2723388671875,32.52766036987305,1293675
2004-02-06,13.908855438232422,33.27659606933594,33.310638427734375,32.3659553527832,32.38298034667969,1757448
2004-02-09,14.086722373962402,33.70212936401367,33.71915054321289,33.36170196533203,33.36170196533203,877843
2004-02-10,14.161423683166504,33.88085174560547,34.02553176879883,33.599998474121094,33.7276611328125,970315
2004-02-11,14.157865524291992,33.87234115600586,34.051063537597656,33.54042434692383,33.76170349121094,936240
2004-02-12,14.015573501586914,33.53191375732422,33.89787292480469,33.49787139892578,33.86383056640625,874083
2004-02-13,13.940875053405762,33.35319137573242,33.7276611328125,33.319149017333984,33.47233963012695,625218
2004-02-17,14.01913070678711,33.54042434692383,33.6340446472168,33.40425491333008,33.47233963012695,551780
2004-02-18,14.186323165893555,33.940425872802734,33.98297882080078,33.48936080932617,33.52340316772461,914973
2004-02-19,14.193440437316895,33.95744705200195,34.706382751464844,33.83829879760742,34.04255294799805,1458880
2004-02-20,14.140080451965332,33.82978820800781,34.29787063598633,33.74468231201172,34.212764739990234,1587190
2004-02-23,14.143634796142578,33.83829879760742,34.03404235839844,33.778724670410156,33.787235260009766,581273
2004-02-24,14.10450553894043,33.74468231201172,33.85531997680664,33.61701965332031,33.74468231201172,589850
2004-02-25,14.211222648620605,34.0,34.059574127197266,33.70212936401367,33.74468231201172,782198
2004-02-26,14.211222648620605,34.0,34.12765884399414,33.914894104003906,33.95744705200195,739310
2004-02-27,14.392643928527832,34.434043884277344,34.47659683227539,33.98297882080078,34.0,1860965
2004-03-01,14.381967544555664,34.408512115478516,34.672340393066406,34.25531768798828,34.63829803466797,841418
2004-03-02,14.317948341369629,34.25531768798828,34.672340393066406,34.25531768798828,34.425533294677734,1043870
2004-03-03,14.325055122375488,34.2723388671875,34.49361801147461,34.17021179199219,34.25531768798828,1353835
2004-03-04,14.460229873657227,34.59574508666992,34.73191452026367,34.3659553527832,34.3659553527832,845530
2004-03-05,14.851526260375977,35.53191375732422,35.574466705322266,34.536170959472656,34.59574508666992,1323873
2004-03-08,14.851526260375977,35.53191375732422,35.77021408081055,35.40425491333008,35.446807861328125,1543833
2004-03-09,14.83373737335205,35.48936080932617,35.599998474121094,35.3361701965332,35.52340316772461,781023
2004-03-10,14.798171043395996,35.40425491333008,35.99148941040039,35.38723373413086,35.574466705322266,1201320
2004-03-11,14.623865127563477,34.98723220825195,35.55744552612305,34.978721618652344,35.40425491333008,810280
2004-03-12,14.719907760620117,35.21702194213867,35.429786682128906,34.944679260253906,34.98723220825195,964675
2004-03-15,14.762598037719727,35.319149017333984,35.38723373413086,35.08085250854492,35.302127838134766,891590
2004-03-16,14.844420433044434,35.514892578125,35.676597595214844,35.319149017333984,35.35319137573242,1488490
2004-03-17,14.919116973876953,35.69361877441406,35.88085174560547,35.574466705322266,35.574466705322266,952455
2004-03-18,14.820072174072266,35.021278381347656,35.50638198852539,34.89361572265625,35.36170196533203,2081983
2004-03-19,14.72643756866455,34.79999923706055,35.08936309814453,34.78297805786133,35.021278381347656,693838
2004-03-22,14.578774452209473,34.45106506347656,34.978721618652344,34.30638122558594,34.842552185058594,634265
2004-03-23,14.55356502532959,34.39148712158203,34.74893569946289,34.3659553527832,34.46808624267578,805110
2004-03-24,14.531956672668457,34.34042739868164,34.485107421875,34.25531768798828,34.38298034667969,558948
2004-03-25,14.539162635803223,34.35744857788086,34.44255447387695,34.25531768798828,34.35744857788086,723330
2004-03-26,14.621994018554688,34.553192138671875,34.62127685546875,34.38298034667969,34.400001525878906,637673
2004-03-29,14.722834587097168,34.79148864746094,34.87659454345703,34.45106506347656,34.561702728271484,634735
2004-03-30,14.838086128234863,35.0638313293457,35.0638313293457,34.64680862426758,34.817020416259766,526753
2004-03-31,14.820072174072266,35.021278381347656,35.08936309814453,34.89361572265625,35.0638313293457,554248
2004-04-01,14.94612979888916,35.319149017333984,35.38723373413086,34.97021484375,34.978721618652344,467885
2004-04-02,14.881296157836914,35.165958404541016,35.38723373413086,35.00425338745117,35.38723373413086,540500
2004-04-05,14.924516677856445,35.26808547973633,35.293617248535156,35.01276779174805,35.25957489013672,584210
2004-04-06,14.953325271606445,35.3361701965332,35.3361701965332,35.10638427734375,35.1489372253418,443915
2004-04-07,14.748047828674316,34.8510627746582,35.25106430053711,34.808509826660156,35.25106430053711,521230
2004-04-08,14.658005714416504,34.63829803466797,35.055320739746094,34.5787239074707,34.85957336425781,471058
2004-04-12,14.391497611999512,34.00851058959961,34.91063690185547,33.74468231201172,34.91063690185547,948460
2004-04-13,14.135798454284668,33.40425491333008,33.96595764160156,32.978721618652344,33.95744705200195,1084173
2004-04-14,14.063766479492188,33.23404312133789,33.37872314453125,32.85957336425781,33.319149017333984,727325
2004-04-15,13.99893856048584,33.08085250854492,33.62553024291992,32.978721618652344,33.48936080932617,1037643
2004-04-16,14.186216354370117,33.52340316772461,33.599998474121094,33.1489372253418,33.40425491333008,1043048
2004-04-19,14.135798454284668,33.40425491333008,33.514892578125,33.319149017333984,33.514892578125,825438
2004-04-20,14.081774711608887,33.27659606933594,33.62553024291992,33.27659606933594,33.40425491333008,914503
2004-04-21,13.962924003601074,32.99574661254883,33.302127838134766,32.99574661254883,33.27659606933594,1626200
2004-04-22,14.103378295898438,33.327659606933594,33.48085021972656,32.808509826660156,33.00425338745117,1166775
2004-04-23,14.11058235168457,33.34468078613281,33.40425491333008,33.1489372253418,33.293617248535156,792538
2004-04-26,14.200628280639648,33.55744552612305,33.60851287841797,33.327659606933594,33.36170196533203,744363
2004-04-27,14.135798454284668,33.40425491333008,33.710636138916016,33.28510665893555,33.64255142211914,640375
2004-04-28,14.11058235168457,33.34468078613281,33.582977294921875,33.157447814941406,33.40425491333008,844238
2004-04-29,13.980928421020508,33.038299560546875,33.54042434692383,32.88510513305664,33.429786682128906,967378
2004-04-30,14.052959442138672,33.20851135253906,33.327659606933594,33.0638313293457,33.13191604614258,730263
2004-05-03,14.15740966796875,33.455318450927734,33.591487884521484,33.038299560546875,33.191490173339844,627685
2004-05-04,14.153803825378418,33.446807861328125,33.75319290161133,33.2425537109375,33.455318450927734,673040
2004-05-05,14.236634254455566,33.64255142211914,33.778724670410156,33.48085021972656,33.574466705322266,621810
2004-05-06,14.301467895507812,33.795745849609375,34.03404235839844,33.319149017333984,33.651065826416016,949635
2004-05-07,14.063766479492188,33.23404312133789,33.65957260131836,33.01276779174805,33.599998474121094,1357125
2004-05-10,13.754036903381348,32.50212860107422,33.191490173339844,32.323402404785156,33.191490173339844,1320700
2004-05-11,13.775656700134277,32.553192138671875,32.808509826660156,32.34042739868164,32.76595687866211,775618
2004-05-12,13.804465293884277,32.62127685546875,32.72340393066406,32.23829650878906,32.536170959472656,734023
2004-05-13,13.898100852966309,32.842552185058594,32.89361572265625,32.434043884277344,32.59574508666992,686083
2004-05-14,14.045757293701172,33.191490173339844,33.36170196533203,32.808509826660156,32.808509826660156,519350
2004-05-17,13.883687973022461,32.808509826660156,33.13191604614258,32.74042510986328,33.046810150146484,561063
2004-05-18,13.847679138183594,32.72340393066406,33.11489486694336,32.72340393066406,32.9361686706543,431108
2004-05-19,13.865686416625977,32.76595687866211,33.165958404541016,32.689361572265625,32.9361686706543,651068
2004-05-20,13.876489639282227,32.79148864746094,32.978721618652344,32.73191452026367,32.76595687866211,627920
2004-05-21,13.883687973022461,32.808509826660156,32.92766189575195,32.65531921386719,32.87659454345703,401850
2004-05-24,14.016951560974121,33.12340545654297,33.1489372253418,32.85957336425781,32.978721618652344,389630
2004-05-25,14.182612419128418,33.514892578125,33.574466705322266,32.88510513305664,33.12340545654297,573283
2004-05-26,14.218628883361816,33.599998474121094,33.923404693603516,33.26808547973633,33.36170196533203,883718
2004-05-27,14.40590763092041,34.04255294799805,34.11063766479492,33.778724670410156,33.804256439208984,1185340
2004-05-28,14.481536865234375,34.221275329589844,34.25531768798828,34.04255294799805,34.12765884399414,747653
2004-06-01,14.395101547241211,34.01702117919922,34.221275329589844,33.97446823120117,34.221275329589844,537328
2004-06-02,14.427518844604492,34.0936164855957,34.25531768798828,33.87234115600586,34.068084716796875,487743
2004-06-03,14.294261932373047,33.778724670410156,34.0936164855957,33.710636138916016,34.0936164855957,561298
2004-06-04,14.279855728149414,33.74468231201172,33.948936462402344,33.62553024291992,33.8212776184082,503018
2004-06-07,14.44912338256836,34.14468002319336,34.14468002319336,33.75319290161133,33.75319290161133,405493
2004-06-08,14.445525169372559,34.13616943359375,34.15319061279297,33.914894104003906,34.0936164855957,606183
2004-06-09,14.366288185119629,33.948936462402344,34.212764739990234,33.86383056640625,34.13616943359375,504545
2004-06-10,14.452713966369629,34.15319061279297,34.195743560791016,33.9063835144043,33.9063835144043,683498
2004-06-14,14.402301788330078,34.03404235839844,34.16170120239258,33.923404693603516,34.16170120239258,535330
2004-06-15,14.402301788330078,34.03404235839844,34.45957565307617,33.99148941040039,34.212764739990234,744833
2004-06-16,14.557168006896973,34.400001525878906,34.44255447387695,34.12765884399414,34.17021179199219,1134110
2004-06-17,14.646550178527832,34.17021179199219,34.34042739868164,33.95744705200195,34.10212707519531,2538705
2004-06-18,14.759623527526855,34.434043884277344,34.570213317871094,34.1787223815918,34.1787223815918,1276285
2004-06-21,14.836238861083984,34.61276626586914,34.706382751464844,34.434043884277344,34.536170959472656,672218
2004-06-22,14.821640014648438,34.5787239074707,34.77446746826172,34.45957565307617,34.553192138671875,643900
2004-06-23,14.839879989624023,34.62127685546875,34.6638298034668,34.434043884277344,34.62127685546875,575398
2004-06-24,14.788818359375,34.50212860107422,34.72340393066406,34.50212860107422,34.52766036987305,416890
2004-06-25,14.723153114318848,34.348934173583984,34.59574508666992,34.25531768798828,34.59574508666992,440978
2004-06-28,14.814347267150879,34.561702728271484,34.88510513305664,34.44255447387695,34.51914978027344,526165
2004-06-29,14.653840065002441,34.187232971191406,34.64680862426758,34.12765884399414,34.62127685546875,571755
2004-06-30,14.788818359375,34.50212860107422,34.553192138671875,33.795745849609375,34.212764739990234,707938
2004-07-01,14.71220588684082,34.323402404785156,34.52766036987305,34.04255294799805,34.408512115478516,685848
2004-07-02,14.890955924987793,34.74042510986328,34.74042510986328,34.34042739868164,34.34042739868164,540030
2004-07-06,14.883657455444336,34.72340393066406,34.89361572265625,34.65531921386719,34.72340393066406,1117308
2004-07-07,14.850829124450684,34.64680862426758,34.834041595458984,34.26382827758789,34.46808624267578,883600
2004-07-08,14.759623527526855,34.434043884277344,34.64680862426758,34.38298034667969,34.64680862426758,1143980
2004-07-09,14.774221420288086,34.46808624267578,34.553192138671875,34.38298034667969,34.434043884277344,740955
2004-07-12,14.755977630615234,34.425533294677734,34.536170959472656,34.38298034667969,34.46808624267578,685730
2004-07-13,14.726795196533203,34.35744857788086,34.51914978027344,34.323402404785156,34.417022705078125,544143
2004-07-14,14.78152084350586,34.485107421875,34.5787239074707,34.23829650878906,34.35744857788086,526753
2004-07-15,14.872711181640625,34.697872161865234,34.78297805786133,34.38298034667969,34.485107421875,578453
2004-07-16,15.004039764404297,35.00425338745117,35.08085250854492,34.817020416259766,34.89361572265625,586325
2004-07-19,15.05876350402832,35.13191604614258,35.302127838134766,34.92766189575195,34.953189849853516,512535
2004-07-20,15.029574394226074,35.0638313293457,35.319149017333984,35.01276779174805,35.191490173339844,753763
2004-07-21,14.796112060546875,34.51914978027344,35.27659606933594,34.51914978027344,35.27659606933594,651303
2004-07-22,14.617362976074219,34.10212707519531,34.59574508666992,34.0,34.52766036987305,706645
2004-07-23,14.562636375427246,33.97446823120117,34.17021179199219,33.85531997680664,34.10212707519531,643313
2004-07-26,14.482390403747559,33.787235260009766,34.14468002319336,33.6340446472168,34.00851058959961,796415
2004-07-27,14.416722297668457,33.6340446472168,33.99148941040039,33.455318450927734,33.914894104003906,549313
2004-07-28,14.42766284942627,33.65957260131836,33.82978820800781,33.514892578125,33.64255142211914,867855
2004-07-29,14.482390403747559,33.787235260009766,34.0936164855957,33.68510437011719,33.75319290161133,700770
2004-07-30,14.653840065002441,34.187232971191406,34.187232971191406,33.795745849609375,33.795745849609375,771035
2004-08-02,14.697610855102539,34.289363861083984,34.3659553527832,34.02553176879883,34.187232971191406,645545
2004-08-03,14.704913139343262,34.30638122558594,34.434043884277344,34.14468002319336,34.29787063598633,1221178
2004-08-04,14.755977630615234,34.425533294677734,34.52766036987305,34.085105895996094,34.30638122558594,522288
2004-08-05,14.602770805358887,34.068084716796875,34.485107421875,33.97446823120117,34.425533294677734,530395
2004-08-06,14.606417655944824,34.076595306396484,34.47659683227539,34.01702117919922,34.068084716796875,1676608
2004-08-09,14.675728797912598,34.23829650878906,34.38298034667969,34.0,34.085105895996094,675860
2004-08-10,14.639245986938477,34.15319061279297,34.3659553527832,34.051063537597656,34.34042739868164,441800
2004-08-11,14.526166915893555,33.88936233520508,34.15319061279297,33.812767028808594,34.15319061279297,1057853
2004-08-12,14.431313514709473,33.66808319091797,33.95744705200195,33.65957260131836,33.95744705200195,726738
2004-08-13,14.431313514709473,33.66808319091797,33.75319290161133,33.52340316772461,33.75319290161133,594550
2004-08-16,14.544397354125977,33.931915283203125,33.96595764160156,33.710636138916016,33.7276611328125,522170
2004-08-17,14.577228546142578,34.00851058959961,34.085105895996094,33.9063835144043,34.04255294799805,493030
2004-08-18,14.755977630615234,34.425533294677734,34.425533294677734,34.02553176879883,34.02553176879883,561415
2004-08-19,14.646550178527832,34.17021179199219,34.425533294677734,34.12765884399414,34.425533294677734,499375
2004-08-20,14.613709449768066,34.0936164855957,34.23829650878906,34.00851058959961,34.17021179199219,509128
2004-08-23,14.62100601196289,34.11063766479492,34.212764739990234,33.97446823120117,34.0,492560
2004-08-24,14.788818359375,34.50212860107422,34.544681549072266,34.12765884399414,34.25531768798828,878078
2004-08-25,14.916488647460938,34.79999923706055,34.825531005859375,34.52766036987305,34.5787239074707,501960
2004-08-26,14.865427017211914,34.680850982666016,34.86808395385742,34.50212860107422,34.808509826660156,558595
2004-08-27,14.890955924987793,34.74042510986328,34.79999923706055,34.58723449707031,34.79999923706055,609238
2004-08-30,14.887313842773438,34.73191452026367,34.825531005859375,34.61276626586914,34.697872161865234,511713
2004-08-31,15.073355674743652,35.165958404541016,35.165958404541016,34.73191452026367,34.74893569946289,691370
2004-09-01,15.106186866760254,35.2425537109375,35.319149017333984,34.98723220825195,35.25106430053711,634500
2004-09-02,15.131719589233398,35.302127838134766,35.327659606933594,35.1489372253418,35.27659606933594,315840
2004-09-03,15.051468849182129,35.11489486694336,35.37872314453125,35.055320739746094,35.310638427734375,504663
2004-09-07,15.190093040466309,35.438297271728516,35.438297271728516,35.20851135253906,35.302127838134766,497260
2004-09-08,14.993098258972168,34.978721618652344,35.48936080932617,34.9361686706543,35.48936080932617,775383
2004-09-09,14.905546188354492,34.77446746826172,35.191490173339844,34.706382751464844,35.0638313293457,674568
2004-09-10,14.993098258972168,34.978721618652344,35.00425338745117,34.65531921386719,34.88510513305664,513828
2004-09-13,15.033228874206543,35.07233810424805,35.07233810424805,34.86808395385742,35.046810150146484,630388
2004-09-14,14.927437782287598,34.825531005859375,35.191490173339844,34.74042510986328,35.174468994140625,821090
2004-09-15,14.854473114013672,34.65531921386719,35.01276779174805,34.561702728271484,34.91914749145508,476228
2004-09-16,15.051468849182129,35.11489486694336,35.191490173339844,34.77446746826172,34.825531005859375,734375
2004-09-17,15.197381973266602,35.01276779174805,35.157447814941406,34.98723220825195,35.1489372253418,1105675
2004-09-20,15.204769134521484,35.02978515625,35.08085250854492,34.90212631225586,34.91063690185547,395035
2004-09-21,15.241713523864746,35.11489486694336,35.182979583740234,34.98723220825195,35.08936309814453,552603
2004-09-22,15.193687438964844,35.00425338745117,35.11489486694336,34.842552185058594,35.09787368774414,484453
2004-09-23,15.082868576049805,34.74893569946289,35.08936309814453,34.74893569946289,35.046810150146484,474935
2004-09-24,15.308205604553223,35.26808547973633,35.61701965332031,35.021278381347656,35.27659606933594,1117425
2004-09-27,15.34883975982666,35.36170196533203,35.446807861328125,35.08936309814453,35.26808547973633,553660
2004-09-28,15.459665298461914,35.61701965332031,35.74468231201172,35.455318450927734,35.47233963012695,684555
2004-09-29,15.507688522338867,35.7276611328125,35.74468231201172,35.36170196533203,35.61701965332031,566585
2004-09-30,15.585254669189453,35.9063835144043,35.923404693603516,35.582977294921875,35.76170349121094,785723
2004-10-01,15.563094139099121,35.85531997680664,35.931915283203125,35.76170349121094,35.931915283203125,708760
2004-10-04,15.607425689697266,35.95744705200195,36.14468002319336,35.804256439208984,36.0,575985
2004-10-05,15.607425689697266,35.95744705200195,36.04255294799805,35.914894104003906,36.03404235839844,572813
2004-10-06,15.699772834777832,36.17021179199219,36.187232971191406,35.84680938720703,36.0,532863
2004-10-07,15.500289916992188,35.710636138916016,36.17021179199219,35.676597595214844,36.04255294799805,622398
2004-10-08,15.6000337600708,35.940425872802734,35.96595764160156,35.74468231201172,35.787235260009766,354615
2004-10-11,15.552008628845215,35.82978820800781,36.04255294799805,35.76170349121094,35.940425872802734,285995
2004-10-12,15.696086883544922,36.16170120239258,36.289363861083984,35.82978820800781,35.89787292480469,588910
2004-10-13,15.455968856811523,35.60851287841797,36.38298034667969,35.463829040527344,36.2723388671875,555540
2004-10-14,15.492905616760254,35.69361877441406,35.75319290161133,35.48936080932617,35.74468231201172,431695
2004-10-15,15.563094139099121,35.85531997680664,36.068084716796875,35.71915054321289,35.88936233520508,796885
2004-10-18,15.396859169006348,35.47233963012695,36.068084716796875,35.438297271728516,36.02553176879883,574693
2004-10-19,15.37100887298584,35.41276550292969,35.778724670410156,35.26808547973633,35.6340446472168,458838
2004-10-20,15.426409721374512,35.54042434692383,35.565956115722656,35.319149017333984,35.49787139892578,651655
2004-10-21,15.533538818359375,35.787235260009766,35.914894104003906,35.41276550292969,35.591487884521484,660703
2004-10-22,15.489209175109863,35.68510437011719,35.948936462402344,35.60851287841797,35.931915283203125,467533
2004-10-25,15.548317909240723,35.8212776184082,35.95744705200195,35.61701965332031,35.83829879760742,658940
2004-10-26,15.73670768737793,36.25531768798828,36.25531768798828,35.74468231201172,35.940425872802734,815098
2004-10-27,15.548317909240723,35.8212776184082,36.212764739990234,35.778724670410156,36.212764739990234,742248
2004-10-28,15.537232398986816,35.795745849609375,35.940425872802734,35.49787139892578,35.82978820800781,751648
2004-10-29,15.77734661102295,36.348934173583984,36.97021484375,35.82978820800781,35.88085174560547,725680
2004-11-01,15.91772174835205,36.672340393066406,36.680850982666016,36.3659553527832,36.408512115478516,762810
2004-11-02,15.740411758422852,36.26382827758789,36.73191452026367,36.22978591918945,36.680850982666016,760460
2004-11-03,16.087650299072266,37.0638313293457,37.0638313293457,36.59574508666992,36.59574508666992,830960
2004-11-04,16.3979549407959,37.778724670410156,37.812767028808594,37.14042663574219,37.23404312133789,742835
2004-11-05,16.047019958496094,36.97021484375,37.676597595214844,36.14468002319336,37.10638427734375,1538310
2004-11-08,16.23541259765625,37.40425491333008,37.438297271728516,37.055320739746094,37.165958404541016,469413
2004-11-09,16.08395767211914,37.055320739746094,37.438297271728516,36.817020416259766,37.40425491333008,971608
2004-11-10,16.146757125854492,37.20000076293945,37.38723373413086,36.89361572265625,37.14042663574219,564823
2004-11-11,16.24280548095703,37.4212760925293,37.4212760925293,36.9361686706543,37.23404312133789,753058
2004-11-12,16.519859313964844,38.059574127197266,38.085105895996094,37.27659606933594,37.319149017333984,758815
2004-11-15,16.468143463134766,37.940425872802734,38.085105895996094,37.66808319091797,38.0,581155
2004-11-16,16.383174896240234,37.74468231201172,38.00851058959961,37.70212936401367,37.940425872802734,501373
2004-11-17,16.401641845703125,37.787235260009766,38.29787063598633,37.07233810424805,38.26382827758789,885833
2004-11-18,16.54201889038086,38.11063766479492,38.25531768798828,37.948936462402344,38.16170120239258,492443
2004-11-19,16.390554428100586,37.76170349121094,38.26382827758789,37.463829040527344,38.25531768798828,635558
2004-11-22,16.3979549407959,37.778724670410156,38.00851058959961,37.676597595214844,37.676597595214844,1464285
2004-11-23,16.512466430664062,38.04255294799805,38.04255294799805,37.61701965332031,37.787235260009766,1585780
2004-11-24,16.7082462310791,38.49361801147461,38.71489334106445,38.417022705078125,38.59574508666992,1173943
2004-11-26,16.734111785888672,38.553192138671875,38.6638298034668,38.289363861083984,38.34042739868164,169905
2004-11-29,16.375789642333984,37.7276611328125,38.61276626586914,37.7276611328125,38.561702728271484,682558
2004-11-30,16.20955467224121,37.34468078613281,37.85531997680664,37.319149017333984,37.85531997680664,625218
2004-12-01,15.93250846862793,36.706382751464844,37.599998474121094,36.680850982666016,37.53191375732422,1436085
2004-12-02,15.884477615356445,36.59574508666992,36.842552185058594,36.348934173583984,36.71489334106445,1123653
2004-12-03,16.054405212402344,36.98723220825195,37.07233810424805,36.680850982666016,36.689361572265625,1149503
2004-12-06,16.198474884033203,37.319149017333984,37.39574432373047,36.7574462890625,36.92766189575195,643783
2004-12-07,16.22063636779785,37.37021255493164,37.55744552612305,37.182979583740234,37.53191375732422,1044340
2004-12-08,16.135677337646484,37.174468994140625,37.54042434692383,37.08936309814453,37.53191375732422,675860
2004-12-09,16.120891571044922,37.14042663574219,37.37021255493164,36.953189849853516,37.2425537109375,616875
2004-12-10,16.080263137817383,37.046810150146484,37.70212936401367,36.808509826660156,37.70212936401367,684673
2004-12-13,16.298213958740234,37.54893493652344,37.591487884521484,37.28510665893555,37.319149017333984,845765
2004-12-14,16.24280548095703,37.4212760925293,37.69361877441406,37.27659606933594,37.651065826416016,853990
2004-12-15,16.527240753173828,38.076595306396484,38.085105895996094,37.446807861328125,37.514892578125,1117660
2004-12-16,16.50295066833496,37.582977294921875,37.86383056640625,37.48936080932617,37.84680938720703,1330335
2004-12-17,16.327308654785156,37.182979583740234,37.182979583740234,36.52766036987305,36.59574508666992,2433660
2004-12-20,16.181560516357422,36.8510627746582,37.446807861328125,36.808509826660156,37.446807861328125,759050
2004-12-21,16.256311416625977,37.021278381347656,37.1489372253418,36.73191452026367,37.1489372253418,767040
2004-12-22,16.16287612915039,36.808509826660156,37.21702194213867,36.74042510986328,37.021278381347656,735433
2004-12-23,16.129249572753906,36.73191452026367,37.01276779174805,36.63829803466797,36.9361686706543,609473
2004-12-27,15.916230201721191,36.24680709838867,36.79999923706055,36.22978591918945,36.79999923706055,590673
2004-12-28,15.901280403137207,36.212764739990234,36.28084945678711,35.96595764160156,36.17021179199219,506660
2004-12-29,16.043296813964844,36.536170959472656,36.561702728271484,36.24680709838867,36.35744857788086,535213
2004-12-30,16.114290237426758,36.697872161865234,36.77446746826172,36.434043884277344,36.5787239074707,443210
2004-12-31,16.118038177490234,36.706382751464844,36.9361686706543,36.63829803466797,36.817020416259766,451788
2005-01-03,15.979764938354492,36.39148712158203,36.978721618652344,36.31489562988281,36.87659454345703,932363
2005-01-04,15.976029396057129,36.38298034667969,36.65531921386719,36.35744857788086,36.59574508666992,714870
2005-01-05,15.882599830627441,36.17021179199219,36.553192138671875,36.085105895996094,36.51914978027344,869383
2005-01-06,15.949861526489258,36.323402404785156,36.45957565307617,36.15319061279297,36.212764739990234,687728
2005-01-07,15.961075782775879,36.348934173583984,36.7574462890625,36.15319061279297,36.5787239074707,601248
2005-01-10,16.076927185058594,36.61276626586914,36.697872161865234,36.323402404785156,36.46808624267578,632385
2005-01-11,15.972298622131348,36.37446975708008,36.672340393066406,36.25531768798828,36.672340393066406,557655
2005-01-12,15.94239330291748,36.30638122558594,36.553192138671875,36.10212707519531,36.553192138671875,446148
2005-01-13,16.017135620117188,36.47659683227539,36.72340393066406,36.38298034667969,36.44255447387695,852463
2005-01-14,16.1666202545166,36.817020416259766,36.8510627746582,36.29787063598633,36.51063919067383,826848
2005-01-18,16.3497371673584,37.23404312133789,37.25106430053711,36.76595687866211,36.87659454345703,1019313
2005-01-19,16.289941787719727,37.09787368774414,37.446807861328125,37.0638313293457,37.36170196533203,474818
2005-01-20,16.256311416625977,37.021278381347656,37.1489372253418,36.834041595458984,37.10638427734375,537328
2005-01-21,16.114290237426758,36.697872161865234,37.20851135253906,36.6638298034668,37.182979583740234,404670
2005-01-24,16.069448471069336,36.59574508666992,36.87659454345703,36.47659683227539,36.87659454345703,861275
2005-01-25,15.983503341674805,36.400001525878906,36.90212631225586,36.25531768798828,36.808509826660156,787133
2005-01-26,16.136722564697266,36.74893569946289,36.808509826660156,36.47659683227539,36.59574508666992,668105
2005-01-27,16.215194702148438,36.92766189575195,37.08085250854492,36.76595687866211,36.825531005859375,455430
2005-01-28,16.106822967529297,36.680850982666016,37.021278381347656,36.44255447387695,37.021278381347656,807578
2005-01-31,16.372154235839844,37.28510665893555,37.28510665893555,36.808509826660156,36.89361572265625,604538
2005-02-01,16.424488067626953,37.40425491333008,37.48936080932617,37.25106430053711,37.38723373413086,620870
2005-02-02,16.43194580078125,37.4212760925293,37.62553024291992,37.20851135253906,37.49787139892578,548843
2005-02-03,16.443157196044922,37.446807861328125,37.53191375732422,37.21702194213867,37.4212760925293,381053
2005-02-04,16.674863815307617,37.97446823120117,37.97446823120117,37.429786682128906,37.61701965332031,664228
2005-02-07,16.68233871459961,37.99148941040039,38.03404235839844,37.812767028808594,37.97446823120117,489975
2005-02-08,16.730918884277344,38.10212707519531,38.10212707519531,37.923404693603516,37.99148941040039,404200
2005-02-09,16.712230682373047,38.059574127197266,38.23829650878906,37.96595764160156,38.085105895996094,580215
2005-02-10,16.723440170288086,38.085105895996094,38.25531768798828,37.940425872802734,38.25531768798828,478695
2005-02-11,16.749595642089844,38.14468002319336,38.14468002319336,37.73617172241211,38.085105895996094,666813
2005-02-14,16.708492279052734,38.051063537597656,38.29787063598633,38.02553176879883,38.16170120239258,691370
2005-02-15,16.68233871459961,37.99148941040039,38.195743560791016,37.914894104003906,38.12765884399414,657060
2005-02-16,16.809396743774414,38.28084945678711,38.28084945678711,37.76170349121094,37.95744705200195,404083
2005-02-17,16.708492279052734,38.051063537597656,38.34042739868164,38.00851058959961,38.28084945678711,622163
2005-02-18,16.532852172851562,37.651065826416016,38.10212707519531,37.64255142211914,38.10212707519531,569288
2005-02-22,16.147933959960938,36.77446746826172,37.68510437011719,36.77446746826172,37.68510437011719,962913
2005-02-23,16.215194702148438,36.92766189575195,37.25957489013672,36.86808395385742,36.9361686706543,1032355
2005-02-24,16.2338809967041,36.97021484375,37.021278381347656,36.60425567626953,36.978721618652344,947285
2005-02-25,16.405790328979492,37.36170196533203,37.64255142211914,36.79148864746094,37.00425338745117,1168303
2005-02-28,16.525379180908203,37.6340446472168,37.65957260131836,37.182979583740234,37.514892578125,1192978
2005-03-01,16.798179626464844,38.25531768798828,38.25531768798828,37.66808319091797,37.70212936401367,1258425
2005-03-02,16.872920989990234,38.425533294677734,38.46808624267578,38.212764739990234,38.25531768798828,1152205
2005-03-03,16.92898178100586,38.553192138671875,38.62127685546875,38.348934173583984,38.50212860107422,766453
2005-03-04,17.112102508544922,38.97021484375,39.09787368774414,38.60425567626953,38.680850982666016,676095
2005-03-07,17.32884407043457,39.463829040527344,39.52340316772461,38.98723220825195,39.09787368774414,947285
2005-03-08,17.190574645996094,39.1489372253418,39.327659606933594,39.00425338745117,39.293617248535156,583975
2005-03-09,16.988771438598633,38.689361572265625,39.1489372253418,38.570213317871094,39.1489372253418,765160
2005-03-10,17.302696228027344,39.40425491333008,39.40425491333008,38.76595687866211,38.89361572265625,1055503
2005-03-11,17.149477005004883,39.055320739746094,39.82978820800781,38.91914749145508,39.40425491333008,769273
2005-03-14,17.437223434448242,39.710636138916016,39.787235260009766,39.09787368774414,39.10638427734375,740368
2005-03-15,17.33257484436035,39.47233963012695,39.99148941040039,39.38723373413086,39.88085174560547,745303
2005-03-16,17.276527404785156,39.34468078613281,39.82978820800781,39.11489486694336,39.48085021972656,1233163
2005-03-17,17.25196647644043,38.8510627746582,39.1489372253418,38.58723449707031,39.10638427734375,776205
2005-03-18,17.172605514526367,38.672340393066406,38.89361572265625,38.34042739868164,38.85957336425781,769978
2005-03-21,17.13103675842285,38.5787239074707,38.834041595458984,38.37446975708008,38.7574462890625,473995
2005-03-22,16.779558181762695,37.787235260009766,38.62978744506836,37.70212936401367,38.5787239074707,802760
2005-03-23,16.806028366088867,37.84680938720703,37.9063835144043,36.91063690185547,37.61701965332031,1159138
2005-03-24,16.874038696289062,38.0,38.289363861083984,37.787235260009766,37.804256439208984,567173
2005-03-28,16.938291549682617,38.14468002319336,38.33191680908203,37.99148941040039,38.10212707519531,502078
2005-03-29,16.858930587768555,37.96595764160156,38.28084945678711,37.85531997680664,38.187232971191406,1133170
2005-03-30,17.100801467895508,38.51063919067383,38.51063919067383,37.96595764160156,37.96595764160156,770800
2005-03-31,17.187713623046875,38.706382751464844,38.834041595458984,38.51063919067383,38.51063919067383,765043
2005-04-01,17.18015480041504,38.689361572265625,39.08936309814453,38.45106506347656,38.98723220825195,658118
2005-04-04,17.297313690185547,38.953189849853516,38.961700439453125,38.30638122558594,38.553192138671875,650950
2005-04-05,17.323766708374023,39.01276779174805,39.21702194213867,38.89361572265625,39.021278381347656,661055
2005-04-06,17.361560821533203,39.09787368774414,39.319149017333984,38.98723220825195,39.1489372253418,545788
2005-04-07,17.388017654418945,39.157447814941406,39.327659606933594,38.8510627746582,39.01276779174805,496790
2005-04-08,17.350229263305664,39.07233810424805,39.25957489013672,38.961700439453125,39.10638427734375,598075
2005-04-11,17.403135299682617,39.191490173339844,39.319149017333984,38.99574661254883,39.07233810424805,620048
2005-04-12,17.456045150756836,39.310638427734375,39.438297271728516,38.944679260253906,39.191490173339844,805228
2005-04-13,17.47871971130371,39.36170196533203,39.47233963012695,39.13191604614258,39.310638427734375,888300
2005-04-14,17.278419494628906,38.91063690185547,39.37021255493164,38.842552185058594,39.36170196533203,746125
2005-04-15,16.976078033447266,38.22978591918945,38.961700439453125,38.204254150390625,38.953189849853516,882425
2005-04-18,17.051664352416992,38.400001525878906,38.47659683227539,37.82978820800781,38.204254150390625,952338
2005-04-19,17.093231201171875,38.49361801147461,38.49361801147461,38.0936164855957,38.400001525878906,839420
2005-04-20,16.78334617614746,37.795745849609375,38.408512115478516,37.787235260009766,38.408512115478516,968670
2005-04-21,16.968528747558594,38.212764739990234,38.34042739868164,37.795745849609375,37.97446823120117,834485
2005-04-22,17.13103675842285,38.5787239074707,38.63829803466797,37.95744705200195,38.085105895996094,1308950
2005-04-25,17.28976058959961,38.9361686706543,39.22553253173828,38.64680862426758,38.64680862426758,1055620
2005-04-26,17.13103675842285,38.5787239074707,38.98723220825195,38.570213317871094,38.842552185058594,576808
2005-04-27,17.38423728942871,39.1489372253418,39.40425491333008,38.30638122558594,38.553192138671875,893235
2005-04-28,17.165048599243164,38.65531921386719,39.055320739746094,38.408512115478516,38.808509826660156,920378
2005-04-29,17.365346908569336,39.10638427734375,39.191490173339844,38.5787239074707,38.689361572265625,834133
2005-05-02,17.474933624267578,39.35319137573242,39.48085021972656,39.09787368774414,39.191490173339844,690783
2005-05-03,17.391799926757812,39.165958404541016,39.455318450927734,39.02978515625,39.20851135253906,762458
2005-05-04,17.380456924438477,39.14042663574219,39.319149017333984,38.9361686706543,39.23404312133789,847058
2005-05-05,17.41824722290039,39.22553253173828,39.37021255493164,38.961700439453125,39.10638427734375,695600
2005-05-06,17.48627471923828,39.37872314453125,39.48085021972656,39.09787368774414,39.23404312133789,543790
2005-05-09,17.68279266357422,39.8212776184082,39.8212776184082,39.01276779174805,39.463829040527344,637438
2005-05-10,17.573200225830078,39.574466705322266,39.8212776184082,39.37021255493164,39.8212776184082,588910
2005-05-11,17.535409927368164,39.48936080932617,39.65957260131836,39.2425537109375,39.48936080932617,410545
2005-05-12,17.48627471923828,39.37872314453125,39.64255142211914,39.21702194213867,39.463829040527344,776910
2005-05-13,17.161270141601562,38.64680862426758,39.463829040527344,38.10212707519531,39.4212760925293,988410
2005-05-16,17.497617721557617,39.40425491333008,39.455318450927734,38.425533294677734,38.64680862426758,925430
2005-05-17,17.508953094482422,39.429786682128906,39.54893493652344,39.14042663574219,39.23404312133789,660350
2005-05-18,17.414466857910156,39.21702194213867,39.574466705322266,39.21702194213867,39.574466705322266,832723
2005-05-19,17.459815979003906,39.319149017333984,39.429786682128906,39.157447814941406,39.22553253173828,548843
2005-05-20,17.52783966064453,39.47233963012695,39.47233963012695,39.1489372253418,39.36170196533203,524873
2005-05-23,17.520296096801758,39.455318450927734,39.53191375732422,39.1489372253418,39.514892578125,570815
2005-05-24,17.505163192749023,39.4212760925293,39.49787139892578,39.182979583740234,39.47233963012695,640610
2005-05-25,17.52406120300293,39.463829040527344,39.574466705322266,39.10638427734375,39.27659606933594,637790
2005-05-26,17.637441635131836,39.71915054321289,39.73617172241211,39.429786682128906,39.53191375732422,497378
2005-05-27,17.747034072875977,39.96595764160156,40.0,39.582977294921875,39.65957260131836,340280
2005-05-31,17.966228485107422,40.45957565307617,40.60425567626953,39.77021408081055,39.86383056640625,1068193
2005-06-01,18.064483642578125,40.680850982666016,41.038299560546875,40.38298034667969,40.408512115478516,1013790
2005-06-02,17.883081436157227,40.2723388671875,40.45106506347656,40.085105895996094,40.29787063598633,961503
2005-06-03,17.864194869995117,40.22978591918945,40.3659553527832,39.98297882080078,40.14468002319336,685848
2005-06-06,17.864194869995117,40.22978591918945,40.28084945678711,40.00851058959961,40.10212707519531,484570
2005-06-07,17.875524520874023,40.25531768798828,40.71489334106445,40.22978591918945,40.31489562988281,467415
2005-06-08,17.94733428955078,40.417022705078125,40.60425567626953,40.23829650878906,40.30638122558594,407608
2005-06-09,17.932222366333008,40.38298034667969,40.417022705078125,40.12765884399414,40.35744857788086,628273
2005-06-10,17.954893112182617,40.434043884277344,40.51914978027344,40.26382827758789,40.38298034667969,515825
2005-06-13,18.00779914855957,40.553192138671875,40.74893569946289,40.187232971191406,40.323402404785156,594668
2005-06-14,18.075828552246094,40.706382751464844,40.8510627746582,40.49361801147461,40.49361801147461,555540
2005-06-15,17.966228485107422,40.45957565307617,40.76595687866211,40.34042739868164,40.706382751464844,564823
2005-06-16,17.945222854614258,39.97446823120117,40.059574127197266,39.66808319091797,40.04255294799805,608298
2005-06-17,17.987247467041016,40.068084716796875,40.187232971191406,39.87234115600586,40.0,1011440
2005-06-20,17.96049690246582,40.00851058959961,40.10212707519531,39.8212776184082,40.00851058959961,688433
2005-06-21,17.887916564941406,39.84680938720703,40.068084716796875,39.71915054321289,39.96595764160156,812865
2005-06-22,17.91465187072754,39.9063835144043,40.068084716796875,39.84680938720703,40.03404235839844,699948
2005-06-23,17.918474197387695,39.914894104003906,40.00851058959961,39.76170349121094,39.88085174560547,679973
2005-06-24,17.712162017822266,39.455318450927734,40.11914825439453,39.38723373413086,39.82978820800781,700535
2005-06-27,17.78474998474121,39.61701965332031,39.71915054321289,39.27659606933594,39.37021255493164,468825
2005-06-28,17.887916564941406,39.84680938720703,39.84680938720703,39.52340316772461,39.53191375732422,1049980
2005-06-29,17.884092330932617,39.83829879760742,40.068084716796875,39.591487884521484,39.74468231201172,462128
2005-06-30,17.86880874633789,39.804256439208984,40.195743560791016,39.710636138916016,39.77021408081055,642138
2005-07-01,17.98342514038086,40.059574127197266,40.11063766479492,39.787235260009766,39.88085174560547,508423
2005-07-05,18.128602981567383,40.38298034667969,40.52766036987305,39.931915283203125,40.0,533803
2005-07-06,18.151527404785156,40.434043884277344,40.61276626586914,40.29787063598633,40.38298034667969,1080648
2005-07-07,18.224109649658203,40.59574508666992,40.62978744506836,39.70212936401367,40.01702117919922,579628
2005-07-08,18.380754470825195,40.944679260253906,40.953189849853516,40.425533294677734,40.59574508666992,502900
2005-07-11,18.33108901977539,40.834041595458984,41.038299560546875,40.672340393066406,40.944679260253906,475170
2005-07-12,18.273788452148438,40.706382751464844,40.953189849853516,40.553192138671875,40.842552185058594,466593
2005-07-13,18.266151428222656,40.689361572265625,40.74893569946289,40.536170959472656,40.680850982666016,704178
2005-07-14,18.101863861083984,40.323402404785156,40.97021484375,40.195743560791016,40.89361572265625,739310
2005-07-15,18.21647834777832,40.5787239074707,40.71489334106445,40.33191680908203,40.425533294677734,894175
2005-07-18,18.159175872802734,40.45106506347656,40.72340393066406,40.44255447387695,40.672340393066406,396328
2005-07-19,18.170623779296875,40.47659683227539,40.672340393066406,40.434043884277344,40.544681549072266,417830
2005-07-20,18.205018997192383,40.553192138671875,40.697872161865234,40.31489562988281,40.51063919067383,622515
2005-07-21,18.010169982910156,40.11914825439453,40.60425567626953,39.948936462402344,40.45106506347656,574105
2005-07-22,18.182090759277344,40.50212860107422,40.50212860107422,40.12765884399414,40.187232971191406,469413
2005-07-25,18.140071868896484,40.408512115478516,40.73191452026367,40.323402404785156,40.44255447387695,449908
2005-07-26,18.07511329650879,40.26382827758789,40.51063919067383,40.15319061279297,40.45957565307617,539325
2005-07-27,18.071285247802734,40.25531768798828,40.46808624267578,40.195743560791016,40.29787063598633,514180
2005-07-28,18.243223190307617,40.63829803466797,40.64680862426758,40.12765884399414,40.323402404785156,712638
2005-07-29,17.956682205200195,40.0,40.51063919067383,39.97446823120117,40.425533294677734,1247968
2005-08-01,17.723628997802734,39.48085021972656,40.11063766479492,39.455318450927734,39.97446823120117,834250
2005-08-02,17.78474998474121,39.61701965332031,39.82978820800781,39.514892578125,39.574466705322266,783608
2005-08-03,17.979602813720703,40.051063537597656,40.33191680908203,39.53191375732422,39.61701965332031,1172415
2005-08-04,17.842065811157227,39.74468231201172,40.11063766479492,39.574466705322266,40.059574127197266,566703
2005-08-05,17.5708065032959,39.14042663574219,39.75319290161133,38.953189849853516,39.74468231201172,678093
2005-08-08,17.177289962768555,38.26382827758789,39.26808547973633,38.16170120239258,38.978721618652344,1257250
2005-08-09,17.32628059387207,38.59574508666992,39.07233810424805,38.31489562988281,39.07233810424805,1080530
2005-08-10,17.303359985351562,38.544681549072266,39.13191604614258,38.29787063598633,38.89361572265625,597135
2005-08-11,17.417991638183594,38.79999923706055,38.808509826660156,38.400001525878906,38.60425567626953,716398
2005-08-12,17.391239166259766,38.74042510986328,38.99574661254883,38.49361801147461,38.79148864746094,447793
2005-08-15,17.37595558166504,38.706382751464844,38.9361686706543,38.561702728271484,38.74042510986328,477990
2005-08-16,17.066484451293945,38.01702117919922,38.808509826660156,37.99148941040039,38.79148864746094,531100
2005-08-17,17.047374725341797,37.97446823120117,38.187232971191406,37.54042434692383,37.787235260009766,752705
2005-08-18,17.192564010620117,38.29787063598633,38.39148712158203,37.948936462402344,38.04255294799805,880075
2005-08-19,17.192564010620117,38.29787063598633,38.536170959472656,38.2723388671875,38.3659553527832,449908
2005-08-22,17.364486694335938,38.680850982666016,38.689361572265625,38.23829650878906,38.28084945678711,562943
2005-08-23,17.437082290649414,38.842552185058594,38.92766189575195,38.65531921386719,38.680850982666016,500668
2005-08-24,17.34539222717285,38.63829803466797,39.0638313293457,38.570213317871094,38.808509826660156,546963
2005-08-25,17.414152145385742,38.79148864746094,38.79999923706055,38.553192138671875,38.63829803466797,540853
2005-08-26,17.368309020996094,38.689361572265625,38.90212631225586,38.63829803466797,38.78297805786133,591613
2005-08-29,17.456188201904297,38.88510513305664,38.91914749145508,38.33191680908203,38.47659683227539,485510
2005-08-30,17.364486694335938,38.680850982666016,38.978721618652344,38.33191680908203,38.79999923706055,444855
2005-08-31,17.48674964904785,38.953189849853516,38.961700439453125,38.536170959472656,38.61276626586914,978305
2005-09-01,17.777116775512695,39.599998474121094,39.74468231201172,38.817020416259766,38.85957336425781,1072658
2005-09-02,17.662492752075195,39.34468078613281,39.76170349121094,39.20851135253906,39.599998474121094,466593
2005-09-06,17.864986419677734,39.795745849609375,39.88936233520508,39.40425491333008,39.40425491333008,597840
2005-09-07,17.807682037353516,39.66808319091797,39.86383056640625,39.54893493652344,39.77021408081055,667165
2005-09-08,17.670135498046875,39.36170196533203,39.65957260131836,39.28510665893555,39.65957260131836,684555
2005-09-09,17.842065811157227,39.74468231201172,39.95744705200195,39.3361701965332,39.3361701965332,670690
2005-09-12,17.849699020385742,39.76170349121094,39.914894104003906,39.574466705322266,39.69361877441406,579980
2005-09-13,17.757999420166016,39.55744552612305,39.940425872802734,39.54042434692383,39.82978820800781,766805
2005-09-14,17.738908767700195,39.514892578125,39.7276611328125,39.319149017333984,39.62553024291992,751413
2005-09-15,17.80264663696289,39.21702194213867,39.37872314453125,39.10638427734375,39.191490173339844,692193
2005-09-16,17.868331909179688,39.36170196533203,39.446807861328125,39.10638427734375,39.327659606933594,1480735
2005-09-19,17.694477081298828,38.978721618652344,39.463829040527344,38.87659454345703,39.23404312133789,731320
2005-09-20,17.57857322692871,38.72340393066406,39.21702194213867,38.49361801147461,38.99574661254883,928485
2005-09-21,17.400859832763672,38.33191680908203,38.85957336425781,38.221275329589844,38.63829803466797,898053
2005-09-22,17.377676010131836,38.28084945678711,38.553192138671875,37.98297882080078,38.29787063598633,916030
2005-09-23,17.447214126586914,38.434043884277344,38.45957565307617,38.12765884399414,38.29787063598633,917910
2005-09-26,17.454940795898438,38.45106506347656,38.689361572265625,38.400001525878906,38.570213317871094,830490
2005-09-27,17.559253692626953,38.680850982666016,38.88510513305664,38.425533294677734,38.544681549072266,1044458
2005-09-28,17.605619430541992,38.78297805786133,38.98723220825195,38.44255447387695,38.72340393066406,992758
2005-09-29,17.740840911865234,39.08085250854492,39.23404312133789,38.553192138671875,38.73191452026367,1114958
2005-09-30,17.71765899658203,39.02978515625,39.327659606933594,38.79999923706055,39.174468994140625,1061495
2005-10-03,17.96105194091797,39.565956115722656,39.70212936401367,39.046810150146484,39.055320739746094,866915
2005-10-04,17.744699478149414,39.08936309814453,39.68510437011719,39.07233810424805,39.565956115722656,662935
2005-10-05,17.327455520629883,38.17021179199219,39.310638427734375,38.16170120239258,39.0638313293457,1036350
2005-10-06,17.161319732666016,37.804256439208984,38.408512115478516,37.26808547973633,38.17021179199219,961150
2005-10-07,17.2231388092041,37.940425872802734,38.28084945678711,37.73617172241211,37.88085174560547,608180
2005-10-10,16.956558227539062,37.35319137573242,37.88936233520508,37.2425537109375,37.88085174560547,509128
2005-10-11,16.79815673828125,37.00425338745117,37.60851287841797,36.99574661254883,37.40425491333008,570463
2005-10-12,16.635902404785156,36.64680862426758,37.34468078613281,36.434043884277344,37.00425338745117,611235
2005-10-13,16.438861846923828,36.212764739990234,36.59574508666992,35.931915283203125,36.425533294677734,907570
2005-10-14,16.535446166992188,36.425533294677734,36.58723449707031,35.914894104003906,36.46808624267578,799940
2005-10-17,16.566356658935547,36.49361801147461,37.00425338745117,36.3659553527832,36.45957565307617,989233
2005-10-18,16.38863754272461,36.10212707519531,36.49361801147461,35.940425872802734,36.49361801147461,1054445
2005-10-19,16.415685653686523,36.16170120239258,36.16170120239258,35.22553253173828,36.059574127197266,1450420
2005-10-20,16.168424606323242,35.61701965332031,36.15319061279297,35.429786682128906,36.059574127197266,995108
2005-10-21,16.152973175048828,35.582977294921875,35.88085174560547,35.455318450927734,35.61701965332031,1010853
2005-10-24,16.415685653686523,36.16170120239258,36.24680709838867,35.574466705322266,35.591487884521484,722038
2005-10-25,16.527719497680664,36.408512115478516,36.51063919067383,35.948936462402344,36.059574127197266,669515
2005-10-26,16.365455627441406,36.051063537597656,36.544681549072266,35.89787292480469,36.24680709838867,751295
2005-10-27,16.214784622192383,35.71915054321289,36.30638122558594,35.66808319091797,36.15319061279297,607005
2005-10-28,16.512271881103516,36.37446975708008,36.38298034667969,35.6340446472168,35.76170349121094,525460
2005-10-31,16.689985275268555,36.76595687866211,36.953189849853516,36.45957565307617,36.544681549072266,865505
2005-11-01,16.51999855041504,36.39148712158203,36.808509826660156,36.323402404785156,36.72340393066406,959975
2005-11-02,16.670669555664062,36.72340393066406,36.72340393066406,36.14468002319336,36.49361801147461,873025
2005-11-03,16.53158950805664,36.417022705078125,37.01276779174805,36.212764739990234,36.817020416259766,1157258
2005-11-04,16.504541397094727,36.35744857788086,36.99574661254883,36.1787223815918,36.817020416259766,859278
2005-11-07,16.404090881347656,36.13616943359375,36.46808624267578,35.914894104003906,36.37446975708008,897113
2005-11-08,16.496816635131836,36.34042739868164,36.47659683227539,35.83829879760742,36.04255294799805,739898
2005-11-09,16.79815673828125,37.00425338745117,37.22553253173828,36.13616943359375,36.30638122558594,1094395
2005-11-10,16.829071044921875,37.07233810424805,37.10638427734375,36.323402404785156,36.97021484375,825085
2005-11-11,16.767253875732422,36.9361686706543,37.07233810424805,36.63829803466797,37.07233810424805,790070
2005-11-14,16.574085235595703,36.51063919067383,36.953189849853516,36.425533294677734,36.77446746826172,599250
2005-11-15,16.620441436767578,36.61276626586914,36.73191452026367,36.34042739868164,36.45957565307617,577043
2005-11-16,16.67840003967285,36.74042510986328,36.953189849853516,36.59574508666992,36.61276626586914,702063
2005-11-17,16.7827091217041,36.97021484375,37.08936309814453,36.72340393066406,36.74042510986328,931070
2005-11-18,16.82134246826172,37.055320739746094,37.28510665893555,36.59574508666992,37.27659606933594,1065020
2005-11-21,16.883155822753906,37.191490173339844,37.25957489013672,36.97021484375,36.97021484375,332290
2005-11-22,16.9256591796875,37.28510665893555,37.327659606933594,36.842552185058594,37.021278381347656,504663
2005-11-23,17.068603515625,37.599998474121094,37.76170349121094,37.174468994140625,37.23404312133789,517940
2005-11-25,17.126554489135742,37.7276611328125,37.8212776184082,37.50638198852539,37.53191375732422,131483
2005-11-28,17.049283981323242,37.55744552612305,37.795745849609375,37.446807861328125,37.7276611328125,374003
2005-11-29,17.045421600341797,37.54893493652344,37.99148941040039,37.47233963012695,37.70212936401367,834368
2005-11-30,16.859983444213867,37.14042663574219,37.61701965332031,37.10638427734375,37.463829040527344,761165
2005-12-01,17.002918243408203,37.455318450927734,37.74468231201172,37.21702194213867,37.22553253173828,888300
2005-12-02,16.894746780395508,37.21702194213867,37.327659606933594,37.09787368774414,37.319149017333984,528868
2005-12-05,16.894746780395508,37.21702194213867,37.34468078613281,36.8510627746582,37.21702194213867,669045
2005-12-06,16.763391494750977,36.92766189575195,37.39574432373047,36.88510513305664,37.319149017333984,748240
2005-12-07,16.693857192993164,36.77446746826172,37.13191604614258,36.64680862426758,36.92766189575195,622868
2005-12-08,16.77498435974121,36.953189849853516,37.165958404541016,36.64680862426758,36.77446746826172,626275
2005-12-09,16.921796798706055,37.27659606933594,37.36170196533203,36.89361572265625,36.89361572265625,484805
2005-12-12,16.786571502685547,36.978721618652344,37.40425491333008,36.817020416259766,37.310638427734375,466240
2005-12-13,16.887022018432617,37.20000076293945,37.28510665893555,36.91063690185547,36.91063690185547,798295
2005-12-14,17.11495590209961,37.70212936401367,37.710636138916016,37.2425537109375,37.26808547973633,816860
2005-12-15,17.21855926513672,37.48936080932617,37.66808319091797,37.0638313293457,37.25957489013672,818153
2005-12-16,17.277175903320312,37.61701965332031,37.787235260009766,37.53191375732422,37.676597595214844,1114723
2005-12-19,17.070016860961914,37.165958404541016,37.599998474121094,37.12340545654297,37.54893493652344,568348
2005-12-20,17.128652572631836,37.293617248535156,37.36170196533203,37.165958404541016,37.23404312133789,509950
2005-12-21,17.00356674194336,37.021278381347656,37.53191375732422,36.944679260253906,37.40425491333008,458250
2005-12-22,17.06220054626465,37.1489372253418,37.36170196533203,36.961700439453125,37.174468994140625,406668
2005-12-23,17.050464630126953,37.12340545654297,37.37872314453125,37.08085250854492,37.08085250854492,296453
2005-12-27,17.066110610961914,37.157447814941406,37.37021255493164,37.038299560546875,37.11489486694336,401145
2005-12-28,16.99965476989746,37.01276779174805,37.34468078613281,36.808509826660156,37.23404312133789,431460
2005-12-29,16.952743530273438,36.91063690185547,37.2425537109375,36.85957336425781,37.01276779174805,539208
2005-12-30,16.882381439208984,36.7574462890625,36.834041595458984,36.570213317871094,36.697872161865234,610413
2006-01-03,17.089557647705078,37.20851135253906,37.23404312133789,36.45106506347656,36.78297805786133,730145
2006-01-04,17.046560287475586,37.11489486694336,37.20000076293945,36.47659683227539,37.1489372253418,937768
2006-01-05,16.901931762695312,36.79999923706055,37.191490173339844,36.73191452026367,36.953189849853516,450613
2006-01-06,17.08173370361328,37.191490173339844,37.20000076293945,36.817020416259766,37.01276779174805,478578
2006-01-09,17.066110610961914,37.157447814941406,37.191490173339844,36.78297805786133,37.12340545654297,644135
2006-01-10,17.030925750732422,37.08085250854492,37.08936309814453,36.78297805786133,36.9361686706543,528045
2006-01-11,17.034832000732422,37.08936309814453,37.165958404541016,36.825531005859375,37.10638427734375,690430
2006-01-12,17.058290481567383,37.14042663574219,37.446807861328125,36.86808395385742,36.978721618652344,1221530
2006-01-13,17.144277572631836,37.327659606933594,37.36170196533203,37.021278381347656,37.14042663574219,637673
2006-01-17,17.23027229309082,37.514892578125,37.64255142211914,37.20000076293945,37.26808547973633,929308
2006-01-18,17.191179275512695,37.429786682128906,37.591487884521484,37.23404312133789,37.446807861328125,883835
2006-01-19,17.144277572631836,37.327659606933594,37.53191375732422,37.20851135253906,37.438297271728516,639435
2006-01-20,16.952743530273438,36.91063690185547,37.38723373413086,36.808509826660156,37.20851135253906,672923
2006-01-23,16.905839920043945,36.808509826660156,37.07233810424805,36.63829803466797,36.808509826660156,465535
2006-01-24,17.17946434020996,37.40425491333008,37.446807861328125,36.76595687866211,36.808509826660156,1185693
2006-01-25,16.714305877685547,36.39148712158203,37.48936080932617,36.11914825439453,37.40425491333008,1447483
2006-01-26,16.640029907226562,36.22978591918945,36.680850982666016,36.085105895996094,36.51063919067383,806873
2006-01-27,16.604860305786133,36.15319061279297,36.680850982666016,36.12765884399414,36.23829650878906,673510
2006-01-30,16.518856048583984,35.96595764160156,36.16170120239258,35.923404693603516,36.085105895996094,622280
2006-01-31,16.495405197143555,35.914894104003906,36.11914825439453,35.812767028808594,35.88936233520508,663523
2006-02-01,16.54623031616211,36.02553176879883,36.1787223815918,35.9063835144043,35.914894104003906,909920
2006-02-02,16.315603256225586,35.52340316772461,35.99148941040039,35.34468078613281,35.914894104003906,973723
2006-02-03,16.092798233032227,35.038299560546875,35.48936080932617,35.038299560546875,35.319149017333984,790658
2006-02-06,16.428956985473633,35.77021408081055,35.778724670410156,34.944679260253906,34.978721618652344,1174295
2006-02-07,16.456315994262695,35.82978820800781,35.88085174560547,35.60851287841797,35.70212936401367,876903
2006-02-08,16.432865142822266,35.778724670410156,35.87234115600586,35.574466705322266,35.8212776184082,1341380
2006-02-09,16.413320541381836,35.73617172241211,36.04255294799805,35.70212936401367,35.76170349121094,813570
2006-02-10,16.436777114868164,35.787235260009766,35.931915283203125,35.70212936401367,35.7276611328125,1078415
2006-02-13,16.50713539123535,35.940425872802734,35.97446823120117,35.66808319091797,35.74468231201172,529573
2006-02-14,16.491493225097656,35.9063835144043,35.96595764160156,35.574466705322266,35.940425872802734,774443
2006-02-15,16.409414291381836,35.7276611328125,36.03404235839844,35.61701965332031,35.87234115600586,901460
2006-02-16,16.671300888061523,36.29787063598633,36.31489562988281,35.70212936401367,35.74468231201172,625805
2006-02-17,16.757301330566406,36.485107421875,36.61276626586914,36.15319061279297,36.29787063598633,1148093
2006-02-21,16.74948501586914,36.46808624267578,36.89361572265625,36.38298034667969,36.5787239074707,990525
2006-02-22,16.898021697998047,36.79148864746094,36.825531005859375,36.51914978027344,36.553192138671875,724975
2006-02-23,16.9605712890625,36.92766189575195,36.978721618652344,36.52766036987305,36.706382751464844,906278
2006-02-24,16.976198196411133,36.961700439453125,36.97021484375,36.76595687866211,36.8510627746582,788425
2006-02-27,17.113006591796875,37.25957489013672,37.27659606933594,36.85957336425781,37.0638313293457,896173
2006-02-28,16.925384521484375,36.8510627746582,37.25106430053711,36.65531921386719,37.191490173339844,1044105
2006-03-01,16.839391708374023,36.6638298034668,36.89361572265625,36.47659683227539,36.808509826660156,644253
2006-03-02,16.819835662841797,36.62127685546875,36.64680862426758,36.15319061279297,36.29787063598633,798883
2006-03-03,16.8002986907959,36.5787239074707,36.63829803466797,36.23829650878906,36.46808624267578,789483
2006-03-06,16.61658477783203,36.1787223815918,36.5787239074707,35.940425872802734,36.5787239074707,2150015
2006-03-07,16.550121307373047,36.03404235839844,36.71489334106445,35.85531997680664,36.1787223815918,616523
2006-03-08,16.514955520629883,35.95744705200195,36.30638122558594,35.61701965332031,35.940425872802734,807225
2006-03-09,16.432865142822266,35.778724670410156,36.059574127197266,35.71915054321289,35.914894104003906,1265593
2006-03-10,16.50322151184082,35.931915283203125,36.11063766479492,35.77021408081055,36.0,990408
2006-03-13,16.640029907226562,36.22978591918945,36.33191680908203,35.8212776184082,35.923404693603516,782433
2006-03-14,16.718217849731445,36.400001525878906,36.417022705078125,36.04255294799805,36.187232971191406,720863
2006-03-15,16.882381439208984,36.7574462890625,36.79148864746094,36.31489562988281,36.34042739868164,858573
2006-03-16,16.900190353393555,36.35744857788086,36.61276626586914,36.221275329589844,36.35744857788086,1189218
2006-03-17,16.967439651489258,36.50212860107422,36.536170959472656,36.30638122558594,36.51063919067383,909920
2006-03-20,16.714248657226562,35.95744705200195,36.50212860107422,35.8212776184082,36.49361801147461,682675
2006-03-21,16.599529266357422,35.710636138916016,35.98297882080078,35.651065826416016,35.98297882080078,612293
2006-03-22,16.643047332763672,35.804256439208984,35.87234115600586,35.574466705322266,35.7276611328125,533920
2006-03-23,16.57579231262207,35.65957260131836,35.812767028808594,35.53191375732422,35.70212936401367,685730
2006-03-24,16.37008285522461,35.21702194213867,35.61701965332031,35.165958404541016,35.574466705322266,1277460
2006-03-27,16.219751358032227,34.89361572265625,35.23404312133789,34.85957336425781,35.1489372253418,880545
2006-03-28,16.156452178955078,34.7574462890625,34.99574661254883,34.570213317871094,34.88510513305664,1066078
2006-03-29,16.26327133178711,34.98723220825195,35.055320739746094,34.63829803466797,34.87659454345703,1001923
2006-03-30,16.105030059814453,34.64680862426758,35.02978515625,34.37446975708008,34.91063690185547,840478
2006-03-31,15.859746932983398,34.11914825439453,34.817020416259766,34.04255294799805,34.64680862426758,1291678
2006-04-03,16.14854621887207,34.74042510986328,35.01276779174805,34.35744857788086,34.46808624267578,1271233
2006-04-04,16.283044815063477,35.02978515625,35.08936309814453,34.39148712158203,34.808509826660156,874553
2006-04-05,16.457107543945312,35.40425491333008,35.4212760925293,34.825531005859375,34.953189849853516,904280
2006-04-06,16.3542537689209,35.182979583740234,35.36170196533203,34.842552185058594,35.36170196533203,1013555
2006-04-07,16.02590560913086,34.47659683227539,35.182979583740234,34.2723388671875,35.182979583740234,1084643
2006-04-10,15.843927383422852,34.085105895996094,34.64680862426758,34.04255294799805,34.64680862426758,806403
2006-04-11,15.669854164123535,33.710636138916016,34.29787063598633,33.53191375732422,34.212764739990234,1155965
2006-04-12,15.792495727539062,33.97446823120117,33.99148941040039,33.54893493652344,33.795745849609375,981360
2006-04-13,15.693601608276367,33.76170349121094,34.01702117919922,33.62553024291992,33.97446823120117,602893
2006-04-17,15.717339515686035,33.812767028808594,33.99148941040039,33.68510437011719,33.82978820800781,1042108
2006-04-18,15.780633926391602,33.948936462402344,34.0,33.327659606933594,33.804256439208984,1832413
2006-04-19,15.71337890625,33.804256439208984,34.11063766479492,33.4212760925293,33.948936462402344,1263478
2006-04-20,15.9072265625,34.221275329589844,34.221275329589844,33.676597595214844,33.795745849609375,1213658
2006-04-21,16.029863357543945,34.485107421875,34.62978744506836,34.2723388671875,34.408512115478516,1144920
2006-04-24,16.199966430664062,34.8510627746582,34.91063690185547,34.34042739868164,34.51063919067383,951045
2006-04-25,15.934913635253906,34.28084945678711,34.79999923706055,34.11914825439453,34.76595687866211,975368
2006-04-26,15.887439727783203,34.1787223815918,34.536170959472656,33.914894104003906,34.28084945678711,808165
2006-04-27,16.23558235168457,34.92766189575195,35.0638313293457,33.82978820800781,34.1787223815918,1294028
2006-04-28,16.132720947265625,34.706382751464844,34.89361572265625,34.536170959472656,34.89361572265625,738958
2006-05-01,15.879525184631348,34.16170120239258,34.88510513305664,34.076595306396484,34.79999923706055,1057618
2006-05-02,16.03382110595703,34.49361801147461,34.51914978027344,34.28084945678711,34.37446975708008,629448
2006-05-03,15.96656608581543,34.348934173583984,34.5787239074707,34.14468002319336,34.49361801147461,583035
2006-05-04,16.045692443847656,34.51914978027344,34.61276626586914,34.323402404785156,34.34042739868164,445443
2006-05-05,16.168323516845703,34.78297805786133,34.91063690185547,34.348934173583984,34.72340393066406,701828
2006-05-08,16.22370719909668,34.90212631225586,34.98723220825195,34.706382751464844,34.78297805786133,650363
2006-05-09,15.990300178527832,34.400001525878906,34.98723220825195,34.348934173583984,34.98723220825195,1001335
2006-05-10,16.065471649169922,34.561702728271484,34.7574462890625,34.425533294677734,34.46808624267578,817800
2006-05-11,15.962613105773926,34.34042739868164,34.59574508666992,34.03404235839844,34.52766036987305,827788
2006-05-12,15.705464363098145,33.787235260009766,34.425533294677734,33.778724670410156,34.34042739868164,644253
2006-05-15,15.816234588623047,34.02553176879883,34.29787063598633,33.76170349121094,33.82978820800781,863038
2006-05-16,15.657989501953125,33.68510437011719,34.17021179199219,33.6340446472168,34.068084716796875,515708
2006-05-17,15.428543090820312,33.191490173339844,33.8212776184082,32.99574661254883,33.53191375732422,877843
2006-05-18,15.48788070678711,33.319149017333984,33.6340446472168,33.09787368774414,33.191490173339844,742013
2006-05-19,15.657989501953125,33.68510437011719,33.8212776184082,33.09787368774414,33.48936080932617,1189100
2006-05-22,15.895354270935059,34.195743560791016,34.33191680908203,33.54893493652344,33.68510437011719,1321758
2006-05-23,15.598649978637695,33.55744552612305,34.33191680908203,33.514892578125,34.195743560791016,826143
2006-05-24,15.72128963470459,33.8212776184082,33.88936233520508,33.191490173339844,33.55744552612305,962090
2006-05-25,15.919088363647461,34.24680709838867,34.25531768798828,33.804256439208984,34.068084716796875,741073
2006-05-26,15.986346244812012,34.39148712158203,34.400001525878906,34.15319061279297,34.38298034667969,629213
2006-05-30,15.764802932739258,33.914894104003906,34.31489562988281,33.88085174560547,34.212764739990234,866210
2006-05-31,15.990300178527832,34.400001525878906,34.65531921386719,33.948936462402344,33.948936462402344,902400
2006-06-01,16.097110748291016,34.62978744506836,34.63829803466797,34.25531768798828,34.37446975708008,856340
2006-06-02,16.211837768554688,34.87659454345703,34.97021484375,34.51063919067383,34.72340393066406,754703
2006-06-05,16.081287384033203,34.59574508666992,34.944679260253906,34.553192138671875,34.87659454345703,648013
2006-06-06,15.958653450012207,34.33191680908203,34.72340393066406,33.98297882080078,34.72340393066406,836600
2006-06-07,16.10107421875,34.63829803466797,34.953189849853516,34.3659553527832,34.417022705078125,927310
2006-06-08,16.279085159301758,35.021278381347656,35.182979583740234,34.59574508666992,34.74042510986328,1049158
2006-06-09,16.377988815307617,35.23404312133789,35.302127838134766,34.89361572265625,34.9361686706543,1166305
2006-06-12,16.492717742919922,35.48085021972656,35.66808319091797,35.174468994140625,35.319149017333984,843885
2006-06-13,16.3542537689209,35.182979583740234,35.599998474121094,35.1489372253418,35.53191375732422,1161488
2006-06-14,16.279085159301758,35.021278381347656,35.25106430053711,34.842552185058594,35.182979583740234,1033295
2006-06-15,16.297121047973633,34.62127685546875,34.85957336425781,34.34042739868164,34.5787239074707,1117190
2006-06-16,16.32516098022461,34.680850982666016,34.91063690185547,34.51063919067383,34.553192138671875,716045
2006-06-19,16.116840362548828,34.23829650878906,34.7574462890625,34.085105895996094,34.74893569946289,863390
2006-06-20,16.104820251464844,34.212764739990234,34.30638122558594,34.0,34.25531768798828,988528
2006-06-21,15.996652603149414,33.98297882080078,34.31489562988281,33.931915283203125,34.085105895996094,1098625
2006-06-22,15.93255615234375,33.84680938720703,33.948936462402344,33.69361877441406,33.948936462402344,1177585
2006-06-23,15.892501831054688,33.76170349121094,33.98297882080078,33.61701965332031,33.84680938720703,954218
2006-06-26,15.952588081359863,33.88936233520508,34.0,33.71915054321289,33.76170349121094,726503
2006-06-27,15.928555488586426,33.83829879760742,34.051063537597656,33.7276611328125,33.931915283203125,682675
2006-06-28,16.00066375732422,33.99148941040039,34.03404235839844,33.74468231201172,33.940425872802734,629565
2006-06-29,16.265073776245117,34.553192138671875,34.63829803466797,34.04255294799805,34.204254150390625,977013
2006-06-30,16.321155548095703,34.672340393066406,34.697872161865234,34.34042739868164,34.5787239074707,1061495
2006-07-03,16.409286499023438,34.85957336425781,34.87659454345703,34.544681549072266,34.672340393066406,377293
2006-07-05,16.333171844482422,34.697872161865234,34.842552185058594,34.58723449707031,34.62127685546875,650010
2006-07-06,16.34918975830078,34.73191452026367,34.78297805786133,34.544681549072266,34.76595687866211,424645
2006-07-07,16.497426986694336,35.046810150146484,35.23404312133789,34.59574508666992,34.73191452026367,764808
2006-07-10,16.617610931396484,35.302127838134766,35.37872314453125,34.978721618652344,35.21702194213867,546728
2006-07-11,16.69373321533203,35.463829040527344,35.50638198852539,35.23404312133789,35.327659606933594,447205
2006-07-12,16.585561752319336,35.23404312133789,35.53191375732422,35.11489486694336,35.53191375732422,755173
2006-07-13,16.67770767211914,35.429786682128906,35.61701965332031,35.23404312133789,35.2425537109375,1164660
2006-07-14,16.557527542114258,35.174468994140625,35.52340316772461,35.0638313293457,35.36170196533203,546140
2006-07-17,16.62562370300293,35.319149017333984,35.62553024291992,35.174468994140625,35.20851135253906,702650
2006-07-18,16.62161636352539,35.310638427734375,35.48936080932617,35.11489486694336,35.48936080932617,867738
2006-07-19,16.733787536621094,35.54893493652344,35.8212776184082,35.35319137573242,35.48085021972656,947403
2006-07-20,16.869997024536133,35.83829879760742,35.98297882080078,35.463829040527344,35.48936080932617,740955
2006-07-21,17.08232307434082,36.289363861083984,36.37446975708008,35.804256439208984,36.04255294799805,885950
2006-07-24,17.086336135864258,36.29787063598633,36.553192138671875,36.26382827758789,36.28084945678711,980773
2006-07-25,17.234560012817383,36.61276626586914,36.672340393066406,36.221275329589844,36.33191680908203,755055
2006-07-26,17.31067657470703,36.77446746826172,36.79148864746094,36.44255447387695,36.59574508666992,1052213
2006-07-27,17.066307067871094,36.25531768798828,37.13191604614258,36.204254150390625,36.92766189575195,1410353
2006-07-28,16.886024475097656,35.87234115600586,36.25531768798828,35.599998474121094,35.74468231201172,2148723
2006-07-31,16.95412826538086,36.01702117919922,36.28084945678711,35.87234115600586,35.914894104003906,1570035
2006-08-01,17.01823616027832,36.15319061279297,36.16170120239258,35.75319290161133,36.02553176879883,1398015
2006-08-02,16.950130462646484,36.00851058959961,36.38298034667969,35.88936233520508,36.15319061279297,1045045
2006-08-03,16.717763900756836,35.514892578125,36.13616943359375,35.463829040527344,36.00851058959961,616405
2006-08-04,16.861989974975586,35.8212776184082,35.931915283203125,35.455318450927734,35.77021408081055,789130
2006-08-07,16.529478073120117,35.11489486694336,35.84680938720703,35.02978515625,35.710636138916016,536505
2006-08-08,16.645654678344727,35.36170196533203,35.54893493652344,35.1489372253418,35.174468994140625,763515
2006-08-09,16.65366554260254,35.37872314453125,35.66808319091797,35.35319137573242,35.55744552612305,652595
2006-08-10,16.645654678344727,35.36170196533203,35.463829040527344,35.09787368774414,35.41276550292969,624983
2006-08-11,16.533479690551758,35.12340545654297,35.27659606933594,35.10638427734375,35.25957489013672,311023
2006-08-14,16.521467208862305,35.09787368774414,35.40425491333008,35.038299560546875,35.40425491333008,939295
2006-08-15,16.493431091308594,35.038299560546875,35.23404312133789,34.89361572265625,35.23404312133789,1013085
2006-08-16,16.369226455688477,34.77446746826172,35.21702194213867,34.71489334106445,35.21702194213867,710758
2006-08-17,16.31314468383789,34.65531921386719,34.808509826660156,34.417022705078125,34.73191452026367,622163
2006-08-18,16.44534683227539,34.9361686706543,35.08085250854492,34.72340393066406,34.85957336425781,514415
2006-08-21,16.441349029541016,34.92766189575195,35.174468994140625,34.89361572265625,34.961700439453125,439685
2006-08-22,16.44534683227539,34.9361686706543,35.02978515625,34.8510627746582,34.953189849853516,471645
2006-08-23,16.245037078857422,34.51063919067383,35.038299560546875,34.47659683227539,34.978721618652344,364250
2006-08-24,16.393264770507812,34.825531005859375,34.842552185058594,34.485107421875,34.62127685546875,448263
2006-08-25,16.36121368408203,34.7574462890625,34.87659454345703,34.63829803466797,34.842552185058594,379760
2006-08-28,16.633638381958008,35.3361701965332,35.37021255493164,34.73191452026367,34.825531005859375,668340
2006-08-29,16.74580955505371,35.574466705322266,35.6340446472168,35.174468994140625,35.35319137573242,1029535
2006-08-30,16.569538116455078,35.20000076293945,35.65957260131836,35.191490173339844,35.65957260131836,1247968
2006-08-31,16.72178077697754,35.52340316772461,35.574466705322266,35.21702194213867,35.23404312133789,736608
2006-09-01,16.585561752319336,35.23404312133789,35.70212936401367,35.20851135253906,35.61701965332031,821795
2006-09-05,16.433326721191406,34.91063690185547,35.23404312133789,34.73191452026367,35.20851135253906,742130
2006-09-06,16.32516098022461,34.680850982666016,34.91063690185547,34.553192138671875,34.91063690185547,709348
2006-09-07,16.5174617767334,35.08936309814453,35.08936309814453,34.58723449707031,34.76595687866211,1983870
2006-09-08,16.493431091308594,35.038299560546875,35.22553253173828,35.01276779174805,35.08085250854492,1386030
2006-09-11,16.42531967163086,34.89361572265625,35.191490173339844,34.87659454345703,35.0638313293457,795710
2006-09-12,16.493431091308594,35.038299560546875,35.1489372253418,34.87659454345703,35.1489372253418,1553350
2006-09-13,16.689720153808594,35.455318450927734,35.53191375732422,34.89361572265625,35.0638313293457,1968595
2006-09-14,16.59845542907715,34.825531005859375,35.319149017333984,34.76595687866211,35.09787368774414,1114253
2006-09-15,16.691753387451172,35.021278381347656,35.1489372253418,34.91063690185547,35.021278381347656,951985
2006-09-18,16.44837760925293,34.51063919067383,35.021278381347656,34.44255447387695,34.978721618652344,1040580
2006-09-19,16.424036026000977,34.45957565307617,34.689361572265625,34.45106506347656,34.45106506347656,821678
2006-09-20,16.484878540039062,34.58723449707031,34.74042510986328,34.408512115478516,34.46808624267578,713695
2006-09-21,16.44432258605957,34.50212860107422,34.64680862426758,34.30638122558594,34.50212860107422,879605
2006-09-22,16.371299743652344,34.348934173583984,34.45106506347656,34.26382827758789,34.34042739868164,640023
2006-09-25,16.586288452148438,34.79999923706055,34.99574661254883,34.33191680908203,34.553192138671875,873025
2006-09-26,16.57817268371582,34.78297805786133,35.00425338745117,34.561702728271484,35.00425338745117,359080
2006-09-27,16.878347396850586,35.41276550292969,35.446807861328125,34.60425567626953,34.79999923706055,1027655
2006-09-28,16.92701530456543,35.514892578125,35.53191375732422,35.12340545654297,35.48936080932617,922845
2006-09-29,16.8377742767334,35.327659606933594,35.599998474121094,35.26808547973633,35.48936080932617,1053388
2006-10-02,16.99597930908203,35.65957260131836,35.795745849609375,35.20851135253906,35.327659606933594,1174530
2006-10-03,16.98381233215332,35.6340446472168,35.8212776184082,35.3361701965332,35.599998474121094,1056325
2006-10-04,17.186620712280273,36.059574127197266,36.068084716796875,35.438297271728516,35.50638198852539,1521625
2006-10-05,17.14200210571289,35.96595764160156,36.14468002319336,35.795745849609375,35.97446823120117,747888
2006-10-06,17.00408172607422,35.676597595214844,36.00851058959961,35.574466705322266,35.95744705200195,637438
2006-10-09,17.024368286132812,35.71915054321289,35.76170349121094,35.463829040527344,35.65957260131836,343335
2006-10-10,17.04465103149414,35.76170349121094,35.8212776184082,35.591487884521484,35.76170349121094,423705
2006-10-11,17.373210906982422,36.45106506347656,36.544681549072266,35.778724670410156,35.778724670410156,1362178
2006-10-12,17.527355194091797,36.77446746826172,36.817020416259766,36.289363861083984,36.553192138671875,1457588
2006-10-13,17.519237518310547,36.7574462890625,36.91063690185547,36.49361801147461,36.91063690185547,971960
2006-10-16,17.5963077545166,36.91914749145508,37.01276779174805,36.74042510986328,36.944679260253906,851758
2006-10-17,17.92081642150879,37.599998474121094,37.60851287841797,36.944679260253906,36.99574661254883,2260700
2006-10-18,18.3386173248291,38.47659683227539,38.544681549072266,37.591487884521484,37.599998474121094,1984458
2006-10-19,18.354843139648438,38.51063919067383,38.553192138671875,38.25531768798828,38.47659683227539,1412350
2006-10-20,18.367013931274414,38.536170959472656,38.680850982666016,38.33191680908203,38.51063919067383,1896685
2006-10-23,18.375133514404297,38.553192138671875,38.672340393066406,38.14468002319336,38.536170959472656,1185928
2006-10-24,18.45219612121582,38.71489334106445,38.72340393066406,38.29787063598633,38.553192138671875,1229755
2006-10-25,18.569822311401367,38.961700439453125,39.12340545654297,38.6638298034668,38.706382751464844,937885
2006-10-26,18.350788116455078,38.50212860107422,38.834041595458984,38.417022705078125,38.72340393066406,1048923
2006-10-27,18.322391510009766,38.44255447387695,38.561702728271484,38.408512115478516,38.46808624267578,656003
2006-10-30,18.354843139648438,38.51063919067383,38.63829803466797,38.38298034667969,38.553192138671875,524050
2006-10-31,18.427854537963867,38.6638298034668,38.680850982666016,38.34042739868164,38.553192138671875,939060
2006-11-01,18.642841339111328,39.11489486694336,39.293617248535156,38.76595687866211,38.92766189575195,1129410
2006-11-02,18.650955200195312,39.13191604614258,39.27659606933594,38.842552185058594,39.165958404541016,1649818
2006-11-03,18.541433334350586,38.90212631225586,39.174468994140625,38.8510627746582,39.13191604614258,955158
2006-11-06,18.675289154052734,39.182979583740234,39.25106430053711,38.88510513305664,39.021278381347656,703943
2006-11-07,18.646896362304688,39.12340545654297,39.37872314453125,38.825531005859375,39.182979583740234,1598470
2006-11-08,18.691511154174805,39.21702194213867,39.34468078613281,38.978721618652344,39.13191604614258,1186045
2006-11-09,18.54954719543457,38.91914749145508,39.21702194213867,38.87659454345703,39.21702194213867,1009560
2006-11-10,18.72397804260254,39.28510665893555,39.310638427734375,38.808509826660156,38.9361686706543,810045
2006-11-13,18.68745231628418,39.20851135253906,39.37021255493164,39.07233810424805,39.302127838134766,509833
2006-11-14,18.671236038208008,39.174468994140625,39.36170196533203,39.038299560546875,39.310638427734375,1062670
2006-11-15,18.825376510620117,39.49787139892578,39.574466705322266,39.11489486694336,39.13191604614258,1304838
2006-11-16,18.987634658813477,39.83829879760742,39.96595764160156,39.53191375732422,39.582977294921875,903928
2006-11-17,19.044418334960938,39.95744705200195,40.212764739990234,39.82978820800781,39.87234115600586,1698110
2006-11-20,18.987634658813477,39.83829879760742,40.02553176879883,39.804256439208984,39.85531997680664,665873
2006-11-21,19.003862380981445,39.87234115600586,39.923404693603516,39.70212936401367,39.84680938720703,779143
2006-11-22,19.064697265625,40.0,40.00851058959961,39.65957260131836,39.68510437011719,748358
2006-11-24,18.95924186706543,39.778724670410156,39.95744705200195,39.778724670410156,39.87234115600586,300448
2006-11-27,18.869997024536133,39.591487884521484,39.812767028808594,39.55744552612305,39.804256439208984,700418
2006-11-28,18.902442932128906,39.65957260131836,39.804256439208984,39.438297271728516,39.599998474121094,929543
2006-11-29,19.024131774902344,39.914894104003906,39.97446823120117,39.61701965332031,39.6340446472168,1039405
2006-11-30,19.1011962890625,40.076595306396484,40.17021179199219,39.787235260009766,39.89787292480469,1264300
2006-12-01,19.190448760986328,40.26382827758789,40.31489562988281,39.98297882080078,40.076595306396484,1091223
2006-12-04,19.377046585083008,40.65531921386719,40.76595687866211,40.26382827758789,40.26382827758789,757640
2006-12-05,19.372983932495117,40.64680862426758,40.706382751464844,40.51063919067383,40.65531921386719,721803
2006-12-06,19.30808448791504,40.51063919067383,40.672340393066406,40.46808624267578,40.65531921386719,604420
2006-12-07,19.182334899902344,40.24680709838867,40.64680862426758,40.17021179199219,40.62127685546875,643078
2006-12-08,19.1539363861084,40.187232971191406,40.5787239074707,40.059574127197266,40.33191680908203,701593
2006-12-11,19.401371002197266,40.706382751464844,40.74042510986328,40.212764739990234,40.34042739868164,1047748
2006-12-12,19.709653854370117,41.35319137573242,41.37872314453125,40.73191452026367,40.74042510986328,1493308
2006-12-13,19.774553298950195,41.48936080932617,41.64255142211914,41.310638427734375,41.48936080932617,1093808
2006-12-14,20.00419807434082,41.514892578125,41.6340446472168,41.12340545654297,41.23404312133789,2513795
2006-12-15,19.979598999023438,41.463829040527344,41.6340446472168,41.2425537109375,41.61701965332031,1148680
2006-12-18,19.778654098510742,41.046810150146484,41.50638198852539,41.00425338745117,41.4212760925293,942350
2006-12-19,19.893482208251953,41.28510665893555,41.41276550292969,40.8510627746582,41.02978515625,859865
2006-12-20,19.83607292175293,41.165958404541016,41.48936080932617,41.157447814941406,41.319149017333984,766923
2006-12-21,19.840167999267578,41.174468994140625,41.327659606933594,41.055320739746094,41.12340545654297,764220
2006-12-22,19.807357788085938,41.10638427734375,41.319149017333984,41.038299560546875,41.319149017333984,658235
2006-12-26,20.008302688598633,41.52340316772461,41.574466705322266,41.12340545654297,41.165958404541016,524520
2006-12-27,20.172334671020508,41.86383056640625,41.9063835144043,41.6340446472168,41.6340446472168,730380
2006-12-28,19.934492111206055,41.37021255493164,41.88085174560547,41.34468078613281,41.85531997680664,590438
2006-12-29,19.852458953857422,41.20000076293945,41.446807861328125,41.01276779174805,41.37021255493164,731790
2007-01-03,20.17643928527832,41.87234115600586,42.059574127197266,41.25106430053711,41.302127838134766,1391435
2007-01-04,20.000102996826172,41.50638198852539,41.95744705200195,41.455318450927734,41.71915054321289,682910
2007-01-05,19.54901123046875,40.570213317871094,41.446807861328125,40.30638122558594,41.40425491333008,1293205
2007-01-08,19.466989517211914,40.400001525878906,40.672340393066406,40.204254150390625,40.44255447387695,744715
2007-01-09,19.37676239013672,40.212764739990234,40.46808624267578,40.085105895996094,40.400001525878906,1168890
2007-01-10,19.343957901000977,40.14468002319336,40.289363861083984,39.88936233520508,40.22978591918945,884070
2007-01-11,19.18402862548828,39.812767028808594,40.30638122558594,39.69361877441406,40.22978591918945,1409883
2007-01-12,18.843650817871094,39.10638427734375,39.931915283203125,39.0638313293457,39.68510437011719,1613393
2007-01-16,18.98308563232422,39.39574432373047,39.66808319091797,38.51063919067383,38.978721618652344,1036468
2007-01-17,19.015884399414062,39.463829040527344,39.565956115722656,39.10638427734375,39.565956115722656,829785
2007-01-18,18.88875961303711,39.20000076293945,39.52340316772461,39.165958404541016,39.463829040527344,812395
2007-01-19,18.88465690612793,39.191490173339844,39.319149017333984,38.9361686706543,39.23404312133789,796885
2007-01-22,18.823148727416992,39.0638313293457,39.1489372253418,38.91063690185547,39.10638427734375,745185
2007-01-23,18.823148727416992,39.0638313293457,39.25106430053711,38.978721618652344,39.0638313293457,1058088
2007-01-24,19.081514358520508,39.599998474121094,39.75319290161133,38.944679260253906,38.944679260253906,1467105
2007-01-25,18.905166625976562,39.23404312133789,39.61701965332031,39.20000076293945,39.599998474121094,867385
2007-01-26,18.88056182861328,39.182979583740234,39.429786682128906,39.055320739746094,39.34468078613281,1207430
2007-01-29,18.946168899536133,39.319149017333984,39.565956115722656,39.174468994140625,39.22553253173828,1205198
2007-01-30,18.99127769470215,39.41276550292969,39.52340316772461,39.302127838134766,39.438297271728516,1072658
2007-01-31,19.015884399414062,39.463829040527344,39.65957260131836,39.14042663574219,39.446807861328125,1129763
2007-02-01,19.151212692260742,39.74468231201172,39.85531997680664,39.48936080932617,39.50638198852539,1289445
2007-02-02,19.249645233154297,39.948936462402344,40.11914825439453,39.75319290161133,39.75319290161133,1135873
2007-02-05,19.31525421142578,40.085105895996094,40.11063766479492,39.73617172241211,39.948936462402344,1216830
2007-02-06,19.364469528198242,40.187232971191406,40.3659553527832,40.085105895996094,40.085105895996094,1428565
2007-02-07,19.372671127319336,40.204254150390625,40.29787063598633,40.076595306396484,40.12765884399414,533098
2007-02-08,19.446481704711914,40.35744857788086,40.35744857788086,40.085105895996094,40.085105895996094,883130
2007-02-09,19.405475616455078,40.2723388671875,40.58723449707031,40.10212707519531,40.417022705078125,1404243
2007-02-12,19.16762351989746,39.778724670410156,40.30638122558594,39.77021408081055,40.204254150390625,1306953
2007-02-13,19.68433952331543,40.8510627746582,40.99574661254883,40.15319061279297,40.25531768798828,4091820
2007-02-14,19.81556510925293,41.12340545654297,41.35319137573242,40.8510627746582,40.8510627746582,1945683
2007-02-15,19.71714210510254,40.91914749145508,41.21702194213867,40.817020416259766,41.10638427734375,1018608
2007-02-16,19.680238723754883,40.842552185058594,41.01276779174805,40.485107421875,40.72340393066406,1269470
2007-02-20,19.680238723754883,40.842552185058594,40.92766189575195,40.74042510986328,40.87659454345703,1179935
2007-02-21,19.598217010498047,40.672340393066406,40.86808395385742,40.400001525878906,40.842552185058594,1515750
2007-02-22,19.58591651916504,40.64680862426758,40.88510513305664,40.5787239074707,40.79148864746094,1385443
2007-02-23,19.581811904907227,40.63829803466797,40.808509826660156,40.544681549072266,40.689361572265625,665168
2007-02-26,19.63922882080078,40.7574462890625,41.438297271728516,40.689361572265625,41.191490173339844,1277695
2007-02-27,19.126615524291992,39.69361877441406,40.8510627746582,39.48085021972656,40.834041595458984,1480500
2007-02-28,18.9871826171875,39.40425491333008,39.88936233520508,39.174468994140625,39.69361877441406,2464563
2007-03-01,19.175819396972656,39.795745849609375,39.88936233520508,39.0638313293457,39.41276550292969,1718085
2007-03-02,19.126615524291992,39.69361877441406,40.38298034667969,39.65957260131836,40.212764739990234,1938868
2007-03-05,18.790334701538086,38.99574661254883,39.565956115722656,38.99574661254883,39.40425491333008,1140808
2007-03-06,19.036394119262695,39.50638198852539,39.54042434692383,38.91063690185547,39.046810150146484,1107673
2007-03-07,18.99127769470215,39.41276550292969,39.804256439208984,39.21702194213867,39.446807861328125,1617858
2007-03-08,18.958473205566406,39.34468078613281,39.70212936401367,39.27659606933594,39.574466705322266,1018138
2007-03-09,19.060993194580078,39.55744552612305,39.73617172241211,39.25957489013672,39.446807861328125,841065
2007-03-12,19.06920051574707,39.574466705322266,39.676597595214844,39.37872314453125,39.429786682128906,1227405
2007-03-13,18.913379669189453,39.25106430053711,39.88085174560547,39.157447814941406,39.463829040527344,1942510
2007-03-14,18.995376586914062,39.4212760925293,39.599998474121094,38.8510627746582,39.35319137573242,2275270
2007-03-15,19.2816162109375,39.55744552612305,39.86383056640625,38.86808395385742,38.97021484375,1891163
2007-03-16,19.211097717285156,39.41276550292969,39.85531997680664,39.34468078613281,39.65957260131836,1476505
2007-03-19,19.42266273498535,39.84680938720703,39.89787292480469,39.37872314453125,39.62553024291992,1069250
2007-03-20,19.692310333251953,40.400001525878906,40.408512115478516,39.582977294921875,39.7276611328125,1012145
2007-03-21,19.82919692993164,40.680850982666016,40.8510627746582,39.914894104003906,40.29787063598633,1632780
2007-03-22,19.68816566467285,40.39148712158203,40.71489334106445,40.24680709838867,40.59574508666992,1233750
2007-03-23,19.8084659576416,40.63829803466797,40.680850982666016,40.12765884399414,40.50212860107422,1155730
2007-03-26,19.91632080078125,40.85957336425781,40.85957336425781,40.34042739868164,40.58723449707031,1566745
2007-03-27,19.84164810180664,40.706382751464844,40.91063690185547,40.49361801147461,40.7574462890625,1209663
2007-03-28,19.97439956665039,40.978721618652344,41.319149017333984,40.47659683227539,40.49361801147461,1906203
2007-03-29,19.986839294433594,41.00425338745117,41.302127838134766,40.77446746826172,41.10638427734375,1218475
2007-03-30,19.870691299438477,40.76595687866211,41.0638313293457,40.35744857788086,40.9361686706543,2304175
2007-04-02,20.215015411376953,41.47233963012695,41.61701965332031,40.680850982666016,40.680850982666016,1657808
2007-04-03,20.17766761779785,41.39574432373047,41.64255142211914,41.2425537109375,41.48936080932617,1136108
2007-04-04,20.057361602783203,41.1489372253418,41.574466705322266,41.0638313293457,41.48936080932617,1468868
2007-04-05,20.08224105834961,41.20000076293945,41.37872314453125,40.99574661254883,41.038299560546875,768803
2007-04-09,20.148630142211914,41.3361701965332,41.40425491333008,41.20000076293945,41.20000076293945,521465
2007-04-10,20.2938232421875,41.6340446472168,41.64255142211914,41.174468994140625,41.20851135253906,598780
2007-04-11,20.239891052246094,41.52340316772461,41.73617172241211,41.37021255493164,41.54893493652344,1046338
2007-04-12,20.32700538635254,41.70212936401367,41.7276611328125,41.38723373413086,41.463829040527344,1044810
2007-04-13,20.202558517456055,41.446807861328125,41.804256439208984,41.37872314453125,41.787235260009766,1343378
2007-04-16,20.322858810424805,41.69361877441406,41.710636138916016,41.293617248535156,41.48085021972656,1102150
2007-04-17,20.426572799682617,41.9063835144043,42.187232971191406,41.49787139892578,42.187232971191406,806638
2007-04-18,20.364349365234375,41.778724670410156,41.97446823120117,41.599998474121094,41.69361877441406,745420
2007-04-19,20.215015411376953,41.47233963012695,42.38298034667969,41.438297271728516,42.187232971191406,973723
2007-04-20,20.613248825073242,42.289363861083984,42.323402404785156,41.50638198852539,41.787235260009766,1611160
2007-04-23,20.671327590942383,42.408512115478516,42.561702728271484,42.17021179199219,42.17021179199219,905455
2007-04-24,20.791629791259766,42.65531921386719,42.72340393066406,42.17021179199219,42.33191680908203,1017198
2007-04-25,21.339210510253906,43.778724670410156,43.86383056640625,43.046810150146484,43.10638427734375,2197603
2007-04-26,21.347511291503906,43.795745849609375,44.10212707519531,43.77021408081055,43.77021408081055,1805153
2007-04-27,21.148391723632812,43.38723373413086,43.74468231201172,43.28510665893555,43.65957260131836,1301195
2007-04-30,20.98659896850586,43.055320739746094,43.48085021972656,43.055320739746094,43.319149017333984,1091340
2007-05-01,21.276987075805664,43.651065826416016,43.85531997680664,43.07233810424805,43.07233810424805,2220633
2007-05-02,21.301883697509766,43.70212936401367,43.88085174560547,43.25106430053711,43.49787139892578,1399190
2007-05-03,21.364105224609375,43.82978820800781,44.204254150390625,43.36170196533203,43.70212936401367,1358535
2007-05-04,21.3184757232666,43.73617172241211,44.02553176879883,43.60851287841797,43.8212776184082,889828
2007-05-07,21.476112365722656,44.059574127197266,44.400001525878906,43.710636138916016,43.7276611328125,1030358
2007-05-08,21.513442993164062,44.13616943359375,44.1787223815918,43.83829879760742,44.04255294799805,1682248
2007-05-09,21.542478561401367,44.195743560791016,44.289363861083984,43.99148941040039,44.11914825439453,1524328
2007-05-10,21.476112365722656,44.059574127197266,44.204254150390625,44.0,44.085105895996094,2002670
2007-05-11,21.571514129638672,44.25531768798828,44.29787063598633,44.02553176879883,44.204254150390625,1753805
2007-05-14,21.820415496826172,44.76595687866211,44.91914749145508,44.221275329589844,44.31489562988281,1327398
2007-05-15,21.832870483398438,44.79148864746094,45.34468078613281,44.74042510986328,44.90212631225586,1018608
2007-05-16,21.89923858642578,44.92766189575195,45.055320739746094,44.72340393066406,44.86808395385742,878313
2007-05-17,21.903398513793945,44.9361686706543,45.021278381347656,44.680850982666016,44.680850982666016,908628
2007-05-18,21.953174591064453,45.038299560546875,45.0638313293457,44.817020416259766,44.98723220825195,741543
2007-05-21,22.289188385009766,45.7276611328125,45.940425872802734,45.1489372253418,45.191490173339844,1578848
2007-05-22,22.484159469604492,46.12765884399414,46.58723449707031,45.73617172241211,45.778724670410156,2428020
2007-05-23,22.202068328857422,45.54893493652344,46.400001525878906,45.53191375732422,46.085105895996094,2217108
2007-05-24,21.70840835571289,44.536170959472656,45.438297271728516,44.50212860107422,45.27659606933594,1506115
2007-05-25,21.65863609313965,44.434043884277344,45.021278381347656,43.88936233520508,44.62978744506836,1444898
2007-05-29,21.68767738342285,44.49361801147461,45.07233810424805,44.45957565307617,44.51063919067383,1021428
2007-05-30,21.895097732543945,44.91914749145508,44.978721618652344,44.26382827758789,44.323402404785156,1565335
2007-05-31,21.93657684326172,45.00425338745117,45.157447814941406,44.72340393066406,44.91914749145508,1918305
2007-06-01,21.86606216430664,44.85957336425781,45.47233963012695,44.6638298034668,45.21702194213867,1672378
2007-06-04,21.758195877075195,44.63829803466797,44.978721618652344,44.323402404785156,44.697872161865234,1597295
2007-06-05,21.73744773864746,44.59574508666992,44.8510627746582,44.408512115478516,44.65531921386719,3614770
2007-06-06,21.3226261138916,43.74468231201172,44.65531921386719,43.71915054321289,44.60425567626953,4350555
2007-06-07,20.463912963867188,41.98297882080078,43.74468231201172,41.98297882080078,43.74468231201172,4003695
2007-06-08,20.76673698425293,42.60425567626953,42.73191452026367,41.787235260009766,41.948936462402344,2100783
2007-06-11,21.05712127685547,43.20000076293945,43.64255142211914,42.60425567626953,42.60425567626953,2432250
2007-06-12,20.73356056213379,42.536170959472656,43.20000076293945,42.400001525878906,43.038299560546875,1229638
2007-06-13,21.25624656677246,43.60851287841797,43.65957260131836,42.8510627746582,42.88510513305664,1523975
2007-06-14,21.369422912597656,43.38723373413086,43.54893493652344,42.89361572265625,43.23404312133789,1633485
2007-06-15,21.53708839416504,43.7276611328125,44.068084716796875,43.48085021972656,43.591487884521484,1261245
2007-06-18,21.277204513549805,43.20000076293945,43.88936233520508,43.20000076293945,43.787235260009766,750120
2007-06-19,21.331703186035156,43.310638427734375,43.48936080932617,42.92766189575195,43.34468078613281,944348
2007-06-20,20.770009994506836,42.17021179199219,43.48936080932617,42.15319061279297,43.319149017333984,1859908
2007-06-21,20.74065589904785,42.11063766479492,42.570213317871094,41.914894104003906,42.085105895996094,1687065
2007-06-22,20.3131046295166,41.2425537109375,42.10212707519531,41.055320739746094,42.10212707519531,2176923
2007-06-25,20.355022430419922,41.327659606933594,42.00851058959961,41.046810150146484,41.08936309814453,1569565
2007-06-26,20.1035213470459,40.817020416259766,41.778724670410156,40.808509826660156,41.327659606933594,2993900
2007-06-27,20.350828170776367,41.319149017333984,41.37872314453125,40.187232971191406,40.425533294677734,2255178
2007-06-28,20.212509155273438,41.038299560546875,41.60851287841797,41.01276779174805,41.3361701965332,1531730
2007-06-29,20.212509155273438,41.038299560546875,41.50638198852539,40.61276626586914,41.11489486694336,2288783
2007-07-02,20.41370391845703,41.446807861328125,41.48085021972656,40.553192138671875,41.157447814941406,2115823
2007-07-03,20.577192306518555,41.778724670410156,42.25531768798828,41.41276550292969,41.53191375732422,1232928
2007-07-05,20.535263061523438,41.69361877441406,42.0,41.2425537109375,41.710636138916016,1482733
2007-07-06,20.380176544189453,41.37872314453125,41.61701965332031,41.02978515625,41.446807861328125,1317998
2007-07-09,20.510114669799805,41.64255142211914,41.83829879760742,41.40425491333008,41.582977294921875,1051155
2007-07-10,20.229270935058594,41.07233810424805,41.70212936401367,41.07233810424805,41.327659606933594,1464873
2007-07-11,20.585573196411133,41.795745849609375,41.795745849609375,41.09787368774414,41.10638427734375,1752278
2007-07-12,21.239482879638672,43.12340545654297,43.12340545654297,41.55744552612305,41.804256439208984,2255765
2007-07-13,21.335887908935547,43.319149017333984,43.55744552612305,42.842552185058594,43.021278381347656,1511990
2007-07-16,21.096961975097656,42.834041595458984,43.62553024291992,42.7574462890625,43.319149017333984,1201790
2007-07-17,20.99635887145996,42.62978744506836,43.08936309814453,42.58723449707031,43.08085250854492,1066548
2007-07-18,21.138874053955078,42.91914749145508,42.99574661254883,41.914894104003906,41.914894104003906,1533963
2007-07-19,21.520315170288086,43.69361877441406,43.73617172241211,42.78297805786133,42.86808395385742,1326575
2007-07-20,21.331703186035156,43.310638427734375,44.0,43.2425537109375,43.74468231201172,1607400
2007-07-23,21.465835571289062,43.582977294921875,44.03404235839844,43.26808547973633,43.37021255493164,926488
2007-07-24,20.749042510986328,42.12765884399414,43.76170349121094,42.04255294799805,43.40425491333008,1846043
2007-07-25,20.84545135498047,42.323402404785156,42.71489334106445,41.35319137573242,42.38298034667969,2302413
2007-07-26,20.380176544189453,41.37872314453125,42.37446975708008,40.8510627746582,42.24680709838867,2600510
2007-07-27,19.428653717041016,39.446807861328125,41.565956115722656,39.446807861328125,41.37872314453125,4106155
2007-07-30,19.839445114135742,40.28084945678711,40.44255447387695,39.157447814941406,39.3361701965332,2534123
2007-07-31,19.441226959228516,39.47233963012695,40.978721618652344,39.47233963012695,40.425533294677734,2472435
2007-08-01,20.212509155273438,41.038299560546875,41.08085250854492,39.35319137573242,39.36170196533203,2183150
2007-08-02,20.17058753967285,40.953189849853516,41.54042434692383,40.561702728271484,41.0638313293457,1742760
2007-08-03,19.374162673950195,39.3361701965332,41.319149017333984,39.302127838134766,40.99574661254883,2406518
2007-08-06,20.300535202026367,41.21702194213867,41.21702194213867,39.14042663574219,39.651065826416016,1558638
2007-08-07,20.60233497619629,41.82978820800781,42.17021179199219,40.61276626586914,40.8510627746582,1898330
2007-08-08,20.91252326965332,42.45957565307617,43.00425338745117,41.55744552612305,41.99148941040039,2577363
2007-08-09,20.229270935058594,41.07233810424805,42.425533294677734,41.021278381347656,41.69361877441406,2183855
2007-08-10,20.137046813964844,40.88510513305664,41.565956115722656,39.82978820800781,40.425533294677734,1962015
2007-08-13,20.61910057067871,41.86383056640625,42.561702728271484,40.961700439453125,41.12340545654297,1747578
2007-08-14,19.919092178344727,40.44255447387695,41.88085174560547,40.44255447387695,41.37021255493164,2232148
2007-08-15,19.512483596801758,39.61701965332031,41.08936309814453,39.582977294921875,40.26382827758789,1389673
2007-08-16,19.60890007019043,39.812767028808594,40.14468002319336,38.51914978027344,39.319149017333984,2270335
2007-08-17,19.990339279174805,40.58723449707031,41.28510665893555,39.302127838134766,41.08085250854492,2350353
2007-08-20,19.89812469482422,40.400001525878906,40.58723449707031,39.62553024291992,40.49361801147461,1694233
2007-08-21,20.14543914794922,40.90212631225586,41.28510665893555,40.02553176879883,40.04255294799805,1700225
2007-08-22,20.233463287353516,41.08085250854492,41.25106430053711,40.672340393066406,41.174468994140625,842475
2007-08-23,20.212509155273438,41.038299560546875,41.41276550292969,40.76595687866211,41.319149017333984,793948
2007-08-24,20.56460952758789,41.75319290161133,41.75319290161133,40.74893569946289,41.10638427734375,813218
2007-08-27,19.931655883789062,40.46808624267578,41.54042434692383,40.38298034667969,41.48936080932617,1364175
2007-08-28,19.533445358276367,39.65957260131836,40.49361801147461,39.60851287841797,39.787235260009766,1514458
2007-08-29,20.17058753967285,40.953189849853516,40.978721618652344,39.914894104003906,40.03404235839844,1132935
2007-08-30,19.96100616455078,40.52766036987305,41.0638313293457,40.28084945678711,40.63829803466797,755525
2007-08-31,20.04064178466797,40.689361572265625,41.01276779174805,40.2723388671875,40.89361572265625,913680
2007-09-04,20.346643447875977,41.310638427734375,41.574466705322266,40.7574462890625,40.834041595458984,883953
2007-09-05,20.275386810302734,41.165958404541016,41.429786682128906,40.8510627746582,41.27659606933594,1548415
2007-09-06,20.32148551940918,41.25957489013672,41.38723373413086,40.74893569946289,41.22553253173828,1044458
2007-09-07,20.007112503051758,40.62127685546875,41.038299560546875,40.085105895996094,40.085105895996094,1345610
2007-09-10,20.00291633605957,40.61276626586914,41.055320739746094,40.23829650878906,40.834041595458984,945875
2007-09-11,20.153820037841797,40.91914749145508,40.944679260253906,40.52766036987305,40.76595687866211,1138693
2007-09-12,20.237646102905273,41.08936309814453,41.27659606933594,40.89361572265625,40.89361572265625,1727485
2007-09-13,20.279569625854492,41.174468994140625,41.55744552612305,41.021278381347656,41.41276550292969,914150
2007-09-14,20.438852310180664,41.49787139892578,41.599998474121094,41.038299560546875,41.0638313293457,915913
2007-09-17,20.430383682250977,41.02978515625,41.182979583740234,40.544681549072266,40.8510627746582,1272643
2007-09-18,20.769399642944336,41.710636138916016,41.710636138916016,40.79999923706055,41.319149017333984,1624555
2007-09-19,20.994014739990234,42.16170120239258,42.26382827758789,41.62553024291992,41.86383056640625,1208840
2007-09-20,20.72702407836914,41.62553024291992,42.16170120239258,41.463829040527344,42.16170120239258,865858
2007-09-21,20.858396530151367,41.88936233520508,42.26382827758789,41.599998474121094,42.0936164855957,1629020
2007-09-24,20.849924087524414,41.87234115600586,42.25531768798828,41.62553024291992,41.68510437011719,1707863
2007-09-25,20.84145164489746,41.85531997680664,42.39148712158203,41.61701965332031,41.73617172241211,1172650
2007-09-26,21.02366828918457,42.221275329589844,42.37446975708008,41.70212936401367,42.17021179199219,946815
2007-09-27,21.010961532592773,42.195743560791016,42.536170959472656,41.710636138916016,42.536170959472656,1098390
2007-09-28,20.527851104736328,41.22553253173828,42.212764739990234,41.08936309814453,42.212764739990234,1176998
2007-10-01,20.799070358276367,41.77021408081055,41.914894104003906,41.34468078613281,41.48085021972656,1028008
2007-10-02,20.714309692382812,41.599998474121094,41.98297882080078,41.438297271728516,41.84680938720703,656825
2007-10-03,20.527851104736328,41.22553253173828,41.514892578125,40.79148864746094,41.38723373413086,847880
2007-10-04,20.756689071655273,41.68510437011719,41.70212936401367,41.191490173339844,41.429786682128906,660115
2007-10-05,20.739736557006836,41.651065826416016,42.04255294799805,41.446807861328125,41.70212936401367,715928
2007-10-08,20.756689071655273,41.68510437011719,42.02553176879883,41.50638198852539,41.53191375732422,410310
2007-10-09,21.205896377563477,42.58723449707031,42.6638298034668,41.591487884521484,41.7276611328125,1806210
2007-10-10,21.176237106323242,42.52766036987305,42.73191452026367,42.323402404785156,42.544681549072266,1535373
2007-10-11,21.354217529296875,42.88510513305664,43.38723373413086,42.72340393066406,43.055320739746094,1366878
2007-10-12,21.413549423217773,43.00425338745117,43.565956115722656,42.87659454345703,43.08936309814453,1541365
2007-10-15,21.05333709716797,42.28084945678711,43.25106430053711,41.914894104003906,42.9361686706543,908745
2007-10-16,20.879594802856445,41.931915283203125,42.47659683227539,41.795745849609375,42.45957565307617,879135
2007-10-17,20.6634578704834,41.49787139892578,42.34042739868164,41.191490173339844,42.25531768798828,1212483
2007-10-18,20.667699813842773,41.50638198852539,41.64255142211914,41.22553253173828,41.2425537109375,867033
2007-10-19,20.142215728759766,40.45106506347656,41.582977294921875,40.45106506347656,41.514892578125,1970475
2007-10-22,20.375288009643555,40.91914749145508,41.00425338745117,40.04255294799805,40.212764739990234,852228
2007-10-23,20.146451950073242,40.45957565307617,41.36170196533203,40.16170120239258,41.36170196533203,1250435
2007-10-24,20.32444190979004,40.817020416259766,41.01276779174805,40.212764739990234,40.39148712158203,1192390
2007-10-25,20.574466705322266,41.319149017333984,41.4212760925293,40.71489334106445,40.8510627746582,961738
2007-10-26,20.752452850341797,41.676597595214844,41.69361877441406,41.1489372253418,41.446807861328125,1026950
2007-10-29,20.811786651611328,41.795745849609375,42.26382827758789,41.68510437011719,41.77021408081055,847058
2007-10-30,20.824493408203125,41.8212776184082,42.417022705078125,41.69361877441406,41.69361877441406,1040110
2007-10-31,21.019428253173828,42.212764739990234,42.50212860107422,41.787235260009766,41.99148941040039,1129998
2007-11-01,20.646509170532227,41.463829040527344,42.28084945678711,41.35319137573242,42.0,1159725
2007-11-02,20.76092529296875,41.69361877441406,42.553192138671875,41.01276779174805,41.591487884521484,2091970
2007-11-05,20.752452850341797,41.676597595214844,42.553192138671875,40.91914749145508,42.553192138671875,1312945
2007-11-06,20.638031005859375,41.446807861328125,41.97446823120117,40.91063690185547,41.97446823120117,930365
2007-11-07,19.968463897705078,40.10212707519531,41.191490173339844,40.10212707519531,40.944679260253906,1650523
2007-11-08,20.578704833984375,41.327659606933594,41.34468078613281,39.95744705200195,39.96595764160156,1926178
2007-11-09,20.27358627319336,40.71489334106445,41.429786682128906,40.51914978027344,40.76595687866211,1903970
2007-11-12,20.15915870666504,40.485107421875,40.92766189575195,40.33191680908203,40.33191680908203,2531655
2007-11-13,20.426145553588867,41.021278381347656,41.021278381347656,40.22978591918945,40.485107421875,2449288
2007-11-14,20.30324935913086,40.77446746826172,41.23404312133789,40.706382751464844,41.11489486694336,1606225
2007-11-15,20.311721801757812,40.79148864746094,41.14042663574219,40.289363861083984,40.87659454345703,2091618
2007-11-16,20.55327606201172,41.27659606933594,41.429786682128906,40.63829803466797,41.08085250854492,1385795
2007-11-19,20.53209114074707,41.23404312133789,41.50638198852539,40.706382751464844,40.9361686706543,1623380
2007-11-20,20.82872772216797,41.82978820800781,41.914894104003906,41.021278381347656,41.21702194213867,1840990
2007-11-21,20.659223556518555,41.48936080932617,42.0936164855957,41.40425491333008,41.40425491333008,1704455
2007-11-23,20.6634578704834,41.49787139892578,41.676597595214844,41.02978515625,41.676597595214844,437805
2007-11-26,20.570232391357422,41.310638427734375,42.17021179199219,41.191490173339844,41.41276550292969,1463815
2007-11-27,20.595657348632812,41.36170196533203,41.88936233520508,41.021278381347656,41.438297271728516,1525973
2007-11-28,20.638031005859375,41.446807861328125,41.9063835144043,41.25106430053711,41.49787139892578,2405108
2007-11-29,20.54480743408203,41.25957489013672,41.69361877441406,40.978721618652344,41.39574432373047,1444428
2007-11-30,20.78635025024414,41.74468231201172,41.804256439208984,41.36170196533203,41.66808319091797,1967538
2007-12-03,21.010961532592773,42.195743560791016,42.30638122558594,41.55744552612305,41.55744552612305,1467223
2007-12-04,21.155052185058594,42.485107421875,42.485107421875,41.70212936401367,41.948936462402344,1970710
2007-12-05,21.527969360351562,43.23404312133789,43.23404312133789,42.434043884277344,42.5787239074707,1540543
2007-12-06,21.612720489501953,43.40425491333008,43.40425491333008,42.71489334106445,43.21702194213867,1233163
2007-12-07,21.400829315185547,42.978721618652344,43.53191375732422,42.64680862426758,43.39574432373047,1667913
2007-12-10,21.45168113708496,43.08085250854492,43.22553253173828,42.79148864746094,43.01276779174805,1358300
2007-12-11,20.98553466796875,42.14468002319336,43.319149017333984,42.04255294799805,43.23404312133789,1726898
2007-12-12,20.646509170532227,41.463829040527344,42.99574661254883,41.12340545654297,42.99574661254883,3114690
2007-12-13,20.805036544799805,41.327659606933594,41.39574432373047,40.63829803466797,41.01276779174805,2581710
2007-12-14,20.04669952392578,39.8212776184082,40.51914978027344,39.787235260009766,40.400001525878906,2766890
2007-12-17,19.68680191040039,39.10638427734375,39.940425872802734,38.92766189575195,39.7276611328125,2583943
2007-12-18,19.656814575195312,39.046810150146484,39.463829040527344,38.87659454345703,39.1489372253418,2283730
2007-12-19,19.643964767456055,39.021278381347656,39.319149017333984,38.825531005859375,39.1489372253418,1736650
2007-12-20,19.502573013305664,38.74042510986328,39.22553253173828,38.29787063598633,39.22553253173828,1595533
2007-12-21,19.356901168823242,38.45106506347656,39.021278381347656,38.212764739990234,38.9361686706543,2752790
2007-12-24,19.4511661529541,38.63829803466797,38.808509826660156,38.485107421875,38.561702728271484,642490
2007-12-26,19.318347930908203,38.37446975708008,38.672340393066406,38.25531768798828,38.46808624267578,1037760
2007-12-27,19.001300811767578,37.74468231201172,38.672340393066406,37.74468231201172,38.37446975708008,1144685
2007-12-28,19.13840103149414,38.01702117919922,38.24680709838867,37.599998474121094,37.804256439208984,1294028
2007-12-31,18.834209442138672,37.41276550292969,38.212764739990234,37.41276550292969,37.804256439208984,1740645
2008-01-02,18.872777938842773,37.48936080932617,37.82978820800781,37.34468078613281,37.4212760925293,2565025
2008-01-03,18.58571434020996,36.91914749145508,37.68510437011719,36.88510513305664,37.676597595214844,1816080
2008-01-04,18.42290687561035,36.59574508666992,37.09787368774414,36.59574508666992,36.680850982666016,1323755
2008-01-07,18.662822723388672,37.07233810424805,37.174468994140625,36.689361572265625,36.88510513305664,2120758
2008-01-08,18.615703582763672,36.978721618652344,37.438297271728516,36.91914749145508,37.23404312133789,1860965
2008-01-09,18.941320419311523,37.62553024291992,37.62553024291992,36.689361572265625,36.689361572265625,2877928
2008-01-10,19.069852828979492,37.88085174560547,38.2723388671875,37.39574432373047,37.4212760925293,2591580
2008-01-11,18.979881286621094,37.70212936401367,38.0,37.48936080932617,37.60851287841797,2137325
2008-01-14,19.378334045410156,38.49361801147461,38.58723449707031,37.71915054321289,37.931915283203125,3086255
2008-01-15,18.962739944458008,37.66808319091797,38.485107421875,37.6340446472168,38.0936164855957,2311578
2008-01-16,19.00988006591797,37.76170349121094,38.23829650878906,37.599998474121094,37.787235260009766,2240255
2008-01-17,18.465755462646484,36.680850982666016,37.948936462402344,36.58723449707031,37.804256439208984,2105600
2008-01-18,18.294370651245117,36.34042739868164,37.20000076293945,36.14468002319336,37.00425338745117,2670775
2008-01-22,17.814523696899414,35.38723373413086,35.87234115600586,34.72340393066406,34.72340393066406,3013875
2008-01-23,18.727102279663086,37.20000076293945,37.25957489013672,35.13191604614258,35.39574432373047,4867790
2008-01-24,17.951623916625977,35.65957260131836,37.1489372253418,35.53191375732422,36.99574661254883,2867000
2008-01-25,17.76739501953125,35.293617248535156,36.11914825439453,35.14042663574219,35.98297882080078,1387558
2008-01-28,17.981611251831055,35.71915054321289,36.051063537597656,35.293617248535156,35.446807861328125,1860965
2008-01-29,17.947338104248047,35.651065826416016,36.323402404785156,35.55744552612305,36.04255294799805,1658983
2008-01-30,17.960193634033203,35.676597595214844,36.65531921386719,35.574466705322266,36.221275329589844,2091970
2008-01-31,18.264379501342773,36.28084945678711,36.570213317871094,35.157447814941406,35.36170196533203,3006003
2008-02-01,18.675687789916992,37.09787368774414,37.191490173339844,36.25531768798828,36.38298034667969,1593065
2008-02-04,18.808509826660156,37.36170196533203,37.651065826416016,36.9361686706543,37.07233810424805,1275815
2008-02-05,18.18726921081543,36.12765884399414,36.98723220825195,36.059574127197266,36.842552185058594,1298493
2008-02-06,18.260095596313477,36.2723388671875,36.825531005859375,36.22978591918945,36.44255447387695,998515
2008-02-07,17.89592742919922,35.54893493652344,36.17021179199219,35.174468994140625,36.051063537597656,1920420
2008-02-08,17.93448829650879,35.62553024291992,35.70212936401367,35.1489372253418,35.28510665893555,1065608
2008-02-11,17.947338104248047,35.651065826416016,35.82978820800781,35.40425491333008,35.68510437011719,910273
2008-02-12,18.071584701538086,35.89787292480469,36.00851058959961,35.574466705322266,35.74468231201172,823910
2008-02-13,17.878787994384766,35.514892578125,36.31489562988281,35.446807861328125,35.98297882080078,1032120
2008-02-14,17.737407684326172,35.23404312133789,35.99148941040039,35.046810150146484,35.582977294921875,849055
2008-02-15,17.89592742919922,35.54893493652344,35.65957260131836,34.91914749145508,35.23404312133789,1406358
2008-02-19,18.16584014892578,36.085105895996094,36.34042739868164,35.74468231201172,35.95744705200195,1573090
2008-02-20,18.16584014892578,36.085105895996094,36.16170120239258,35.582977294921875,35.70212936401367,1033648
2008-02-21,18.247241973876953,36.24680709838867,36.24680709838867,35.046810150146484,36.00851058959961,1885523
2008-02-22,17.861652374267578,35.48085021972656,36.348934173583984,35.08936309814453,36.34042739868164,1655810
2008-02-25,17.904497146606445,35.565956115722656,35.76170349121094,35.319149017333984,35.65957260131836,1711975
2008-02-26,18.015888214111328,35.787235260009766,35.86383056640625,35.37021255493164,35.50638198852539,1316940
2008-02-27,17.651708602905273,35.0638313293457,35.98297882080078,35.00425338745117,35.64255142211914,1647350
2008-02-28,17.737407684326172,35.23404312133789,35.310638427734375,34.834041595458984,34.88510513305664,2086213
2008-02-29,17.056184768676758,33.88085174560547,35.3361701965332,33.71915054321289,35.3361701965332,1724900
2008-03-03,17.2189884185791,34.204254150390625,34.28084945678711,33.6340446472168,33.9063835144043,1176998
2008-03-04,17.44178581237793,34.64680862426758,34.76595687866211,34.051063537597656,34.051063537597656,1592948
2008-03-05,17.420360565185547,34.60425567626953,34.808509826660156,34.187232971191406,34.808509826660156,1306365
2008-03-06,16.94478988647461,33.65957260131836,34.544681549072266,33.6340446472168,34.49361801147461,1362178
2008-03-07,16.931936264038086,33.6340446472168,33.787235260009766,33.174468994140625,33.599998474121094,1425040
2008-03-10,16.901945114135742,33.574466705322266,33.82978820800781,33.174468994140625,33.61701965332031,1882703
2008-03-11,17.463197708129883,34.689361572265625,34.689361572265625,33.795745849609375,34.2723388671875,1876710
2008-03-12,17.163297653198242,34.0936164855957,34.944679260253906,34.0936164855957,34.944679260253906,1414700
2008-03-13,17.051904678344727,33.87234115600586,34.02553176879883,33.39574432373047,34.0,1286978
2008-03-14,16.8248233795166,33.4212760925293,34.29787063598633,33.02978515625,34.29787063598633,1359005
2008-03-17,16.846546173095703,33.01276779174805,33.35319137573242,32.22978591918945,32.74893569946289,1521625
2008-03-18,17.154897689819336,33.61701965332031,33.651065826416016,32.978721618652344,33.20000076293945,1189335
2008-03-19,16.859569549560547,33.038299560546875,34.15319061279297,33.038299560546875,33.98297882080078,1024835
2008-03-20,17.028947830200195,33.37021255493164,33.54893493652344,32.697872161865234,33.08085250854492,1024130
2008-03-24,16.942092895507812,33.20000076293945,33.514892578125,32.89361572265625,33.446807861328125,736255
2008-03-25,16.872600555419922,33.0638313293457,33.2425537109375,32.842552185058594,33.1489372253418,1181933
2008-03-26,16.88129234313965,33.08085250854492,33.3361701965332,32.92766189575195,32.961700439453125,728853
2008-03-27,16.99420928955078,33.302127838134766,33.61701965332031,33.157447814941406,33.48085021972656,1355363
2008-03-28,16.811805725097656,32.944679260253906,33.582977294921875,32.817020416259766,33.582977294921875,1370403
2008-03-31,16.889970779418945,33.09787368774414,33.174468994140625,32.570213317871094,32.944679260253906,2130040
2008-04-01,17.272159576416016,33.84680938720703,33.948936462402344,33.1489372253418,33.165958404541016,1353130
2008-04-02,17.45456314086914,34.204254150390625,34.44255447387695,33.82978820800781,33.87234115600586,973135
2008-04-03,17.467588424682617,34.22978591918945,34.39148712158203,33.778724670410156,34.068084716796875,922140
2008-04-04,17.62828254699707,34.544681549072266,35.157447814941406,34.17021179199219,34.28084945678711,1095453
2008-04-07,17.5761661529541,34.44255447387695,34.79148864746094,34.33191680908203,34.79148864746094,966085
2008-04-08,17.367708206176758,34.03404235839844,34.47659683227539,33.948936462402344,34.212764739990234,1246558
2008-04-09,17.45890235900879,34.212764739990234,34.39148712158203,34.0,34.11914825439453,640493
2008-04-10,17.56314468383789,34.417022705078125,34.536170959472656,34.195743560791016,34.46808624267578,1491310
2008-04-11,17.6586856842041,34.60425567626953,34.87659454345703,34.076595306396484,34.076595306396484,1324578
2008-04-14,17.84108543395996,34.961700439453125,34.98723220825195,34.561702728271484,34.6638298034668,900990
2008-04-15,18.045211791992188,35.36170196533203,35.50638198852539,34.97021484375,34.97021484375,1561340
2008-04-16,18.397001266479492,36.051063537597656,36.051063537597656,35.27659606933594,35.591487884521484,929308
2008-04-17,18.37093162536621,36.0,36.22978591918945,35.77021408081055,35.87234115600586,988410
2008-04-18,18.48819923400879,36.22978591918945,36.536170959472656,35.9063835144043,36.45106506347656,781493
2008-04-21,18.197219848632812,35.65957260131836,36.212764739990234,35.591487884521484,36.15319061279297,978070
2008-04-22,18.00178337097168,35.27659606933594,35.55744552612305,35.10638427734375,35.48936080932617,1066900
2008-04-23,18.0191593170166,35.310638427734375,35.70212936401367,35.165958404541016,35.70212936401367,816155
2008-04-24,17.84108543395996,34.961700439453125,35.565956115722656,34.91914749145508,35.565956115722656,1882820
2008-04-25,17.82373046875,34.92766189575195,35.327659606933594,34.808509826660156,35.165958404541016,871498
2008-04-28,17.771596908569336,34.825531005859375,35.27659606933594,34.76595687866211,34.89361572265625,839185
2008-04-29,17.615257263183594,34.51914978027344,35.02978515625,34.46808624267578,34.87659454345703,916735
2008-04-30,17.506685256958008,34.30638122558594,34.88510513305664,34.26382827758789,34.561702728271484,1299668
2008-05-01,17.997438430786133,35.26808547973633,35.73617172241211,34.74893569946289,35.73617172241211,1686595
2008-05-02,17.95835304260254,35.191490173339844,35.64255142211914,35.191490173339844,35.514892578125,1372048
2008-05-05,18.119050979614258,35.50638198852539,35.53191375732422,34.944679260253906,35.00425338745117,1145155
2008-05-06,18.271059036254883,35.804256439208984,35.97446823120117,35.10638427734375,35.52340316772461,1211660
2008-05-07,18.301456451416016,35.86383056640625,36.1787223815918,35.6340446472168,35.96595764160156,1507290
2008-05-08,18.414369583129883,36.085105895996094,36.39148712158203,35.787235260009766,35.99148941040039,1143863
2008-05-09,18.453462600708008,36.16170120239258,36.38298034667969,35.73617172241211,35.948936462402344,953278
2008-05-12,18.609804153442383,36.46808624267578,36.58723449707031,36.195743560791016,36.33191680908203,922610
2008-05-13,18.635862350463867,36.51914978027344,36.62978744506836,36.212764739990234,36.52766036987305,751648
2008-05-14,18.961593627929688,37.157447814941406,37.20000076293945,36.51914978027344,36.73191452026367,1075478
2008-05-15,19.009363174438477,37.25106430053711,37.34468078613281,36.825531005859375,36.97021484375,912623
2008-05-16,19.03542709350586,37.302127838134766,37.36170196533203,37.021278381347656,37.21702194213867,838480
2008-05-19,19.23954200744629,37.70212936401367,37.88085174560547,37.25106430053711,37.25106430053711,1408473
2008-05-20,19.031078338623047,37.293617248535156,37.676597595214844,37.22553253173828,37.438297271728516,1025658
2008-05-21,18.961593627929688,37.157447814941406,37.795745849609375,37.038299560546875,37.3361701965332,1407063
2008-05-22,19.17005157470703,37.565956115722656,37.591487884521484,36.944679260253906,36.944679260253906,795475
2008-05-23,18.892101287841797,37.021278381347656,37.39574432373047,36.90212631225586,37.39574432373047,1164895
2008-05-27,18.996337890625,37.22553253173828,37.293617248535156,36.978721618652344,37.10638427734375,1520568
2008-05-28,19.213481903076172,37.651065826416016,37.65957260131836,37.1489372253418,37.25106430053711,1155378
2008-05-29,19.335098266601562,37.88936233520508,38.085105895996094,37.40425491333008,37.463829040527344,1050450
2008-05-30,19.213481903076172,37.651065826416016,38.14468002319336,37.463829040527344,37.98297882080078,2234380
2008-06-02,18.913818359375,37.0638313293457,37.64255142211914,36.86808395385742,37.48936080932617,1425040
2008-06-03,19.052791595458984,37.3361701965332,37.48936080932617,37.0638313293457,37.327659606933594,2008780
2008-06-04,19.33074378967285,37.88085174560547,38.00851058959961,37.191490173339844,37.191490173339844,1296848
2008-06-05,19.348115921020508,37.914894104003906,38.13616943359375,37.52340316772461,37.70212936401367,1321053
2008-06-06,18.90947723388672,37.055320739746094,37.940425872802734,37.02978515625,37.75319290161133,1171358
2008-06-09,19.26561164855957,37.75319290161133,37.82978820800781,36.953189849853516,36.953189849853516,898523
2008-06-10,19.291662216186523,37.804256439208984,37.88085174560547,37.327659606933594,37.4212760925293,791480
2008-06-11,19.05713653564453,37.34468078613281,37.77021408081055,37.12340545654297,37.65957260131836,1402128
2008-06-12,19.13626480102539,37.046810150146484,37.21702194213867,36.51063919067383,37.20851135253906,1588365
2008-06-13,19.3912410736084,37.54042434692383,37.69361877441406,36.72340393066406,36.961700439453125,902518
2008-06-16,19.215394973754883,37.20000076293945,37.455318450927734,36.817020416259766,37.455318450927734,804758
2008-06-17,19.360464096069336,37.48085021972656,37.64255142211914,37.25957489013672,37.27659606933594,1323285
2008-06-18,19.246177673339844,37.25957489013672,37.68510437011719,37.157447814941406,37.48085021972656,672335
2008-06-19,19.27694320678711,37.319149017333984,37.514892578125,36.978721618652344,36.98723220825195,942468
2008-06-20,18.898881912231445,36.58723449707031,37.455318450927734,36.58723449707031,37.12340545654297,1030475
2008-06-23,18.99998664855957,36.78297805786133,37.310638427734375,36.64680862426758,36.78297805786133,786428
2008-06-24,18.91645622253418,36.62127685546875,36.834041595458984,36.38298034667969,36.60425567626953,881485
2008-06-25,19.206605911254883,37.182979583740234,37.4212760925293,36.49361801147461,36.49361801147461,871263
2008-06-26,18.591148376464844,35.99148941040039,37.10638427734375,35.98297882080078,36.91914749145508,1246323
2008-06-27,18.22186851501465,35.27659606933594,36.29787063598633,35.27659606933594,35.97446823120117,1294380
2008-06-30,18.657093048095703,36.11914825439453,36.34042739868164,35.327659606933594,35.3361701965332,1560518
2008-07-01,18.824146270751953,36.44255447387695,36.6638298034668,35.62553024291992,35.795745849609375,2333080
2008-07-02,18.991193771362305,36.76595687866211,37.38723373413086,35.293617248535156,35.463829040527344,2415683
2008-07-03,18.775789260864258,36.348934173583984,37.35319137573242,36.24680709838867,36.99574661254883,958213
2008-07-07,18.85051918029785,36.49361801147461,37.13191604614258,36.25531768798828,36.434043884277344,1893278
2008-07-08,19.232975006103516,37.23404312133789,37.2425537109375,36.25531768798828,36.417022705078125,1751103
2008-07-09,19.531911849975586,37.812767028808594,38.2723388671875,37.165958404541016,37.182979583740234,2193490
2008-07-10,19.509939193725586,37.77021408081055,38.23829650878906,37.62553024291992,37.88936233520508,1767553
2008-07-11,19.215394973754883,37.20000076293945,37.66808319091797,37.07233810424805,37.48936080932617,1531730
2008-07-14,18.960424423217773,36.706382751464844,37.582977294921875,36.561702728271484,37.565956115722656,1191333
2008-07-15,18.91206169128418,36.61276626586914,36.91063690185547,36.13616943359375,36.46808624267578,2091853
2008-07-16,18.591148376464844,35.99148941040039,36.87659454345703,35.76170349121094,36.689361572265625,1734770
2008-07-17,18.358156204223633,35.54042434692383,36.195743560791016,35.2425537109375,36.14468002319336,1736768
2008-07-18,18.428491592407227,35.676597595214844,36.221275329589844,35.319149017333984,35.50638198852539,1445368
2008-07-21,18.55597686767578,35.923404693603516,36.10212707519531,35.54042434692383,35.676597595214844,844238
2008-07-22,18.46805763244629,35.75319290161133,36.31489562988281,35.6340446472168,35.66808319091797,966673
2008-07-23,18.147140502929688,35.13191604614258,35.923404693603516,34.85957336425781,35.74468231201172,1308245
2008-07-24,18.164722442626953,35.165958404541016,35.41276550292969,34.85957336425781,35.12340545654297,1462993
2008-07-25,18.037240982055664,34.91914749145508,35.48085021972656,34.89361572265625,35.310638427734375,910625
2008-07-28,18.019655227661133,34.88510513305664,35.13191604614258,34.60425567626953,34.91063690185547,1351485
2008-07-29,18.054811477661133,34.953189849853516,35.01276779174805,34.59574508666992,34.7574462890625,997928
2008-07-30,18.265838623046875,35.36170196533203,35.50638198852539,34.85957336425781,34.85957336425781,1445603
2008-07-31,18.015254974365234,34.87659454345703,35.22553253173828,34.323402404785156,35.01276779174805,2653855
2008-08-01,17.50092124938965,33.88085174560547,35.055320739746094,33.87234115600586,34.92766189575195,1605873
2008-08-04,17.448165893554688,33.778724670410156,34.04255294799805,33.62553024291992,33.70212936401367,1626083
2008-08-05,17.99327850341797,34.834041595458984,34.834041595458984,33.62553024291992,33.95744705200195,1615273
2008-08-06,17.874582290649414,34.60425567626953,35.055320739746094,34.47659683227539,34.72340393066406,1631605
2008-08-07,17.667964935302734,34.204254150390625,34.79148864746094,34.04255294799805,34.51914978027344,2573015
2008-08-08,18.015254974365234,34.87659454345703,34.91063690185547,34.11914825439453,34.37446975708008,1075713
2008-08-11,18.17791175842285,35.191490173339844,35.52340316772461,34.49361801147461,34.87659454345703,1717145
2008-08-12,18.120763778686523,35.08085250854492,35.34468078613281,34.85957336425781,34.91063690185547,914150
2008-08-13,18.22186851501465,35.27659606933594,35.455318450927734,34.86808395385742,35.09787368774414,714988
2008-08-14,18.142744064331055,35.12340545654297,35.35319137573242,34.62978744506836,35.1489372253418,648718
2008-08-15,18.33177947998047,35.48936080932617,36.58723449707031,35.055320739746094,35.20000076293945,826848
2008-08-18,18.59554100036621,36.0,36.085105895996094,35.591487884521484,35.62553024291992,1045398
2008-08-19,18.54718017578125,35.9063835144043,36.17021179199219,35.438297271728516,35.9063835144043,826378
2008-08-20,18.485639572143555,35.787235260009766,35.97446823120117,35.53191375732422,35.931915283203125,937415
2008-08-21,18.498825073242188,35.812767028808594,35.98297882080078,35.39574432373047,35.39574432373047,675978
2008-08-22,18.67906951904297,36.16170120239258,36.24680709838867,35.87234115600586,35.95744705200195,496085
2008-08-25,18.397720336914062,35.61701965332031,36.15319061279297,35.514892578125,36.051063537597656,824380
2008-08-26,18.428491592407227,35.676597595214844,35.778724670410156,35.37021255493164,35.574466705322266,747888
2008-08-27,18.674684524536133,36.15319061279297,36.28084945678711,35.54893493652344,35.69361877441406,771623
2008-08-28,18.76698875427246,36.33191680908203,36.35744857788086,36.068084716796875,36.29787063598633,2072230
2008-08-29,18.534000396728516,35.88085174560547,36.46808624267578,35.83829879760742,36.23829650878906,699243
2008-09-02,18.375736236572266,35.574466705322266,36.46808624267578,35.438297271728516,35.85531997680664,999338
2008-09-03,18.327377319335938,35.48085021972656,35.574466705322266,35.191490173339844,35.55744552612305,1030593
2008-09-04,18.30101203918457,35.429786682128906,35.599998474121094,35.1489372253418,35.36170196533203,1130233
2008-09-05,18.217477798461914,35.26808547973633,35.35319137573242,34.78297805786133,35.2425537109375,1167950
2008-09-08,18.951623916625977,36.689361572265625,36.689361572265625,35.55744552612305,35.574466705322266,1175588
2008-09-09,18.97800636291504,36.74042510986328,37.38723373413086,36.38298034667969,36.7574462890625,2095260
2008-09-10,19.131866455078125,37.038299560546875,37.327659606933594,36.680850982666016,36.825531005859375,1657925
2008-09-11,19.323232650756836,36.953189849853516,37.165958404541016,36.076595306396484,36.536170959472656,1517395
2008-09-12,19.421146392822266,37.14042663574219,37.36170196533203,36.64680862426758,36.79148864746094,891003
2008-09-15,19.136327743530273,36.59574508666992,37.40425491333008,36.29787063598633,36.434043884277344,1367230
2008-09-16,18.98055648803711,36.29787063598633,36.570213317871094,35.446807861328125,36.417022705078125,2898960
2008-09-17,18.29076385498047,34.978721618652344,36.12765884399414,34.961700439453125,35.795745849609375,1932640
2008-09-18,18.71354103088379,35.787235260009766,36.00851058959961,34.842552185058594,35.182979583740234,2706260
2008-09-19,18.838153839111328,36.02553176879883,37.60851287841797,34.697872161865234,36.01702117919922,2871818
2008-09-22,18.393115997314453,35.174468994140625,36.0,34.97021484375,36.0,1072188
2008-09-23,18.07269859313965,34.561702728271484,35.55744552612305,34.536170959472656,35.182979583740234,1155965
2008-09-24,18.17060089111328,34.74893569946289,34.9361686706543,34.195743560791016,34.536170959472656,966203
2008-09-25,18.29076385498047,34.978721618652344,35.37872314453125,34.74893569946289,34.978721618652344,1530203
2008-09-26,18.143903732299805,34.697872161865234,34.978721618652344,34.14468002319336,34.6638298034668,1575910
2008-09-29,17.538660049438477,33.54042434692383,34.46808624267578,33.21702194213867,34.348934173583984,2982268
2008-09-30,17.854629516601562,34.14468002319336,34.14468002319336,33.00425338745117,34.13616943359375,1565100
2008-10-01,18.11720085144043,34.64680862426758,34.825531005859375,33.65957260131836,33.88085174560547,1186515
2008-10-02,17.80122947692871,34.04255294799805,34.817020416259766,33.13191604614258,33.13191604614258,1426333
2008-10-03,17.543107986450195,33.54893493652344,34.64680862426758,33.22553253173828,34.44255447387695,2163293
2008-10-06,16.70200538635254,31.940425872802734,33.565956115722656,30.95319175720215,33.12340545654297,1525268
2008-10-07,16.087865829467773,30.76595687866211,32.65531921386719,30.7574462890625,32.212764739990234,1818313
2008-10-08,15.625029563903809,29.88085174560547,30.93617057800293,29.506383895874023,30.63829803466797,2296538
2008-10-09,14.240986824035645,27.23404312133789,30.042552947998047,27.23404312133789,29.821277618408203,2369035
2008-10-10,13.537834167480469,25.889362335205078,27.140426635742188,23.67659568786621,26.382978439331055,3961865
2008-10-13,15.064286231994629,28.80851173400879,28.842552185058594,25.957447052001953,27.200000762939453,1865548
2008-10-14,15.35800838470459,29.37021255493164,30.62127685546875,28.31489372253418,30.263830184936523,3875503
2008-10-15,14.436800003051758,27.608510971069336,29.565956115722656,27.07234001159668,29.285106658935547,2709080
2008-10-16,15.001985549926758,28.689361572265625,28.859573364257812,26.60425567626953,27.914894104003906,2607795
2008-10-17,14.98863410949707,28.663829803466797,30.093616485595703,27.565956115722656,28.144681930541992,1744405
2008-10-20,16.150161743164062,30.88510513305664,31.05531883239746,28.417020797729492,28.92765998840332,2115588
2008-10-21,15.487076759338379,29.617021560668945,31.182979583740234,29.319149017333984,30.646808624267578,1197208
2008-10-22,14.899629592895508,28.493616104125977,29.625532150268555,27.761701583862305,29.021276473999023,1568508
2008-10-23,15.090988159179688,28.859573364257812,30.238298416137695,27.67659568786621,28.723403930664062,2461860
2008-10-24,14.690457344055176,28.093616485595703,28.799999237060547,26.80851173400879,27.22553253173828,1648995
2008-10-27,14.405644416809082,27.54893684387207,28.723403930664062,27.23404312133789,27.69361686706543,1726193
2008-10-28,16.27477264404297,31.123403549194336,31.353191375732422,27.52340316772461,28.238298416137695,1881880
2008-10-29,15.522668838500977,29.68510627746582,31.123403549194336,29.140426635742188,30.893617630004883,1508230
2008-10-30,16.27477264404297,31.123403549194336,31.23404312133789,29.80425453186035,30.706382751464844,1281455
2008-10-31,15.709588050842285,30.042552947998047,31.412765502929688,29.761701583862305,31.06382942199707,2286903
2008-11-03,16.92006492614746,32.35744857788086,32.570213317871094,29.787233352661133,30.221277236938477,2657380
2008-11-04,16.96012306213379,32.434043884277344,33.01276779174805,32.0936164855957,33.00425338745117,2090678
2008-11-05,16.43053436279297,31.421276092529297,31.88085174560547,30.851064682006836,30.851064682006836,1819605
2008-11-06,15.807493209838867,30.229787826538086,31.49787139892578,29.88085174560547,31.148935317993164,1509993
2008-11-07,16.871112823486328,32.26382827758789,32.417022705078125,30.263830184936523,30.263830184936523,1645940
2008-11-10,16.225820541381836,31.029787063598633,32.76595687866211,30.60425567626953,32.74042510986328,1400365
2008-11-11,16.05225372314453,30.697872161865234,31.446809768676758,30.0,30.595745086669922,1476388
2008-11-12,15.5983304977417,29.82978630065918,30.374467849731445,29.617021560668945,30.076595306396484,1144803
2008-11-13,16.857770919799805,32.23829650878906,32.23829650878906,29.514894485473633,30.042552947998047,1979170
2008-11-14,16.36378288269043,31.293617248535156,32.7574462890625,30.842552185058594,31.770212173461914,1096628
2008-11-17,16.12346076965332,30.834043502807617,31.617021560668945,30.280851364135742,30.91914939880371,1291443
2008-11-18,16.15907096862793,30.902128219604492,31.353191375732422,29.855318069458008,30.706382751464844,1396605
2008-11-19,15.665078163146973,29.957447052001953,31.68510627746582,29.957447052001953,30.817020416259766,1212248
2008-11-20,14.953034400939941,28.595745086669922,30.3319149017334,28.127660751342773,29.67659568786621,1963073
2008-11-21,16.345977783203125,31.25957489013672,31.276596069335938,28.510637283325195,29.23404312133789,1998793
2008-11-24,15.95435619354248,30.510637283325195,31.81276512145996,30.255319595336914,31.753190994262695,1735475
2008-11-25,16.087865829467773,30.76595687866211,31.80425453186035,30.059574127197266,31.11489486694336,1755685
2008-11-26,16.18131446838379,30.94468116760254,30.95319175720215,30.051063537597656,30.11914825439453,1229873
2008-11-28,16.55068588256836,31.651063919067383,31.67659568786621,30.63829803466797,30.63829803466797,538855
2008-12-01,15.549373626708984,29.736169815063477,31.37021255493164,29.719148635864258,31.37021255493164,1091340
2008-12-02,15.86534309387207,30.340425491333008,30.510637283325195,29.514894485473633,29.957447052001953,976778
2008-12-03,16.05225372314453,30.697872161865234,30.723403930664062,29.600000381469727,29.80425453186035,986765
2008-12-04,14.957477569580078,28.60425567626953,30.646808624267578,28.102127075195312,30.365957260131836,1511520
2008-12-05,15.193353652954102,29.05531883239746,29.22553253173828,27.5744686126709,28.30638313293457,1447130
2008-12-08,15.402510643005371,29.455318450927734,29.940425872802734,29.04680824279785,29.6680850982666,1471453
2008-12-09,15.402510643005371,29.455318450927734,30.17021369934082,29.2425537109375,29.2425537109375,1376395
2008-12-10,15.651729583740234,29.931915283203125,30.45106315612793,29.55744743347168,29.948936462402344,1117308
2008-12-11,15.547807693481445,29.285106658935547,29.86383056640625,29.004255294799805,29.123403549194336,1576968
2008-12-12,15.561360359191895,29.310638427734375,29.353191375732422,28.417020797729492,28.995744705200195,1500945
2008-12-15,15.376099586486816,28.961702346801758,29.514894485473633,28.561702728271484,29.302127838134766,1175000
2008-12-16,15.94543170928955,30.034042358398438,30.034042358398438,29.038297653198242,29.05531883239746,1295203
2008-12-17,15.60202693939209,29.38723373413086,29.931915283203125,29.25957489013672,29.37021255493164,1017550
2008-12-18,15.665282249450684,29.506383895874023,30.15319061279297,29.25957489013672,29.53191566467285,1103325
2008-12-19,15.719507217407227,29.608510971069336,30.536169052124023,29.54042625427246,30.365957260131836,2287373
2008-12-22,15.8143949508667,29.787233352661133,30.051063537597656,29.285106658935547,29.38723373413086,1498360
2008-12-23,15.737584114074707,29.642553329467773,30.246809005737305,29.217021942138672,30.246809005737305,1459938
2008-12-24,15.809874534606934,29.778722763061523,30.17021369934082,29.565956115722656,29.659574508666992,339693
2008-12-26,15.895723342895508,29.940425872802734,30.127660751342773,29.744680404663086,29.88085174560547,329823
2008-12-29,16.017719268798828,30.17021369934082,30.178722381591797,29.727659225463867,29.957447052001953,784078
2008-12-30,16.17134666442871,30.45957374572754,30.45957374572754,29.889362335205078,30.17021369934082,1040228
2008-12-31,16.11712074279785,30.357446670532227,30.536169052124023,30.11914825439453,30.417020797729492,1057148
2009-01-02,16.361116409301758,30.817020416259766,30.961702346801758,30.255319595336914,30.74893569946289,816508
2009-01-05,16.528297424316406,31.131914138793945,31.268085479736328,30.382978439331055,30.680850982666016,1744288
2009-01-06,16.379192352294922,30.851064682006836,31.582979202270508,30.689361572265625,31.285106658935547,1991273
2009-01-07,16.130678176879883,30.382978439331055,30.88510513305664,30.161701202392578,30.63829803466797,1369933
2009-01-08,16.17586326599121,30.46808433532715,30.46808433532715,30.093616485595703,30.365957260131836,1275463
2009-01-09,16.08548927307129,30.29787254333496,30.680850982666016,30.093616485595703,30.61276626586914,975955
2009-01-12,16.153270721435547,30.4255313873291,30.63829803466797,30.221277236938477,30.340425491333008,1370168
2009-01-13,15.692394256591797,29.55744743347168,30.417020797729492,29.36170196533203,30.365957260131836,1294850
2009-01-14,15.43485164642334,29.07234001159668,29.327659606933594,28.62978744506836,29.327659606933594,1095923
2009-01-15,15.4981050491333,29.19148826599121,29.19148826599121,28.663829803466797,28.93617057800293,1330570
2009-01-16,15.70142936706543,29.5744686126709,29.906383514404297,29.200000762939453,29.37872314453125,1445603
2009-01-20,15.412257194519043,29.029787063598633,29.753190994262695,28.9106388092041,29.39574432373047,1622088
2009-01-21,15.484549522399902,29.165956497192383,29.412765502929688,28.510637283325195,29.412765502929688,1585310
2009-01-22,15.4981050491333,29.19148826599121,29.438297271728516,28.76595687866211,28.80851173400879,1388145
2009-01-23,15.236043930053711,28.697872161865234,28.902128219604492,28.18723487854004,28.80851173400879,1483085
2009-01-26,15.57491397857666,29.336170196533203,29.634042739868164,28.76595687866211,28.80851173400879,1083703
2009-01-27,15.954465866088867,30.051063537597656,30.19574546813965,29.2425537109375,29.404254913330078,1282630
2009-01-28,16.040315628051758,30.212766647338867,30.417020797729492,29.86383056640625,30.374467849731445,1074655
2009-01-29,15.782767295837402,29.727659225463867,30.587234497070312,29.591489791870117,29.897872924804688,1026245
2009-01-30,15.58847427368164,29.36170196533203,30.204254150390625,29.19148826599121,29.642553329467773,1672965
2009-02-02,15.611062049865723,29.404254913330078,29.608510971069336,28.902128219604492,29.11489486694336,1029888
2009-02-03,15.534252166748047,29.25957489013672,29.52340316772461,29.123403549194336,29.463830947875977,1256898
2009-02-04,15.597515106201172,29.37872314453125,29.54042625427246,29.07234001159668,29.438297271728516,1432913
2009-02-05,15.678834915161133,29.53191566467285,29.659574508666992,28.859573364257812,29.25106430053711,1487198
2009-02-06,15.796319007873535,29.753190994262695,30.00851058959961,29.182979583740234,29.429786682128906,1430798
2009-02-09,15.760169982910156,29.68510627746582,29.727659225463867,29.22553253173828,29.71063804626465,1144333
2009-02-10,15.127599716186523,28.493616104125977,29.68510627746582,28.374467849731445,29.489362716674805,1520333
2009-02-11,15.001081466674805,28.255319595336914,28.714893341064453,28.01702117919922,28.46808433532715,1594945
2009-02-12,14.811310768127441,27.897872924804688,28.13616943359375,27.293617248535156,28.076595306396484,1943098
2009-02-13,14.743531227111816,27.770212173461914,28.144681930541992,27.634042739868164,27.897872924804688,944465
2009-02-17,13.885034561157227,26.15319061279297,27.438297271728516,26.15319061279297,27.438297271728516,1684128
2009-02-18,13.799189567565918,25.99148941040039,26.3319149017334,25.761701583862305,26.3319149017334,1903265
2009-02-19,13.631999969482422,25.67659568786621,26.238298416137695,25.5744686126709,26.17021369934082,1227288
2009-02-20,13.27053451538086,24.995744705200195,25.651063919067383,24.63829803466797,25.642553329467773,2066238
2009-02-23,12.96780014038086,24.4255313873291,25.489362716674805,24.19574546813965,25.2425537109375,1979875
2009-02-24,13.202756881713867,24.868085861206055,25.04680824279785,23.80425453186035,23.957447052001953,2765128
2009-02-25,12.877429008483887,24.255319595336914,24.842552185058594,23.974468231201172,24.706382751464844,2573603
2009-02-26,12.51596736907959,23.5744686126709,24.561702728271484,23.489362716674805,24.417020797729492,1745110
2009-02-27,12.095752716064453,22.782978057861328,23.412765502929688,22.7574462890625,23.2425537109375,3167095
2009-03-02,11.458658218383789,21.582979202270508,22.62127685546875,21.53191566467285,22.391489028930664,2570430
2009-03-03,10.875782012939453,20.485105514526367,21.86383056640625,20.45106315612793,21.634042739868164,2548928
2009-03-04,11.210144996643066,21.11489486694336,21.404254913330078,20.28936195373535,20.74893569946289,2675710
2009-03-05,10.676976203918457,20.110637664794922,20.93617057800293,19.84680938720703,20.714893341064453,2460685
2009-03-06,10.86674976348877,20.46808433532715,20.74042510986328,19.889362335205078,20.263830184936523,1880235
2009-03-09,10.667938232421875,20.093616485595703,20.47659683227539,19.940425872802734,20.212766647338867,1597060
2009-03-10,11.052000045776367,20.817020416259766,20.9106388092041,20.229787826538086,20.417020797729492,2272920
2009-03-11,11.463177680969238,21.591489791870117,21.69361686706543,20.80851173400879,20.80851173400879,2752555
2009-03-12,11.656998634338379,21.49787139892578,21.5744686126709,20.902128219604492,21.37872314453125,2020178
2009-03-13,11.786212921142578,21.736169815063477,21.855318069458008,21.438297271728516,21.438297271728516,1988453
2009-03-16,11.993881225585938,22.11914825439453,22.63829803466797,21.872339248657227,21.872339248657227,1986808
2009-03-17,12.00772476196289,22.144681930541992,22.246809005737305,21.736169815063477,22.178722381591797,1709390
2009-03-18,12.423051834106445,22.9106388092041,23.05531883239746,21.80425453186035,21.965957641601562,1966833
2009-03-19,12.598417282104492,23.23404312133789,23.319149017333984,22.697872161865234,23.106382369995117,1703633
2009-03-20,12.552271842956543,23.148935317993164,23.719148635864258,23.0893611907959,23.37021255493164,1685890
2009-03-23,13.202958106994629,24.348936080932617,24.348936080932617,23.344680786132812,23.455318450927734,1397898
2009-03-24,12.907609939575195,23.80425453186035,24.357446670532227,23.582979202270508,24.11914825439453,1355715
2009-03-25,13.0645112991333,24.093616485595703,24.50212860107422,23.642553329467773,23.931915283203125,1701165
2009-03-26,13.212182998657227,24.365957260131836,24.365957260131836,23.736169815063477,24.246809005737305,1327868
2009-03-27,13.046052932739258,24.059574127197266,24.221277236938477,23.923404693603516,24.110637664794922,1074538
2009-03-30,12.750707626342773,23.514894485473633,23.770212173461914,23.148935317993164,23.68510627746582,1283100
2009-03-31,12.783014297485352,23.5744686126709,23.965957641601562,23.39574432373047,23.70212745666504,1779303
2009-04-01,12.824542045593262,23.651063919067383,23.71063804626465,23.25106430053711,23.319149017333984,1662390
2009-04-02,13.078353881835938,24.11914825439453,24.340425491333008,23.582979202270508,24.068084716796875,1406945
2009-04-03,13.170656204223633,24.28936195373535,24.340425491333008,23.931915283203125,24.161701202392578,1015553
2009-04-06,13.235265731811523,24.408510208129883,24.544681549072266,24.025531768798828,24.025531768798828,1323050
2009-04-07,13.004518508911133,23.98297882080078,24.32340431213379,23.931915283203125,24.085105895996094,1151853
2009-04-08,13.193727493286133,24.3319149017334,24.408510208129883,23.872339248657227,23.98297882080078,1226465
2009-04-09,13.322945594787598,24.570213317871094,24.93617057800293,24.272340774536133,24.92765998840332,1194975
2009-04-13,13.212182998657227,24.365957260131836,24.536169052124023,24.15319061279297,24.485105514526367,967143
2009-04-14,13.0645112991333,24.093616485595703,24.161701202392578,23.744680404663086,24.127660751342773,1627493
2009-04-15,13.290643692016602,24.510637283325195,24.519149780273438,23.98297882080078,24.102127075195312,1195680
2009-04-16,13.373701095581055,24.663829803466797,25.06382942199707,24.434043884277344,24.706382751464844,1009443
2009-04-17,13.401388168334961,24.714893341064453,24.893617630004883,24.544681549072266,24.672340393066406,982065
2009-04-20,13.304486274719238,24.536169052124023,24.851064682006836,24.246809005737305,24.4255313873291,933420
2009-04-21,13.115276336669922,24.18723487854004,24.851064682006836,24.144681930541992,24.485105514526367,1483438
2009-04-22,12.949142456054688,23.88085174560547,24.263830184936523,23.753190994262695,24.127660751342773,1573795
2009-04-23,12.889152526855469,23.770212173461914,23.923404693603516,23.54893684387207,23.88085174560547,1538663
2009-04-24,12.898378372192383,23.787233352661133,23.965957641601562,23.49787139892578,23.906383514404297,1095100
2009-04-27,13.0645112991333,24.093616485595703,24.31489372253418,23.53191566467285,23.54893684387207,1279340
2009-04-28,12.972217559814453,23.923404693603516,24.255319595336914,23.770212173461914,23.957447052001953,1000278
2009-04-29,13.198344230651855,24.340425491333008,24.44255256652832,23.821277618408203,23.88085174560547,920378
2009-04-30,13.645980834960938,25.165956497192383,26.00851058959961,24.680850982666016,25.106382369995117,2708023
2009-05-01,14.061312675476074,25.931915283203125,25.931915283203125,25.106382369995117,25.208511352539062,1123535
2009-05-04,14.033623695373535,25.88085174560547,26.19574546813965,25.634042739868164,25.99148941040039,1036703
2009-05-05,14.213604927062988,26.212766647338867,26.31489372253418,25.651063919067383,25.651063919067383,1460760
2009-05-06,14.278204917907715,26.3319149017334,26.60425567626953,26.110637664794922,26.357446670532227,2078223
2009-05-07,14.439725875854492,26.62978744506836,26.714893341064453,26.357446670532227,26.595745086669922,1359005
2009-05-08,14.605859756469727,26.93617057800293,27.472339630126953,26.799999237060547,26.978723526000977,1856853
2009-05-11,14.347429275512695,26.45957374572754,26.851064682006836,26.382978439331055,26.655319213867188,1467575
2009-05-12,14.342816352844238,26.45106315612793,26.62978744506836,26.15319061279297,26.561702728271484,1460173
2009-05-13,13.890564918518066,25.617021560668945,26.408510208129883,25.565956115722656,26.11914825439453,1312358
2009-05-14,13.807500839233398,25.463830947875977,25.855318069458008,25.2425537109375,25.70212745666504,1315413
2009-05-15,13.585986137390137,25.05531883239746,25.506383895874023,24.825532913208008,25.49787139892578,1486258
2009-05-18,13.692126274108887,25.25106430053711,25.5744686126709,24.834043502807617,25.344680786132812,1056325
2009-05-19,13.872101783752441,25.582979202270508,25.778722763061523,25.182979583740234,25.25106430053711,862333
2009-05-20,13.627516746520996,25.131914138793945,25.86383056640625,25.097871780395508,25.761701583862305,1314003
2009-05-21,13.392162322998047,24.697872161865234,24.95319175720215,24.553190231323242,24.817020416259766,866915
2009-05-22,13.442922592163086,24.791488647460938,25.0893611907959,24.60425567626953,24.706382751464844,626040
2009-05-26,13.899787902832031,25.634042739868164,25.634042739868164,24.595745086669922,24.689361572265625,1222823
2009-05-27,13.539843559265137,24.970212936401367,25.651063919067383,24.88510513305664,25.600000381469727,1007680
2009-05-28,13.955170631408691,25.736169815063477,25.88085174560547,25.04680824279785,25.208511352539062,1442665
2009-05-29,13.95978832244873,25.744680404663086,25.931915283203125,25.39574432373047,25.931915283203125,1529733
2009-06-01,14.564323425292969,26.859573364257812,26.92765998840332,25.974468231201172,25.99148941040039,1246793
2009-06-02,14.435110092163086,26.62127685546875,26.91914939880371,26.527660369873047,26.851064682006836,1871070
2009-06-03,14.278204917907715,26.3319149017334,26.689361572265625,26.15319061279297,26.655319213867188,1393080
2009-06-04,14.421262741088867,26.595745086669922,26.731914520263672,26.365957260131836,26.485105514526367,1186633
2009-06-05,14.54124927520752,26.817020416259766,27.04680824279785,26.434043884277344,26.74042510986328,1641358
2009-06-08,14.407422065734863,26.570213317871094,26.95319175720215,26.28936195373535,26.868085861206055,1234690
2009-06-09,14.259748458862305,26.29787254333496,26.697872161865234,26.051063537597656,26.61276626586914,1176410
2009-06-10,14.458182334899902,26.663829803466797,26.663829803466797,26.272340774536133,26.391489028930664,1439728
2009-06-11,14.800863265991211,26.834043502807617,27.04680824279785,26.212766647338867,26.365957260131836,1552058
2009-06-12,15.002708435058594,27.200000762939453,27.319149017333984,26.510637283325195,26.63829803466797,1067488
2009-06-15,14.664725303649902,26.587234497070312,27.07234001159668,26.399999618530273,26.978723526000977,1094160
2009-06-16,14.63187026977539,26.527660369873047,26.723403930664062,26.280851364135742,26.587234497070312,1247968
2009-06-17,14.716364860534668,26.680850982666016,27.004255294799805,26.391489028930664,26.485105514526367,1608575
2009-06-18,14.983939170837402,27.165956497192383,27.23404312133789,26.212766647338867,26.672340393066406,1225408
2009-06-19,14.692893028259277,26.63829803466797,27.38723373413086,26.61276626586914,27.336170196533203,1652050
2009-06-22,14.753918647766113,26.74893569946289,26.94468116760254,26.434043884277344,26.434043884277344,1710330
2009-06-23,14.472270965576172,26.238298416137695,26.80851173400879,26.127660751342773,26.80851173400879,1138810
2009-06-24,14.617791175842285,26.50212860107422,26.706382751464844,26.246809005737305,26.3319149017334,1113078
2009-06-25,14.96985912322998,27.140426635742188,27.182979583740234,26.255319595336914,26.4255313873291,1007093
2009-06-26,15.002708435058594,27.200000762939453,27.302127838134766,26.859573364257812,27.11489486694336,957860
2009-06-29,15.213955879211426,27.582979202270508,27.600000381469727,27.11489486694336,27.2425537109375,1000043
2009-06-30,15.021489143371582,27.23404312133789,27.53191566467285,26.9106388092041,27.53191566467285,1426685
2009-07-01,15.26559066772461,27.67659568786621,27.71063804626465,27.22553253173828,27.336170196533203,803935
2009-07-02,14.430017471313477,26.161701202392578,27.421276092529297,26.161701202392578,27.421276092529297,954100
2009-07-06,15.124763488769531,27.421276092529297,27.489362716674805,26.280851364135742,26.391489028930664,1686713
2009-07-07,14.721057891845703,26.689361572265625,27.514894485473633,26.646808624267578,27.514894485473633,1180288
2009-07-08,14.660030364990234,26.578723907470703,27.004255294799805,26.374467849731445,26.961702346801758,1101445
2009-07-09,14.664725303649902,26.587234497070312,26.7574462890625,26.238298416137695,26.646808624267578,822853
2009-07-10,14.486347198486328,26.263830184936523,26.544681549072266,26.034042358398438,26.493616104125977,1435263
2009-07-13,14.782083511352539,26.799999237060547,26.817020416259766,26.17021369934082,26.32340431213379,1080530
2009-07-14,14.951078414916992,27.106382369995117,27.106382369995117,26.553190231323242,26.88510513305664,907805
2009-07-15,15.29375171661377,27.727659225463867,27.753190994262695,27.208511352539062,27.327659606933594,1496128
2009-07-16,15.364164352416992,27.855318069458008,27.974468231201172,27.344680786132812,27.6680850982666,1055503
2009-07-17,15.307835578918457,27.753190994262695,27.872339248657227,27.463830947875977,27.84680938720703,912035
2009-07-20,15.387639045715332,27.897872924804688,27.957447052001953,27.54042625427246,27.957447052001953,601953
2009-07-21,15.528462409973145,28.15319061279297,28.229787826538086,27.855318069458008,28.229787826538086,648365
2009-07-22,15.514383316040039,28.127660751342773,28.357446670532227,27.974468231201172,28.110637664794922,679033
2009-07-23,15.974416732788086,28.961702346801758,29.021276473999023,27.98297882080078,28.093616485595703,1152323
2009-07-24,16.288925170898438,29.53191566467285,29.54042625427246,28.93617057800293,28.93617057800293,741660
2009-07-27,16.406286239624023,29.744680404663086,29.778722763061523,29.429786682128906,29.53191566467285,697363
2009-07-28,16.256072998046875,29.472339630126953,29.6680850982666,29.200000762939453,29.625532150268555,1039523
2009-07-29,16.11054229736328,29.208511352539062,29.5744686126709,28.9106388092041,29.25106430053711,1147858
2009-07-30,16.467309951782227,29.855318069458008,29.98297882080078,29.25106430053711,29.446809768676758,903928
2009-07-31,16.176267623901367,29.327659606933594,30.255319595336914,29.131914138793945,30.0,1675315
2009-08-03,16.0729923248291,29.140426635742188,29.642553329467773,28.961702346801758,29.310638427734375,973958
2009-08-04,16.063610076904297,29.123403549194336,29.310638427734375,28.95319175720215,29.04680824279785,677740
2009-08-05,15.918083190917969,28.859573364257812,29.268085479736328,28.689361572265625,29.19148826599121,850935
2009-08-06,15.880531311035156,28.791488647460938,29.021276473999023,28.63829803466797,29.021276473999023,750355
2009-08-07,16.157485961914062,29.293617248535156,29.421276092529297,28.791488647460938,29.021276473999023,779260
2009-08-10,16.0729923248291,29.140426635742188,29.25957489013672,28.825532913208008,29.25957489013672,688550
2009-08-11,16.01666259765625,29.038297653198242,29.123403549194336,28.88510513305664,29.11489486694336,706645
2009-08-12,15.988500595092773,28.987234115600586,29.23404312133789,28.791488647460938,28.961702346801758,1001805
2009-08-13,15.932168960571289,28.88510513305664,29.06382942199707,28.706382751464844,28.842552185058594,758110
2009-08-14,16.0119686126709,29.029787063598633,29.174467086791992,28.680850982666016,28.799999237060547,828375
2009-08-17,15.946252822875977,28.9106388092041,29.293617248535156,28.536169052124023,28.859573364257812,936358
2009-08-18,15.960336685180664,28.93617057800293,29.012765884399414,28.723403930664062,28.902128219604492,627920
2009-08-19,16.293621063232422,29.54042625427246,29.659574508666992,28.731914520263672,28.76595687866211,1163720
2009-08-20,16.326480865478516,29.600000381469727,29.659574508666992,29.208511352539062,29.608510971069336,819680
2009-08-21,16.589359283447266,30.076595306396484,30.093616485595703,29.591489791870117,29.787233352661133,1002980
2009-08-24,16.59404945373535,30.085105895996094,30.31489372253418,29.872339248657227,30.31489372253418,807460
2009-08-25,16.626916885375977,30.144681930541992,30.382978439331055,29.948936462402344,30.110637664794922,826260
2009-08-26,16.617530822753906,30.127660751342773,30.280851364135742,29.931915283203125,30.127660751342773,775030
2009-08-27,16.53302574157715,29.974468231201172,30.178722381591797,29.86383056640625,30.01702117919922,688315
2009-08-28,16.453224182128906,29.82978630065918,30.18723487854004,29.625532150268555,30.059574127197266,748945
2009-08-31,16.326480865478516,29.600000381469727,29.838298797607422,29.54893684387207,29.719148635864258,913445
2009-09-01,16.162185668945312,29.302127838134766,29.931915283203125,29.268085479736328,29.565956115722656,1034235
2009-09-02,16.044830322265625,29.0893611907959,29.39574432373047,28.9106388092041,29.19148826599121,1042225
2009-09-03,16.256072998046875,29.472339630126953,29.480850219726562,29.04680824279785,29.310638427734375,1001100
2009-09-04,16.3734188079834,29.68510627746582,29.68510627746582,29.293617248535156,29.55744743347168,650833
2009-09-08,16.406286239624023,29.744680404663086,29.889362335205078,29.659574508666992,29.838298797607422,793243
2009-09-09,16.443838119506836,29.81276512145996,30.093616485595703,29.719148635864258,29.778722763061523,1192508
2009-09-10,16.57996368408203,30.059574127197266,30.093616485595703,29.608510971069336,29.957447052001953,1074185
2009-09-11,16.486085891723633,29.889362335205078,30.11914825439453,29.787233352661133,30.085105895996094,803113
2009-09-14,16.772432327270508,30.408510208129883,30.45106315612793,29.872339248657227,29.923404693603516,1364763
2009-09-15,16.847532272338867,30.544681549072266,30.578723907470703,30.280851364135742,30.417020797729492,2254120
2009-09-16,17.086944580078125,30.978723526000977,31.029787063598633,30.45957374572754,30.723403930664062,1326810
2009-09-17,16.83448028564453,30.076595306396484,30.76595687866211,29.897872924804688,30.382978439331055,1477328
2009-09-18,16.791608810424805,30.0,30.348936080932617,29.86383056640625,30.17021369934082,1602935
2009-09-21,16.753498077392578,29.931915283203125,29.98297882080078,29.744680404663086,29.923404693603516,791480
2009-09-22,16.529598236083984,29.53191566467285,30.161701202392578,29.514894485473633,29.99148941040039,1123065
2009-09-23,16.66298484802246,29.770212173461914,30.348936080932617,29.608510971069336,29.625532150268555,1472980
2009-09-24,16.72968292236328,29.889362335205078,30.102127075195312,29.744680404663086,29.931915283203125,1013085
2009-09-25,16.68680763244629,29.81276512145996,30.068084716796875,29.787233352661133,29.872339248657227,544848
2009-09-28,16.872587203979492,30.144681930541992,30.280851364135742,29.855318069458008,29.855318069458008,416655
2009-09-29,16.94879913330078,30.280851364135742,30.348936080932617,29.99148941040039,30.15319061279297,678093
2009-09-30,16.73920440673828,29.906383514404297,30.29787254333496,29.81276512145996,30.272340774536133,1098155
2009-10-01,16.558185577392578,29.582979202270508,30.042552947998047,29.54893684387207,30.042552947998047,1238920
2009-10-02,16.215213775634766,28.970212936401367,29.5744686126709,28.93617057800293,29.446809768676758,1060673
2009-10-05,16.300962448120117,29.123403549194336,29.217021942138672,28.723403930664062,29.200000762939453,1152088
2009-10-06,16.467681884765625,29.421276092529297,29.421276092529297,28.93617057800293,29.157447814941406,1289798
2009-10-07,16.567710876464844,29.600000381469727,29.608510971069336,29.217021942138672,29.327659606933594,808988
2009-10-08,16.615345001220703,29.68510627746582,29.821277618408203,29.52340316772461,29.727659225463867,746125
2009-10-09,16.72968292236328,29.889362335205078,29.889362335205078,29.53191566467285,29.736169815063477,742953
2009-10-12,16.915449142456055,30.221277236938477,30.399999618530273,29.914894104003906,29.948936462402344,950340
2009-10-13,16.996431350708008,30.365957260131836,30.408510208129883,30.034042358398438,30.255319595336914,1618563
2009-10-14,17.129819869995117,30.60425567626953,30.63829803466797,30.246809005737305,30.527660369873047,1425393
2009-10-15,17.30607032775879,30.91914939880371,30.970212936401367,30.4255313873291,30.595745086669922,1271585
2009-10-16,17.401338577270508,31.0893611907959,31.268085479736328,30.578723907470703,30.578723907470703,1580728
2009-10-19,18.053953170776367,32.25531768798828,32.76595687866211,30.876596450805664,31.11489486694336,4767915
2009-10-20,18.415985107421875,32.90212631225586,32.91063690185547,32.212764739990234,32.544681549072266,4348323
2009-10-21,18.38739776611328,32.8510627746582,33.25106430053711,32.425533294677734,32.85957336425781,2478780
2009-10-22,18.392169952392578,32.85957336425781,32.98723220825195,32.45957565307617,32.8510627746582,1359240
2009-10-23,18.030128479003906,32.212764739990234,33.055320739746094,32.13616943359375,32.97021484375,1119893
2009-10-26,17.887224197387695,31.957447052001953,32.62127685546875,31.795745849609375,32.23829650878906,1574735
2009-10-27,18.068241119384766,32.28084945678711,32.62127685546875,32.04255294799805,32.04255294799805,1420693
2009-10-28,17.915807723999023,32.00851058959961,32.33191680908203,31.84680938720703,32.31489562988281,1510698
2009-10-29,18.330238342285156,32.74893569946289,32.77446746826172,31.744680404663086,32.0936164855957,2139558
2009-10-30,17.615703582763672,31.472339630126953,32.689361572265625,31.39574432373047,32.689361572265625,2947723
2009-11-02,17.6490421295166,31.53191566467285,31.727659225463867,31.19148826599121,31.591489791870117,1569330
2009-11-03,17.906282424926758,31.99148941040039,32.02553176879883,31.327659606933594,31.429786682128906,1873185
2009-11-04,17.97297477722168,32.11063766479492,32.6638298034668,31.940425872802734,32.085105895996094,1787528
2009-11-05,18.358821868896484,32.79999923706055,32.834041595458984,32.22978591918945,32.22978591918945,1330805
2009-11-06,18.2635498046875,32.62978744506836,32.9361686706543,32.45106506347656,32.65531921386719,1312828
2009-11-09,18.66844940185547,33.35319137573242,33.39574432373047,32.74893569946289,32.76595687866211,2015360
2009-11-10,18.716094970703125,33.438297271728516,33.565956115722656,33.165958404541016,33.26808547973633,1260305
2009-11-11,18.820880889892578,33.62553024291992,33.8212776184082,33.463829040527344,33.60851287841797,1186868
2009-11-12,18.79230308532715,33.574466705322266,34.076595306396484,33.438297271728516,33.455318450927734,2082100
2009-11-13,18.901866912841797,33.77021408081055,33.87234115600586,33.47233963012695,33.69361877441406,1767318
2009-11-16,19.149564743041992,34.212764739990234,34.24680709838867,33.84680938720703,33.940425872802734,1588248
2009-11-17,19.15433692932129,34.221275329589844,34.485107421875,34.15319061279297,34.29787063598633,1379568
2009-11-18,19.18292236328125,34.2723388671875,34.63829803466797,34.11914825439453,34.187232971191406,1995268
2009-11-19,18.982845306396484,33.914894104003906,34.1787223815918,33.68510437011719,34.04255294799805,1479325
2009-11-20,18.901866912841797,33.77021408081055,33.97446823120117,33.65957260131836,33.787235260009766,1927940
2009-11-23,19.120986938476562,34.16170120239258,34.417022705078125,33.948936462402344,33.948936462402344,935183
2009-11-24,19.18292236328125,34.2723388671875,34.38298034667969,34.0,34.28084945678711,1325518
2009-11-25,19.335351943969727,34.544681549072266,34.6638298034668,34.221275329589844,34.323402404785156,1534668
2009-11-27,18.973323822021484,33.89787292480469,34.35744857788086,33.6340446472168,34.02553176879883,537210
2009-11-30,19.106700897216797,34.13616943359375,34.23829650878906,33.85531997680664,33.86383056640625,1202495
2009-12-01,19.530656814575195,34.89361572265625,34.92766189575195,34.434043884277344,34.434043884277344,1563338
2009-12-02,19.94985580444336,35.64255142211914,35.68510437011719,34.689361572265625,34.91063690185547,2607678
2009-12-03,20.064184188842773,35.84680938720703,36.204254150390625,35.582977294921875,35.70212936401367,1607048
2009-12-04,20.087997436523438,35.88936233520508,36.26382827758789,35.446807861328125,36.24680709838867,1870718
2009-12-07,20.311874389648438,36.289363861083984,36.50212860107422,35.8212776184082,35.98297882080078,1683658
2009-12-08,20.297590255737305,36.26382827758789,36.30638122558594,35.75319290161133,36.16170120239258,1244913
2009-12-09,20.364290237426758,36.38298034667969,36.46808624267578,36.068084716796875,36.195743560791016,1265123
2009-12-10,20.583412170410156,36.77446746826172,36.961700439453125,36.3659553527832,36.51063919067383,1054093
2009-12-11,20.93592071533203,37.40425491333008,37.49787139892578,36.65531921386719,36.79999923706055,1377688
2009-12-14,21.040712356567383,37.591487884521484,37.73617172241211,37.40425491333008,37.676597595214844,1059850
2009-12-15,20.9311580657959,37.39574432373047,37.52340316772461,37.055320739746094,37.52340316772461,1334683
2009-12-16,20.869232177734375,37.28510665893555,37.591487884521484,37.10638427734375,37.591487884521484,1882350
2009-12-17,20.483476638793945,36.15319061279297,36.7574462890625,36.11063766479492,36.7574462890625,2217460
2009-12-18,20.72456169128418,36.5787239074707,36.61276626586914,36.00851058959961,36.221275329589844,1911490
2009-12-21,20.878870010375977,36.8510627746582,36.91063690185547,36.71489334106445,36.79999923706055,1405535
2009-12-22,20.91262435913086,36.91063690185547,37.046810150146484,36.73191452026367,36.8510627746582,1326928
2009-12-23,21.182649612426758,37.38723373413086,37.41276550292969,36.8510627746582,36.8510627746582,1146918
2009-12-24,21.491249084472656,37.931915283203125,37.95744705200195,37.40425491333008,37.40425491333008,455195
2009-12-28,21.525007247924805,37.99148941040039,38.187232971191406,37.795745849609375,37.948936462402344,589733
2009-12-29,21.505720138549805,37.95744705200195,38.26382827758789,37.914894104003906,38.085105895996094,836130
2009-12-30,21.385173797607422,37.74468231201172,37.98297882080078,37.599998474121094,37.86383056640625,867268
2009-12-31,21.018705368041992,37.09787368774414,38.0,37.09787368774414,37.787235260009766,901460
2010-01-04,20.994596481323242,37.055320739746094,37.6340446472168,36.97021484375,37.36170196533203,1670380
2010-01-05,20.758331298828125,36.63829803466797,37.26808547973633,36.37446975708008,36.944679260253906,2499460
2010-01-06,20.84511947631836,36.79148864746094,37.10638427734375,36.61276626586914,36.63829803466797,1799865
2010-01-07,20.652240753173828,36.45106506347656,36.85957336425781,36.26382827758789,36.78297805786133,1421985
2010-01-08,20.81136131286621,36.73191452026367,36.79148864746094,36.12765884399414,36.33191680908203,1114840
2010-01-11,21.105493545532227,37.25106430053711,37.25957489013672,36.62978744506836,36.961700439453125,1445015
2010-01-12,21.08620834350586,37.21702194213867,37.48085021972656,36.85957336425781,37.09787368774414,2752790
2010-01-13,21.274261474609375,37.54893493652344,37.599998474121094,37.26808547973633,37.4212760925293,1315530
2010-01-14,21.356237411499023,37.69361877441406,37.74468231201172,37.302127838134766,37.565956115722656,1187925
2010-01-15,21.182649612426758,37.38723373413086,37.599998474121094,36.961700439453125,37.599998474121094,1586955
2010-01-19,21.375524520874023,37.7276611328125,37.804256439208984,37.39574432373047,37.48085021972656,1320935
2010-01-20,21.158536911010742,37.34468078613281,37.48936080932617,36.88510513305664,37.310638427734375,1771900
2010-01-21,20.661874771118164,36.46808624267578,37.591487884521484,36.323402404785156,37.25957489013672,2405578
2010-01-22,20.280948638916016,35.795745849609375,36.485107421875,35.75319290161133,36.434043884277344,2405108
2010-01-25,20.57026481628418,36.30638122558594,36.536170959472656,35.66808319091797,36.14468002319336,1970123
2010-01-26,20.753503799438477,36.62978744506836,36.89361572265625,36.0936164855957,36.0936164855957,1914780
2010-01-27,20.613666534423828,36.38298034667969,36.536170959472656,35.95744705200195,36.536170959472656,1268530
2010-01-28,20.444894790649414,36.085105895996094,36.45106506347656,35.95744705200195,36.434043884277344,1263360
2010-01-29,20.27130126953125,35.778724670410156,36.400001525878906,35.77021408081055,36.25531768798828,1533258
2010-02-01,20.5461483001709,36.26382827758789,36.26382827758789,35.591487884521484,35.940425872802734,1231870
2010-02-02,20.74867820739746,36.62127685546875,36.63829803466797,35.812767028808594,36.221275329589844,954100
2010-02-03,20.579914093017578,36.323402404785156,36.62978744506836,36.1787223815918,36.544681549072266,626393
2010-02-04,20.1314640045166,35.53191375732422,36.22978591918945,35.53191375732422,36.076595306396484,1522565
2010-02-05,20.145933151245117,35.55744552612305,35.62553024291992,35.10638427734375,35.47233963012695,2456925
2010-02-08,20.010923385620117,35.319149017333984,35.75319290161133,35.25957489013672,35.60851287841797,1477328
2010-02-09,20.25201988220215,35.74468231201172,36.23829650878906,35.39574432373047,35.71915054321289,1545948
2010-02-10,20.22791290283203,35.70212936401367,35.98297882080078,35.429786682128906,35.77021408081055,1269823
2010-02-11,20.41114044189453,36.02553176879883,36.03404235839844,35.157447814941406,35.582977294921875,1041403
2010-02-12,20.22791290283203,35.70212936401367,35.84680938720703,35.40425491333008,35.7276611328125,1303545
2010-02-16,20.767967224121094,36.65531921386719,36.65531921386719,35.940425872802734,36.00851058959961,968435
2010-02-17,20.67635154724121,36.49361801147461,36.8510627746582,36.38298034667969,36.842552185058594,1098038
2010-02-18,21.018705368041992,37.09787368774414,37.11489486694336,36.35744857788086,36.35744857788086,1364293
2010-02-19,21.505720138549805,37.95744705200195,38.212764739990234,36.961700439453125,36.961700439453125,3291528
2010-02-22,21.515361785888672,37.97446823120117,38.289363861083984,37.84680938720703,38.02553176879883,1488725
2010-02-23,21.21157455444336,37.438297271728516,37.97446823120117,37.34468078613281,37.82978820800781,2186088
2010-02-24,21.34177589416504,37.66808319091797,37.7276611328125,37.08085250854492,37.55744552612305,1455120
2010-02-25,21.192298889160156,37.40425491333008,37.438297271728516,36.7574462890625,37.327659606933594,1512108
2010-02-26,20.936725616455078,36.953189849853516,37.53191375732422,36.89361572265625,37.40425491333008,1457000
2010-03-01,21.36588478088379,37.710636138916016,37.76170349121094,37.157447814941406,37.20000076293945,1552058
2010-03-02,21.529829025268555,38.0,38.11063766479492,37.83829879760742,37.89787292480469,1133640
2010-03-03,21.500890731811523,37.948936462402344,38.49361801147461,37.914894104003906,38.14468002319336,1657808
2010-03-04,21.553937911987305,38.04255294799805,38.14468002319336,37.71915054321289,38.0936164855957,1174413
2010-03-05,21.7178897857666,38.33191680908203,38.417022705078125,38.02553176879883,38.204254150390625,1260893
2010-03-08,21.621437072753906,38.16170120239258,38.38298034667969,38.11063766479492,38.28084945678711,1360768
2010-03-09,21.669654846191406,38.24680709838867,38.289363861083984,37.88085174560547,37.96595764160156,1840990
2010-03-10,21.606983184814453,38.13616943359375,38.25531768798828,37.77021408081055,38.221275329589844,1577673
2010-03-11,21.655200958251953,38.221275329589844,38.221275329589844,37.931915283203125,38.059574127197266,769155
2010-03-12,21.63589859008789,38.187232971191406,38.417022705078125,37.88936233520508,38.37446975708008,872673
2010-03-15,21.727529525756836,38.348934173583984,38.37446975708008,38.059574127197266,38.0936164855957,1168773
2010-03-16,21.992725372314453,38.817020416259766,38.834041595458984,38.2723388671875,38.35744857788086,1089108
2010-03-17,22.093994140625,38.99574661254883,39.08936309814453,38.6638298034668,38.92766189575195,1492250
2010-03-18,22.020814895629883,38.417022705078125,38.553192138671875,38.323402404785156,38.47659683227539,1368053
2010-03-19,22.001304626464844,38.38298034667969,38.60425567626953,38.0936164855957,38.38298034667969,1584605
2010-03-22,21.933006286621094,38.26382827758789,38.3659553527832,38.076595306396484,38.22978591918945,927310
2010-03-23,22.089111328125,38.536170959472656,38.570213317871094,38.10212707519531,38.24680709838867,1227053
2010-03-24,21.97203826904297,38.33191680908203,38.570213317871094,38.2723388671875,38.45957565307617,2112650
2010-03-25,21.801292419433594,38.03404235839844,38.561702728271484,37.98297882080078,38.49361801147461,1382505
2010-03-26,21.806161880493164,38.04255294799805,38.33191680908203,37.795745849609375,38.04255294799805,1321053
2010-03-29,22.137889862060547,38.62127685546875,38.62127685546875,38.12765884399414,38.195743560791016,860218
2010-03-30,22.050086975097656,38.46808624267578,38.7574462890625,38.400001525878906,38.58723449707031,1305308
2010-03-31,21.757389068603516,37.95744705200195,38.38298034667969,37.804256439208984,38.35744857788086,1805740
2010-04-01,22.137889862060547,38.62127685546875,38.74042510986328,38.04255294799805,38.04255294799805,924490
2010-04-05,22.318395614624023,38.9361686706543,38.9361686706543,38.536170959472656,38.689361572265625,796180
2010-04-06,22.67450714111328,39.55744552612305,39.565956115722656,38.30638122558594,38.74042510986328,1099918
2010-04-07,22.4989013671875,39.25106430053711,39.62553024291992,39.038299560546875,39.55744552612305,731438
2010-04-08,22.38181495666504,39.046810150146484,39.21702194213867,38.89361572265625,39.20851135253906,919908
2010-04-09,22.4989013671875,39.25106430053711,39.25957489013672,38.73191452026367,39.14042663574219,809458
2010-04-12,22.562314987182617,39.36170196533203,39.54893493652344,39.26808547973633,39.40425491333008,750120
2010-04-13,22.45498275756836,39.174468994140625,39.36170196533203,38.89361572265625,39.35319137573242,633678
2010-04-14,22.435468673706055,39.14042663574219,39.182979583740234,38.79148864746094,39.182979583740234,1187573
2010-04-15,22.4989013671875,39.25106430053711,39.446807861328125,38.825531005859375,39.14042663574219,1334095
2010-04-16,22.264728546142578,38.842552185058594,39.327659606933594,38.46808624267578,39.191490173339844,1780125
2010-04-19,22.391572952270508,39.0638313293457,39.21702194213867,38.71489334106445,38.71489334106445,1469690
2010-04-20,22.542797088623047,39.327659606933594,39.40425491333008,39.11489486694336,39.293617248535156,1034705
2010-04-21,22.840373992919922,39.84680938720703,39.923404693603516,39.310638427734375,39.327659606933594,1595180
2010-04-22,23.055025100708008,40.221275329589844,40.28084945678711,39.52340316772461,39.69361877441406,1442665
2010-04-23,23.381874084472656,40.79148864746094,40.834041595458984,40.00851058959961,40.25531768798828,1348548
2010-04-26,23.19648551940918,40.46808624267578,40.825531005859375,40.434043884277344,40.697872161865234,1027420
2010-04-27,22.864768981933594,39.88936233520508,40.5787239074707,39.76170349121094,40.2723388671875,1362648
2010-04-28,23.5574951171875,41.09787368774414,41.26808547973633,40.00851058959961,40.1787223815918,2242135
2010-04-29,23.450164794921875,40.91063690185547,41.52340316772461,40.85957336425781,41.23404312133789,1802920
2010-04-30,23.498952865600586,40.99574661254883,41.514892578125,40.8510627746582,41.021278381347656,1798220
2010-05-03,23.859939575195312,41.62553024291992,41.74468231201172,40.97021484375,41.11489486694336,1518570
2010-05-04,23.48431968688965,40.97021484375,41.38723373413086,40.79148864746094,41.1489372253418,2038978
2010-05-05,23.24039649963379,40.544681549072266,41.055320739746094,40.348934173583984,40.79999923706055,1615743
2010-05-06,22.70865821838379,39.61701965332031,40.570213317871094,36.59574508666992,40.400001525878906,2867823
2010-05-07,22.289125442504883,38.88510513305664,39.89787292480469,38.71489334106445,39.591487884521484,3092013
2010-05-10,23.123321533203125,40.34042739868164,40.50212860107422,39.70212936401367,40.221275329589844,1644648
2010-05-11,23.279422760009766,40.61276626586914,41.11489486694336,39.85531997680664,39.98297882080078,1261833
2010-05-12,23.391632080078125,40.808509826660156,40.99574661254883,40.400001525878906,40.64680862426758,1121890
2010-05-13,23.31357192993164,40.672340393066406,41.22553253173828,40.51063919067383,40.689361572265625,1581785
2010-05-14,23.07453155517578,40.25531768798828,40.74042510986328,40.051063537597656,40.45957565307617,1916660
2010-05-17,23.22088623046875,40.51063919067383,40.65531921386719,39.795745849609375,40.25531768798828,1287213
2010-05-18,23.011117935180664,40.14468002319336,41.07233810424805,40.085105895996094,40.90212631225586,1824775
2010-05-19,22.679384231567383,39.565956115722656,40.12765884399414,39.27659606933594,39.87234115600586,1023425
2010-05-20,22.001304626464844,38.38298034667969,39.27659606933594,38.29787063598633,38.73191452026367,2189730
2010-05-21,22.142772674560547,38.62978744506836,38.62978744506836,37.60851287841797,37.85531997680664,2326265
2010-05-24,21.884220123291016,38.1787223815918,38.74893569946289,38.0936164855957,38.23829650878906,1030710
2010-05-25,21.825681686401367,38.076595306396484,38.10212707519531,36.842552185058594,37.39574432373047,2398410
2010-05-26,21.728116989135742,37.9063835144043,38.62127685546875,37.804256439208984,38.26382827758789,1896685
2010-05-27,22.191556930541992,38.71489334106445,38.7574462890625,38.187232971191406,38.536170959472656,974428
2010-05-28,22.201311111450195,38.73191452026367,39.1489372253418,38.63829803466797,38.74893569946289,1130115
2010-06-01,21.908615112304688,38.221275329589844,38.97021484375,38.221275329589844,38.485107421875,1340440
2010-06-02,22.254972457885742,38.825531005859375,38.87659454345703,38.051063537597656,38.46808624267578,2631178
2010-06-03,22.391572952270508,39.0638313293457,39.165958404541016,38.61276626586914,39.01276779174805,1577085
2010-06-04,21.669572830200195,37.804256439208984,38.570213317871094,37.65957260131836,38.37446975708008,1807268
2010-06-07,21.6842098236084,37.82978820800781,38.30638122558594,37.438297271728516,37.8212776184082,1913605
2010-06-08,21.98666763305664,38.35744857788086,38.44255447387695,37.582977294921875,37.931915283203125,2186793
2010-06-09,22.011064529418945,38.400001525878906,39.01276779174805,38.22978591918945,38.536170959472656,2415918
2010-06-10,22.508651733398438,39.26808547973633,39.34468078613281,38.78297805786133,38.8510627746582,1631135
2010-06-11,22.48426055908203,39.22553253173828,39.302127838134766,38.61276626586914,38.953189849853516,1721023
2010-06-14,22.684267044067383,39.574466705322266,39.914894104003906,39.49787139892578,39.574466705322266,1039170
2010-06-15,23.298938751220703,40.64680862426758,40.689361572265625,39.812767028808594,40.0,1686008
2010-06-16,23.53310203552246,41.055320739746094,41.38723373413086,40.45957565307617,40.46808624267578,1610690
2010-06-17,23.848773956298828,41.1489372253418,41.20000076293945,40.37446975708008,40.62127685546875,2188673
2010-06-18,23.848773956298828,41.1489372253418,41.25106430053711,40.92766189575195,41.25106430053711,1883525
2010-06-21,23.69093894958496,40.87659454345703,41.54042434692383,40.65531921386719,41.463829040527344,796063
2010-06-22,23.187820434570312,40.00851058959961,41.01276779174805,39.87234115600586,40.944679260253906,1033883
2010-06-23,22.941192626953125,39.582977294921875,40.15319061279297,39.40425491333008,39.96595764160156,1284745
2010-06-24,22.946130752563477,39.591487884521484,40.076595306396484,39.41276550292969,39.48936080932617,1305660
2010-06-25,22.951068878173828,39.599998474121094,39.87234115600586,39.09787368774414,39.574466705322266,1238920
2010-06-28,23.07931137084961,39.8212776184082,39.96595764160156,39.310638427734375,39.60851287841797,766453
2010-06-29,22.5022029876709,38.825531005859375,39.47233963012695,38.680850982666016,39.429786682128906,1313650
2010-06-30,22.497264862060547,38.817020416259766,39.36170196533203,38.60425567626953,38.842552185058594,2342363
2010-07-01,22.235843658447266,38.3659553527832,38.98723220825195,38.23829650878906,38.689361572265625,1594828
2010-07-02,22.428211212158203,38.697872161865234,38.92766189575195,38.348934173583984,38.45957565307617,1470160
2010-07-06,22.650171279907227,39.08085250854492,39.37021255493164,38.71489334106445,38.89361572265625,1265240
2010-07-07,23.355527877807617,40.29787063598633,40.30638122558594,39.02978515625,39.22553253173828,1669323
2010-07-08,23.380191802978516,40.34042739868164,40.63829803466797,40.187232971191406,40.52766036987305,1302135
2010-07-09,23.54296875,40.62127685546875,40.65531921386719,40.076595306396484,40.29787063598633,1125533
2010-07-12,23.513364791870117,40.570213317871094,40.78297805786133,40.26382827758789,40.45957565307617,663288
2010-07-13,23.73039436340332,40.944679260253906,41.1489372253418,40.65531921386719,40.8510627746582,1085700
2010-07-14,23.636690139770508,40.78297805786133,40.86808395385742,40.408512115478516,40.808509826660156,1463580
2010-07-15,23.794519424438477,41.055320739746094,41.1489372253418,40.51914978027344,40.842552185058594,1262655
2010-07-16,23.24700164794922,40.11063766479492,40.961700439453125,40.03404235839844,40.9361686706543,1603640
2010-07-19,23.51829719543457,40.5787239074707,40.697872161865234,39.88936233520508,40.11914825439453,844003
2010-07-20,23.557756423950195,40.64680862426758,40.6638298034668,39.66808319091797,39.89787292480469,1881058
2010-07-21,23.099029541015625,39.85531997680664,40.74042510986328,39.599998474121094,40.74042510986328,1617388
2010-07-22,23.52816390991211,40.59574508666992,40.706382751464844,40.01702117919922,40.076595306396484,1198970
2010-07-23,23.705734252929688,40.90212631225586,40.92766189575195,40.289363861083984,40.61276626586914,943173
2010-07-26,23.868501663208008,41.182979583740234,41.182979583740234,40.77446746826172,41.021278381347656,1324578
2010-07-27,24.154600143432617,41.676597595214844,41.70212936401367,41.08085250854492,41.28510665893555,3223965
2010-07-28,24.00663185119629,41.4212760925293,41.676597595214844,41.23404312133789,41.53191375732422,1345375
2010-07-29,23.75507164001465,40.98723220825195,41.75319290161133,40.71489334106445,41.65957260131836,1250435
2010-07-30,22.768566131591797,39.28510665893555,40.204254150390625,38.808509826660156,38.808509826660156,3980665
2010-08-02,22.946130752563477,39.591487884521484,39.948936462402344,39.1489372253418,39.651065826416016,2372678
2010-08-03,22.82773780822754,39.38723373413086,39.582977294921875,39.25957489013672,39.40425491333008,1744993
2010-08-04,22.911603927612305,39.53191375732422,39.6340446472168,39.14042663574219,39.463829040527344,1821368
2010-08-05,23.07931137084961,39.8212776184082,39.86383056640625,39.293617248535156,39.39574432373047,1293205
2010-08-06,23.099029541015625,39.85531997680664,39.96595764160156,39.327659606933594,39.651065826416016,1823718
2010-08-09,23.34566879272461,40.28084945678711,40.73191452026367,39.914894104003906,39.95744705200195,1407415
2010-08-10,23.316076278686523,40.22978591918945,40.434043884277344,39.68510437011719,40.01702117919922,1940395
2010-08-11,22.803085327148438,39.34468078613281,39.82978820800781,39.293617248535156,39.82978820800781,1412115
2010-08-12,22.778419494628906,39.302127838134766,39.64255142211914,38.44255447387695,38.44255447387695,1504823
2010-08-13,22.793214797973633,39.327659606933594,39.710636138916016,39.055320739746094,39.09787368774414,938590
2010-08-16,22.891874313354492,39.49787139892578,39.55744552612305,38.808509826660156,39.13191604614258,1401070
2010-08-17,22.990516662597656,39.66808319091797,39.87234115600586,39.54042434692383,39.778724670410156,2428490
2010-08-18,22.906667709350586,39.52340316772461,39.7276611328125,39.21702194213867,39.71915054321289,2526485
2010-08-19,22.62057876586914,39.02978515625,39.463829040527344,38.72340393066406,39.429786682128906,1433265
2010-08-20,22.645252227783203,39.07233810424805,39.1489372253418,38.544681549072266,38.672340393066406,1123418
2010-08-23,22.768566131591797,39.28510665893555,39.64255142211914,39.09787368774414,39.157447814941406,857633
2010-08-24,22.763628005981445,39.27659606933594,39.574466705322266,38.842552185058594,38.92766189575195,1247028
2010-08-25,22.768566131591797,39.28510665893555,39.4212760925293,38.73191452026367,39.038299560546875,2620015
2010-08-26,22.758699417114258,39.26808547973633,39.69361877441406,39.157447814941406,39.35319137573242,1243855
2010-08-27,23.24700164794922,40.11063766479492,40.212764739990234,39.11489486694336,39.463829040527344,1343143
2010-08-30,22.995452880859375,39.676597595214844,40.23829650878906,39.6340446472168,39.96595764160156,876315
2010-08-31,23.10890007019043,39.87234115600586,40.04255294799805,39.27659606933594,39.599998474121094,1717968
2010-09-01,23.59228515625,40.706382751464844,40.817020416259766,40.076595306396484,40.16170120239258,2051903
2010-09-02,23.394981384277344,40.3659553527832,40.8510627746582,40.14468002319336,40.8510627746582,1212013
2010-09-03,23.44924545288086,40.45957565307617,40.672340393066406,40.17021179199219,40.61276626586914,1130468
2010-09-07,23.27167320251465,40.15319061279297,40.34042739868164,39.914894104003906,40.17021179199219,3905113
2010-09-08,23.15822410583496,39.95744705200195,40.29787063598633,39.812767028808594,40.195743560791016,3711708
2010-09-09,23.232213973999023,40.085105895996094,40.29787063598633,39.98297882080078,40.25531768798828,1048688
2010-09-10,23.414716720581055,40.400001525878906,40.47659683227539,39.71915054321289,40.01702117919922,1889165
2010-09-13,23.597227096557617,40.71489334106445,40.817020416259766,40.323402404785156,40.63829803466797,1487080
2010-09-14,23.79945945739746,41.0638313293457,41.182979583740234,40.51914978027344,40.62978744506836,1774133
2010-09-15,23.769859313964844,41.01276779174805,41.20851135253906,40.7574462890625,40.7574462890625,2093263
2010-09-16,23.300748825073242,39.73617172241211,40.46808624267578,39.582977294921875,40.46808624267578,1889870
2010-09-17,23.111114501953125,39.41276550292969,40.051063537597656,39.34468078613281,39.940425872802734,2598043
2010-09-20,23.23088264465332,39.61701965332031,39.75319290161133,39.37872314453125,39.41276550292969,1732303
2010-09-21,22.951414108276367,39.14042663574219,39.73617172241211,38.944679260253906,39.66808319091797,3100708
2010-09-22,23.016292572021484,39.25106430053711,39.54042434692383,38.978721618652344,38.98723220825195,1655575
2010-09-23,22.691905975341797,38.697872161865234,39.182979583740234,38.64680862426758,39.08085250854492,1369110
2010-09-24,22.876556396484375,39.01276779174805,39.319149017333984,38.87659454345703,38.944679260253906,1287213
2010-09-27,22.961395263671875,39.157447814941406,39.26808547973633,38.79148864746094,39.08936309814453,1368640
2010-09-28,22.946426391601562,39.13191604614258,39.22553253173828,38.72340393066406,39.191490173339844,1602935
2010-09-29,23.03626251220703,39.28510665893555,39.35319137573242,38.92766189575195,39.00425338745117,1447718
2010-09-30,22.921466827392578,39.08936309814453,39.64255142211914,38.953189849853516,39.48936080932617,1541600
2010-10-01,23.195947647094727,39.55744552612305,39.7276611328125,39.08085250854492,39.3361701965332,2127573
2010-10-04,23.126079559326172,39.438297271728516,39.76170349121094,39.28510665893555,39.50638198852539,1297905
2010-10-05,23.460447311401367,40.00851058959961,40.03404235839844,39.54893493652344,39.75319290161133,1676138
2010-10-06,23.385595321655273,39.88085174560547,40.221275329589844,39.73617172241211,40.01702117919922,1134110
2010-10-07,23.37062644958496,39.85531997680664,40.14468002319336,39.76170349121094,40.02553176879883,1074303
2010-10-08,23.56525230407715,40.187232971191406,40.26382827758789,39.86383056640625,39.940425872802734,1243033
2010-10-11,23.675037384033203,40.37446975708008,40.561702728271484,40.16170120239258,40.16170120239258,849290
2010-10-12,23.445476531982422,39.98297882080078,40.323402404785156,39.86383056640625,40.323402404785156,1011558
2010-10-13,23.500362396240234,40.076595306396484,40.289363861083984,40.01702117919922,40.22978591918945,1516338
2010-10-14,23.39557647705078,39.89787292480469,40.29787063598633,39.76170349121094,40.076595306396484,695835
2010-10-15,23.51036262512207,40.0936164855957,40.24680709838867,39.8212776184082,40.221275329589844,2449053
2010-10-18,23.590211868286133,40.22978591918945,40.400001525878906,40.02553176879883,40.02553176879883,716398
2010-10-19,23.405548095703125,39.914894104003906,40.37446975708008,39.74468231201172,39.87234115600586,1149620
2010-10-20,23.59518814086914,40.23829650878906,40.51063919067383,39.82978820800781,39.931915283203125,842945
2010-10-21,23.45046615600586,39.99148941040039,40.50212860107422,39.75319290161133,40.37446975708008,656590
2010-10-22,23.420515060424805,39.940425872802734,40.204254150390625,39.65957260131836,40.12765884399414,1035645
2010-10-25,23.365629196166992,39.84680938720703,40.2723388671875,39.812767028808594,40.14468002319336,988528
2010-10-26,23.48041534423828,40.04255294799805,40.085105895996094,39.64255142211914,39.70212936401367,991348
2010-10-27,23.485401153564453,40.051063537597656,40.068084716796875,39.55744552612305,39.914894104003906,778673
2010-10-28,23.580217361450195,40.212764739990234,40.35744857788086,39.85531997680664,40.187232971191406,961385
2010-10-29,23.33568000793457,39.795745849609375,39.97446823120117,39.582977294921875,39.914894104003906,1242445
2010-11-01,22.79172134399414,38.86808395385742,40.204254150390625,38.62127685546875,39.88085174560547,1578143
2010-11-02,23.111114501953125,39.41276550292969,39.463829040527344,39.055320739746094,39.157447814941406,1220943
2010-11-03,23.126079559326172,39.438297271728516,39.582977294921875,39.12340545654297,39.37021255493164,919320
2010-11-04,23.505373001098633,40.085105895996094,40.11914825439453,39.651065826416016,39.71915054321289,968905
2010-11-05,23.37062644958496,39.85531997680664,40.187232971191406,39.795745849609375,40.0936164855957,638848
2010-11-08,23.195947647094727,39.55744552612305,39.83829879760742,39.157447814941406,39.68510437011719,756700
2010-11-09,23.101139068603516,39.39574432373047,39.89787292480469,39.25106430053711,39.582977294921875,1183930
2010-11-10,22.941434860229492,39.12340545654297,39.38723373413086,39.01276779174805,39.37021255493164,1037878
2010-11-11,22.991336822509766,39.20851135253906,39.25106430053711,38.944679260253906,38.944679260253906,889710
2010-11-12,22.811676025390625,38.90212631225586,39.08085250854492,38.73191452026367,39.021278381347656,785723
2010-11-15,22.81667709350586,38.91063690185547,39.23404312133789,38.91063690185547,38.953189849853516,838363
2010-11-16,22.512250900268555,38.39148712158203,38.90212631225586,38.11914825439453,38.808509826660156,1063845
2010-11-17,22.442380905151367,38.2723388671875,38.61276626586914,38.212764739990234,38.434043884277344,742248
2010-11-18,22.61205291748047,38.561702728271484,38.62127685546875,38.29787063598633,38.58723449707031,706058
2010-11-19,22.811676025390625,38.90212631225586,39.1489372253418,38.51914978027344,38.61276626586914,2006548
2010-11-22,22.896528244018555,39.046810150146484,39.07233810424805,38.62978744506836,38.73191452026367,1060320
2010-11-23,22.5272216796875,38.417022705078125,38.825531005859375,38.33191680908203,38.79999923706055,1403303
2010-11-24,22.64699363708496,38.62127685546875,38.706382751464844,38.417022705078125,38.672340393066406,772093
2010-11-26,22.507266998291016,38.38298034667969,38.65531921386719,38.14468002319336,38.434043884277344,829315
2010-11-29,22.36253547668457,38.13616943359375,38.13616943359375,37.676597595214844,38.11063766479492,1343025
2010-11-30,22.232778549194336,37.914894104003906,38.204254150390625,37.74468231201172,37.83829879760742,4083243
2010-12-01,22.656980514526367,38.63829803466797,38.706382751464844,38.24680709838867,38.2723388671875,3654015
2010-12-02,22.72184944152832,38.74893569946289,38.825531005859375,38.30638122558594,38.52766036987305,3568358
2010-12-03,22.746795654296875,38.79148864746094,38.79999923706055,38.37446975708008,38.61276626586914,749415
2010-12-06,22.607072830200195,38.553192138671875,38.8510627746582,38.553192138671875,38.72340393066406,2030753
2010-12-07,22.686922073364258,38.689361572265625,39.25957489013672,38.60425567626953,38.808509826660156,1336798
2010-12-08,22.59210777282715,38.52766036987305,38.85957336425781,38.47659683227539,38.6638298034668,1135755
2010-12-09,22.79172134399414,38.86808395385742,38.978721618652344,38.536170959472656,38.65531921386719,922963
2010-12-10,23.01129722595215,39.2425537109375,39.302127838134766,38.9361686706543,38.978721618652344,933303
2010-12-13,23.061206817626953,39.327659606933594,39.463829040527344,38.944679260253906,39.4212760925293,1204963
2010-12-14,23.041248321533203,39.293617248535156,39.651065826416016,39.2425537109375,39.455318450927734,875728
2010-12-15,22.661968231201172,38.64680862426758,39.37021255493164,38.60425567626953,39.28510665893555,1594123
2010-12-16,22.76177215576172,38.817020416259766,38.90212631225586,38.50212860107422,38.64680862426758,1112725
2010-12-17,22.641996383666992,38.61276626586914,38.72340393066406,38.24680709838867,38.680850982666016,2087740
2010-12-20,22.76177215576172,38.817020416259766,38.9361686706543,38.544681549072266,38.78297805786133,1000513
2010-12-21,22.72184944152832,38.74893569946289,39.038299560546875,38.672340393066406,38.9361686706543,936123
2010-12-22,22.934062957763672,38.62978744506836,38.63829803466797,38.24680709838867,38.408512115478516,653065
2010-12-23,22.979537963867188,38.706382751464844,38.817020416259766,38.570213317871094,38.63829803466797,599485
2010-12-27,22.78249168395996,38.37446975708008,38.680850982666016,38.348934173583984,38.672340393066406,822500
2010-12-28,22.822904586791992,38.44255447387695,38.49361801147461,38.25531768798828,38.49361801147461,625923
2010-12-29,22.848173141479492,38.485107421875,38.570213317871094,38.33191680908203,38.38298034667969,582800
2010-12-30,22.92901039123535,38.62127685546875,38.7574462890625,38.417022705078125,38.417022705078125,893470
2010-12-31,22.898691177368164,38.570213317871094,38.74042510986328,38.45106506347656,38.62127685546875,971960
2011-01-03,23.02500343322754,38.78297805786133,38.91063690185547,38.570213317871094,38.77446746826172,917558
2011-01-04,23.15638542175293,39.00425338745117,39.08085250854492,38.58723449707031,38.89361572265625,1030358
2011-01-05,23.16142463684082,39.01276779174805,39.14042663574219,38.79999923706055,38.88510513305664,1276755
2011-01-06,23.07553482055664,38.86808395385742,38.92766189575195,38.44255447387695,38.92766189575195,1464873
2011-01-07,23.414060592651367,39.438297271728516,39.446807861328125,38.817020416259766,38.9361686706543,1744875
2011-01-10,23.31301498413086,39.26808547973633,39.37021255493164,38.99574661254883,39.25957489013672,1727838
2011-01-11,23.464595794677734,39.52340316772461,39.73617172241211,39.28510665893555,39.3361701965332,1694233
2011-01-12,23.575756072998047,39.710636138916016,39.85531997680664,39.565956115722656,39.778724670410156,747418
2011-01-13,23.606077194213867,39.76170349121094,39.89787292480469,39.591487884521484,39.65957260131836,1256428
2011-01-14,23.67176055908203,39.87234115600586,39.95744705200195,39.64255142211914,39.74468231201172,1125768
2011-01-18,23.70206642150879,39.923404693603516,40.03404235839844,39.66808319091797,40.03404235839844,1197913
2011-01-19,23.525226593017578,39.62553024291992,39.948936462402344,39.54042434692383,39.940425872802734,802525
2011-01-20,23.621225357055664,39.787235260009766,40.0,39.599998474121094,39.6340446472168,963970
2011-01-21,23.505008697509766,39.591487884521484,40.0,39.582977294921875,39.97446823120117,2351058
2011-01-24,23.697021484375,39.914894104003906,39.923404693603516,39.582977294921875,39.65957260131836,808165
2011-01-25,23.69196891784668,39.9063835144043,39.97446823120117,39.64255142211914,39.87234115600586,814510
2011-01-26,23.510072708129883,39.599998474121094,40.13616943359375,39.565956115722656,39.940425872802734,845648
2011-01-27,23.752592086791992,40.00851058959961,40.11914825439453,39.565956115722656,39.651065826416016,869030
2011-01-28,23.35344123840332,39.3361701965332,40.10212707519531,39.27659606933594,40.00851058959961,885715
2011-01-31,23.373653411865234,39.37021255493164,39.6340446472168,39.34468078613281,39.36170196533203,1015905
2011-02-01,23.560585021972656,39.68510437011719,39.70212936401367,39.438297271728516,39.6340446472168,705000
2011-02-02,23.358484268188477,39.34468078613281,39.54893493652344,39.26808547973633,39.50638198852539,995930
2011-02-03,23.424179077148438,39.455318450927734,39.53191375732422,39.165958404541016,39.25106430053711,667635
2011-02-04,23.39385223388672,39.40425491333008,39.53191375732422,39.20000076293945,39.4212760925293,846235
2011-02-07,23.40900993347168,39.429786682128906,39.66808319091797,39.327659606933594,39.446807861328125,849643
2011-02-08,23.469655990600586,39.53191375732422,39.71915054321289,39.4212760925293,39.48936080932617,1395548
2011-02-09,23.737445831298828,39.98297882080078,40.29787063598633,39.39574432373047,39.47233963012695,1517865
2011-02-10,23.69196891784668,39.9063835144043,40.187232971191406,39.7276611328125,39.83829879760742,903928
2011-02-11,23.717220306396484,39.948936462402344,40.01702117919922,39.64255142211914,39.804256439208984,941763
2011-02-14,23.56564712524414,39.69361877441406,39.940425872802734,39.48936080932617,39.87234115600586,721685
2011-02-15,23.61617660522461,39.778724670410156,39.923404693603516,39.52340316772461,39.53191375732422,650010
2011-02-16,23.595966339111328,39.74468231201172,39.99148941040039,39.61701965332031,39.8212776184082,774913
2011-02-17,23.67176055908203,39.87234115600586,40.0,39.65957260131836,39.65957260131836,717338
2011-02-18,23.813222885131836,40.11063766479492,40.289363861083984,39.87234115600586,39.914894104003906,1064903
2011-02-22,23.469655990600586,39.53191375732422,40.0936164855957,39.48936080932617,39.7276611328125,1517865
2011-02-23,23.525226593017578,39.62553024291992,39.82978820800781,39.54042434692383,39.54893493652344,1216478
2011-02-24,23.55554962158203,39.676597595214844,39.88085174560547,39.565956115722656,39.69361877441406,1360415
2011-02-25,23.737445831298828,39.98297882080078,40.00851058959961,39.591487884521484,39.77021408081055,925078
2011-02-28,23.78797149658203,40.068084716796875,40.46808624267578,39.88085174560547,40.03404235839844,1120598
2011-03-01,23.570697784423828,39.70212936401367,40.434043884277344,39.6340446472168,40.204254150390625,1118483
2011-03-02,23.72227668762207,39.95744705200195,39.98297882080078,39.514892578125,39.7276611328125,1131760
2011-03-03,24.04060935974121,40.49361801147461,40.61276626586914,39.97446823120117,40.16170120239258,3477060
2011-03-04,24.111337661743164,40.61276626586914,40.61276626586914,40.13616943359375,40.425533294677734,4060918
2011-03-07,24.29828643798828,40.92766189575195,41.10638427734375,40.6638298034668,40.6638298034668,4267835
2011-03-08,24.606496810913086,41.446807861328125,41.514892578125,40.97021484375,41.0638313293457,2418385
2011-03-09,24.843976974487305,41.84680938720703,41.914894104003906,41.27659606933594,41.302127838134766,2109830
2011-03-10,24.515554428100586,41.293617248535156,42.00851058959961,41.28510665893555,41.599998474121094,2028755
2011-03-11,24.753023147583008,41.69361877441406,41.75319290161133,41.26808547973633,41.463829040527344,1351838
2011-03-14,24.490291595458984,41.25106430053711,41.446807861328125,40.86808395385742,41.36170196533203,1875183
2011-03-15,24.34375762939453,41.00425338745117,41.10638427734375,40.51914978027344,40.553192138671875,4115673
2011-03-16,24.086069107055664,40.570213317871094,41.08936309814453,40.45957565307617,41.01276779174805,3329128
2011-03-17,24.15765380859375,40.212764739990234,40.63829803466797,40.00851058959961,40.485107421875,1806915
2011-03-18,24.0451717376709,40.02553176879883,40.60425567626953,39.87234115600586,40.544681549072266,1940160
2011-03-21,24.387723922729492,40.59574508666992,40.61276626586914,40.221275329589844,40.37446975708008,1248320
2011-03-22,24.29568862915039,40.44255447387695,40.706382751464844,40.34042739868164,40.58723449707031,1144215
2011-03-23,24.270132064819336,40.400001525878906,40.59574508666992,40.15319061279297,40.417022705078125,1132583
2011-03-24,24.382606506347656,40.58723449707031,40.7574462890625,40.26382827758789,40.63829803466797,841653
2011-03-25,24.42862892150879,40.6638298034668,40.87659454345703,40.44255447387695,40.59574508666992,739663
2011-03-28,24.29058265686035,40.434043884277344,41.09787368774414,40.434043884277344,40.76595687866211,950575
2011-03-29,24.59223175048828,40.9361686706543,40.978721618652344,40.417022705078125,40.485107421875,1211543
2011-03-30,25.04726219177246,41.69361877441406,41.795745849609375,41.055320739746094,41.055320739746094,1741585
2011-03-31,25.03192901611328,41.66808319091797,41.940425872802734,41.37872314453125,41.69361877441406,1441725
2011-04-01,25.23644256591797,42.00851058959961,42.059574127197266,41.795745849609375,41.795745849609375,1061025
2011-04-04,25.241548538208008,42.01702117919922,42.10212707519531,41.88936233520508,42.059574127197266,778438
2011-04-05,25.30290985107422,42.11914825439453,42.28084945678711,41.9063835144043,41.9063835144043,1266768
2011-04-06,25.379596710205078,42.24680709838867,42.51063919067383,42.17021179199219,42.204254150390625,988410
2011-04-07,25.308019638061523,42.12765884399414,42.33191680908203,42.00851058959961,42.22978591918945,1064903
2011-04-08,25.159746170043945,41.88085174560547,42.31489562988281,41.53191375732422,42.24680709838867,885598
2011-04-11,24.914325714111328,41.47233963012695,42.059574127197266,41.319149017333984,41.95744705200195,1007328
2011-04-12,24.720048904418945,41.1489372253418,41.52340316772461,40.99574661254883,41.37872314453125,865623
2011-04-13,24.786514282226562,41.25957489013672,41.52340316772461,41.182979583740234,41.2425537109375,1193683
2011-04-14,24.730289459228516,41.165958404541016,41.25957489013672,40.90212631225586,41.046810150146484,1085935
2011-04-15,25.22620391845703,41.99148941040039,42.11063766479492,41.302127838134766,41.34468078613281,1287330
2011-04-18,24.950124740600586,41.53191375732422,41.98297882080078,41.38723373413086,41.651065826416016,991465
2011-04-19,24.89899253845215,41.446807861328125,41.70212936401367,41.4212760925293,41.60851287841797,687493
2011-04-20,25.256881713867188,42.04255294799805,42.1787223815918,41.76170349121094,41.8212776184082,825908
2011-04-21,25.292673110961914,42.10212707519531,42.17021179199219,41.86383056640625,42.0936164855957,617580
2011-04-25,25.262004852294922,42.051063537597656,42.15319061279297,41.74468231201172,42.15319061279297,948578
2011-04-26,24.98590660095215,41.591487884521484,42.221275329589844,41.046810150146484,42.085105895996094,2810718
2011-04-27,25.369367599487305,42.22978591918945,42.34042739868164,41.582977294921875,41.70212936401367,1273583
2011-04-28,25.54319953918457,42.51914978027344,42.553192138671875,42.11914825439453,42.13616943359375,1359005
2011-04-29,25.83462142944336,43.00425338745117,43.046810150146484,42.38298034667969,42.47659683227539,1452065
2011-05-02,26.12093734741211,43.48085021972656,43.54893493652344,43.08085250854492,43.08085250854492,1681425
2011-05-03,26.310108184814453,43.795745849609375,43.96595764160156,43.2425537109375,43.40425491333008,2857130
2011-05-04,26.315223693847656,43.804256439208984,43.84680938720703,43.37021255493164,43.54893493652344,1633015
2011-05-05,25.993114471435547,43.26808547973633,43.65957260131836,43.08085250854492,43.651065826416016,1138575
2011-05-06,26.156728744506836,43.54042434692383,43.98297882080078,43.327659606933594,43.97446823120117,885480
2011-05-09,26.172067642211914,43.565956115722656,43.651065826416016,43.165958404541016,43.455318450927734,1219885
2011-05-10,26.58107566833496,44.24680709838867,44.39148712158203,43.651065826416016,43.710636138916016,1317645
2011-05-11,26.55552101135254,44.204254150390625,44.425533294677734,43.97446823120117,44.17021179199219,1979875
2011-05-12,26.816267013549805,44.63829803466797,44.706382751464844,44.085105895996094,44.12765884399414,856575
2011-05-13,26.862295150756836,44.71489334106445,44.86808395385742,44.3659553527832,44.63829803466797,1116603
2011-05-16,26.611764907836914,44.29787063598633,44.91914749145508,44.22978591918945,44.50212860107422,994638
2011-05-17,26.64754867553711,44.35744857788086,44.62127685546875,44.0,44.28084945678711,1122243
2011-05-18,26.422588348388672,43.98297882080078,44.37446975708008,43.778724670410156,44.37446975708008,1270645
2011-05-19,26.540185928344727,44.1787223815918,44.221275329589844,43.931915283203125,44.076595306396484,929543
2011-05-20,26.535078048706055,44.17021179199219,44.39148712158203,43.88085174560547,44.085105895996094,1037995
2011-05-23,26.315223693847656,43.804256439208984,44.16170120239258,43.75319290161133,43.804256439208984,1123065
2011-05-24,26.33566665649414,43.83829879760742,44.10212707519531,43.710636138916016,43.795745849609375,983710
2011-05-25,26.136274337768555,43.50638198852539,43.70212936401367,43.23404312133789,43.651065826416016,1217770
2011-05-26,26.095369338989258,43.438297271728516,43.49787139892578,43.07233810424805,43.38723373413086,987705
2011-05-27,26.136274337768555,43.50638198852539,43.73617172241211,43.3361701965332,43.62553024291992,620048
2011-05-31,26.39191246032715,43.931915283203125,43.98297882080078,43.54042434692383,43.89787292480469,1611748
2011-06-01,25.998228073120117,43.27659606933594,43.89787292480469,43.27659606933594,43.76170349121094,888653
2011-06-02,25.926668167114258,43.157447814941406,43.302127838134766,42.72340393066406,43.293617248535156,1003685
2011-06-03,25.69658088684082,42.77446746826172,43.01276779174805,42.46808624267578,42.553192138671875,630505
2011-06-06,25.56365203857422,42.553192138671875,42.7574462890625,42.37446975708008,42.7574462890625,599133
2011-06-07,25.54319953918457,42.51914978027344,42.90212631225586,42.51063919067383,42.62127685546875,803348
2011-06-08,25.451168060302734,42.3659553527832,42.62978744506836,42.051063537597656,42.408512115478516,1279105
2011-06-09,25.343801498413086,42.187232971191406,42.417022705078125,41.99148941040039,42.31489562988281,1154908
2011-06-10,25.22620391845703,41.99148941040039,42.24680709838867,41.96595764160156,42.0936164855957,1062905
2011-06-13,25.394935607910156,42.2723388671875,42.46808624267578,41.87234115600586,42.02553176879883,871850
2011-06-14,25.461400985717773,42.38298034667969,42.680850982666016,42.28084945678711,42.51063919067383,1264065
2011-06-15,25.267108917236328,42.059574127197266,42.51063919067383,41.914894104003906,42.1787223815918,1284393
2011-06-16,25.36439323425293,41.71915054321289,41.77021408081055,41.40425491333008,41.651065826416016,1500240
2011-06-17,25.478219985961914,41.9063835144043,42.11063766479492,41.77021408081055,41.940425872802734,1443018
2011-06-20,25.483400344848633,41.914894104003906,41.98297882080078,41.429786682128906,41.75319290161133,999925
2011-06-21,25.71107292175293,42.289363861083984,42.536170959472656,41.87234115600586,42.051063537597656,1266298
2011-06-22,25.467870712280273,41.88936233520508,42.1787223815918,41.82978820800781,42.076595306396484,918733
2011-06-23,25.193634033203125,41.438297271728516,41.591487884521484,41.13191604614258,41.52340316772461,1134933
2011-06-24,25.37474822998047,41.73617172241211,42.0,41.50638198852539,41.55744552612305,1390848
2011-06-27,25.602401733398438,42.11063766479492,42.1787223815918,41.7276611328125,41.7276611328125,808283
2011-06-28,25.731761932373047,42.323402404785156,42.58723449707031,42.085105895996094,42.14468002319336,879370
2011-06-29,25.866302490234375,42.544681549072266,42.60425567626953,42.31489562988281,42.47659683227539,869500
2011-06-30,25.88182258605957,42.570213317871094,42.64680862426758,42.323402404785156,42.5787239074707,651420
2011-07-01,26.28541374206543,43.23404312133789,43.27659606933594,42.61276626586914,42.6638298034668,863978
2011-07-05,26.187097549438477,43.07233810424805,43.38723373413086,42.98723220825195,43.23404312133789,883835
2011-07-06,26.13018035888672,42.978721618652344,43.1489372253418,42.74893569946289,42.85957336425781,741308
2011-07-07,26.202621459960938,43.09787368774414,43.302127838134766,42.961700439453125,43.302127838134766,657648
2011-07-08,26.062925338745117,42.86808395385742,42.953189849853516,42.62978744506836,42.72340393066406,663170
2011-07-11,25.721406936645508,42.30638122558594,42.52766036987305,42.212764739990234,42.45106506347656,705823
2011-07-12,25.876657485961914,42.561702728271484,42.85957336425781,42.24680709838867,42.289363861083984,882308
2011-07-13,25.757633209228516,42.3659553527832,42.8510627746582,42.29787063598633,42.77446746826172,880545
2011-07-14,25.799034118652344,42.434043884277344,42.697872161865234,42.323402404785156,42.45957565307617,1377570
2011-07-15,26.04222869873047,42.834041595458984,42.86808395385742,42.323402404785156,42.697872161865234,1533258
2011-07-18,25.762815475463867,42.37446975708008,42.817020416259766,42.10212707519531,42.817020416259766,1067018
2011-07-19,25.897340774536133,42.59574508666992,42.63829803466797,42.076595306396484,42.434043884277344,944348
2011-07-20,26.140535354614258,42.99574661254883,43.0638313293457,42.50212860107422,42.62127685546875,877490
2011-07-21,26.740745544433594,43.98297882080078,44.11063766479492,43.046810150146484,43.20000076293945,1375220
2011-07-22,26.507905960083008,43.599998474121094,43.940425872802734,43.52340316772461,43.7276611328125,755173
2011-07-25,26.533794403076172,43.64255142211914,43.778724670410156,43.191490173339844,43.25106430053711,682793
2011-07-26,26.4303035736084,43.47233963012695,43.70212936401367,43.3361701965332,43.70212936401367,639905
2011-07-27,26.238845825195312,43.157447814941406,43.47233963012695,43.046810150146484,43.41276550292969,882778
2011-07-28,26.326812744140625,43.302127838134766,43.948936462402344,42.90212631225586,43.62553024291992,1322228
2011-07-29,25.788684844970703,42.417022705078125,43.11489486694336,42.323402404785156,42.99574661254883,1382153
2011-08-01,25.524795532226562,41.98297882080078,42.88510513305664,41.77021408081055,42.808509826660156,1468750
2011-08-02,25.04358673095703,41.191490173339844,41.87234115600586,41.191490173339844,41.804256439208984,1325635
2011-08-03,25.08497428894043,41.25957489013672,41.302127838134766,40.65531921386719,41.182979583740234,1502238
2011-08-04,24.365739822387695,40.076595306396484,41.174468994140625,40.076595306396484,40.87659454345703,2060245
2011-08-05,24.38644790649414,40.11063766479492,40.62978744506836,39.319149017333984,40.44255447387695,2870760
2011-08-08,22.782421112060547,37.47233963012695,39.82978820800781,37.319149017333984,39.327659606933594,2650918
2011-08-09,23.71896743774414,39.01276779174805,39.046810150146484,36.78297805786133,37.71915054321289,4811390
2011-08-10,23.372285842895508,38.44255447387695,39.4212760925293,38.1787223815918,38.35744857788086,2942788
2011-08-11,24.520980834960938,40.33191680908203,40.76595687866211,38.425533294677734,38.561702728271484,2358225
2011-08-12,24.293315887451172,39.95744705200195,40.72340393066406,39.74468231201172,40.50212860107422,1814788
2011-08-15,25.022891998291016,41.157447814941406,41.21702194213867,40.16170120239258,40.195743560791016,1623380
2011-08-16,24.95562744140625,41.046810150146484,41.157447814941406,40.544681549072266,40.817020416259766,1510933
2011-08-17,25.06427764892578,41.22553253173828,41.76170349121094,41.10638427734375,41.21702194213867,1273465
2011-08-18,24.712427139282227,40.64680862426758,40.88510513305664,40.204254150390625,40.561702728271484,2242253
2011-08-19,24.58307456970215,40.434043884277344,40.817020416259766,40.15319061279297,40.323402404785156,1818665
2011-08-22,24.453718185424805,40.221275329589844,41.046810150146484,40.11914825439453,40.9361686706543,1776835
2011-08-23,25.322996139526367,41.651065826416016,41.651065826416016,40.14468002319336,40.3659553527832,2609675
2011-08-24,25.835248947143555,42.49361801147461,42.553192138671875,41.52340316772461,41.70212936401367,1732538
2011-08-25,25.540328979492188,42.00851058959961,42.59574508666992,41.61701965332031,42.58723449707031,1858028
2011-08-26,25.545488357543945,42.01702117919922,42.25531768798828,40.91914749145508,41.75319290161133,1392610
2011-08-29,26.006006240844727,42.77446746826172,42.79148864746094,42.28084945678711,42.47659683227539,819563
2011-08-30,25.954248428344727,42.689361572265625,42.91914749145508,42.45957565307617,42.6638298034668,1828300
2011-08-31,26.16122817993164,43.02978515625,43.22553253173828,42.697872161865234,42.79999923706055,1196855
2011-09-01,25.861112594604492,42.536170959472656,43.2425537109375,42.485107421875,43.165958404541016,1267355
2011-09-02,25.685195922851562,42.24680709838867,42.536170959472656,41.948936462402344,42.22978591918945,1180875
2011-09-06,25.28676986694336,41.591487884521484,41.651065826416016,40.89361572265625,41.34468078613281,1391083
2011-09-07,25.617931365966797,42.13616943359375,42.1787223815918,41.7276611328125,41.948936462402344,1141630
2011-09-08,25.561017990112305,42.04255294799805,42.58723449707031,41.940425872802734,42.04255294799805,2097140
2011-09-09,25.079809188842773,41.25106430053711,41.795745849609375,40.98723220825195,41.7276611328125,2194078
2011-09-12,25.452354431152344,41.86383056640625,41.87234115600586,40.90212631225586,40.99574661254883,4955210
2011-09-13,25.63344383239746,42.16170120239258,42.204254150390625,41.565956115722656,42.0,1610808
2011-09-14,25.674842834472656,42.22978591918945,42.65531921386719,41.82978820800781,42.289363861083984,1672613
2011-09-15,26.228849411010742,42.62978744506836,42.62978744506836,41.651065826416016,42.00851058959961,2598748
2011-09-16,26.474956512451172,43.02978515625,43.302127838134766,42.697872161865234,42.697872161865234,1710095
2011-09-19,26.359756469726562,42.842552185058594,42.99574661254883,42.39148712158203,42.39148712158203,1296965
2011-09-20,26.70013427734375,43.39574432373047,44.25531768798828,42.99574661254883,43.0638313293457,1688593
2011-09-21,25.91990852355957,42.12765884399414,43.327659606933594,42.12765884399414,43.327659606933594,1633838
2011-09-22,25.2025203704834,40.961700439453125,41.582977294921875,40.697872161865234,41.055320739746094,2060128
2011-09-23,25.380569458007812,41.25106430053711,41.463829040527344,40.90212631225586,40.90212631225586,1735240
2011-09-26,25.720924377441406,41.804256439208984,41.85531997680664,41.182979583740234,41.66808319091797,2340718
2011-09-27,25.851831436157227,42.01702117919922,42.51914978027344,41.83829879760742,42.068084716796875,1435380
2011-09-28,25.427682876586914,41.327659606933594,42.29787063598633,41.25106430053711,41.99148941040039,1408825
2011-09-29,25.89373016357422,42.085105895996094,42.24680709838867,41.54042434692383,41.88085174560547,1162898
2011-09-30,25.668567657470703,41.71915054321289,42.35744857788086,41.710636138916016,41.778724670410156,1398368
2011-10-03,25.165868759155273,40.90212631225586,42.221275329589844,40.90212631225586,41.71915054321289,1618445
2011-10-04,25.506244659423828,41.455318450927734,41.49787139892578,40.02553176879883,40.59574508666992,3525000
2011-10-05,25.605728149414062,41.61701965332031,41.65957260131836,40.842552185058594,41.455318450927734,1609045
2011-10-06,26.09794807434082,42.417022705078125,42.45106506347656,41.38723373413086,41.53191375732422,1222588
2011-10-07,26.134601593017578,42.47659683227539,42.842552185058594,42.23829650878906,42.63829803466797,1654870
2011-10-10,26.715835571289062,43.4212760925293,43.4212760925293,42.825531005859375,43.02978515625,934008
2011-10-11,26.464496612548828,43.01276779174805,43.25106430053711,42.706382751464844,43.10638427734375,1109788
2011-10-12,26.218385696411133,42.61276626586914,43.20000076293945,42.570213317871094,43.191490173339844,1206608
2011-10-13,26.349294662475586,42.825531005859375,42.86808395385742,42.17021179199219,42.50212860107422,1346550
2011-10-14,26.485437393188477,43.046810150146484,43.27659606933594,42.8510627746582,43.25106430053711,1093338
2011-10-17,26.438297271728516,42.97021484375,43.302127838134766,42.92766189575195,43.00425338745117,1413643
2011-10-18,26.616336822509766,43.25957489013672,43.53191375732422,42.536170959472656,43.07233810424805,1289210
2011-10-19,26.663463592529297,43.3361701965332,43.923404693603516,43.182979583740234,43.310638427734375,996635
2011-10-20,26.8729248046875,43.676597595214844,43.85531997680664,43.37021255493164,43.446807861328125,1719495
2011-10-21,27.171390533447266,44.16170120239258,44.25531768798828,43.76170349121094,44.11914825439453,1268765
2011-10-24,27.213285446166992,44.22978591918945,44.400001525878906,43.83829879760742,44.212764739990234,1127530
2011-10-25,26.773439407348633,43.514892578125,44.076595306396484,43.438297271728516,44.068084716796875,957273
2011-10-26,26.705364227294922,43.40425491333008,43.804256439208984,43.14042663574219,43.676597595214844,1222235
2011-10-27,27.31801414489746,44.400001525878906,44.78297805786133,44.01702117919922,44.77446746826172,1338208
2011-10-28,27.386083602905273,44.51063919067383,44.59574508666992,43.97446823120117,44.45106506347656,1261010
2011-10-31,27.28658676147461,44.348934173583984,44.953189849853516,44.068084716796875,44.24680709838867,1735358
2011-11-01,26.548267364501953,43.1489372253418,43.97446823120117,43.055320739746094,43.37872314453125,1435263
2011-11-02,27.171390533447266,44.16170120239258,44.58723449707031,43.83829879760742,43.83829879760742,1608340
2011-11-03,27.328487396240234,44.417022705078125,44.72340393066406,43.99148941040039,44.31489562988281,2411335
2011-11-04,27.29183006286621,44.35744857788086,44.808509826660156,43.87234115600586,44.37446975708008,1585545
2011-11-07,27.223751068115234,44.24680709838867,44.3659553527832,43.804256439208984,44.195743560791016,1149033
2011-11-08,27.38085174560547,44.50212860107422,44.553192138671875,44.00851058959961,44.45957565307617,1433618
2011-11-09,26.647762298583984,43.310638427734375,43.87234115600586,43.22553253173828,43.86383056640625,1926295
2011-11-10,26.79960823059082,43.55744552612305,43.8212776184082,43.191490173339844,43.65957260131836,1225760
2011-11-11,27.365156173706055,44.47659683227539,44.47659683227539,43.940425872802734,43.95744705200195,968318
2011-11-14,27.04572296142578,43.95744705200195,44.38298034667969,43.85531997680664,44.38298034667969,1020018
2011-11-15,27.349435806274414,44.45106506347656,44.570213317871094,43.812767028808594,43.99148941040039,1105323
2011-11-16,26.862457275390625,43.65957260131836,44.289363861083984,43.64255142211914,44.12765884399414,1303075
2011-11-17,26.663463592529297,43.3361701965332,43.84680938720703,42.92766189575195,43.64255142211914,1119775
2011-11-18,26.81532096862793,43.582977294921875,43.7276611328125,43.22553253173828,43.446807861328125,832605
2011-11-21,26.52733039855957,43.11489486694336,43.293617248535156,42.689361572265625,43.1489372253418,1425863
2011-11-22,26.20267677307129,42.58723449707031,43.055320739746094,42.434043884277344,43.00425338745117,1107555
2011-11-23,25.830894470214844,41.98297882080078,42.33191680908203,41.75319290161133,42.33191680908203,1148915
2011-11-25,25.88326072692871,42.068084716796875,42.44255447387695,41.940425872802734,41.948936462402344,472938
2011-11-28,26.317874908447266,42.77446746826172,43.174468994140625,42.553192138671875,42.808509826660156,908745
2011-11-29,26.67393684387207,43.35319137573242,43.54042434692383,42.87659454345703,42.961700439453125,672923
2011-11-30,27.56935691833496,44.808509826660156,44.834041595458984,44.195743560791016,44.34042739868164,1320113
2011-12-01,27.55889129638672,44.79148864746094,45.10638427734375,44.536170959472656,44.79999923706055,814863
2011-12-02,27.066682815551758,43.99148941040039,45.0638313293457,43.914894104003906,44.98723220825195,1356185
2011-12-05,27.391321182250977,44.51914978027344,44.73191452026367,44.13616943359375,44.44255447387695,1243503
2011-12-06,27.543176651000977,44.76595687866211,45.08085250854492,44.52766036987305,44.63829803466797,1297788
2011-12-07,27.38085174560547,44.50212860107422,44.72340393066406,44.195743560791016,44.62978744506836,1243385
2011-12-08,26.94623565673828,43.795745849609375,44.425533294677734,43.70212936401367,44.425533294677734,1321523
2011-12-09,27.323244094848633,44.408512115478516,44.52766036987305,43.948936462402344,43.948936462402344,1219415
2011-12-12,27.19234275817871,44.195743560791016,44.425533294677734,43.76170349121094,44.25531768798828,4265485
2011-12-13,27.223751068115234,44.24680709838867,44.76595687866211,44.085105895996094,44.38298034667969,1211425
2011-12-14,27.082368850708008,44.01702117919922,44.485107421875,43.83829879760742,44.26382827758789,1572855
2011-12-15,27.282583236694336,43.83829879760742,44.059574127197266,43.68510437011719,43.96595764160156,1615625
2011-12-16,27.245513916015625,43.778724670410156,44.2723388671875,43.66808319091797,43.97446823120117,1678605
2011-12-19,27.663944244384766,44.45106506347656,44.553192138671875,44.14468002319336,44.29787063598633,2005490
2011-12-20,28.38426971435547,45.60851287841797,45.68510437011719,44.7574462890625,44.77446746826172,1431385
2011-12-21,28.73383903503418,46.17021179199219,46.28084945678711,45.66808319091797,45.66808319091797,1123418
2011-12-22,28.71265983581543,46.13616943359375,46.2723388671875,45.931915283203125,46.221275329589844,914503
2011-12-23,28.972190856933594,46.553192138671875,46.79999923706055,46.289363861083984,46.34042739868164,642255
2011-12-27,29.15755844116211,46.8510627746582,46.9361686706543,46.3659553527832,46.553192138671875,515590
2011-12-28,28.940406799316406,46.50212860107422,46.98723220825195,46.425533294677734,46.9361686706543,667048
2011-12-29,29.141681671142578,46.825531005859375,46.89361572265625,46.561702728271484,46.64680862426758,739545
2011-12-30,28.839773178100586,46.34042739868164,47.046810150146484,46.34042739868164,46.99574661254883,1059263
2012-01-03,28.53257942199707,45.84680938720703,46.842552185058594,45.71915054321289,46.7574462890625,1269588
2012-01-04,28.38956642150879,45.61701965332031,46.059574127197266,45.53191375732422,45.85531997680664,956215
2012-01-05,28.596139907836914,45.948936462402344,46.10212707519531,45.327659606933594,45.591487884521484,1105440
2012-01-06,28.347200393676758,45.54893493652344,45.97446823120117,45.446807861328125,45.95744705200195,810398
2012-01-09,28.347200393676758,45.54893493652344,45.7276611328125,45.34468078613281,45.68510437011719,640963
2012-01-10,28.47431755065918,45.75319290161133,46.04255294799805,45.61701965332031,45.96595764160156,1018138
2012-01-11,28.378971099853516,45.599998474121094,45.82978820800781,45.48936080932617,45.69361877441406,738370
2012-01-12,28.378971099853516,45.599998474121094,45.82978820800781,45.49787139892578,45.62553024291992,662583
2012-01-13,28.326007843017578,45.514892578125,45.582977294921875,45.08936309814453,45.41276550292969,818623
2012-01-17,28.373682022094727,45.591487884521484,46.02553176879883,45.438297271728516,45.86383056640625,874553
2012-01-18,28.35248565673828,45.55744552612305,45.62553024291992,45.21702194213867,45.62553024291992,774443
2012-01-19,28.06647491455078,45.09787368774414,45.574466705322266,44.92766189575195,45.52340316772461,888653
2012-01-20,28.405454635620117,45.64255142211914,45.64255142211914,45.10638427734375,45.165958404541016,899463
2012-01-23,28.214765548706055,45.3361701965332,45.82978820800781,45.165958404541016,45.62553024291992,1028125
2012-01-24,28.050596237182617,45.07233810424805,45.34468078613281,44.91063690185547,45.174468994140625,650128
2012-01-25,28.63321876525879,46.00851058959961,46.04255294799805,44.64680862426758,44.953189849853516,1083703
2012-01-26,28.781513214111328,46.24680709838867,46.37446975708008,45.85531997680664,46.04255294799805,1021780
2012-01-27,28.38956642150879,45.61701965332031,46.17021179199219,45.39574432373047,46.17021179199219,1128000
2012-01-30,28.15652084350586,45.2425537109375,45.50638198852539,45.08085250854492,45.39574432373047,886538
2012-01-31,28.183012008666992,45.28510665893555,45.599998474121094,45.14042663574219,45.47233963012695,971725
2012-02-01,28.31012535095215,45.48936080932617,45.62553024291992,45.319149017333984,45.455318450927734,840008
2012-02-02,28.363079071044922,45.574466705322266,45.71915054321289,45.35319137573242,45.54042434692383,508775
2012-02-03,28.44782829284668,45.710636138916016,46.076595306396484,45.514892578125,45.88936233520508,769978
2012-02-06,28.161815643310547,45.25106430053711,45.582977294921875,45.14042663574219,45.463829040527344,684790
2012-02-07,28.80270767211914,46.28084945678711,46.35744857788086,45.157447814941406,45.2425537109375,1510463
2012-02-08,28.876853942871094,46.400001525878906,46.434043884277344,46.051063537597656,46.2723388671875,763163
2012-02-09,28.73914337158203,46.1787223815918,46.408512115478516,45.948936462402344,46.38298034667969,631680
2012-02-10,28.574949264526367,45.914894104003906,46.16170120239258,45.795745849609375,46.0,709583
2012-02-13,28.453123092651367,45.71915054321289,46.187232971191406,45.61701965332031,46.085105895996094,947050
2012-02-14,28.278348922729492,45.438297271728516,45.804256439208984,45.1489372253418,45.710636138916016,1213893
2012-02-15,28.183012008666992,45.28510665893555,45.574466705322266,44.90212631225586,45.455318450927734,1523388
2012-02-16,28.6014347076416,45.95744705200195,46.195743560791016,45.52340316772461,45.52340316772461,1615390
2012-02-17,28.760326385498047,46.212764739990234,46.46808624267578,46.051063537597656,46.11063766479492,1292148
2012-02-21,28.781513214111328,46.24680709838867,46.45957565307617,46.085105895996094,46.26382827758789,996283
2012-02-22,28.80270767211914,46.28084945678711,46.47659683227539,46.051063537597656,46.3659553527832,1283453
2012-02-23,29.030452728271484,46.64680862426758,46.76595687866211,46.16170120239258,46.34042739868164,1185458
2012-02-24,29.051631927490234,46.680850982666016,46.85957336425781,46.536170959472656,46.6638298034668,787838
2012-02-27,28.77092170715332,46.22978591918945,46.570213317871094,46.14468002319336,46.50212860107422,1986220
2012-02-28,28.807987213134766,46.289363861083984,46.536170959472656,46.076595306396484,46.425533294677734,964910
2012-02-29,28.596139907836914,45.948936462402344,46.33191680908203,45.676597595214844,46.23829650878906,1153498
2012-03-01,28.81859016418457,46.30638122558594,46.45106506347656,45.88936233520508,46.04255294799805,1074185
2012-03-02,28.78681182861328,46.25531768798828,46.39148712158203,46.03404235839844,46.26382827758789,785840
2012-03-05,28.792110443115234,46.26382827758789,46.35744857788086,45.7276611328125,46.12765884399414,685965
2012-03-06,28.53257942199707,45.84680938720703,46.11063766479492,45.74468231201172,46.04255294799805,1040815
2012-03-07,28.75503158569336,46.204254150390625,46.22978591918945,45.60851287841797,45.83829879760742,1100623
2012-03-08,29.14697265625,46.834041595458984,46.8510627746582,46.2723388671875,46.38298034667969,3470833
2012-03-09,29.332359313964844,47.13191604614258,47.182979583740234,46.6638298034668,46.834041595458984,3017635
2012-03-12,29.597192764282227,47.55744552612305,47.651065826416016,47.157447814941406,47.157447814941406,2892733
2012-03-13,29.904380798339844,48.051063537597656,48.076595306396484,47.55744552612305,47.65957260131836,1497303
2012-03-14,29.26880645751953,47.02978515625,48.10212707519531,46.97021484375,48.059574127197266,2068940
2012-03-15,29.294498443603516,46.570213317871094,46.74042510986328,46.11914825439453,46.74042510986328,1198030
2012-03-16,29.4658203125,46.842552185058594,46.90212631225586,46.323402404785156,46.561702728271484,1942628
2012-03-19,29.267738342285156,46.52766036987305,46.97021484375,46.45106506347656,46.8510627746582,1168420
2012-03-20,29.219545364379883,46.45106506347656,46.64680862426758,46.30638122558594,46.38298034667969,805463
2012-03-21,29.032169342041016,46.15319061279297,46.5787239074707,46.15319061279297,46.45106506347656,947168
2012-03-22,29.005403518676758,46.11063766479492,46.17021179199219,45.84680938720703,46.00851058959961,1497185
2012-03-23,29.262374877929688,46.51914978027344,46.570213317871094,46.17021179199219,46.204254150390625,1636188
2012-03-26,29.679956436157227,47.182979583740234,47.25957489013672,46.944679260253906,47.02978515625,2459628
2012-03-27,29.626420974731445,47.09787368774414,47.3361701965332,46.978721618652344,47.174468994140625,1434323
2012-03-28,29.348031997680664,46.65531921386719,47.27659606933594,46.44255447387695,47.11489486694336,1067605
2012-03-29,29.369461059570312,46.689361572265625,46.76595687866211,46.22978591918945,46.485107421875,1695525
2012-03-30,29.460445404052734,46.834041595458984,47.10638427734375,46.672340393066406,46.89361572265625,1437143
2012-04-02,29.551469802856445,46.978721618652344,47.319149017333984,46.74042510986328,46.8510627746582,1533610
2012-04-03,29.562177658081055,46.99574661254883,47.174468994140625,46.64680862426758,47.055320739746094,1645588
2012-04-04,29.546112060546875,46.97021484375,47.08085250854492,46.63829803466797,46.680850982666016,1050920
2012-04-05,29.326623916625977,46.62127685546875,46.834041595458984,46.47659683227539,46.808509826660156,737430
2012-04-09,29.16600799560547,46.3659553527832,46.536170959472656,46.1787223815918,46.22978591918945,1154438
2012-04-10,28.818029403686523,45.812767028808594,46.24680709838867,45.71915054321289,46.221275329589844,1517630
2012-04-11,28.973289489746094,46.059574127197266,46.16170120239258,45.85531997680664,46.16170120239258,1240213
2012-04-12,29.187419891357422,46.400001525878906,46.45106506347656,45.70212936401367,46.04255294799805,887713
2012-04-13,29.042869567871094,46.17021179199219,46.672340393066406,46.17021179199219,46.2723388671875,1754628
2012-04-16,29.449748992919922,46.817020416259766,46.9361686706543,46.28084945678711,46.37446975708008,1129763
2012-04-17,29.637113571166992,47.11489486694336,47.174468994140625,46.570213317871094,47.08085250854492,827435
2012-04-18,29.513994216918945,46.91914749145508,47.09787368774414,46.73191452026367,46.88510513305664,1015318
2012-04-19,29.294498443603516,46.570213317871094,46.92766189575195,46.408512115478516,46.92766189575195,1179935
2012-04-20,29.69066619873047,47.20000076293945,47.36170196533203,46.58723449707031,46.72340393066406,1473215
2012-04-23,29.588937759399414,47.038299560546875,47.08085250854492,46.72340393066406,46.91914749145508,1047043
2012-04-24,29.969045639038086,47.64255142211914,47.676597595214844,47.10638427734375,47.14042663574219,1010618
2012-04-25,30.108234405517578,47.86383056640625,48.02553176879883,47.53191375732422,47.86383056640625,986060
2012-04-26,30.26348304748535,48.11063766479492,48.17021179199219,47.54042434692383,47.82978820800781,1056795
2012-04-27,30.193883895874023,48.0,48.212764739990234,47.52340316772461,48.085105895996094,978893
2012-04-30,30.183177947998047,47.98297882080078,48.323402404785156,47.84680938720703,48.0,1242328
2012-05-01,30.408037185668945,48.34042739868164,48.51063919067383,47.73617172241211,48.076595306396484,1030710
2012-05-02,30.145709991455078,47.923404693603516,48.221275329589844,47.778724670410156,48.221275329589844,869500
2012-05-03,30.06005859375,47.787235260009766,48.28084945678711,47.70212936401367,47.787235260009766,781375
2012-05-04,29.851261138916016,47.455318450927734,48.03404235839844,47.39574432373047,47.582977294921875,1183813
2012-05-07,29.701358795166016,47.21702194213867,47.54042434692383,47.13191604614258,47.41276550292969,1013085
2012-05-08,29.81378746032715,47.39574432373047,47.565956115722656,46.953189849853516,47.00425338745117,1086875
2012-05-09,29.75489044189453,47.302127838134766,47.446807861328125,46.97021484375,47.00425338745117,1360650
2012-05-10,30.161773681640625,47.948936462402344,48.068084716796875,47.48085021972656,47.55744552612305,949283
2012-05-11,30.161773681640625,47.948936462402344,48.204254150390625,47.70212936401367,47.82978820800781,525225
2012-05-14,30.129642486572266,47.89787292480469,48.02553176879883,47.50638198852539,47.53191375732422,977013
2012-05-15,29.89409065246582,47.52340316772461,48.13616943359375,47.302127838134766,48.085105895996094,1375220
2012-05-16,29.92084312438965,47.565956115722656,47.70212936401367,47.34468078613281,47.565956115722656,644605
2012-05-17,29.481849670410156,46.86808395385742,47.65957260131836,46.842552185058594,47.65957260131836,1129410
2012-05-18,29.47652244567871,46.85957336425781,47.26808547973633,46.76595687866211,47.00425338745117,1082998
2012-05-21,29.83519744873047,47.429786682128906,47.455318450927734,46.808509826660156,46.91914749145508,923668
2012-05-22,30.06005859375,47.787235260009766,47.948936462402344,47.40425491333008,47.54893493652344,908745
2012-05-23,29.92621421813965,47.574466705322266,47.940425872802734,47.28510665893555,47.6340446472168,1035175
2012-05-24,30.22065544128418,48.04255294799805,48.051063537597656,47.54893493652344,47.60851287841797,866093
2012-05-25,30.279550552368164,48.13616943359375,48.34042739868164,48.01702117919922,48.04255294799805,626745
2012-05-29,30.429433822631836,48.37446975708008,48.38298034667969,47.99148941040039,48.38298034667969,455313
2012-05-30,30.113588333129883,47.87234115600586,48.44255447387695,47.795745849609375,48.1787223815918,619460
2012-05-31,30.42407989501953,48.3659553527832,48.834041595458984,47.804256439208984,47.85531997680664,1579905
2012-06-01,30.17247200012207,47.96595764160156,48.29787063598633,47.82978820800781,47.9063835144043,706058
2012-06-04,30.408037185668945,48.34042739868164,48.35744857788086,47.812767028808594,47.95744705200195,1010030
2012-06-05,30.595399856567383,48.63829803466797,48.9361686706543,48.03404235839844,48.1787223815918,818035
2012-06-06,30.921966552734375,49.157447814941406,49.157447814941406,48.5787239074707,48.825531005859375,788073
2012-06-07,30.83095932006836,49.01276779174805,49.38723373413086,48.97021484375,49.36170196533203,2874050
2012-06-08,31.04510498046875,49.35319137573242,49.41276550292969,48.834041595458984,48.834041595458984,2916233
2012-06-11,31.12540626525879,49.48085021972656,49.95744705200195,49.438297271728516,49.591487884521484,2869233
2012-06-12,31.393075942993164,49.9063835144043,49.914894104003906,49.38723373413086,49.71915054321289,1022250
2012-06-13,31.462684631347656,50.01702117919922,50.204254150390625,49.62553024291992,49.778724670410156,1206020
2012-06-14,31.837425231933594,50.61276626586914,50.680850982666016,49.940425872802734,50.03404235839844,1281808
2012-06-15,32.169334411621094,51.14042663574219,51.27659606933594,50.79148864746094,50.92766189575195,1803038
2012-06-18,32.406131744384766,51.01276779174805,51.08085250854492,50.47659683227539,50.697872161865234,1029653
2012-06-19,32.146629333496094,50.60425567626953,51.182979583740234,50.544681549072266,50.97021484375,906630
2012-06-20,31.94118309020996,50.28084945678711,50.73191452026367,50.11914825439453,50.73191452026367,939413
2012-06-21,31.616796493530273,49.77021408081055,50.79999923706055,49.71915054321289,50.50212860107422,977600
2012-06-22,31.584373474121094,49.71915054321289,50.00851058959961,49.676597595214844,49.85531997680664,1013790
2012-06-25,31.438392639160156,49.48936080932617,49.599998474121094,49.21702194213867,49.4212760925293,638378
2012-06-26,31.44920539855957,49.50638198852539,49.75319290161133,49.293617248535156,49.60851287841797,734610
2012-06-27,31.708711624145508,49.914894104003906,50.085105895996094,49.62553024291992,49.70212936401367,738488
2012-06-28,31.90876007080078,50.22978591918945,50.25531768798828,49.53191375732422,49.61701965332031,766218
2012-06-29,32.07634735107422,50.49361801147461,50.9361686706543,50.17021179199219,50.88510513305664,1035410
2012-07-02,32.103389739990234,50.536170959472656,51.038299560546875,50.02553176879883,50.02553176879883,1574618
2012-07-03,32.19528579711914,50.680850982666016,50.706382751464844,50.434043884277344,50.51914978027344,438980
2012-07-05,32.000667572021484,50.37446975708008,50.8510627746582,50.37446975708008,50.50212860107422,841653
2012-07-06,32.02769470214844,50.417022705078125,50.51063919067383,50.02553176879883,50.11914825439453,636850
2012-07-09,31.881715774536133,50.187232971191406,50.47659683227539,49.87234115600586,50.3659553527832,784430
2012-07-10,31.892541885375977,50.204254150390625,50.44255447387695,50.10212707519531,50.212764739990234,576103
2012-07-11,31.94660186767578,50.289363861083984,50.44255447387695,50.00851058959961,50.23829650878906,838480
2012-07-12,32.02228546142578,50.408512115478516,50.570213317871094,50.068084716796875,50.23829650878906,564588
2012-07-13,32.43317413330078,51.055320739746094,51.22553253173828,50.434043884277344,50.544681549072266,845648
2012-07-16,32.568328857421875,51.26808547973633,51.53191375732422,50.92766189575195,51.055320739746094,1006270
2012-07-17,32.76296615600586,51.574466705322266,51.7276611328125,51.20000076293945,51.39574432373047,896995
2012-07-18,32.903533935546875,51.795745849609375,51.804256439208984,51.50638198852539,51.54893493652344,522875
2012-07-19,32.80622100830078,51.64255142211914,51.89787292480469,51.174468994140625,51.804256439208984,914973
2012-07-20,32.99543380737305,51.940425872802734,52.12765884399414,51.438297271728516,51.49787139892578,826613
2012-07-23,32.53049087524414,51.20851135253906,51.68510437011719,51.09787368774414,51.10638427734375,824380
2012-07-24,32.09796905517578,50.52766036987305,51.191490173339844,50.29787063598633,51.0638313293457,1289328
2012-07-25,32.07634735107422,50.49361801147461,50.944679260253906,50.2723388671875,50.672340393066406,695953
2012-07-26,32.50345993041992,51.165958404541016,51.53191375732422,50.91063690185547,51.11489486694336,1170888
2012-07-27,33.06032943725586,52.04255294799805,52.834041595458984,51.812767028808594,52.212764739990234,1375455
2012-07-30,33.336055755615234,52.47659683227539,52.953189849853516,52.04255294799805,52.04255294799805,990408
2012-07-31,33.17926025390625,52.22978591918945,52.73191452026367,52.187232971191406,52.50212860107422,1266063
2012-08-01,33.08735656738281,52.085105895996094,53.2425537109375,52.04255294799805,52.28084945678711,1051155
2012-08-02,32.94678497314453,51.86383056640625,52.24680709838867,51.4212760925293,51.73617172241211,929778
2012-08-03,33.33065414428711,52.46808624267578,52.58723449707031,52.01702117919922,52.51914978027344,935300
2012-08-06,33.222503662109375,52.29787063598633,52.92766189575195,52.212764739990234,52.63829803466797,698068
2012-08-07,32.87108612060547,51.74468231201172,52.553192138671875,51.7276611328125,52.52766036987305,853873
2012-08-08,32.8170280456543,51.65957260131836,51.812767028808594,51.37872314453125,51.73617172241211,617698
2012-08-09,32.557518005371094,51.25106430053711,51.651065826416016,51.11489486694336,51.64255142211914,602658
2012-08-10,32.71430969238281,51.49787139892578,51.565956115722656,51.08936309814453,51.23404312133789,703355
2012-08-13,32.552120208740234,51.2425537109375,51.438297271728516,51.14042663574219,51.37872314453125,696188
2012-08-14,32.443992614746094,51.07233810424805,51.574466705322266,50.961700439453125,51.34468078613281,832253
2012-08-15,32.568328857421875,51.26808547973633,51.327659606933594,50.8510627746582,51.0638313293457,815450
2012-08-16,32.64942169189453,51.39574432373047,51.429786682128906,51.0638313293457,51.35319137573242,901813
2012-08-17,32.725128173828125,51.514892578125,51.54042434692383,51.25106430053711,51.39574432373047,984533
2012-08-20,32.6818733215332,51.446807861328125,51.52340316772461,51.191490173339844,51.463829040527344,652243
2012-08-21,32.36288833618164,50.944679260253906,51.582977294921875,50.9361686706543,51.574466705322266,759168
2012-08-22,32.162864685058594,50.62978744506836,51.07233810424805,50.60425567626953,50.85957336425781,521583
2012-08-23,31.643831253051758,49.812767028808594,50.59574508666992,49.75319290161133,50.570213317871094,896995
2012-08-24,31.75737953186035,49.99148941040039,50.068084716796875,49.65957260131836,49.74468231201172,1193683
2012-08-27,31.887126922607422,50.195743560791016,50.289363861083984,49.931915283203125,49.99148941040039,556245
2012-08-28,31.881715774536133,50.187232971191406,50.28084945678711,49.940425872802734,50.23829650878906,499140
2012-08-29,31.82223892211914,50.0936164855957,50.26382827758789,49.940425872802734,50.12765884399414,491033
2012-08-30,31.670873641967773,49.85531997680664,50.03404235839844,49.71915054321289,49.97446823120117,466005
2012-08-31,31.57354736328125,49.70212936401367,50.01702117919922,49.54893493652344,49.99148941040039,2268220
2012-09-04,32.1250114440918,50.570213317871094,50.59574508666992,49.71915054321289,49.87234115600586,2718950
2012-09-05,31.95200538635254,50.29787063598633,50.697872161865234,50.22978591918945,50.52766036987305,795358
2012-09-06,32.27096939086914,50.79999923706055,50.8510627746582,50.45957565307617,50.561702728271484,506660
2012-09-07,32.162864685058594,50.62978744506836,50.89361572265625,50.51914978027344,50.79999923706055,518058
2012-09-10,32.157447814941406,50.62127685546875,50.79148864746094,50.58723449707031,50.79148864746094,417948
2012-09-11,32.22772979736328,50.73191452026367,50.9361686706543,50.59574508666992,50.73191452026367,872908
2012-09-12,32.02769470214844,50.417022705078125,50.78297805786133,50.31489562988281,50.78297805786133,1180758
2012-09-13,32.3828239440918,50.44255447387695,50.45957565307617,49.84680938720703,49.940425872802734,892178
2012-09-14,32.131500244140625,50.051063537597656,50.65531921386719,49.88085174560547,50.35744857788086,901578
2012-09-17,31.973052978515625,49.804256439208984,50.22978591918945,49.62553024291992,50.02553176879883,848233
2012-09-18,31.940290451049805,49.75319290161133,49.86383056640625,49.41276550292969,49.804256439208984,1102150
2012-09-19,31.99491310119629,49.83829879760742,49.97446823120117,49.676597595214844,49.75319290161133,757758
2012-09-20,32.11509323120117,50.02553176879883,50.13616943359375,49.65957260131836,49.73617172241211,691605
2012-09-21,32.131500244140625,50.051063537597656,50.14468002319336,49.812767028808594,50.14468002319336,1267003
2012-09-24,32.53581619262695,50.680850982666016,50.72340393066406,49.96595764160156,50.03404235839844,605830
2012-09-25,32.62322998046875,50.817020416259766,51.14042663574219,50.50212860107422,50.73191452026367,935300
2012-09-26,32.78167724609375,51.0638313293457,51.82978820800781,50.89361572265625,50.9361686706543,904515
2012-09-27,32.65054702758789,50.85957336425781,51.157447814941406,50.570213317871094,51.157447814941406,1135638
2012-09-28,32.74887466430664,51.01276779174805,51.14042663574219,50.49361801147461,50.79999923706055,1220590
2012-10-01,32.513954162597656,50.64680862426758,51.20000076293945,50.61276626586914,51.00425338745117,619225
2012-10-02,32.672393798828125,50.89361572265625,51.046810150146484,50.64680862426758,50.7574462890625,573165
2012-10-03,32.90733337402344,51.25957489013672,51.27659606933594,50.90212631225586,50.99574661254883,823440
2012-10-04,33.09854507446289,51.55744552612305,51.88085174560547,51.3361701965332,51.429786682128906,417478
2012-10-05,33.14773941040039,51.6340446472168,51.98297882080078,51.54893493652344,51.70212936401367,555893
2012-10-08,33.15320587158203,51.64255142211914,51.8212776184082,51.40425491333008,51.60851287841797,274833
2012-10-09,33.175048828125,51.676597595214844,51.812767028808594,51.463829040527344,51.54042434692383,273305
2012-10-10,33.10402297973633,51.565956115722656,51.923404693603516,51.40425491333008,51.76170349121094,743658
2012-10-11,33.196903228759766,51.710636138916016,51.940425872802734,51.514892578125,51.83829879760742,885950
2012-10-12,32.98928451538086,51.38723373413086,51.86383056640625,51.27659606933594,51.86383056640625,526048
2012-10-15,33.20783615112305,51.7276611328125,51.75319290161133,51.174468994140625,51.48936080932617,623925
2012-10-16,33.295249938964844,51.86383056640625,52.13616943359375,51.6340446472168,51.83829879760742,529690
2012-10-17,33.65038299560547,52.417022705078125,52.50212860107422,51.96595764160156,51.96595764160156,636850
2012-10-18,33.705020904541016,52.50212860107422,52.697872161865234,52.348934173583984,52.39148712158203,675860
2012-10-19,33.552040100097656,52.26382827758789,52.74042510986328,52.059574127197266,52.434043884277344,663523
2012-10-22,33.628543853759766,52.38298034667969,52.45957565307617,52.00851058959961,52.2723388671875,682558
2012-10-23,33.18599319458008,51.69361877441406,52.204254150390625,51.429786682128906,52.051063537597656,925900
2012-10-24,33.338966369628906,51.931915283203125,52.47659683227539,51.83829879760742,52.02553176879883,880193
2012-10-25,33.65584182739258,52.425533294677734,52.44255447387695,51.73617172241211,52.10212707519531,727678
2012-10-26,33.68863296508789,52.47659683227539,52.62127685546875,52.068084716796875,52.434043884277344,787955
2012-10-31,33.929039001464844,52.8510627746582,53.182979583740234,52.59574508666992,52.59574508666992,659763
2012-11-01,33.666778564453125,52.44255447387695,53.038299560546875,52.3659553527832,52.9361686706543,771740
2012-11-02,33.48101806640625,52.15319061279297,52.842552185058594,52.10212707519531,52.62127685546875,540265
2012-11-05,32.994747161865234,51.39574432373047,52.03404235839844,51.38723373413086,52.02553176879883,886655
2012-11-06,33.196903228759766,51.710636138916016,52.076595306396484,51.47233963012695,51.50638198852539,807108
2012-11-07,32.48664474487305,50.60425567626953,51.54042434692383,50.12765884399414,51.438297271728516,1047748
2012-11-08,32.40468215942383,50.47659683227539,51.1489372253418,50.3659553527832,50.59574508666992,732613
2012-11-09,32.339115142822266,50.37446975708008,50.825531005859375,50.28084945678711,50.289363861083984,643430
2012-11-12,31.99491310119629,49.83829879760742,50.44255447387695,49.64255142211914,50.34042739868164,544143
2012-11-13,32.20799255371094,50.17021179199219,50.434043884277344,49.61701965332031,49.64255142211914,1042460
2012-11-14,32.10417175292969,50.00851058959961,50.38298034667969,49.86383056640625,50.28084945678711,1111785
2012-11-15,32.03862380981445,49.9063835144043,50.39148712158203,49.53191375732422,49.98297882080078,977600
2012-11-16,32.39923095703125,50.46808624267578,50.50212860107422,49.651065826416016,49.948936462402344,1000395
2012-11-19,32.33365249633789,50.3659553527832,50.834041595458984,50.085105895996094,50.74042510986328,916030
2012-11-20,32.39375305175781,50.45957565307617,50.536170959472656,49.923404693603516,50.39148712158203,793478
2012-11-21,32.246246337890625,50.22978591918945,50.553192138671875,49.74468231201172,50.544681549072266,895115
2012-11-23,32.169742584228516,50.11063766479492,50.348934173583984,49.8212776184082,50.24680709838867,393625
2012-11-26,32.3828239440918,50.44255447387695,50.842552185058594,49.98297882080078,50.01702117919922,694895
2012-11-27,32.37735366821289,50.434043884277344,50.834041595458984,50.323402404785156,50.44255447387695,602658
2012-11-28,32.552207946777344,50.706382751464844,50.808509826660156,50.221275329589844,50.434043884277344,604773
2012-11-29,32.72157287597656,50.97021484375,50.978721618652344,50.51063919067383,50.79999923706055,615935
2012-11-30,33.09854507446289,51.55744552612305,51.651065826416016,50.98723220825195,51.446807861328125,1063610
2012-12-03,33.09854507446289,51.55744552612305,51.70212936401367,50.92766189575195,51.49787139892578,811690
2012-12-04,33.049381256103516,51.48085021972656,51.89787292480469,51.446807861328125,51.582977294921875,980655
2012-12-05,33.63945770263672,52.400001525878906,52.680850982666016,51.48936080932617,51.514892578125,1067253
2012-12-06,33.43729782104492,52.085105895996094,52.60425567626953,51.95744705200195,52.49361801147461,863860
2012-12-07,33.355342864990234,51.95744705200195,52.30638122558594,51.82978820800781,52.051063537597656,1147153
2012-12-10,33.40998077392578,52.04255294799805,52.15319061279297,51.7276611328125,51.88085174560547,1026598
2012-12-11,33.48647689819336,52.16170120239258,52.29787063598633,51.95744705200195,52.11063766479492,835660
2012-12-12,33.628543853759766,52.38298034667969,52.76595687866211,52.03404235839844,52.16170120239258,1112020
2012-12-13,33.295249938964844,51.86383056640625,52.323402404785156,51.70212936401367,52.24680709838867,773855
2012-12-14,33.0821647644043,51.53191375732422,52.068084716796875,51.514892578125,51.804256439208984,1068780
2012-12-17,33.78873825073242,52.0936164855957,52.10212707519531,51.10638427734375,51.22553253173828,1049628
2012-12-18,33.84395217895508,52.1787223815918,52.38298034667969,51.85531997680664,52.0936164855957,979128
2012-12-19,33.61761474609375,51.82978820800781,52.26382827758789,51.77021408081055,52.26382827758789,463420
2012-12-20,33.772186279296875,52.068084716796875,52.14468002319336,51.710636138916016,51.88936233520508,629213
2012-12-21,33.74457931518555,52.02553176879883,52.15319061279297,51.25957489013672,51.62553024291992,2215580
2012-12-24,33.64521789550781,51.87234115600586,52.00851058959961,51.55744552612305,51.948936462402344,225130
2012-12-26,33.27537155151367,51.302127838134766,52.04255294799805,51.23404312133789,51.923404693603516,512418
2012-12-27,33.16497039794922,51.13191604614258,51.48936080932617,50.553192138671875,51.22553253173828,689960
2012-12-28,32.795127868652344,50.561702728271484,51.293617248535156,50.536170959472656,50.97021484375,1134463
2012-12-31,33.14842224121094,51.10638427734375,51.13191604614258,50.0936164855957,50.39148712158203,1076770
2013-01-02,33.93778610229492,52.323402404785156,52.323402404785156,51.48085021972656,51.77021408081055,778320
2013-01-03,33.910194396972656,52.28084945678711,52.561702728271484,52.076595306396484,52.29787063598633,644018
2013-01-04,34.0261116027832,52.45957565307617,52.570213317871094,52.11914825439453,52.28084945678711,683615
2013-01-07,33.64521789550781,51.87234115600586,52.38298034667969,51.795745849609375,52.23829650878906,481515
2013-01-08,33.51273727416992,51.66808319091797,52.076595306396484,51.62553024291992,51.83829879760742,856458
2013-01-09,33.55691146850586,51.73617172241211,51.73617172241211,51.34468078613281,51.69361877441406,795828
2013-01-10,33.89914321899414,52.26382827758789,52.323402404785156,51.75319290161133,52.04255294799805,734258
2013-01-11,33.9267578125,52.30638122558594,52.39148712158203,52.10212707519531,52.22978591918945,410428
2013-01-14,33.84395217895508,52.1787223815918,52.417022705078125,52.0936164855957,52.22978591918945,404435
2013-01-15,33.85499572753906,52.195743560791016,52.212764739990234,51.795745849609375,52.11914825439453,643195
2013-01-16,33.678348541259766,51.923404693603516,52.34042739868164,51.83829879760742,52.068084716796875,460130
2013-01-17,33.827392578125,52.15319061279297,52.39148712158203,51.96595764160156,52.059574127197266,490093
2013-01-18,34.16963577270508,52.680850982666016,52.689361572265625,52.085105895996094,52.26382827758789,832253
2013-01-22,34.58363342285156,53.319149017333984,53.319149017333984,52.60425567626953,52.65531921386719,584563
2013-01-23,34.41252517700195,53.055320739746094,53.191490173339844,52.808509826660156,53.191490173339844,732730
2013-01-24,34.50084686279297,53.191490173339844,53.599998474121094,53.08936309814453,53.165958404541016,476110
2013-01-25,34.63885498046875,53.40425491333008,53.438297271728516,52.85957336425781,53.302127838134766,453315
2013-01-28,34.4787712097168,53.157447814941406,53.565956115722656,52.86808395385742,53.565956115722656,453550
2013-01-29,34.694053649902344,53.48936080932617,53.49787139892578,53.0638313293457,53.165958404541016,732848
2013-01-30,34.9810905456543,53.931915283203125,53.98297882080078,53.36170196533203,53.48936080932617,747653
2013-01-31,34.94796371459961,53.88085174560547,54.02553176879883,53.66808319091797,53.88085174560547,742365
2013-02-01,35.31230926513672,54.44255447387695,54.45957565307617,53.923404693603516,54.03404235839844,659528
2013-02-04,35.13013458251953,54.16170120239258,54.33191680908203,54.076595306396484,54.33191680908203,477285
2013-02-05,35.25710678100586,54.35744857788086,54.706382751464844,54.26382827758789,54.33191680908203,799940
2013-02-06,35.350948333740234,54.50212860107422,54.544681549072266,53.914894104003906,54.212764739990234,656473
2013-02-07,35.41718292236328,54.60425567626953,54.834041595458984,54.16170120239258,54.3659553527832,631563
2013-02-08,35.483428955078125,54.706382751464844,54.706382751464844,54.28084945678711,54.680850982666016,564705
2013-02-11,35.5496711730957,54.808509826660156,54.91063690185547,54.63829803466797,54.64680862426758,306675
2013-02-12,35.61040115356445,54.90212631225586,54.944679260253906,54.400001525878906,54.6638298034668,649305
2013-02-13,35.5496711730957,54.808509826660156,55.046810150146484,54.680850982666016,54.87659454345703,478695
2013-02-14,35.527587890625,54.77446746826172,54.944679260253906,54.37446975708008,54.672340393066406,821325
2013-02-15,35.560707092285156,54.825531005859375,54.97021484375,54.680850982666016,54.78297805786133,691253
2013-02-19,35.74287033081055,55.10638427734375,55.438297271728516,54.86808395385742,54.944679260253906,1148210
2013-02-20,35.80358123779297,55.20000076293945,55.6340446472168,54.672340393066406,54.92766189575195,876433
2013-02-21,35.78704071044922,55.174468994140625,55.2425537109375,54.8510627746582,55.191490173339844,901578
2013-02-22,36.223114013671875,55.84680938720703,55.86383056640625,55.25957489013672,55.34468078613281,722508
2013-02-25,36.068565368652344,55.60851287841797,56.323402404785156,55.565956115722656,55.97446823120117,2015830
2013-02-26,36.31697463989258,55.99148941040039,56.00851058959961,55.37872314453125,55.710636138916016,1399073
2013-02-27,36.5764274597168,56.39148712158203,56.417022705078125,55.914894104003906,56.0,904633
2013-02-28,36.874507904052734,56.8510627746582,57.02978515625,56.323402404785156,56.425533294677734,1390260
2013-03-01,36.67025375366211,56.536170959472656,56.79999923706055,56.23829650878906,56.73191452026367,1547358
2013-03-04,37.029075622558594,57.08936309814453,57.40425491333008,56.485107421875,56.485107421875,1147388
2013-03-05,37.27195739746094,57.463829040527344,57.68510437011719,57.20000076293945,57.25106430053711,1252903
2013-03-06,36.8800163269043,56.85957336425781,57.61701965332031,56.689361572265625,57.61701965332031,1149033
2013-03-07,36.70337677001953,56.58723449707031,57.23404312133789,56.5787239074707,56.86808395385742,809105
2013-03-08,36.791709899902344,56.72340393066406,56.817020416259766,56.23829650878906,56.689361572265625,2411453
2013-03-11,36.846920013427734,56.808509826660156,56.88510513305664,56.61276626586914,56.6638298034668,3111400
2013-03-12,36.79722595214844,56.73191452026367,56.76595687866211,56.44255447387695,56.71489334106445,4196395
2013-03-13,36.92418670654297,56.92766189575195,57.021278381347656,56.61276626586914,56.79999923706055,548138
2013-03-14,37.0021858215332,56.51914978027344,56.73191452026367,56.323402404785156,56.47659683227539,797590
2013-03-15,36.974327087402344,56.47659683227539,56.697872161865234,56.187232971191406,56.29787063598633,1364293
2013-03-18,36.829463958740234,56.25531768798828,56.47659683227539,56.059574127197266,56.17021179199219,724035
2013-03-19,36.784881591796875,56.187232971191406,56.61276626586914,55.948936462402344,56.39148712158203,915090
2013-03-20,37.035621643066406,56.570213317871094,56.74893569946289,56.425533294677734,56.46808624267578,737313
2013-03-21,36.88517761230469,56.34042739868164,56.59574508666992,56.22978591918945,56.408512115478516,650128
2013-03-22,36.92974090576172,56.408512115478516,56.706382751464844,56.289363861083984,56.400001525878906,539090
2013-03-25,36.80718231201172,56.221275329589844,56.978721618652344,56.01702117919922,56.697872161865234,845413
2013-03-26,37.23063659667969,56.86808395385742,56.86808395385742,56.46808624267578,56.485107421875,680560
2013-03-27,37.325355529785156,57.01276779174805,57.038299560546875,56.408512115478516,56.570213317871094,935183
2013-03-28,38.077537536621094,58.16170120239258,58.195743560791016,56.91063690185547,56.99574661254883,1458528
2013-04-01,38.10540008544922,58.204254150390625,58.417022705078125,57.98297882080078,58.16170120239258,695953
2013-04-02,38.183406829833984,58.323402404785156,58.65531921386719,58.076595306396484,58.28084945678711,929660
2013-04-03,38.127689361572266,58.23829650878906,58.64680862426758,58.059574127197266,58.3659553527832,757875
2013-04-04,38.35612869262695,58.58723449707031,58.64680862426758,58.26382827758789,58.29787063598633,544378
2013-04-05,38.350555419921875,58.5787239074707,58.62127685546875,58.15319061279297,58.23829650878906,659645
2013-04-08,38.696006774902344,59.10638427734375,59.12340545654297,58.348934173583984,58.50212860107422,598780
2013-04-09,38.21125793457031,58.3659553527832,59.1489372253418,58.33191680908203,59.08936309814453,1129293
2013-04-10,38.579010009765625,58.92766189575195,58.953189849853516,58.44255447387695,58.44255447387695,924843
2013-04-11,38.751739501953125,59.191490173339844,59.2425537109375,58.74893569946289,58.98723220825195,756818
2013-04-12,39.197479248046875,59.87234115600586,59.931915283203125,59.08936309814453,59.08936309814453,900873
2013-04-15,39.219757080078125,59.9063835144043,60.30638122558594,59.61701965332031,59.71915054321289,1915955
2013-04-16,39.760215759277344,60.73191452026367,60.76595687866211,59.53191375732422,60.0,1704220
2013-04-17,40.08896255493164,61.23404312133789,61.302127838134766,60.31489562988281,60.47659683227539,2041798
2013-04-18,40.14467239379883,61.319149017333984,61.68510437011719,60.978721618652344,61.21702194213867,1656398
2013-04-19,40.261680603027344,61.49787139892578,61.74468231201172,61.174468994140625,61.35319137573242,1681895
2013-04-22,40.6182746887207,62.04255294799805,62.17021179199219,61.2425537109375,61.49787139892578,1047865
2013-04-23,40.54583740234375,61.931915283203125,62.400001525878906,61.574466705322266,62.212764739990234,1343378
2013-04-24,40.495704650878906,61.85531997680664,62.26382827758789,61.76170349121094,62.059574127197266,1320465
2013-04-25,40.256107330322266,61.48936080932617,62.204254150390625,61.35319137573242,62.0936164855957,2190083
2013-04-26,40.261680603027344,61.49787139892578,62.0936164855957,60.52766036987305,61.54893493652344,2004903
2013-04-29,40.222686767578125,61.438297271728516,62.33191680908203,61.293617248535156,61.87234115600586,2185735
2013-04-30,40.60712432861328,62.02553176879883,62.187232971191406,61.3361701965332,61.50638198852539,1797633
2013-05-01,40.36198425292969,61.651065826416016,62.30638122558594,61.54042434692383,62.00851058959961,1453945
2013-05-02,40.32854461669922,61.599998474121094,61.88936233520508,61.37872314453125,61.60851287841797,907453
2013-05-03,40.45112609863281,61.787235260009766,62.12765884399414,61.53191375732422,61.812767028808594,1155613
2013-05-06,39.815940856933594,60.817020416259766,61.87234115600586,60.817020416259766,61.71915054321289,721450
2013-05-07,40.105674743652344,61.25957489013672,61.48936080932617,60.978721618652344,61.191490173339844,1538898
2013-05-08,39.91066360473633,60.961700439453125,61.455318450927734,60.79999923706055,61.1489372253418,1353365
2013-05-09,39.11946487426758,59.75319290161133,61.13191604614258,59.599998474121094,60.961700439453125,1052565
2013-05-10,39.16960906982422,59.82978820800781,59.84680938720703,59.08085250854492,59.75319290161133,1536548
2013-05-13,38.935604095458984,59.47233963012695,59.71915054321289,59.20851135253906,59.565956115722656,1052095
2013-05-14,39.381343841552734,60.15319061279297,60.29787063598633,59.327659606933594,59.48936080932617,1111315
2013-05-15,39.776939392089844,60.7574462890625,61.01276779174805,59.84680938720703,60.14468002319336,1038230
2013-05-16,39.57634353637695,60.45106506347656,60.64680862426758,60.24680709838867,60.62978744506836,1035410
2013-05-17,39.98865509033203,61.08085250854492,61.08085250854492,60.38298034667969,60.45957565307617,1307893
2013-05-20,39.86050033569336,60.88510513305664,61.165958404541016,60.680850982666016,60.98723220825195,863038
2013-05-21,39.84379196166992,60.85957336425781,61.165958404541016,60.408512115478516,61.02978515625,928368
2013-05-22,39.16960906982422,59.82978820800781,61.429786682128906,59.455318450927734,60.73191452026367,1465460
2013-05-23,38.601280212402344,58.961700439453125,59.48085021972656,58.187232971191406,59.48085021972656,1312005
2013-05-24,38.038543701171875,58.10212707519531,58.817020416259766,57.88936233520508,58.680850982666016,898053
2013-05-28,37.71537780761719,57.60851287841797,58.697872161865234,57.27659606933594,58.31489562988281,1487550
2013-05-29,36.918617248535156,56.39148712158203,57.26808547973633,55.70212936401367,57.26808547973633,2058600
2013-05-30,37.581642150878906,57.40425491333008,57.99148941040039,56.59574508666992,56.59574508666992,2134388
2013-05-31,37.113616943359375,56.689361572265625,57.940425872802734,56.672340393066406,57.23404312133789,985943
2013-06-03,37.22505569458008,56.85957336425781,57.25957489013672,55.98297882080078,56.672340393066406,900285
2013-06-04,37.0467643737793,56.58723449707031,57.0638313293457,56.204254150390625,56.76595687866211,970550
2013-06-05,36.76259994506836,56.15319061279297,56.5787239074707,55.85531997680664,56.44255447387695,696893
2013-06-06,37.20833969116211,56.834041595458984,56.8510627746582,56.085105895996094,56.22978591918945,780318
2013-06-07,37.61507034301758,57.455318450927734,57.49787139892578,56.65531921386719,57.00425338745117,3691615
2013-06-10,37.397789001464844,57.12340545654297,57.54042434692383,57.01276779174805,57.48085021972656,3770223
2013-06-11,37.330928802490234,57.021278381347656,57.35319137573242,56.6638298034668,56.78297805786133,3411848
2013-06-12,36.968753814697266,56.46808624267578,57.52340316772461,56.35744857788086,57.28510665893555,721920
2013-06-13,37.725624084472656,57.055320739746094,57.12340545654297,55.65957260131836,56.16170120239258,1059380
2013-06-14,37.629974365234375,56.91063690185547,57.310638427734375,56.72340393066406,56.98723220825195,829550
2013-06-17,37.73126983642578,57.0638313293457,57.66808319091797,56.79148864746094,57.26808547973633,856105
2013-06-18,38.03514099121094,57.52340316772461,57.52340316772461,56.79148864746094,57.07233810424805,639318
2013-06-19,37.185420989990234,56.23829650878906,57.6340446472168,56.204254150390625,57.37872314453125,1400835
2013-06-20,36.01493835449219,54.46808624267578,55.931915283203125,54.34042739868164,55.87234115600586,1686478
2013-06-21,36.3919563293457,55.038299560546875,55.34468078613281,53.940425872802734,54.808509826660156,1950853
2013-06-24,36.18936538696289,54.73191452026367,55.21702194213867,54.195743560791016,54.62127685546875,1311418
2013-06-25,36.7464714050293,55.574466705322266,55.710636138916016,54.536170959472656,54.978721618652344,994520
2013-06-26,37.359867095947266,56.50212860107422,56.71489334106445,55.931915283203125,55.948936462402344,1570270
2013-06-27,37.51179885864258,56.73191452026367,57.25106430053711,56.65531921386719,56.689361572265625,888300
2013-06-28,37.7087516784668,57.02978515625,57.1489372253418,56.10212707519531,56.485107421875,1260658
2013-07-01,37.03911209106445,56.01702117919922,57.582977294921875,55.787235260009766,57.53191375732422,927663
2013-07-02,37.14601516723633,56.1787223815918,56.561702728271484,55.931915283203125,56.01702117919922,820150
2013-07-03,37.08412170410156,56.085105895996094,56.26382827758789,55.69361877441406,55.8212776184082,506543
2013-07-05,37.0109748840332,55.97446823120117,56.212764739990234,55.07233810424805,56.10212707519531,861628
2013-07-08,37.37110900878906,56.51914978027344,56.89361572265625,56.00851058959961,56.15319061279297,932833
2013-07-09,37.60747146606445,56.87659454345703,56.97021484375,56.24680709838867,56.842552185058594,2172458
2013-07-10,38.02388381958008,57.50638198852539,57.53191375732422,56.536170959472656,56.570213317871094,1320230
2013-07-11,38.68227005004883,58.50212860107422,58.536170959472656,57.923404693603516,58.0,864095
2013-07-12,38.822959899902344,58.71489334106445,58.74042510986328,58.0,58.485107421875,1006153
2013-07-15,39.28440856933594,59.41276550292969,59.429786682128906,58.544681549072266,58.61276626586914,1404008
2013-07-16,39.14371109008789,59.20000076293945,59.6340446472168,59.00425338745117,59.54893493652344,702533
2013-07-17,39.16622543334961,59.23404312133789,59.64255142211914,58.86808395385742,59.48936080932617,1003098
2013-07-18,39.689579010009766,60.02553176879883,60.0936164855957,59.23404312133789,59.38723373413086,669398
2013-07-19,39.54325485229492,59.804256439208984,60.22978591918945,59.69361877441406,60.15319061279297,672453
2013-07-22,39.66143798828125,59.98297882080078,60.212764739990234,59.69361877441406,59.804256439208984,593023
2013-07-23,39.86402130126953,60.289363861083984,60.3659553527832,59.9063835144043,60.0,925900
2013-07-24,39.194358825683594,59.27659606933594,60.37446975708008,58.85957336425781,60.2723388671875,789953
2013-07-25,39.40256881713867,59.591487884521484,59.812767028808594,59.00425338745117,59.182979583740234,884540
2013-07-26,39.475730895996094,59.70212936401367,59.76170349121094,58.71489334106445,59.302127838134766,961855
2013-07-29,39.72895812988281,60.085105895996094,60.434043884277344,59.36170196533203,59.438297271728516,1045280
2013-07-30,40.083492279052734,60.62127685546875,60.92766189575195,60.29787063598633,60.400001525878906,1364293
2013-07-31,39.785240173339844,60.17021179199219,60.59574508666992,59.795745849609375,60.408512115478516,1320700
2013-08-01,40.286067962646484,60.92766189575195,60.961700439453125,60.3659553527832,60.485107421875,905925
2013-08-02,40.314208984375,60.97021484375,61.08085250854492,60.50212860107422,60.91914749145508,641785
2013-08-05,39.98219680786133,60.46808624267578,60.7574462890625,60.25531768798828,60.7574462890625,763398
2013-08-06,39.802120208740234,60.195743560791016,60.58723449707031,60.17021179199219,60.46808624267578,1624085
2013-08-07,39.745845794677734,60.11063766479492,60.425533294677734,59.778724670410156,59.9063835144043,775148
2013-08-08,39.993438720703125,60.485107421875,60.6638298034668,59.940425872802734,60.221275329589844,626628
2013-08-09,39.84151840209961,60.25531768798828,60.49361801147461,59.86383056640625,60.485107421875,1176763
2013-08-12,39.64455032348633,59.95744705200195,60.0,59.61701965332031,59.87234115600586,701710
2013-08-13,39.3463020324707,59.50638198852539,60.085105895996094,59.310638427734375,59.95744705200195,916500
2013-08-14,39.036800384521484,59.038299560546875,59.582977294921875,58.86808395385742,59.455318450927734,874905
2013-08-15,38.524715423583984,58.26382827758789,58.79999923706055,58.12765884399414,58.74042510986328,996165
2013-08-16,38.03514099121094,57.52340316772461,58.195743560791016,57.182979583740234,58.12765884399414,987235
2013-08-19,37.79316711425781,57.157447814941406,57.812767028808594,56.79999923706055,57.319149017333984,936945
2013-08-20,38.03514099121094,57.52340316772461,57.88936233520508,56.85957336425781,57.14042663574219,863508
2013-08-21,37.57931900024414,56.834041595458984,57.40425491333008,56.570213317871094,57.327659606933594,1169948
2013-08-22,37.66374206542969,56.961700439453125,57.20851135253906,56.689361572265625,56.91914749145508,496438
2013-08-23,37.91695785522461,57.34468078613281,57.455318450927734,56.78297805786133,56.99574661254883,684673
2013-08-26,37.725624084472656,57.055320739746094,57.582977294921875,56.88510513305664,57.310638427734375,833428
2013-08-27,37.81568145751953,57.191490173339844,57.446807861328125,56.570213317871094,56.570213317871094,1009325
2013-08-28,37.8719482421875,57.27659606933594,57.54042434692383,56.978721618652344,57.26808547973633,1073480
2013-08-29,37.71438217163086,57.038299560546875,57.40425491333008,56.79148864746094,57.25957489013672,829903
2013-08-30,37.629974365234375,56.91063690185547,57.319149017333984,56.6638298034668,57.02978515625,786428
2013-09-03,37.06159973144531,56.051063537597656,57.55744552612305,55.88936233520508,57.25957489013672,1003450
2013-09-04,36.99408721923828,55.948936462402344,56.076595306396484,55.34468078613281,56.04255294799805,1271938
2013-09-05,36.577659606933594,55.319149017333984,56.17021179199219,55.25106430053711,55.948936462402344,1312593
2013-09-06,36.89279556274414,55.795745849609375,56.16170120239258,55.514892578125,55.565956115722656,3384705
2013-09-09,37.19667053222656,56.25531768798828,56.37446975708008,55.54893493652344,55.795745849609375,2900723
2013-09-10,37.53992462158203,56.77446746826172,56.77446746826172,56.15319061279297,56.37446975708008,3409615
2013-09-11,37.62433624267578,56.90212631225586,56.9361686706543,55.95744705200195,56.77446746826172,1787880
2013-09-12,37.3316650390625,55.9063835144043,57.038299560546875,55.82978820800781,56.51063919067383,906983
2013-09-13,37.405540466308594,56.01702117919922,56.45957565307617,55.923404693603516,56.068084716796875,607005
2013-09-16,37.45669174194336,56.0936164855957,57.055320739746094,55.95744705200195,56.672340393066406,1297905
2013-09-17,37.63286590576172,56.35744857788086,56.561702728271484,56.11914825439453,56.25531768798828,865623
2013-09-18,38.75811004638672,58.04255294799805,58.23829650878906,56.195743560791016,56.47659683227539,1229873
2013-09-19,38.59328842163086,57.795745849609375,58.425533294677734,57.53191375732422,57.95744705200195,990643
2013-09-20,38.178443908691406,57.174468994140625,57.95744705200195,56.99574661254883,57.795745849609375,1721023
2013-09-23,38.41712951660156,57.53191375732422,58.0,56.74042510986328,57.13191604614258,1636893
2013-09-24,38.178443908691406,57.174468994140625,57.77021408081055,57.11489486694336,57.60851287841797,1738765
2013-09-25,37.82042694091797,56.63829803466797,57.429786682128906,56.46808624267578,57.25957489013672,1445133
2013-09-26,37.82608413696289,56.64680862426758,57.07233810424805,56.434043884277344,56.7574462890625,893705
2013-09-27,37.54193115234375,56.221275329589844,56.706382751464844,56.0,56.34042739868164,933773
2013-09-30,37.4964714050293,56.15319061279297,56.22978591918945,55.77021408081055,55.88085174560547,1122243
2013-10-01,37.581729888916016,56.28084945678711,56.51063919067383,56.076595306396484,56.30638122558594,667400
2013-10-02,37.68971252441406,56.44255447387695,56.46808624267578,55.74468231201172,56.13616943359375,1106615
2013-10-03,37.047523498535156,55.48085021972656,56.22978591918945,55.302127838134766,56.22978591918945,901460
2013-10-04,36.97932434082031,55.37872314453125,55.76170349121094,55.302127838134766,55.47233963012695,670455
2013-10-07,36.67242431640625,54.91914749145508,55.455318450927734,54.8510627746582,55.10638427734375,1120363
2013-10-08,36.97932434082031,55.37872314453125,55.787235260009766,54.953189849853516,55.10638427734375,2245190
2013-10-09,37.29188919067383,55.84680938720703,56.39148712158203,55.293617248535156,55.54893493652344,1455120
2013-10-10,37.8033561706543,56.61276626586914,56.63829803466797,55.446807861328125,56.17021179199219,1028713
2013-10-11,37.97953796386719,56.87659454345703,56.98723220825195,56.46808624267578,56.64680862426758,666695
2013-10-14,37.786319732666016,56.58723449707031,56.7574462890625,55.795745849609375,56.570213317871094,1084525
2013-10-15,37.34303665161133,55.923404693603516,56.697872161865234,55.9063835144043,56.49361801147461,1662508
2013-10-16,37.65560531616211,56.39148712158203,56.50212860107422,55.923404693603516,56.11914825439453,1158315
2013-10-17,38.201168060302734,57.20851135253906,57.310638427734375,55.923404693603516,56.23829650878906,1512108
2013-10-18,38.195491790771484,57.20000076293945,57.6340446472168,57.07233810424805,57.36170196533203,1136225
2013-10-21,37.9852180480957,56.88510513305664,57.34468078613281,56.689361572265625,57.157447814941406,860335
2013-10-22,38.31482696533203,57.37872314453125,57.574466705322266,56.817020416259766,56.944679260253906,1044575
2013-10-23,38.79220962524414,58.0936164855957,58.62978744506836,57.22553253173828,57.36170196533203,2133683
2013-10-24,38.41712951660156,57.53191375732422,58.14468002319336,57.27659606933594,58.10212707519531,1380508
2013-10-25,39.46279525756836,59.09787368774414,59.12340545654297,56.6638298034668,57.13191604614258,2134153
2013-10-28,39.576454162597656,59.26808547973633,59.73617172241211,58.97021484375,59.20000076293945,1829593
2013-10-29,39.661712646484375,59.39574432373047,59.76170349121094,58.97021484375,59.75319290161133,1470043
2013-10-30,39.40597915649414,59.01276779174805,59.83829879760742,58.91914749145508,59.52340316772461,1270058
2013-10-31,39.29230880737305,58.842552185058594,59.13191604614258,58.03404235839844,58.9361686706543,1384855
2013-11-01,39.46279525756836,59.09787368774414,59.302127838134766,58.706382751464844,58.944679260253906,990173
2013-11-04,39.83787536621094,59.65957260131836,59.71915054321289,58.88510513305664,59.302127838134766,1778128
2013-11-05,39.64464569091797,59.37021255493164,60.10212707519531,59.27659606933594,59.53191375732422,1760855
2013-11-06,39.88903045654297,59.73617172241211,59.95744705200195,59.446807861328125,59.446807861328125,1300843
2013-11-07,39.41734313964844,59.02978515625,60.11914825439453,59.00425338745117,59.84680938720703,1693058
2013-11-08,39.40597915649414,59.01276779174805,59.038299560546875,57.88085174560547,58.706382751464844,1757095
2013-11-11,39.31503677368164,58.87659454345703,59.28510665893555,58.60425567626953,59.09787368774414,804758
2013-11-12,38.80924987792969,58.11914825439453,58.87659454345703,57.82978820800781,58.60425567626953,1302723
2013-11-13,38.735382080078125,58.00851058959961,58.02553176879883,57.37021255493164,57.70212936401367,1773193
2013-11-14,39.2979850769043,58.8510627746582,59.07233810424805,58.22978591918945,58.2723388671875,829315
2013-11-15,39.49123001098633,59.14042663574219,59.1489372253418,58.52766036987305,58.72340393066406,969023
2013-11-18,39.423011779785156,59.038299560546875,59.39574432373047,58.86808395385742,59.35319137573242,822148
2013-11-19,39.09341049194336,58.544681549072266,58.98723220825195,58.47659683227539,58.944679260253906,1095570
2013-11-20,39.082035064697266,58.52766036987305,58.91063690185547,58.348934173583984,58.72340393066406,1731245
2013-11-21,39.16727828979492,58.65531921386719,58.953189849853516,58.39148712158203,58.63829803466797,1130820
2013-11-22,39.1331901550293,58.60425567626953,58.87659454345703,58.37446975708008,58.553192138671875,1225290
2013-11-25,38.741050720214844,58.01702117919922,58.73191452026367,57.948936462402344,58.60425567626953,936005
2013-11-26,38.18411636352539,57.182979583740234,58.11063766479492,57.09787368774414,57.948936462402344,1189453
2013-11-27,38.030677795410156,56.953189849853516,57.25957489013672,56.842552185058594,57.2425537109375,1035645
2013-11-29,37.92838668823242,56.79999923706055,57.10638427734375,56.73191452026367,56.8510627746582,530043
2013-12-02,37.951114654541016,56.834041595458984,56.99574661254883,56.212764739990234,56.90212631225586,1029888
2013-12-03,37.99089813232422,56.89361572265625,56.978721618652344,56.49361801147461,56.62127685546875,994873
2013-12-04,37.97953796386719,56.87659454345703,56.97021484375,56.30638122558594,56.59574508666992,959505
2013-12-05,37.72378921508789,56.49361801147461,56.87659454345703,56.417022705078125,56.77446746826172,1118130
2013-12-06,38.422813415527344,57.54042434692383,57.574466705322266,56.706382751464844,56.71489334106445,1192038
2013-12-09,38.201168060302734,57.20851135253906,57.52340316772461,56.91914749145508,57.48085021972656,1200498
2013-12-10,37.865875244140625,56.706382751464844,57.14042663574219,56.680850982666016,57.12340545654297,1643120
2013-12-11,37.50783920288086,56.17021179199219,56.73191452026367,55.88085174560547,56.72340393066406,1924180
2013-12-12,37.516456604003906,55.62553024291992,56.23829650878906,55.49787139892578,55.61701965332031,1268060
2013-12-13,37.516456604003906,55.62553024291992,55.931915283203125,55.514892578125,55.787235260009766,598075
2013-12-16,37.91251754760742,56.212764739990234,56.45106506347656,55.676597595214844,55.74468231201172,1082880
2013-12-17,37.47053527832031,55.55744552612305,56.16170120239258,55.35319137573242,56.12765884399414,2235320
2013-12-18,37.969913482666016,56.29787063598633,56.408512115478516,54.91063690185547,55.53191375732422,1699050
2013-12-19,37.65421676635742,55.82978820800781,56.15319061279297,55.310638427734375,56.12765884399414,1422338
2013-12-20,38.23394012451172,56.689361572265625,57.37872314453125,55.914894104003906,55.923404693603516,2632353
2013-12-23,38.19951248168945,56.63829803466797,57.038299560546875,56.47659683227539,56.87659454345703,983005
2013-12-24,38.27412796020508,56.74893569946289,56.88510513305664,56.187232971191406,56.561702728271484,439450
2013-12-26,37.975650787353516,56.30638122558594,56.74042510986328,56.10212707519531,56.680850982666016,727678
2013-12-27,38.0904426574707,56.47659683227539,56.61276626586914,56.076595306396484,56.2723388671875,870440
2013-12-30,38.06749725341797,56.44255447387695,56.72340393066406,56.15319061279297,56.408512115478516,1018255
2013-12-31,38.107669830322266,56.50212860107422,56.59574508666992,56.068084716796875,56.44255447387695,2235673
2014-01-02,37.459049224853516,55.54042434692383,56.544681549072266,55.50638198852539,56.51063919067383,1662978
2014-01-03,37.384437561035156,55.429786682128906,56.212764739990234,55.182979583740234,56.195743560791016,1505645
2014-01-06,37.41887664794922,55.48085021972656,55.76170349121094,55.28510665893555,55.446807861328125,1254430
2014-01-07,37.746055603027344,55.96595764160156,56.051063537597656,55.4212760925293,55.48936080932617,1292500
2014-01-08,37.36721420288086,55.40425491333008,55.95744705200195,55.25106430053711,55.95744705200195,1524210
2014-01-09,37.700138092041016,55.89787292480469,56.01702117919922,55.47233963012695,55.651065826416016,1333978
2014-01-10,38.268402099609375,56.74042510986328,57.310638427734375,56.221275329589844,56.323402404785156,1330218
2014-01-13,37.91251754760742,56.212764739990234,56.74042510986328,56.10212707519531,56.5787239074707,861863
2014-01-14,37.98139190673828,56.31489562988281,56.553192138671875,56.02553176879883,56.30638122558594,681383
2014-01-15,37.694393157958984,55.88936233520508,56.50212860107422,55.71915054321289,56.50212860107422,1128118
2014-01-16,37.832149505615234,56.0936164855957,56.0936164855957,55.591487884521484,55.9063835144043,995460
2014-01-17,37.7977180480957,56.04255294799805,56.400001525878906,55.85531997680664,56.14468002319336,990290
2014-01-21,38.23394012451172,56.689361572265625,56.73191452026367,56.28084945678711,56.425533294677734,763633
2014-01-22,38.38319396972656,56.91063690185547,56.97021484375,56.5787239074707,56.6638298034668,988645
2014-01-23,38.14784240722656,56.561702728271484,56.834041595458984,56.323402404785156,56.689361572265625,1217183
2014-01-24,37.579586029052734,55.71915054321289,56.817020416259766,55.71915054321289,56.417022705078125,1860025
2014-01-27,37.86083984375,56.13616943359375,56.52766036987305,55.73617172241211,55.8212776184082,1975410
2014-01-28,38.09619140625,56.485107421875,56.49361801147461,56.0936164855957,56.221275329589844,1313650
2014-01-29,38.073238372802734,56.45106506347656,56.72340393066406,56.187232971191406,56.37446975708008,1314120
2014-01-30,38.618534088134766,57.25957489013672,57.40425491333008,56.689361572265625,56.72340393066406,806755
2014-01-31,39.15808868408203,58.059574127197266,58.16170120239258,56.73191452026367,56.79148864746094,1650405
2014-02-03,39.014583587646484,57.84680938720703,58.77446746826172,57.71915054321289,58.068084716796875,2455515
2014-02-04,38.72184371948242,57.41276550292969,58.16170120239258,56.834041595458984,58.085105895996094,2025113
2014-02-05,38.48651123046875,57.0638313293457,57.26808547973633,56.87659454345703,57.23404312133789,1308128
2014-02-06,38.79073715209961,57.514892578125,57.574466705322266,56.91063690185547,57.191490173339844,1077945
2014-02-07,38.96867370605469,57.778724670410156,57.86383056640625,57.429786682128906,57.60851287841797,1249378
2014-02-10,39.16382598876953,58.068084716796875,58.0936164855957,57.2425537109375,57.60851287841797,1087463
2014-02-11,39.6632080078125,58.808509826660156,58.817020416259766,57.923404693603516,57.96595764160156,1396135
2014-02-12,39.54839324951172,58.63829803466797,59.01276779174805,58.52766036987305,58.79999923706055,1131525
2014-02-13,39.9329719543457,59.20851135253906,59.26808547973633,58.25531768798828,58.417022705078125,1781888
2014-02-14,41.172821044921875,61.046810150146484,61.157447814941406,58.88510513305664,59.20851135253906,2878398
2014-02-18,41.39667510986328,61.37872314453125,61.50638198852539,61.08936309814453,61.25957489013672,1737825
2014-02-19,41.02356719970703,60.825531005859375,61.65957260131836,60.71489334106445,61.38723373413086,2074698
2014-02-20,41.5172119140625,61.55744552612305,61.73617172241211,60.91063690185547,60.91063690185547,2141203
2014-02-21,41.4942512512207,61.52340316772461,62.085105895996094,61.52340316772461,61.60851287841797,1742173
2014-02-24,41.247432708740234,61.157447814941406,61.82978820800781,61.13191604614258,61.73617172241211,1303663
2014-02-25,41.23021697998047,61.13191604614258,61.66808319091797,60.92766189575195,61.22553253173828,1025893
2014-02-26,41.04653549194336,60.85957336425781,61.455318450927734,60.78297805786133,61.319149017333984,879958
2014-02-27,40.89155197143555,60.62978744506836,61.25957489013672,60.425533294677734,60.825531005859375,881838
2014-02-28,41.19003677368164,61.07233810424805,61.27659606933594,60.72340393066406,60.79999923706055,983710
2014-03-03,40.69639587402344,60.34042739868164,61.10638427734375,60.29787063598633,60.77446746826172,948343
2014-03-04,41.02356719970703,60.825531005859375,60.953189849853516,60.58723449707031,60.76595687866211,770448
2014-03-05,40.69639587402344,60.34042739868164,60.834041595458984,60.187232971191406,60.77446746826172,1059615
2014-03-06,40.38069534301758,59.87234115600586,60.64680862426758,59.6340446472168,60.61276626586914,1039875
2014-03-07,40.369224548339844,59.85531997680664,59.914894104003906,59.21702194213867,59.778724670410156,1059498
2014-03-10,40.392173767089844,59.88936233520508,60.0936164855957,59.48936080932617,59.83829879760742,1106145
2014-03-11,40.14535140991211,59.52340316772461,59.99148941040039,59.310638427734375,59.83829879760742,743540
2014-03-12,40.85137939453125,60.570213317871094,60.64680862426758,59.4212760925293,59.48936080932617,2810365
2014-03-13,41.3582878112793,60.7574462890625,60.91914749145508,59.88085174560547,60.0936164855957,1669558
2014-03-14,41.508914947509766,60.978721618652344,61.27659606933594,60.45106506347656,60.79148864746094,1770960
2014-03-17,41.7000846862793,61.25957489013672,61.327659606933594,60.834041595458984,61.07233810424805,1487668
2014-03-18,41.59581756591797,61.10638427734375,61.463829040527344,60.978721618652344,61.310638427734375,678798
2014-03-19,40.92959213256836,60.12765884399414,61.327659606933594,59.87234115600586,61.0638313293457,1140455
2014-03-20,40.99909591674805,60.22978591918945,60.28084945678711,59.446807861328125,60.0,1190510
2014-03-21,41.43358612060547,60.86808395385742,61.319149017333984,60.58723449707031,60.58723449707031,1601760
2014-03-24,41.67691421508789,61.22553253173828,61.38723373413086,60.6638298034668,61.08085250854492,1361120
2014-03-25,41.821746826171875,61.438297271728516,61.591487884521484,60.98723220825195,61.310638427734375,1079473
2014-03-26,41.87388610839844,61.514892578125,62.0,61.34468078613281,61.53191375732422,1575440
2014-03-27,42.24466323852539,62.059574127197266,62.0936164855957,61.165958404541016,61.455318450927734,1041638
2014-03-28,42.40106964111328,62.289363861083984,62.58723449707031,61.68510437011719,61.99148941040039,1068545
2014-03-31,43.0383415222168,63.22553253173828,63.49787139892578,62.680850982666016,62.9361686706543,1507525
2014-04-01,43.18317413330078,63.438297271728516,63.463829040527344,62.834041595458984,63.174468994140625,1533845
2014-04-02,43.10785675048828,63.327659606933594,63.48085021972656,62.7574462890625,63.429786682128906,1173003
2014-04-03,43.24689865112305,63.53191375732422,63.70212936401367,63.157447814941406,63.50638198852539,705118
2014-04-04,43.299041748046875,63.60851287841797,64.39148712158203,63.54893493652344,63.69361877441406,847645
2014-04-07,43.04412841796875,63.23404312133789,64.10212707519531,63.21702194213867,63.62553024291992,1475565
2014-04-08,43.54815673828125,63.97446823120117,64.16170501708984,62.680850982666016,63.11489486694336,1223058
2014-04-09,43.60029983520508,64.05106353759766,64.20425415039062,63.327659606933594,64.04255676269531,2574073
2014-04-10,43.54815673828125,63.97446823120117,64.49361419677734,63.7276611328125,64.05106353759766,1560518
2014-04-11,43.36855697631836,63.710636138916016,64.24681091308594,63.514892578125,63.71915054321289,1214363
2014-04-14,43.75092697143555,64.2723388671875,64.64681243896484,63.574466705322266,64.0851058959961,1287095
2014-04-15,44.5156364440918,65.39574432373047,65.41276550292969,64.28936004638672,64.40850830078125,1575910
2014-04-16,44.71260070800781,65.68510437011719,65.68510437011719,64.91915130615234,65.58297729492188,1495305
2014-04-17,44.38818359375,65.20851135253906,66.00851440429688,65.12340545654297,65.42127990722656,1658395
2014-04-21,44.133270263671875,64.83404541015625,65.48085021972656,64.485107421875,65.20851135253906,1020840
2014-04-22,44.318660736083984,65.10638427734375,65.2170181274414,64.42552947998047,64.73191833496094,1432913
2014-04-23,44.54460144042969,65.43830108642578,65.93191528320312,64.86808776855469,65.10638427734375,1399660
2014-04-24,44.69523239135742,65.65957641601562,65.69361877441406,64.91063690185547,65.47234344482422,1281103
2014-04-25,45.40780258178711,66.70638275146484,66.97872161865234,66.04255676269531,66.59574127197266,2070233
2014-04-28,45.19343948364258,66.39148712158203,66.87659454345703,65.95744323730469,66.68085479736328,1454063
2014-04-29,44.996456146240234,66.10212707519531,66.71489715576172,65.88935852050781,66.50212860107422,1236688
2014-04-30,45.26876449584961,66.50212860107422,66.66383361816406,66.00851440429688,66.17872619628906,1479325
2014-05-01,45.2977294921875,66.544677734375,66.72340393066406,65.89787292480469,66.6297836303711,1146800
2014-05-02,44.60832595825195,65.53191375732422,66.38298034667969,65.13191223144531,66.23829650878906,1528675
2014-05-05,45.147098541259766,66.32340240478516,66.33191680908203,65.48936462402344,65.52340698242188,1092280
2014-05-06,45.06598663330078,66.20425415039062,66.63829803466797,65.88935852050781,66.11064147949219,1187808
2014-05-07,45.95237350463867,67.50638580322266,67.5999984741211,66.19574737548828,66.30638122558594,1354423
2014-05-08,45.17027282714844,66.3574447631836,67.61701965332031,66.09362030029297,67.43830108642578,1172415
2014-05-09,44.39398193359375,65.2170181274414,66.544677734375,65.12340545654297,66.22127532958984,1175588
2014-05-12,44.01741027832031,64.66383361816406,65.53191375732422,64.45106506347656,65.34468078613281,995108
2014-05-13,44.110107421875,64.80000305175781,65.20851135253906,64.55319213867188,64.5702133178711,1351838
2014-05-14,44.11588668823242,64.80850982666016,65.57447052001953,64.62127685546875,64.91063690185547,849408
2014-05-15,43.94209289550781,64.55319213867188,65.08084869384766,64.41702270507812,64.92765808105469,1023543
2014-05-16,44.283897399902344,65.0553207397461,65.07234191894531,64.25531768798828,64.5702133178711,1081588
2014-05-19,43.27586364746094,63.574466705322266,64.9446792602539,63.54893493652344,64.9446792602539,1117778
2014-05-20,43.136810302734375,63.37021255493164,64.07659912109375,62.97021484375,63.64255142211914,1094278
2014-05-21,43.07890701293945,63.28510665893555,63.54042434692383,63.038299560546875,63.41276550292969,712403
2014-05-22,43.536563873291016,63.95744705200195,64.0,63.293617248535156,63.293617248535156,579040
2014-05-23,43.3801383972168,63.7276611328125,64.13616943359375,63.710636138916016,63.940425872802734,612058
2014-05-27,43.611873626708984,64.06808471679688,64.45106506347656,63.923404693603516,64.13616943359375,964088
2014-05-28,43.658226013183594,64.13616943359375,64.4595718383789,63.98297882080078,64.13616943359375,1070425
2014-05-29,43.664024353027344,64.14468383789062,64.47659301757812,63.787235260009766,64.42552947998047,828728
2014-05-30,44.0985107421875,64.7829818725586,64.82553100585938,64.0851058959961,64.22978973388672,800175
2014-06-02,44.133270263671875,64.83404541015625,65.04680633544922,64.50212860107422,64.66383361816406,638378
2014-06-03,44.156455993652344,64.86808776855469,65.07234191894531,64.47659301757812,64.68085479736328,701710
2014-06-04,44.156455993652344,64.86808776855469,64.98723602294922,64.51063537597656,64.77446746826172,777615
2014-06-05,44.34183120727539,65.14042663574219,65.37872314453125,64.76596069335938,65.20851135253906,889945
2014-06-06,44.168033599853516,64.8851089477539,65.58297729492188,64.85106658935547,65.19149017333984,718630
2014-06-09,43.75092697143555,64.2723388671875,64.85957336425781,64.1872329711914,64.62127685546875,1169243
2014-06-10,43.507598876953125,63.914894104003906,64.24681091308594,63.76170349121094,64.17872619628906,864330
2014-06-11,42.99199676513672,63.157447814941406,63.948936462402344,63.14042663574219,63.74468231201172,1031415
2014-06-12,43.357295989990234,63.13191604614258,63.165958404541016,61.923404693603516,62.697872161865234,1007445
2014-06-13,43.526798248291016,63.37872314453125,63.60851287841797,62.71489334106445,63.0638313293457,751530
2014-06-16,43.98271179199219,64.04255676269531,64.44255065917969,63.27659606933594,63.35319137573242,1118483
2014-06-17,43.81903839111328,63.804256439208984,64.04255676269531,63.463829040527344,63.778724670410156,738488
2014-06-18,44.912044525146484,65.39574432373047,65.42127990722656,63.7276611328125,63.76170349121094,1034235
2014-06-19,45.39714813232422,66.10212707519531,66.14468383789062,65.40425872802734,65.5999984741211,1094983
2014-06-20,45.37377166748047,66.06808471679688,66.42552947998047,65.99148559570312,66.34893798828125,1173003
2014-06-23,45.2802619934082,65.93191528320312,66.3574447631836,65.56595611572266,66.05106353759766,644605
2014-06-24,45.4205322265625,66.13616943359375,66.36595916748047,65.7872314453125,65.8127670288086,542263
2014-06-25,45.61341857910156,66.41702270507812,66.53617095947266,65.83829498291016,65.83829498291016,966673
2014-06-26,45.43808364868164,66.16170501708984,66.42552947998047,65.67659759521484,66.2978744506836,1590245
2014-06-27,45.43808364868164,66.16170501708984,66.45106506347656,65.76170349121094,66.03404235839844,1111668
2014-06-30,45.5140495300293,66.2723388671875,66.55319213867188,65.93191528320312,66.2127685546875,2258233
2014-07-01,45.116607666015625,65.69361877441406,66.46808624267578,65.62553405761719,66.34893798828125,1668618
2014-07-02,44.23404312133789,64.40850830078125,65.61701965332031,64.13616943359375,65.48936462402344,1537135
2014-07-03,43.900882720947266,63.923404693603516,64.11064147949219,63.60851287841797,64.09362030029297,1030475
2014-07-07,44.07038116455078,64.17021179199219,64.5702133178711,63.914894104003906,64.01702117919922,1152793
2014-07-08,44.403533935546875,64.65531921386719,64.83404541015625,63.89787292480469,64.0595703125,788543
2014-07-09,44.08207321166992,64.1872329711914,64.83404541015625,63.923404693603516,64.60425567626953,1136108
2014-07-10,44.63148880004883,64.98723602294922,65.02127838134766,64.04255676269531,64.11914825439453,1124475
2014-07-11,44.36846160888672,64.60425567626953,65.09786987304688,64.544677734375,64.83404541015625,735785
2014-07-14,44.07038116455078,64.17021179199219,64.92765808105469,64.16170501708984,64.68936157226562,771153
2014-07-15,44.45614242553711,64.73191833496094,64.83404541015625,64.14468383789062,64.22127532958984,1653343
2014-07-16,44.53211212158203,64.8425521850586,64.89361572265625,64.16170501708984,64.86808776855469,812278
2014-07-17,44.327545166015625,64.544677734375,65.02127838134766,64.47659301757812,64.58723449707031,1421280
2014-07-18,44.75423049926758,65.16595458984375,65.33616638183594,64.33191680908203,64.80850982666016,897113
2014-07-21,44.37431716918945,64.61276245117188,65.25957489013672,64.51063537597656,65.25957489013672,1217535
2014-07-22,44.47365951538086,64.7574462890625,64.8851089477539,64.44255065917969,64.8851089477539,841300
2014-07-23,44.75423049926758,65.16595458984375,65.17446899414062,64.49361419677734,64.83404541015625,1604463
2014-07-24,45.157508850097656,65.75318908691406,65.7872314453125,64.91915130615234,65.18297576904297,1738413
2014-07-25,44.421077728271484,64.68085479736328,65.49787139892578,64.3574447631836,65.20851135253906,1229520
2014-07-28,45.023094177246094,65.55744934082031,65.71063995361328,64.44255065917969,64.45106506347656,936945
2014-07-29,44.80098342895508,65.23403930664062,65.8723373413086,65.10638427734375,65.48936462402344,1929938
2014-07-30,44.07038116455078,64.17021179199219,65.5404281616211,64.00851440429688,65.18297576904297,1737943
2014-07-31,43.14689254760742,62.825531005859375,64.23829650878906,62.7574462890625,64.15319061279297,1301665
2014-08-01,43.32807922363281,63.08936309814453,63.55744552612305,62.51063919067383,62.63829803466797,990878
2014-08-04,42.98323440551758,62.58723449707031,63.23404312133789,61.651065826416016,63.13191604614258,1636658
2014-08-05,42.147422790527344,61.37021255493164,62.63829803466797,61.174468994140625,62.31489562988281,1305543
2014-08-06,42.12403106689453,61.3361701965332,61.68510437011719,60.9361686706543,61.08936309814453,3353685
2014-08-07,42.70851516723633,62.187232971191406,62.61276626586914,61.710636138916016,61.710636138916016,1741820
2014-08-08,43.67292404174805,63.591487884521484,63.6340446472168,62.085105895996094,62.408512115478516,1208723
2014-08-11,43.62031173706055,63.514892578125,63.96595764160156,63.319149017333984,63.62553024291992,695600
2014-08-12,43.48003387451172,63.310638427734375,63.62553024291992,63.182979583740234,63.319149017333984,909803
2014-08-13,43.91256332397461,63.940425872802734,64.03404235839844,63.310638427734375,63.49787139892578,728265
2014-08-14,44.37431716918945,64.61276245117188,64.6297836303711,64.01702117919922,64.1872329711914,775618
2014-08-15,44.63148880004883,64.98723602294922,65.14893341064453,64.3574447631836,64.68085479736328,1352308
2014-08-18,44.59642028808594,64.93617248535156,65.3276596069336,64.7574462890625,65.08084869384766,1160900
2014-08-19,45.145835876464844,65.73616790771484,65.77872467041016,64.80850982666016,64.97872161865234,727913
2014-08-20,45.215965270996094,65.83829498291016,65.88935852050781,65.25957489013672,65.65957641601562,787250
2014-08-21,45.19843673706055,65.8127670288086,66.22978973388672,65.65106201171875,65.74468231201172,1156553
2014-08-22,44.94126892089844,65.43830108642578,66.0595703125,65.0553207397461,65.85531616210938,965028
2014-08-25,45.26857376098633,65.9148941040039,66.00851440429688,65.40425872802734,65.59149169921875,928368
2014-08-26,44.60226058959961,64.9446792602539,66.19574737548828,64.91915130615234,66.04255676269531,919438
2014-08-27,44.96463394165039,65.47234344482422,65.514892578125,65.04680633544922,65.10638427734375,927428
2014-08-28,45.537437438964844,66.30638122558594,66.33191680908203,65.19149017333984,65.43830108642578,961033
2014-08-29,45.73616027832031,66.59574127197266,66.60425567626953,66.13616943359375,66.33191680908203,972313
2014-09-02,45.25103759765625,65.88935852050781,66.63829803466797,65.50638580322266,66.49361419677734,1032708
2014-09-03,45.43808364868164,66.16170501708984,66.3574447631836,65.82127380371094,66.0,823440
2014-09-04,45.44392013549805,66.17021179199219,66.28085327148438,65.69361877441406,66.14468383789062,700418
2014-09-05,46.075157165527344,67.08936309814453,67.10638427734375,66.20425415039062,66.20425415039062,771035
2014-09-08,45.853065490722656,66.76596069335938,67.14042663574219,66.43404388427734,67.14042663574219,778320
2014-09-09,45.5140495300293,66.2723388671875,66.76596069335938,66.25531768798828,66.76596069335938,842123
2014-09-10,45.19258117675781,65.80425262451172,66.34893798828125,65.52340698242188,66.20425415039062,909450
2014-09-11,45.552337646484375,65.73616790771484,65.82978820800781,65.03829956054688,65.3702163696289,611235
2014-09-12,44.567466735839844,64.31489562988281,65.52340698242188,64.10212707519531,65.46382904052734,1515280
2014-09-15,44.84464645385742,64.71489715576172,64.97021484375,64.46808624267578,64.58723449707031,579158
2014-09-16,45.351829528808594,65.44680786132812,65.73616790771484,64.61276245117188,64.71489715576172,685730
2014-09-17,45.16899490356445,65.18297576904297,65.75318908691406,64.7829818725586,65.48085021972656,642255
2014-09-18,44.673622131347656,64.46808624267578,65.58297729492188,64.17021179199219,65.19999694824219,875493
2014-09-19,44.997982025146484,64.93617248535156,65.03829956054688,64.51063537597656,64.72340393066406,1404125
2014-09-22,44.703094482421875,64.51063537597656,65.12340545654297,64.3574447631836,64.80850982666016,1108848
2014-09-23,44.73847579956055,64.56169891357422,64.72340393066406,64.17872619628906,64.38298034667969,1099095
2014-09-24,44.67950439453125,64.47659301757812,64.71489715576172,64.0255355834961,64.71489715576172,1012380
2014-09-25,44.45539855957031,64.15319061279297,64.8425521850586,64.0851058959961,64.5702133178711,1302488
2014-09-26,44.51438903808594,64.23829650878906,64.50212860107422,63.50638198852539,64.26383209228516,697833
2014-09-29,44.79746627807617,64.64681243896484,64.70638275146484,63.87234115600586,64.03404235839844,789365
2014-09-30,44.86823654174805,64.74893951416016,65.3702163696289,64.43404388427734,64.73191833496094,1165718
2014-10-01,44.98617935180664,64.91915130615234,65.71063995361328,64.74893951416016,64.86808776855469,980773
2014-10-02,44.98027420043945,64.91063690185547,65.48936462402344,64.73191833496094,64.8425521850586,1071835
2014-10-03,45.33413314819336,65.42127990722656,65.49787139892578,64.56169891357422,65.02978515625,1011323
2014-10-06,45.322330474853516,65.40425872802734,65.84680938720703,65.09786987304688,65.46382904052734,721450
2014-10-07,45.42259216308594,65.54893493652344,66.1276626586914,65.2170181274414,65.25106048583984,991113
2014-10-08,46.64926528930664,67.31914520263672,67.43830108642578,65.48936462402344,65.48936462402344,1992918
2014-10-09,45.92387771606445,66.2723388671875,68.25531768798828,66.2127685546875,67.48085021972656,2310520
2014-10-10,46.43107223510742,67.00425720214844,67.5404281616211,66.50212860107422,66.62127685546875,1820075
2014-10-13,46.53131866455078,67.14893341064453,67.98297882080078,66.7574462890625,66.96170043945312,1515750
2014-10-14,46.89107894897461,67.66808319091797,68.25531768798828,67.08084869384766,67.55744934082031,2504160
2014-10-15,45.941585540771484,66.2978744506836,68.2978744506836,64.97872161865234,67.71063995361328,1985985
2014-10-16,45.340030670166016,65.4297866821289,66.14468383789062,65.04680633544922,65.7872314453125,3021865
2014-10-17,45.39899444580078,65.514892578125,65.88935852050781,64.47659301757812,65.57447052001953,3408793
2014-10-20,46.37799835205078,66.92765808105469,67.01276397705078,65.53191375732422,65.53191375732422,1612805
2014-10-21,47.03261947631836,67.8723373413086,67.95744323730469,67.03829956054688,67.34468078613281,1629373
2014-10-22,47.097496032714844,67.96595764160156,68.74893951416016,67.73616790771484,68.0595703125,1138693
2014-10-23,47.1800537109375,68.0851058959961,68.80850982666016,67.9404296875,68.38298034667969,1454885
2014-10-24,47.29801940917969,68.25531768798828,68.90213012695312,67.96595764160156,68.1872329711914,1818665
2014-10-27,47.53980255126953,68.60425567626953,69.06382751464844,68.0851058959961,68.0851058959961,1741585
2014-10-28,47.88774490356445,69.10638427734375,69.1148910522461,68.17021179199219,68.6297836303711,1798573
2014-10-29,47.20953369140625,68.1276626586914,69.01276397705078,67.514892578125,68.46808624267578,1681778
2014-10-30,48.35365295410156,69.77872467041016,69.79574584960938,68.19574737548828,68.2723388671875,1592595
2014-10-31,48.45391845703125,69.92340087890625,70.06808471679688,69.33616638183594,70.06808471679688,1333625
2014-11-03,48.831363677978516,70.46808624267578,70.6297836303711,70.0255355834961,70.09362030029297,1137048
2014-11-04,48.58955764770508,70.11914825439453,71.03829956054688,69.93191528320312,70.58723449707031,756230
2014-11-05,49.6334228515625,71.62553405761719,71.84680938720703,70.19574737548828,70.59574127197266,2228270
2014-11-06,48.75467300415039,70.3574447631836,71.39574432373047,69.92340087890625,71.39574432373047,2627300
2014-11-07,49.13212203979492,70.90213012695312,70.92765808105469,70.2127685546875,70.40850830078125,999103
2014-11-10,49.450584411621094,71.36170196533203,71.41276550292969,70.49361419677734,70.68085479736328,846588
2014-11-11,48.82545852661133,70.4595718383789,71.20851135253906,70.17021179199219,71.1574478149414,1375103
2014-11-12,47.7108154296875,68.85106658935547,69.99148559570312,68.60425567626953,69.84680938720703,1856500
2014-11-13,47.05031204223633,67.89787292480469,69.34468078613281,67.76170349121094,69.03829956054688,1938868
2014-11-14,47.103389739990234,67.9744644165039,68.2723388671875,67.69361877441406,67.9148941040039,1211073
2014-11-17,47.82878112792969,69.02127838134766,69.04680633544922,67.73616790771484,67.73616790771484,1198970
2014-11-18,48.07057189941406,69.3702163696289,69.73616790771484,68.65531921386719,69.26808166503906,2110065
2014-11-19,47.893638610839844,69.1148910522461,69.40425872802734,68.66383361816406,69.12340545654297,1328573
2014-11-20,47.55748748779297,68.6297836303711,69.14893341064453,68.44255065917969,69.03829956054688,1120715
2014-11-21,47.56338882446289,68.63829803466797,69.3276596069336,67.9148941040039,69.14893341064453,1433970
2014-11-24,47.49261474609375,68.53617095947266,68.97021484375,68.44255065917969,68.7574462890625,1278518
2014-11-25,47.41006088256836,68.41702270507812,68.6297836303711,67.99148559570312,68.6297836303711,737078
2014-11-26,47.57518005371094,68.65531921386719,68.90213012695312,68.34042358398438,68.62127685546875,796298
2014-11-28,48.04108428955078,69.3276596069336,69.9148941040039,68.69786834716797,69.00425720214844,650950
2014-12-01,48.08826446533203,69.39574432373047,70.07659912109375,68.77446746826172,68.98723602294922,1389908
2014-12-02,48.51877975463867,70.01702117919922,70.11064147949219,68.68936157226562,69.13191223144531,1162075
2014-12-03,48.624942779541016,70.17021179199219,70.24681091308594,69.38723754882812,69.94893646240234,1115663
2014-12-04,48.742881774902344,70.34042358398438,70.56169891357422,69.7872314453125,70.19574737548828,1053858
2014-12-05,48.359554290771484,69.7872314453125,70.42552947998047,69.52340698242188,69.94893646240234,835073
2014-12-08,48.76647186279297,70.37446594238281,71.00425720214844,69.76170349121094,69.90637969970703,1566158
2014-12-09,49.13212203979492,70.90213012695312,71.12340545654297,70.05106353759766,70.17872619628906,1292500
2014-12-10,48.34776306152344,69.77021026611328,71.67659759521484,69.71914672851562,70.9446792602539,1454768
2014-12-11,49.204200744628906,70.40850830078125,71.25957489013672,69.44680786132812,69.60851287841797,1042225
2014-12-12,48.704620361328125,69.69361877441406,71.34468078613281,69.65957641601562,70.58723449707031,1100153
2014-12-15,48.49644470214844,69.39574432373047,70.43404388427734,68.85957336425781,69.96595764160156,1434793
2014-12-16,48.81166076660156,69.84680938720703,71.03829956054688,69.04680633544922,69.46382904052734,1065373
2014-12-17,49.81086349487305,71.27659606933594,71.48085021972656,70.04255676269531,70.04255676269531,1371813
2014-12-18,50.839778900146484,72.74893951416016,72.74893951416016,71.03829956054688,71.3702163696289,972900
2014-12-19,51.00038146972656,72.97872161865234,73.60851287841797,72.68085479736328,72.97021484375,2200423
2014-12-22,51.28586196899414,73.38723754882812,73.39574432373047,72.51063537597656,72.97872161865234,849643
2014-12-23,51.39291000366211,73.5404281616211,73.92340087890625,73.3702163696289,73.65106201171875,822618
2014-12-24,52.30288314819336,74.8425521850586,75.02127838134766,73.5999984741211,73.5999984741211,537210
2014-12-26,53.12366485595703,76.01702117919922,76.11064147949219,74.89361572265625,74.89361572265625,1035293
2014-12-29,53.635135650634766,76.74893951416016,77.25106048583984,75.8127670288086,75.90637969970703,1269353
2014-12-30,52.32073974609375,74.86808776855469,76.45106506347656,74.74042510986328,76.43404388427734,840008
2014-12-31,51.36912155151367,73.50638580322266,75.31914520263672,73.40425872802734,75.20851135253906,1286273
2015-01-02,51.7497673034668,74.05106353759766,74.24681091308594,73.17446899414062,73.89787292480469,1025423
2015-01-05,51.24421691894531,73.3276596069336,74.28085327148438,73.03829956054688,73.96595764160156,1293910
2015-01-06,51.16688919067383,73.2170181274414,74.74042510986328,73.1574478149414,73.57447052001953,1450185
2015-01-07,51.773563385009766,74.0851058959961,74.36595916748047,72.92765808105469,73.455322265625,1096158
2015-01-08,52.01146697998047,74.42552947998047,74.80850982666016,74.10212707519531,74.34042358398438,800410
2015-01-09,51.62485885620117,73.8723373413086,74.55319213867188,73.43830108642578,74.43404388427734,793008
2015-01-12,51.5832405090332,73.8127670288086,74.39148712158203,73.20851135253906,74.20425415039062,987470
2015-01-13,51.87466049194336,74.22978973388672,75.50638580322266,73.67659759521484,74.42552947998047,756113
2015-01-14,52.43373107910156,75.02978515625,75.1148910522461,73.54893493652344,73.56595611572266,886655
2015-01-15,52.91548156738281,75.71914672851562,75.89787292480469,74.91915130615234,75.4297866821289,939413
2015-01-16,53.504295349121094,76.56169891357422,76.63829803466797,75.36170196533203,75.57447052001953,779965
2015-01-20,53.57566452026367,76.66383361816406,76.89361572265625,75.86383056640625,76.80850982666016,819445
2015-01-21,54.045528411865234,77.33616638183594,77.4297866821289,75.80425262451172,76.39148712158203,785605
2015-01-22,53.94442367553711,77.19149017333984,77.80425262451172,76.62127685546875,77.4297866821289,633795
2015-01-23,54.265594482421875,77.65106201171875,78.00851440429688,77.25106048583984,77.4297866821289,521230
2015-01-26,54.081214904785156,77.38723754882812,77.46382904052734,76.57872009277344,77.46382904052734,835073
2015-01-27,54.30127716064453,77.7021255493164,78.04255676269531,77.09786987304688,77.19999694824219,639670
2015-01-28,53.66487121582031,76.79148864746094,78.52765655517578,76.55319213867188,77.58297729492188,821208
2015-01-29,54.44402313232422,77.90637969970703,78.07659912109375,76.38298034667969,76.79148864746094,672688
2015-01-30,53.32587814331055,76.30638122558594,77.88085174560547,76.22127532958984,77.61701965332031,1039758
2015-02-02,53.81358337402344,77.00425720214844,77.25957489013672,75.68510437011719,76.47659301757812,880193
2015-02-03,53.545921325683594,76.62127685546875,77.29361724853516,76.28936004638672,76.76596069335938,1264300
2015-02-04,52.70732116699219,75.42127990722656,76.55319213867188,75.20851135253906,76.52765655517578,1196385
2015-02-05,53.2723503112793,76.22978973388672,76.30638122558594,75.12340545654297,75.84680938720703,1124123
2015-02-06,50.702999114990234,72.55319213867188,76.49361419677734,72.19574737548828,76.05106353759766,1457940
2015-02-09,50.500797271728516,72.26383209228516,73.02127838134766,71.93191528320312,72.40850830078125,1258073
2015-02-10,51.565391540527344,73.7872314453125,73.85531616210938,72.26383209228516,72.26383209228516,1140573
2015-02-11,50.37590026855469,72.0851058959961,73.455322265625,71.92340087890625,73.38723754882812,1112255
2015-02-12,49.953590393066406,71.48085021972656,72.23829650878906,71.30213165283203,72.0851058959961,1796458
2015-02-13,48.50834274291992,69.41276550292969,71.93191528320312,68.62127685546875,71.93191528320312,2874403
2015-02-17,48.71650695800781,69.71063995361328,70.58723449707031,69.1574478149414,69.28510284423828,2871818
2015-02-18,50.25692367553711,71.9148941040039,71.9148941040039,69.68510437011719,69.83829498291016,2201598
2015-02-19,49.60269546508789,70.97872161865234,72.31489562988281,70.77446746826172,72.31489562988281,1292500
2015-02-20,49.48372268676758,70.80850982666016,71.2425537109375,69.80425262451172,71.0553207397461,1540895
2015-02-23,49.90007019042969,71.40425872802734,71.42127990722656,70.76596069335938,70.90213012695312,1135755
2015-02-24,50.078495025634766,71.65957641601562,72.24681091308594,71.06382751464844,71.22553253173828,1233515
2015-02-25,49.2220573425293,70.43404388427734,71.75318908691406,70.34042358398438,71.75318908691406,1117778
2015-02-26,48.74624252319336,69.75318908691406,70.7829818725586,69.65106201171875,70.60425567626953,1452418
2015-02-27,48.78786849975586,69.8127670288086,69.9744644165039,69.46382904052734,69.93191528320312,1262303
2015-03-02,47.84221649169922,68.4595718383789,69.79574584960938,67.9744644165039,69.71063995361328,1404830
2015-03-03,48.008758544921875,68.69786834716797,68.8851089477539,67.92340087890625,68.32340240478516,1812673
2015-03-04,47.92546844482422,68.57872009277344,68.73191833496094,68.34042358398438,68.52765655517578,1244560
2015-03-05,48.2585334777832,69.0553207397461,69.33616638183594,68.6723403930664,68.85106658935547,926723
2015-03-06,46.63486099243164,66.73191833496094,68.40850830078125,66.38298034667969,68.2127685546875,1360298
2015-03-09,46.67054748535156,66.7829818725586,67.26808166503906,66.4000015258789,66.76596069335938,1309420
2015-03-10,46.85490798950195,67.04680633544922,67.7021255493164,66.51063537597656,66.62127685546875,1315883
2015-03-11,46.480224609375,66.51063537597656,67.3702163696289,66.49361419677734,67.08084869384766,987588
2015-03-12,47.07427978515625,66.76596069335938,67.04680633544922,66.11064147949219,66.26383209228516,1886463
2015-03-13,46.63623046875,66.14468383789062,66.70638275146484,65.39574432373047,66.68085479736328,1671673
2015-03-16,47.38630676269531,67.20851135253906,67.66808319091797,66.36595916748047,66.55319213867188,1467928
2015-03-17,47.17628860473633,66.91063690185547,67.35318756103516,66.52765655517578,66.97872161865234,1355363
2015-03-18,48.12437438964844,68.25531768798828,68.70638275146484,66.69786834716797,66.92765808105469,2533418
2015-03-19,47.75235366821289,67.7276611328125,68.7829818725586,67.66808319091797,68.03404235839844,1656750
2015-03-20,48.946449279785156,69.42127990722656,69.52340698242188,67.93191528320312,68.0851058959961,2814948
2015-03-23,48.838436126708984,69.26808166503906,69.7872314453125,69.19149017333984,69.27659606933594,997105
2015-03-24,48.23237609863281,68.40850830078125,69.5999984741211,68.39148712158203,69.10638427734375,906865
2015-03-25,47.728336334228516,67.69361877441406,68.89361572265625,67.66808319091797,68.55319213867188,1083468
2015-03-26,47.6743278503418,67.61701965332031,68.30638122558594,67.20851135253906,67.7872314453125,1863198
2015-03-27,48.100372314453125,68.22127532958984,68.544677734375,67.42127990722656,67.58297729492188,1518100
2015-03-30,48.44240188598633,68.70638275146484,68.96170043945312,68.04255676269531,68.37446594238281,781845
2015-03-31,48.41841125488281,68.6723403930664,69.23403930664062,68.2127685546875,68.32340240478516,1416345
2015-04-01,48.83243942260742,69.25957489013672,69.25957489013672,67.8127670288086,68.61276245117188,913210
2015-04-02,49.252479553222656,69.85531616210938,70.09362030029297,69.08084869384766,69.23403930664062,1786588
2015-04-06,50.032535552978516,70.96170043945312,71.71914672851562,69.92340087890625,70.06808471679688,2185265
2015-04-07,49.29447937011719,69.9148941040039,70.97021484375,69.83829498291016,70.8851089477539,1409178
2015-04-08,49.090457916259766,69.62553405761719,70.09362030029297,69.14042663574219,69.80425262451172,1152793
2015-04-09,48.838436126708984,69.26808166503906,69.66808319091797,68.83404541015625,69.65957641601562,1164073
2015-04-10,49.04245376586914,69.55744934082031,70.0255355834961,69.1574478149414,69.62553405761719,907453
2015-04-13,48.63441467285156,68.97872161865234,69.6425552368164,68.93617248535156,69.56595611572266,1182990
2015-04-14,48.8564453125,69.29361724853516,69.44680786132812,68.87659454345703,68.99574279785156,988410
2015-04-15,48.89244079589844,69.34468078613281,70.01702117919922,69.31063842773438,69.3276596069336,1216830
2015-04-16,48.56840896606445,68.8851089477539,69.22553253173828,68.17872619628906,69.19149017333984,1000983
2015-04-17,48.42439270019531,68.68085479736328,69.26808166503906,68.37446594238281,68.37446594238281,787955
2015-04-20,49.222476959228516,69.8127670288086,70.49361419677734,68.85106658935547,68.85106658935547,1021663
2015-04-21,48.7064208984375,69.08084869384766,70.39148712158203,68.81702423095703,69.93191528320312,788190
2015-04-22,49.15647506713867,69.71914672851562,69.8723373413086,69.08936309814453,69.69361877441406,971960
2015-04-23,49.696533203125,70.485107421875,70.57872009277344,69.71063995361328,69.8127670288086,1647233
2015-04-24,49.69050598144531,70.47659301757812,71.19999694824219,68.65531921386719,69.7276611328125,1652403
2015-04-27,48.88644790649414,69.33616638183594,70.91063690185547,69.14893341064453,70.80000305175781,1448305
2015-04-28,49.1264762878418,69.67659759521484,69.77872467041016,68.71489715576172,69.03829956054688,995343
2015-04-29,48.778419494628906,69.18297576904297,69.35318756103516,68.57872009277344,69.06382751464844,1127060
2015-04-30,47.782325744628906,67.77021026611328,68.98723602294922,67.39574432373047,68.98723602294922,1759680
2015-05-01,48.052371978759766,68.15319061279297,68.17872619628906,67.36170196533203,67.93191528320312,1065490
2015-05-04,48.37040710449219,68.60425567626953,69.18297576904297,68.17021179199219,68.31489562988281,763280
2015-05-05,47.21828842163086,66.97021484375,68.64681243896484,66.87659454345703,68.64681243896484,1150090
2015-05-06,46.77424621582031,66.34042358398438,67.2425537109375,65.69361877441406,66.96170043945312,1733595
2015-05-07,47.03828048706055,66.71489715576172,67.26808166503906,66.5702133178711,66.59574127197266,1124005
2015-05-08,47.53031539916992,67.41276550292969,67.96595764160156,67.10638427734375,67.48936462402344,1433735
2015-05-11,47.27229309082031,67.04680633544922,68.17021179199219,66.97872161865234,67.25106048583984,1014378
2015-05-12,46.96027374267578,66.60425567626953,66.99574279785156,66.13616943359375,66.59574127197266,1166775
2015-05-13,46.31820297241211,65.69361877441406,67.16595458984375,65.34468078613281,66.79148864746094,1647585
2015-05-14,46.8582649230957,66.4595718383789,66.69786834716797,65.94893646240234,66.11064147949219,1192038
2015-05-15,47.48830795288086,67.35318756103516,67.43830108642578,66.5702133178711,66.6723403930664,2155303
2015-05-18,47.84233856201172,67.85531616210938,67.88085174560547,67.0553207397461,67.0553207397461,1047278
2015-05-19,47.72232437133789,67.68510437011719,68.03404235839844,67.31914520263672,67.53191375732422,825673
2015-05-20,47.83636474609375,67.84680938720703,68.33191680908203,67.5404281616211,67.73616790771484,883718
2015-05-21,47.80034637451172,67.79574584960938,67.99148559570312,67.30213165283203,67.7872314453125,664815
2015-05-22,47.770347595214844,67.75318908691406,67.9744644165039,67.22553253173828,67.66808319091797,747535
2015-05-26,47.500308990478516,67.3702163696289,67.73616790771484,67.0553207397461,67.73616790771484,799235
2015-05-27,47.52431869506836,67.40425872802734,67.66808319091797,67.18297576904297,67.58297729492188,1379803
2015-05-28,47.72232437133789,67.68510437011719,67.88935852050781,67.2170181274414,67.50638580322266,911330
2015-05-29,47.54232406616211,67.4297866821289,67.86383056640625,67.23403930664062,67.67659759521484,1019313
2015-06-01,47.560325622558594,67.455322265625,67.84680938720703,67.28510284423828,67.514892578125,782785
2015-06-02,46.70824432373047,66.24681091308594,67.14893341064453,65.8127670288086,67.12340545654297,1299080
2015-06-03,46.006195068359375,65.25106048583984,66.36595916748047,64.7829818725586,66.1276626586914,1325870
2015-06-04,46.012184143066406,65.25957489013672,65.62553405761719,64.89361572265625,64.98723602294922,1798338
2015-06-05,44.96808624267578,63.778724670410156,64.71489715576172,63.676597595214844,64.6297836303711,2160708
2015-06-08,44.72207260131836,63.429786682128906,63.948936462402344,63.41276550292969,63.778724670410156,1323990
2015-06-09,44.71604919433594,63.4212760925293,63.70212936401367,63.26808547973633,63.36170196533203,1738648
2015-06-10,45.02210235595703,63.85531997680664,64.0851058959961,63.40425491333008,63.795745849609375,1717145
2015-06-11,45.306739807128906,63.66808319091797,64.0851058959961,63.36170196533203,63.710636138916016,1532318
2015-06-12,44.864627838134766,63.046810150146484,63.65957260131836,63.02978515625,63.327659606933594,913093
2015-06-15,44.682945251464844,62.79148864746094,63.26808547973633,62.58723449707031,63.02978515625,1075243
2015-06-16,44.87674331665039,63.0638313293457,63.10638427734375,62.323402404785156,62.6638298034668,1116133
2015-06-17,45.40969467163086,63.812767028808594,63.940425872802734,62.98723220825195,63.046810150146484,1443253
2015-06-18,46.057701110839844,64.72340393066406,64.91915130615234,63.84680938720703,63.84680938720703,1339970
2015-06-19,45.839683532714844,64.41702270507812,65.02978515625,64.36595916748047,64.74042510986328,2086448
2015-06-22,45.65799331665039,64.16170501708984,64.6723403930664,63.923404693603516,64.544677734375,710875
2015-06-23,45.03420639038086,63.28510665893555,64.04255676269531,63.00425338745117,63.95744705200195,1052448
2015-06-24,44.72532653808594,62.8510627746582,63.55744552612305,62.76595687866211,63.302127838134766,1105910
2015-06-25,44.749576568603516,62.88510513305664,63.13191604614258,62.706382751464844,62.978721618652344,1157493
2015-06-26,45.397579193115234,63.795745849609375,63.804256439208984,62.45957565307617,62.72340393066406,2379845
2015-06-29,45.20377731323242,63.52340316772461,64.55319213867188,63.48936080932617,63.82978820800781,1978935
2015-06-30,45.20377731323242,63.52340316772461,63.82978820800781,63.34468078613281,63.77021408081055,1701283
2015-07-01,45.5671501159668,64.03404235839844,64.05106353759766,63.429786682128906,63.61701965332031,1234808
2015-07-02,46.16066360473633,64.86808776855469,65.02978515625,64.16170501708984,64.3574447631836,1560048
2015-07-06,46.31206130981445,65.08084869384766,65.22553253173828,64.52765655517578,64.74893951416016,1566510
2015-07-07,47.57781982421875,66.85957336425781,67.14893341064453,65.19149017333984,65.46382904052734,2545873
2015-07-08,47.21445846557617,66.34893798828125,67.13191223144531,66.25531768798828,66.60425567626953,1646410
2015-07-09,46.548255920410156,65.41276550292969,66.77446746826172,65.29361724853516,66.52765655517578,1399073
2015-07-10,46.94192886352539,65.96595764160156,66.72340393066406,65.10638427734375,66.13616943359375,1141630
2015-07-13,46.79050827026367,65.75318908691406,66.2978744506836,65.31914520263672,66.22127532958984,1156200
2015-07-14,46.693626403808594,65.61701965332031,66.23829650878906,65.48085021972656,65.74468231201172,743070
2015-07-15,46.93587112426758,65.95744323730469,66.01702117919922,65.2170181274414,65.63404083251953,916383
2015-07-16,47.565704345703125,66.8425521850586,66.95319366455078,65.9404296875,66.11064147949219,905338
2015-07-17,46.94192886352539,65.96595764160156,66.80000305175781,65.95744323730469,66.57872009277344,1424805
2015-07-20,46.8813591003418,65.88085174560547,65.90637969970703,65.17446899414062,65.90637969970703,1192625
2015-07-21,46.427146911621094,65.2425537109375,66.00851440429688,64.97021484375,65.88085174560547,951280
2015-07-22,46.717838287353516,65.65106201171875,65.9744644165039,65.19999694824219,65.3276596069336,909333
2015-07-23,46.13037872314453,64.82553100585938,65.58297729492188,64.33191680908203,65.41276550292969,1108613
2015-07-24,46.85105514526367,65.83829498291016,66.41702270507812,65.14042663574219,65.14042663574219,2121933
2015-07-27,47.6505012512207,66.96170043945312,67.48936462402344,65.80425262451172,65.82127380371094,1683893
2015-07-28,47.614158630371094,66.91063690185547,67.04680633544922,66.544677734375,66.86808776855469,1604345
2015-07-29,48.03203582763672,67.49787139892578,67.55744934082031,66.2978744506836,66.77446746826172,1301900
2015-07-30,48.17740249633789,67.7021255493164,68.04255676269531,67.14893341064453,67.25957489013672,1228228
2015-07-31,48.728511810302734,68.47659301757812,69.16595458984375,68.00851440429688,68.00851440429688,1036115
2015-08-03,48.66795349121094,68.39148712158203,69.0553207397461,68.0595703125,68.51063537597656,954453
2015-08-04,47.898799896240234,67.31063842773438,68.36595916748047,67.20851135253906,68.14468383789062,1201320
2015-08-05,47.97148132324219,67.41276550292969,67.8127670288086,67.16595458984375,67.57447052001953,689020
2015-08-06,48.38330078125,67.99148559570312,68.04255676269531,66.7574462890625,67.50638580322266,1171593
2015-08-07,49.18878936767578,69.12340545654297,69.44680786132812,67.5999984741211,67.96595764160156,1708685
2015-08-10,48.837520599365234,68.6297836303711,69.35318756103516,68.40850830078125,69.16595458984375,891120
2015-08-11,49.152442932128906,69.07234191894531,69.57447052001953,68.36595916748047,68.7574462890625,1265945
2015-08-12,50.27891540527344,70.65531921386719,70.90213012695312,68.68936157226562,68.9446792602539,2135093
2015-08-13,50.351593017578125,70.7574462890625,71.04680633544922,69.82978820800781,70.38298034667969,1253843
2015-08-14,50.66044616699219,71.19149017333984,71.31063842773438,70.11064147949219,70.52765655517578,1042813
2015-08-17,50.94509506225586,71.59149169921875,71.77021026611328,70.81702423095703,71.25957489013672,1005213
2015-08-18,50.63017654418945,71.14893341064453,71.58297729492188,70.87659454345703,71.40425872802734,942585
2015-08-19,51.102561950683594,71.8127670288086,71.9404296875,70.7829818725586,70.98723602294922,1655575
2015-08-20,51.03593063354492,71.71914672851562,72.44255065917969,70.93617248535156,71.37872314453125,1704690
2015-08-21,50.35765075683594,70.76596069335938,71.66808319091797,70.76596069335938,71.17446899414062,2256823
2015-08-24,47.97753143310547,67.42127990722656,69.84680938720703,67.08936309814453,69.84680938720703,2383605
2015-08-25,46.3665771484375,65.1574478149414,68.58723449707031,65.14042663574219,67.92340087890625,1988805
2015-08-26,47.15994644165039,66.2723388671875,66.38298034667969,64.7574462890625,65.82127380371094,1910785
2015-08-27,47.82612991333008,67.20851135253906,67.22553253173828,66.10212707519531,66.64681243896484,1425040
2015-08-28,47.741329193115234,67.08936309814453,67.34468078613281,66.16170501708984,67.18297576904297,1211425
2015-08-31,47.27501678466797,66.43404388427734,66.98723602294922,65.74468231201172,66.93617248535156,1965540
2015-09-01,46.10011291503906,64.7829818725586,66.0,64.41702270507812,65.71063995361328,1467575
2015-09-02,46.033477783203125,64.68936157226562,65.47234344482422,64.14468383789062,65.4297866821289,1057383
2015-09-03,46.257572174072266,65.00425720214844,65.46382904052734,64.73191833496094,65.1148910522461,804758
2015-09-04,45.427860260009766,63.83829879760742,64.59574127197266,63.52340316772461,64.25531768798828,988410
2015-09-08,46.19699478149414,64.91915130615234,65.13191223144531,64.30638122558594,64.58723449707031,1011205
2015-09-09,45.51264190673828,63.95744705200195,65.37872314453125,63.86383056640625,65.00425720214844,1182990
2015-09-10,45.46419906616211,63.88936233520508,64.55319213867188,63.60851287841797,63.60851287841797,983710
2015-09-11,45.9910888671875,64.6297836303711,64.63829803466797,63.455318450927734,63.69361877441406,877960
2015-09-14,45.95474624633789,64.57872009277344,65.13191223144531,64.40850830078125,64.73191833496094,777850
2015-09-15,46.330230712890625,65.10638427734375,65.18297576904297,64.06808471679688,64.73191833496094,1050333
2015-09-16,47.01459884643555,66.06808471679688,66.17021179199219,64.87659454345703,64.90213012695312,1551235
2015-09-17,47.77880859375,66.51063537597656,67.47234344482422,65.30213165283203,65.53191375732422,1765790
2015-09-18,47.56483840942383,66.2127685546875,66.95319366455078,65.88085174560547,65.99148559570312,1699873
2015-09-21,47.67488479614258,66.36595916748047,66.68936157226562,66.09362030029297,66.34042358398438,906278
2015-09-22,47.24080276489258,65.76170349121094,66.4595718383789,65.59149169921875,66.03404235839844,1231518
2015-09-23,47.88886642456055,66.66383361816406,66.76596069335938,65.46382904052734,65.84680938720703,1309420
2015-09-24,48.1517333984375,67.02978515625,67.1148910522461,66.22127532958984,66.37446594238281,1238685
2015-09-25,48.46355438232422,67.46382904052734,68.41702270507812,66.71489715576172,67.2170181274414,1897508
2015-09-28,48.157867431640625,67.03829956054688,67.8723373413086,66.96170043945312,67.46382904052734,1602935
2015-09-29,47.82771301269531,66.57872009277344,67.37872314453125,66.16170501708984,67.16595458984375,2263638
2015-09-30,49.13605499267578,68.4000015258789,68.485107421875,66.82553100585938,67.0553207397461,1850155
2015-10-01,48.524681091308594,67.54893493652344,68.62127685546875,66.71489715576172,68.50212860107422,1442430
2015-10-02,49.276668548583984,68.59574127197266,68.59574127197266,67.25106048583984,68.2723388671875,1192508
2015-10-05,49.59458541870117,69.03829956054688,69.20851135253906,68.16170501708984,68.93617248535156,968318
2015-10-06,49.35003662109375,68.69786834716797,69.08936309814453,68.22978973388672,68.87659454345703,1342320
2015-10-07,49.12995529174805,68.39148712158203,68.91915130615234,68.15319061279297,68.8425521850586,996988
2015-10-08,49.747432708740234,69.25106048583984,69.36170196533203,68.0851058959961,68.25531768798828,769625
2015-10-09,49.6068115234375,69.0553207397461,69.26808166503906,68.76596069335938,69.16595458984375,976308
2015-10-12,49.88804244995117,69.44680786132812,69.89787292480469,69.08084869384766,69.23403930664062,832958
2015-10-13,49.73520278930664,69.23403930664062,69.96595764160156,68.96170043945312,69.25106048583984,1196033
2015-10-14,49.985877990722656,69.58297729492188,70.01702117919922,69.06382751464844,69.36170196533203,852933
2015-10-15,50.9029426574707,70.85957336425781,71.07234191894531,69.49787139892578,69.8723373413086,1352308
2015-10-16,50.95795822143555,70.93617248535156,71.47234344482422,70.63829803466797,71.19999694824219,951398
2015-10-19,51.13523483276367,71.18297576904297,71.20851135253906,70.50212860107422,71.01276397705078,949048
2015-10-20,51.24528884887695,71.33616638183594,71.65957641601562,70.68936157226562,70.7574462890625,690548
2015-10-21,51.22084045410156,71.30213165283203,72.03404235839844,71.14893341064453,71.7021255493164,831078
2015-10-22,51.887245178222656,72.22978973388672,72.37446594238281,71.29361724853516,71.4297866821289,1009678
2015-10-23,50.94572067260742,70.91915130615234,72.64681243896484,70.62127685546875,71.67659759521484,1135050
2015-10-26,51.049644470214844,71.06382751464844,71.20851135253906,70.06808471679688,71.12340545654297,1133758
2015-10-27,51.04355239868164,71.0553207397461,71.18297576904297,70.39148712158203,70.83404541015625,937063
2015-10-28,50.23653793334961,69.93191528320312,71.33616638183594,69.20851135253906,71.03829956054688,1144920
2015-10-29,49.6129264831543,69.06382751464844,69.90637969970703,68.1872329711914,69.49787139892578,1067370
2015-10-30,49.881935119628906,69.43830108642578,69.84680938720703,68.91915130615234,69.25957489013672,894528
2015-11-02,50.230403900146484,69.92340087890625,70.01702117919922,69.03829956054688,69.44680786132812,980303
2015-11-03,50.41384506225586,70.17872619628906,70.22978973388672,69.33616638183594,69.5999984741211,1000865
2015-11-04,50.566673278808594,70.39148712158203,70.79148864746094,70.0,70.17872619628906,795358
2015-11-05,50.74396514892578,70.63829803466797,71.04680633544922,70.11064147949219,70.23829650878906,1440315
2015-11-06,48.536922454833984,67.56595611572266,69.62553405761719,67.39574432373047,69.55744934082031,2418385
2015-11-09,48.48189163208008,67.48936462402344,67.88935852050781,66.98723602294922,67.23403930664062,1696700
2015-11-10,49.032135009765625,68.25531768798828,68.43404388427734,67.42127990722656,67.62553405761719,1389673
2015-11-11,49.521217346191406,68.93617248535156,68.96170043945312,68.22978973388672,68.37446594238281,1293205
2015-11-12,48.92819595336914,68.11064147949219,69.39574432373047,67.9148941040039,68.73191833496094,1134228
2015-11-13,48.62251281738281,67.68510437011719,68.76596069335938,67.514892578125,68.26383209228516,1079473
2015-11-16,49.55790710449219,68.98723602294922,69.02127838134766,67.5404281616211,67.56595611572266,1315648
2015-11-17,48.634735107421875,67.7021255493164,69.31063842773438,67.50638580322266,68.76596069335938,991113
2015-11-18,48.83649826049805,67.98297882080078,68.11064147949219,66.60425567626953,67.48085021972656,1846513
2015-11-19,49.47842025756836,68.87659454345703,69.25957489013672,68.14468383789062,68.37446594238281,1283218
2015-11-20,49.7535514831543,69.25957489013672,69.69361877441406,68.95319366455078,69.18297576904297,1707158
2015-11-23,49.23386764526367,68.53617095947266,69.50638580322266,68.39148712158203,69.22553253173828,763633
2015-11-24,49.038246154785156,68.26383209228516,68.42552947998047,67.5404281616211,68.2127685546875,1083350
2015-11-25,48.83649826049805,67.98297882080078,68.26383209228516,67.6425552368164,68.26383209228516,693368
2015-11-27,49.01378631591797,68.22978973388672,68.61276245117188,67.7276611328125,67.98297882080078,349680
2015-11-30,49.20943832397461,68.50212860107422,69.03829956054688,68.20425415039062,68.24681091308594,1536430
2015-12-01,49.319461822509766,68.65531921386719,68.97872161865234,68.0851058959961,68.8851089477539,1370403
2015-12-02,48.102840423583984,66.96170043945312,68.51914978027344,66.90213012695312,68.42552947998047,1586015
2015-12-03,47.85218048095703,66.61276245117188,67.19999694824219,66.34042358398438,66.97872161865234,1977408
2015-12-04,49.23386764526367,68.53617095947266,68.76596069335938,66.83404541015625,67.02978515625,1588718
2015-12-07,49.631282806396484,69.08936309814453,69.10638427734375,68.10212707519531,68.3574447631836,1258895
2015-12-08,49.28889465332031,68.61276245117188,69.12340545654297,68.0851058959961,68.93617248535156,1007445
2015-12-09,49.038246154785156,68.26383209228516,69.23403930664062,67.89787292480469,68.37446594238281,1984928
2015-12-10,48.249568939208984,67.16595458984375,68.31489562988281,66.90213012695312,68.20425415039062,1488373
2015-12-11,47.88886642456055,66.66383361816406,67.44680786132812,66.58723449707031,66.90213012695312,1364528
2015-12-14,47.97445297241211,66.7829818725586,66.99574279785156,65.82978820800781,66.6723403930664,1613628
2015-12-15,48.3718376159668,67.33616638183594,67.95744323730469,66.9446792602539,66.9446792602539,909920
2015-12-16,49.45397186279297,68.8425521850586,68.97872161865234,67.42127990722656,67.65106201171875,1242445
2015-12-17,49.32442092895508,68.04255676269531,68.64681243896484,67.82127380371094,68.34042358398438,1358418
2015-12-18,48.66428756713867,67.13191223144531,68.0595703125,66.80850982666016,67.9744644165039,1888930
2015-12-21,48.5285758972168,66.9446792602539,67.75318908691406,66.36595916748047,67.3702163696289,1275815
2015-12-22,48.78768539428711,67.30213165283203,67.48936462402344,66.3574447631836,67.12340545654297,1046455
2015-12-23,49.361446380615234,68.09362030029297,68.19574737548828,67.46382904052734,67.53191375732422,786075
2015-12-24,49.2812385559082,67.98297882080078,68.28085327148438,67.82978820800781,67.93191528320312,385283
2015-12-28,49.762447357177734,68.64681243896484,68.6723403930664,67.73616790771484,67.9148941040039,892883
2015-12-29,50.24367141723633,69.31063842773438,69.68510437011719,68.7574462890625,68.91063690185547,1031650
2015-12-30,50.30535888671875,69.39574432373047,69.7276611328125,69.13191223144531,69.43830108642578,1355363
2015-12-31,49.472496032714844,68.24681091308594,69.50638580322266,67.52340698242188,69.30213165283203,1151383
2016-01-04,48.8246955871582,67.35318756103516,67.80425262451172,66.74042510986328,67.65957641601562,1654753
2016-01-05,49.32442092895508,68.04255676269531,68.17021179199219,66.39148712158203,67.19999694824219,1479443
2016-01-06,49.10232162475586,67.73616790771484,68.14468383789062,67.34468078613281,67.54893493652344,2465855
2016-01-07,48.565582275390625,66.99574279785156,67.65106201171875,66.80000305175781,67.04680633544922,1670145
2016-01-08,48.3558235168457,66.70638275146484,67.3702163696289,66.59574127197266,66.99574279785156,1858028
2016-01-11,48.83086013793945,67.36170196533203,67.54893493652344,66.87659454345703,66.8851089477539,2169638
2016-01-12,49.10848617553711,67.74468231201172,67.88935852050781,66.77446746826172,67.88935852050781,1793285
2016-01-13,49.50950622558594,68.2978744506836,69.08936309814453,68.09362030029297,68.44255065917969,2151190
2016-01-14,50.16963195800781,69.20851135253906,69.63404083251953,67.9744644165039,68.24681091308594,1354305
2016-01-15,49.688411712646484,68.544677734375,69.10638427734375,67.93191528320312,68.33191680908203,1729248
2016-01-19,50.731040954589844,69.98297882080078,70.15319061279297,68.82553100585938,69.1574478149414,2002553
2016-01-20,49.472496032714844,68.24681091308594,70.11914825439453,67.68510437011719,69.5404281616211,2389245
2016-01-21,48.89256286621094,67.44680786132812,68.73191833496094,66.99574279785156,68.23829650878906,1699520
2016-01-22,50.17578887939453,69.2170181274414,69.29361724853516,67.55744934082031,68.03404235839844,1612923
2016-01-25,49.82414245605469,68.73191833496094,69.30213165283203,68.53617095947266,69.25106048583984,1013203
2016-01-26,50.40406799316406,69.53191375732422,70.01702117919922,68.80850982666016,69.02978515625,1120715
2016-01-27,50.589149475097656,69.7872314453125,70.24681091308594,68.97021484375,69.1574478149414,1161135
2016-01-28,51.36031723022461,70.85106658935547,71.40425872802734,69.43830108642578,69.7872314453125,905103
2016-01-29,52.44614028930664,72.34893798828125,72.49361419677734,70.47659301757812,71.48936462402344,1795635
2016-02-01,52.631221771240234,72.60425567626953,73.0553207397461,71.73616790771484,71.92340087890625,1279810
2016-02-02,53.1926383972168,73.37872314453125,73.455322265625,72.32340240478516,72.46808624267578,1475095
2016-02-03,53.7293701171875,74.11914825439453,74.7574462890625,73.27659606933594,73.76170349121094,2087035
2016-02-04,53.4332389831543,73.71063995361328,74.51914978027344,73.56595611572266,73.99148559570312,1631253
2016-02-05,53.334537506103516,73.57447052001953,73.92340087890625,72.37446594238281,73.34468078613281,2087388
2016-02-08,53.1926383972168,73.37872314453125,74.73191833496094,72.544677734375,73.90637969970703,2065650
2016-02-09,53.58130645751953,73.9148941040039,74.14468383789062,73.01276397705078,73.2170181274414,1716323
2016-02-10,52.927337646484375,73.01276397705078,73.85531616210938,71.31914520263672,72.87659454345703,2637170
2016-02-11,51.87240219116211,71.55744934082031,73.57447052001953,71.514892578125,73.13191223144531,1766143
2016-02-12,51.65028381347656,71.25106048583984,71.92340087890625,70.57872009277344,71.26808166503906,1180993
2016-02-16,52.15617370605469,71.94893646240234,72.0255355834961,70.83404541015625,71.18297576904297,1590598
2016-02-17,51.958744049072266,71.67659759521484,72.19574737548828,71.12340545654297,71.95744323730469,1545243
2016-02-18,52.526336669921875,72.4595718383789,72.92765808105469,71.52340698242188,71.80425262451172,1172533
2016-02-19,52.26723098754883,72.10212707519531,72.51914978027344,71.58297729492188,72.2978744506836,1026363
2016-02-22,52.68057632446289,72.6723403930664,72.97872161865234,72.07659912109375,72.3574447631836,940000
2016-02-23,52.908851623535156,72.98723602294922,73.23403930664062,72.10212707519531,72.31489562988281,780200
2016-02-24,53.09394454956055,73.2425537109375,73.52340698242188,72.51063537597656,72.92765808105469,805698
2016-02-25,53.65534210205078,74.01702117919922,74.07659912109375,73.19149017333984,73.47234344482422,668458
2016-02-26,52.00193786621094,71.73616790771484,73.8127670288086,71.71063995361328,73.58297729492188,1354540
2016-02-29,51.897064208984375,71.59149169921875,72.34893798828125,71.49787139892578,71.65957641601562,1468868
2016-03-01,51.71814727783203,71.34468078613281,72.17021179199219,70.76596069335938,72.00851440429688,1596590
2016-03-02,51.86003112792969,71.5404281616211,71.61701965332031,69.57447052001953,71.02978515625,1253843
2016-03-03,51.82919692993164,71.49787139892578,71.7021255493164,70.2978744506836,71.7021255493164,1390965
2016-03-04,52.35358810424805,72.22127532958984,72.40850830078125,70.86808776855469,71.13191223144531,1079238
2016-03-07,53.16179275512695,73.33616638183594,73.34468078613281,71.82127380371094,71.9404296875,1478620
2016-03-08,53.83425521850586,74.26383209228516,74.55319213867188,72.96170043945312,73.37872314453125,1750398
2016-03-09,54.247615814208984,74.83404541015625,75.38723754882812,74.544677734375,75.17446899414062,1312475
2016-03-10,54.29077911376953,74.89361572265625,75.16595458984375,74.20425415039062,74.63829803466797,952808
2016-03-11,54.44502258300781,75.10638427734375,75.5999984741211,74.76596069335938,75.30213165283203,1118365
2016-03-14,54.32779312133789,74.9446792602539,75.34468078613281,74.57872009277344,75.02127838134766,709230
2016-03-15,54.519073486328125,75.20851135253906,75.50638580322266,74.6297836303711,74.68085479736328,813688
2016-03-16,55.2038688659668,76.15319061279297,76.3574447631836,74.31489562988281,74.85957336425781,1349723
2016-03-17,55.64549255371094,76.13616943359375,76.34893798828125,75.1574478149414,75.82978820800781,1682718
2016-03-18,55.303375244140625,75.66808319091797,76.41702270507812,75.42127990722656,76.31489562988281,2419208
2016-03-21,55.303375244140625,75.66808319091797,76.00851440429688,74.65531921386719,75.31063842773438,808165
2016-03-22,54.967491149902344,75.20851135253906,76.00851440429688,75.1148910522461,75.57447052001953,995108
2016-03-23,55.601966857910156,76.07659912109375,76.34893798828125,74.82553100585938,75.26808166503906,1123418
2016-03-24,55.64549255371094,76.13616943359375,76.2723388671875,75.52340698242188,75.73616790771484,868443
2016-03-28,55.533538818359375,75.98297882080078,76.62127685546875,75.66808319091797,76.17021179199219,698773
2016-03-29,56.52253723144531,77.33616638183594,77.3702163696289,75.69361877441406,75.96595764160156,1047278
2016-03-30,56.429222106933594,77.20851135253906,77.44680786132812,76.80850982666016,77.38723754882812,798648
2016-03-31,56.391902923583984,77.1574478149414,77.38723754882812,76.7574462890625,77.20851135253906,1277225
2016-04-01,56.63449478149414,77.48936462402344,77.61701965332031,76.544677734375,77.12340545654297,1305190
2016-04-04,56.429222106933594,77.20851135253906,77.6425552368164,76.4595718383789,77.48936462402344,1103325
2016-04-05,55.390480041503906,75.7872314453125,77.20851135253906,75.67659759521484,77.02127838134766,1525855
2016-04-06,55.35315704345703,75.73616790771484,75.94893646240234,75.25957489013672,75.68510437011719,928720
2016-04-07,55.216304779052734,75.54893493652344,76.01702117919922,75.35318756103516,75.455322265625,1173825
2016-04-08,55.359371185302734,75.74468231201172,76.40850830078125,75.36170196533203,75.74468231201172,779730
2016-04-11,55.10434341430664,75.39574432373047,76.33191680908203,75.3702163696289,75.8127670288086,996400
2016-04-12,55.41533660888672,75.82127380371094,75.9404296875,75.40425872802734,75.69361877441406,852580
2016-04-13,55.166534423828125,75.48085021972656,76.13616943359375,74.89361572265625,76.0851058959961,974545
2016-04-14,54.91151428222656,75.13191223144531,75.65957641601562,74.97872161865234,75.37872314453125,957155
2016-04-15,55.434017181396484,75.84680938720703,75.99148559570312,75.01276397705078,75.38723754882812,955628
2016-04-18,55.508663177490234,75.94893646240234,76.01702117919922,75.31063842773438,75.83829498291016,884893
2016-04-19,55.70148468017578,76.2127685546875,76.23829650878906,75.73616790771484,75.96595764160156,753880
2016-04-20,54.15264892578125,74.09362030029297,76.42552947998047,73.98297882080078,76.17021179199219,821795
2016-04-21,52.91484069824219,72.4000015258789,74.00851440429688,72.14468383789062,73.8723373413086,1356420
2016-04-22,53.35026931762695,72.99574279785156,73.39574432373047,72.51914978027344,72.80850982666016,915090
2016-04-25,53.661277770996094,73.42127990722656,73.4297866821289,72.65531921386719,72.92765808105469,986648
2016-04-26,53.536865234375,73.25106048583984,74.07659912109375,72.74042510986328,73.35318756103516,1017903
2016-04-27,54.395240783691406,74.42552947998047,74.91915130615234,73.04680633544922,73.58297729492188,1109318
2016-04-28,54.768455505371094,74.93617248535156,75.00425720214844,73.49787139892578,73.59149169921875,882778
2016-04-29,55.458900451660156,75.88085174560547,76.01702117919922,74.0255355834961,74.51914978027344,1919480
2016-05-02,56.0622673034668,76.70638275146484,77.01276397705078,75.55744934082031,75.82127380371094,1625965
2016-05-03,55.794769287109375,76.34042358398438,77.0553207397461,75.99148559570312,76.6297836303711,1050568
2016-05-04,56.73402404785156,77.62553405761719,78.25531768798828,76.17872619628906,76.17872619628906,1282043
2016-05-05,56.665592193603516,77.53191375732422,78.5702133178711,77.19999694824219,77.40425872802734,1120128
2016-05-06,56.006263732910156,76.6297836303711,77.514892578125,76.22127532958984,77.514892578125,1572503
2016-05-09,56.19287109375,76.8851089477539,77.01276397705078,76.43404388427734,76.79148864746094,1353483
2016-05-10,56.1555290222168,76.83404541015625,77.26808166503906,76.63829803466797,77.14042663574219,932715
2016-05-11,56.41057205200195,77.18297576904297,77.29361724853516,76.31489562988281,76.9446792602539,898875
2016-05-12,56.808677673339844,77.7276611328125,77.93191528320312,76.80000305175781,77.28510284423828,738018
2016-05-13,56.52253723144531,77.33616638183594,77.79574584960938,76.91063690185547,77.69361877441406,626275
2016-05-16,56.52874755859375,77.34468078613281,77.47234344482422,76.73191833496094,77.19999694824219,565175
2016-05-17,55.434017181396484,75.84680938720703,77.2425537109375,75.48936462402344,77.10638427734375,927663
2016-05-18,54.56318664550781,74.65531921386719,76.32340240478516,74.33191680908203,75.33616638183594,1126708
2016-05-19,55.141666412353516,75.44680786132812,75.47234344482422,73.88085174560547,74.37446594238281,740015
2016-05-20,55.166534423828125,75.48085021972656,75.71914672851562,74.99574279785156,75.71914672851562,908628
2016-05-23,54.58183670043945,74.68085479736328,75.56595611572266,74.6297836303711,75.48936462402344,561650
2016-05-24,55.49620819091797,75.93191528320312,76.04255676269531,74.89361572265625,74.97872161865234,808165
2016-05-25,55.166534423828125,75.48085021972656,75.82978820800781,75.19999694824219,75.74468231201172,889593
2016-05-26,55.80721664428711,76.3574447631836,76.51063537597656,75.25957489013672,75.53191375732422,710053
2016-05-27,56.11201858520508,76.77446746826172,76.80000305175781,76.11914825439453,76.43404388427734,663288
2016-05-31,56.40436553955078,77.17446899414062,77.25106048583984,76.45106506347656,76.6297836303711,1325165
2016-06-01,56.678035736083984,77.54893493652344,77.56595611572266,76.95319366455078,77.10638427734375,820503
2016-06-02,56.67181396484375,77.5404281616211,77.5404281616211,76.61276245117188,77.3702163696289,621340
2016-06-03,57.74168014526367,79.00425720214844,79.37872314453125,78.24681091308594,78.2978744506836,753410
2016-06-06,57.592403411865234,78.80000305175781,79.26808166503906,78.41702270507812,79.00425720214844,744833
2016-06-07,57.66083526611328,78.89361572265625,79.3702163696289,78.73191833496094,78.97021484375,642255
2016-06-08,58.083805084228516,79.47234344482422,79.5404281616211,78.61276245117188,78.90213012695312,712873
2016-06-09,58.50054168701172,80.04255676269531,80.19574737548828,79.44680786132812,79.48085021972656,1103913
2016-06-10,58.413448333740234,79.92340087890625,80.37446594238281,79.5999984741211,79.99148559570312,787133
2016-06-13,58.363704681396484,79.85531616210938,80.31489562988281,79.75318908691406,80.0,910860
2016-06-14,59.07902526855469,80.83404541015625,80.87659454345703,79.514892578125,79.93191528320312,1187573
2016-06-15,58.46945571899414,80.0,80.87659454345703,79.62553405761719,80.87659454345703,981243
2016-06-16,58.88945388793945,79.94893646240234,80.13616943359375,78.96170043945312,78.96170043945312,1080295
2016-06-17,59.165287017822266,80.32340240478516,80.41702270507812,79.4297866821289,80.0595703125,1493778
2016-06-20,58.870643615722656,79.92340087890625,80.41702270507812,79.22553253173828,80.24681091308594,960563
2016-06-21,58.94590377807617,80.0255355834961,80.51914978027344,79.44680786132812,79.92340087890625,721568
2016-06-22,58.77033615112305,79.7872314453125,80.22978973388672,79.6425552368164,80.22978973388672,795945
2016-06-23,58.964691162109375,80.05106353759766,80.06808471679688,79.38723754882812,79.92340087890625,1018960
2016-06-24,59.917545318603516,81.34468078613281,82.15319061279297,79.44680786132812,79.53191375732422,2188673
2016-06-27,60.48801040649414,82.11914825439453,82.51063537597656,81.1574478149414,81.1574478149414,1737943
2016-06-28,60.67605972290039,82.37446594238281,82.46808624267578,81.19999694824219,82.11914825439453,1501415
2016-06-29,60.87041473388672,82.63829803466797,83.03829956054688,82.33191680908203,82.6723403930664,955863
2016-06-30,62.136722564697266,84.3574447631836,84.36595916748047,82.60425567626953,82.79148864746094,1682600
2016-07-01,62.23700714111328,84.49361419677734,85.10638427734375,83.63404083251953,84.80000305175781,1342908
2016-07-05,62.75104522705078,85.19149017333984,85.3276596069336,84.485107421875,84.57872009277344,1220473
2016-07-06,62.657039642333984,85.06382751464844,85.48936462402344,84.544677734375,85.22553253173828,1220238
2016-07-07,61.55370330810547,83.56595611572266,85.12340545654297,83.35318756103516,84.8425521850586,884070
2016-07-08,62.14924621582031,84.37446594238281,84.4000015258789,82.5702133178711,83.31063842773438,989233
2016-07-11,62.03642272949219,84.22127532958984,84.2723388671875,83.1148910522461,84.04255676269531,584445
2016-07-12,61.2339973449707,83.13191223144531,83.9744644165039,82.82553100585938,83.53191375732422,837188
2016-07-13,61.497314453125,83.48936462402344,83.80425262451172,83.29361724853516,83.55744934082031,1133993
2016-07-14,60.86415100097656,82.6297836303711,83.38723754882812,82.44255065917969,82.97021484375,1362178
2016-07-15,61.2214469909668,83.1148910522461,83.23403930664062,82.63829803466797,82.77446746826172,1176528
2016-07-18,61.42207717895508,83.38723754882812,83.74468231201172,83.22553253173828,83.28510284423828,653770
2016-07-19,61.46592330932617,83.44680786132812,83.74468231201172,83.0553207397461,83.455322265625,661173
2016-07-20,61.13996505737305,83.00425720214844,83.65106201171875,82.85106658935547,83.40425872802734,502548
2016-07-21,61.660282135009766,83.71063995361328,83.8127670288086,82.51914978027344,82.76596069335938,851053
2016-07-22,62.31849670410156,84.60425567626953,84.85106658935547,83.55744934082031,83.65106201171875,1123888
2016-07-25,61.94866180419922,84.10212707519531,84.59574127197266,83.85531616210938,84.3574447631836,1437143
2016-07-26,61.43461990356445,83.40425872802734,84.50212860107422,83.30213165283203,84.40850830078125,1475683
2016-07-27,60.95191955566406,82.74893951416016,83.49787139892578,82.1872329711914,83.4297866821289,1507173
2016-07-28,60.87041473388672,82.63829803466797,83.13191223144531,82.51063537597656,82.7829818725586,2156595
2016-07-29,61.13368606567383,82.99574279785156,83.13191223144531,82.5702133178711,82.5702133178711,2914705
2016-08-01,61.54745864868164,83.55744934082031,83.62553405761719,82.76596069335938,82.87659454345703,1982343
2016-08-02,61.52237319946289,83.52340698242188,83.77872467041016,83.08084869384766,83.55744934082031,1648525
2016-08-03,60.60084533691406,82.2723388671875,83.59149169921875,81.90637969970703,83.42127990722656,1047630
2016-08-04,60.75758361816406,82.485107421875,83.10638427734375,82.15319061279297,82.2723388671875,690665
2016-08-05,59.61663818359375,80.93617248535156,82.31489562988281,80.77446746826172,82.28085327148438,1294380
2016-08-08,59.61038589477539,80.92765808105469,81.65957641601562,80.51914978027344,81.0553207397461,894293
2016-08-09,59.74201202392578,81.10638427734375,81.50638580322266,80.66383361816406,81.00425720214844,671983
2016-08-10,59.91128158569336,81.33616638183594,81.52340698242188,80.90213012695312,81.36170196533203,685495
2016-08-11,60.105621337890625,81.5999984741211,81.65106201171875,81.08084869384766,81.39574432373047,825908
2016-08-12,60.419063568115234,82.0255355834961,82.52765655517578,81.88085174560547,81.88935852050781,830373
2016-08-15,59.403499603271484,80.64681243896484,82.23829650878906,80.61276245117188,82.0255355834961,842005
2016-08-16,58.72648239135742,79.7276611328125,80.42552947998047,79.42127990722656,80.42552947998047,1586133
2016-08-17,59.59782791137695,80.91063690185547,81.19999694824219,78.87659454345703,79.34468078613281,2143435
2016-08-18,60.607139587402344,82.28085327148438,82.28085327148438,80.80000305175781,80.80000305175781,2428843
2016-08-19,59.365882873535156,80.59574127197266,82.16170501708984,80.20425415039062,81.9404296875,1695995
2016-08-22,59.629180908203125,80.95319366455078,81.19999694824219,80.544677734375,80.76596069335938,523110
2016-08-23,59.309471130371094,80.51914978027344,81.33616638183594,80.50212860107422,81.02127838134766,686553
2016-08-24,59.510074615478516,80.79148864746094,80.82553100585938,79.82978820800781,80.36595916748047,867385
2016-08-25,59.654266357421875,80.98723602294922,81.17446899414062,80.56169891357422,80.79148864746094,808048
2016-08-26,58.04316329956055,78.80000305175781,81.39574432373047,78.71489715576172,81.0553207397461,1030358
2016-08-29,58.62616729736328,79.59149169921875,79.75318908691406,79.07234191894531,79.07234191894531,997458
2016-08-30,57.98046875,78.71489715576172,79.99148559570312,78.57872009277344,79.69361877441406,641668
2016-08-31,58.23749923706055,79.06382751464844,79.18297576904297,78.50212860107422,78.80000305175781,1280163
2016-09-01,57.80495834350586,78.47659301757812,79.07234191894531,78.2723388671875,78.93617248535156,1031533
2016-09-02,58.425559997558594,79.31914520263672,79.48085021972656,78.31489562988281,78.50212860107422,984533
2016-09-06,59.0273551940918,80.13616943359375,80.68085479736328,79.54893493652344,79.61701965332031,960915
2016-09-07,59.26559066772461,80.4595718383789,80.544677734375,79.53191375732422,80.04255676269531,1181463
2016-09-08,59.24050521850586,80.42552947998047,80.70638275146484,79.88085174560547,80.0595703125,1118013
2016-09-09,57.04640579223633,77.44680786132812,80.07659912109375,77.40425872802734,80.07659912109375,1308363
2016-09-12,58.02434539794922,78.77446746826172,78.97872161865234,77.37872314453125,77.58297729492188,1403538
2016-09-13,57.26583480834961,77.74468231201172,78.6297836303711,77.1148910522461,78.6297836303711,1202848
2016-09-14,57.8927001953125,78.59574127197266,78.6723403930664,77.60851287841797,77.88085174560547,1844750
2016-09-15,58.360511779785156,78.5702133178711,78.6723403930664,77.5404281616211,77.9744644165039,1137870
2016-09-16,59.14439010620117,79.62553405761719,79.7276611328125,77.93191528320312,78.36595916748047,1778245
2016-09-19,59.675392150878906,80.34042358398438,80.4000015258789,79.66808319091797,79.82978820800781,1103443
2016-09-20,59.35298156738281,79.90637969970703,80.85106658935547,79.89787292480469,80.68085479736328,874553
2016-09-21,60.592002868652344,81.57447052001953,81.65106201171875,79.82127380371094,79.82127380371094,1459233
2016-09-22,60.787986755371094,81.83829498291016,82.17872619628906,81.31914520263672,81.8127670288086,1046925
2016-09-23,61.224143981933594,82.42552947998047,82.76596069335938,81.34468078613281,81.82127380371094,1334565
2016-09-26,61.0850830078125,82.23829650878906,82.76596069335938,82.03404235839844,82.3574447631836,925783
2016-09-27,60.09892654418945,80.91063690185547,83.06382751464844,80.80850982666016,82.57872009277344,2129453
2016-09-28,59.978843688964844,80.74893951416016,81.29361724853516,80.03404235839844,81.22553253173828,1525855
2016-09-29,58.82198715209961,79.19149017333984,80.33191680908203,79.1148910522461,80.33191680908203,3483993
2016-09-30,59.21392822265625,79.71914672851562,80.72340393066406,79.52340698242188,79.52340698242188,3766698
2016-10-03,58.689208984375,79.01276397705078,79.63404083251953,78.1872329711914,79.53191375732422,2200305
2016-10-04,57.65882110595703,77.62553405761719,78.96170043945312,77.26808166503906,78.92765808105469,3172618
2016-10-05,58.04443359375,78.14468383789062,78.81702423095703,77.23403930664062,77.92340087890625,3129730
2016-10-06,58.29729080200195,78.485107421875,78.82553100585938,77.37872314453125,77.82127380371094,2870995
2016-10-07,58.03812026977539,78.13616943359375,79.52340698242188,78.11914825439453,79.01276397705078,2575365
2016-10-10,58.37946319580078,78.59574127197266,78.80850982666016,78.22127532958984,78.34042358398438,1635013
2016-10-11,57.90534210205078,77.95744323730469,78.544677734375,77.7872314453125,78.43404388427734,1786823
2016-10-12,58.000160217285156,78.0851058959961,78.46808624267578,77.65106201171875,77.83829498291016,1431620
2016-10-13,58.619686126708984,78.91915130615234,79.25106048583984,78.00851440429688,78.14468383789062,2324855
2016-10-14,58.158206939697266,78.2978744506836,78.98723602294922,78.22978973388672,78.70638275146484,1344788
2016-10-17,58.404747009277344,78.6297836303711,78.85957336425781,78.2723388671875,78.51914978027344,1471218
2016-10-18,58.689208984375,79.01276397705078,79.33616638183594,78.1276626586914,79.08084869384766,1456530
2016-10-19,58.63865280151367,78.9446792602539,79.20851135253906,78.43404388427734,79.07234191894531,971138
2016-10-20,58.85990905761719,79.2425537109375,79.8723373413086,78.90213012695312,79.14893341064453,1388615
2016-10-21,58.63233947753906,78.93617248535156,79.25957489013672,78.43404388427734,78.43404388427734,1124358
2016-10-24,58.878883361816406,79.26808166503906,79.57447052001953,78.71489715576172,79.2425537109375,1139515
2016-10-25,59.41618347167969,79.99148559570312,80.01702117919922,79.00425720214844,79.02978515625,1354188
2016-10-26,59.35932159423828,79.9148941040039,80.5702133178711,79.2170181274414,80.4595718383789,1415640
2016-10-27,59.2265510559082,79.73616790771484,80.0255355834961,79.20851135253906,79.514892578125,1945330
2016-10-28,59.38459396362305,79.94893646240234,80.3574447631836,79.48085021972656,79.71063995361328,1231283
2016-10-31,60.69316482543945,81.71063995361328,82.16170501708984,80.14468383789062,80.2978744506836,1753453
2016-11-01,59.60585021972656,80.24681091308594,81.7021255493164,80.1276626586914,81.7021255493164,1115310
2016-11-02,58.90415573120117,79.30213165283203,80.1872329711914,78.68085479736328,80.1872329711914,1066783
2016-11-03,58.96104431152344,79.37872314453125,79.7276611328125,78.6723403930664,78.97021484375,830608
2016-11-04,58.84725570678711,79.22553253173828,80.60425567626953,79.20851135253906,79.8723373413086,1256310
2016-11-07,60.2380256652832,81.09786987304688,81.13191223144531,78.93617248535156,79.66808319091797,969493
2016-11-08,60.78164291381836,81.82978820800781,82.36595916748047,80.9446792602539,81.25957489013672,1186045
2016-11-09,58.39208984375,78.61276245117188,80.63829803466797,78.51914978027344,80.63829803466797,1616213
2016-11-10,57.70307159423828,77.68510437011719,78.49361419677734,76.30638122558594,78.46808624267578,2064710
2016-11-11,57.50712203979492,77.42127990722656,78.7574462890625,77.19999694824219,77.49787139892578,954923
2016-11-14,57.76628875732422,77.77021026611328,78.11914825439453,76.60425567626953,77.18297576904297,1621500
2016-11-15,59.036922454833984,79.48085021972656,79.93191528320312,78.17872619628906,78.19574737548828,2050845
2016-11-16,58.132938385009766,78.26383209228516,80.07659912109375,77.71063995361328,79.53191375732422,1491193
2016-11-17,57.95594024658203,78.0255355834961,78.56169891357422,77.76170349121094,77.9148941040039,850113
2016-11-18,57.66511917114258,77.63404083251953,78.485107421875,77.3702163696289,77.98297882080078,1030710
2016-11-21,58.33522033691406,78.53617095947266,78.55319213867188,77.74468231201172,77.93191528320312,908745
2016-11-22,59.31504440307617,79.85531616210938,80.2127685546875,78.72340393066406,79.17446899414062,1871188
2016-11-23,58.57543182373047,78.85957336425781,79.88935852050781,78.68936157226562,78.99574279785156,878195
2016-11-25,59.44150924682617,80.0255355834961,80.20425415039062,79.02127838134766,79.02127838134766,510890
2016-11-28,60.56039047241211,81.53191375732422,81.73616790771484,80.13616943359375,80.32340240478516,1263948
2016-11-29,60.56039047241211,81.53191375732422,82.14468383789062,81.03829956054688,81.08936309814453,899345
2016-11-30,58.84725570678711,79.22553253173828,80.58723449707031,79.19999694824219,80.4000015258789,1480970
2016-12-01,59.175987243652344,79.66808319091797,79.71063995361328,78.4595718383789,78.71489715576172,1842753
2016-12-02,60.1368522644043,80.96170043945312,81.19149017333984,80.04255676269531,80.30638122558594,2170813
2016-12-05,60.10524368286133,80.91915130615234,80.9446792602539,79.79574584960938,80.5702133178711,1761560
2016-12-06,60.174781799316406,81.01276397705078,81.60851287841797,80.79148864746094,81.0553207397461,948578
2016-12-07,61.25578689575195,82.46808624267578,82.60425567626953,81.17446899414062,81.17446899414062,1699638
2016-12-08,60.80693054199219,81.86383056640625,82.2127685546875,80.99574279785156,81.86383056640625,1298375
2016-12-09,61.60347366333008,82.93617248535156,83.06382751464844,81.79574584960938,81.95744323730469,1026010
2016-12-12,62.21665954589844,83.76170349121094,83.82978820800781,82.22127532958984,82.63829803466797,1214480
2016-12-13,62.526397705078125,84.17872619628906,84.34042358398438,83.48936462402344,83.82127380371094,1095453
2016-12-14,61.262081146240234,82.47659301757812,85.03829956054688,82.22978973388672,84.6723403930664,1704338
2016-12-15,61.6478271484375,82.28936004638672,82.34893798828125,81.04680633544922,81.8127670288086,1268765
2016-12-16,62.61057662963867,83.57447052001953,83.77872467041016,82.25531768798828,82.25531768798828,1704573
2016-12-19,62.661598205566406,83.6425552368164,83.99148559570312,83.10638427734375,83.89787292480469,1256193
2016-12-20,62.878353118896484,83.93191528320312,84.25531768798828,83.36170196533203,83.63404083251953,918498
2016-12-21,62.616947174072266,83.58297729492188,84.25531768798828,83.5404281616211,83.82127380371094,699948
2016-12-22,62.80824279785156,83.83829498291016,84.17021179199219,83.16595458984375,83.6425552368164,652830
2016-12-23,62.95488739013672,84.03404235839844,84.46808624267578,83.75318908691406,84.11064147949219,774443
2016-12-27,62.89748764038086,83.95744323730469,84.10212707519531,83.43830108642578,83.88085174560547,456958
2016-12-28,62.43843078613281,83.34468078613281,84.06808471679688,83.19149017333984,84.06808471679688,621105
2016-12-29,63.076011657714844,84.19574737548828,84.30638122558594,83.29361724853516,83.5404281616211,691723
2016-12-30,62.80824279785156,83.83829498291016,84.50212860107422,83.54893493652344,84.28936004638672,671278
2017-01-03,62.616947174072266,83.58297729492188,84.11064147949219,83.25106048583984,84.03404235839844,1422103
2017-01-04,62.78272247314453,83.80425262451172,84.2978744506836,83.46382904052734,83.69361877441406,1263595
2017-01-05,62.86561965942383,83.9148941040039,84.07659912109375,83.1574478149414,83.93191528320312,1467693
2017-01-06,63.03139877319336,84.13616943359375,84.38298034667969,83.53191375732422,83.7021255493164,1171005
2017-01-09,62.40653991699219,83.30213165283203,84.31489562988281,83.19149017333984,83.82978820800781,1858145
2017-01-10,62.119632720947266,82.91915130615234,83.3702163696289,82.6297836303711,83.34468078613281,1220590
2017-01-11,62.744468688964844,83.75318908691406,83.83829498291016,82.82553100585938,82.91915130615234,834368
2017-01-12,62.71894454956055,83.71914672851562,83.9404296875,83.28510284423828,83.75318908691406,721215
2017-01-13,62.674346923828125,83.65957641601562,84.2127685546875,83.31914520263672,83.67659759521484,810163
2017-01-17,63.24815368652344,84.42552947998047,84.6723403930664,83.77021026611328,83.8723373413086,680325
2017-01-18,63.05051803588867,84.16170501708984,84.64681243896484,84.01702117919922,84.26383209228516,919320
2017-01-19,62.57231903076172,83.52340698242188,84.0,83.17446899414062,83.7021255493164,1474860
2017-01-20,62.73810958862305,83.74468231201172,84.31489562988281,83.4297866821289,83.80425262451172,731673
2017-01-23,62.50220489501953,83.4297866821289,83.9744644165039,83.34468078613281,83.88935852050781,519468
2017-01-24,62.45757293701172,83.3702163696289,83.62553405761719,83.02978515625,83.2170181274414,569053
2017-01-25,62.44482421875,83.35318756103516,83.41276550292969,82.56169891357422,83.01276397705078,1325988
2017-01-26,62.623355865478516,83.59149169921875,83.95744323730469,83.12340545654297,83.33616638183594,703825
2017-01-27,61.90922546386719,82.63829803466797,83.93191528320312,82.544677734375,83.7021255493164,1159138
2017-01-30,61.941104888916016,82.68085479736328,83.02127838134766,82.19574737548828,82.92765808105469,984415
2017-01-31,62.89113998413086,83.94893646240234,84.07659912109375,82.7829818725586,82.87659454345703,1496715
2017-02-01,62.43843078613281,83.34468078613281,84.0,82.70638275146484,83.57447052001953,1642415
2017-02-02,63.088775634765625,84.2127685546875,84.5702133178711,83.16595458984375,83.53191375732422,1115310
2017-02-03,63.12704086303711,84.26383209228516,84.50212860107422,83.7872314453125,84.36595916748047,1494365
2017-02-06,62.553192138671875,83.49787139892578,84.46808624267578,83.3276596069336,84.17021179199219,1352660
2017-02-07,62.73810958862305,83.74468231201172,83.9744644165039,83.4297866821289,83.77872467041016,1053035
2017-02-08,62.948509216308594,84.0255355834961,84.41702270507812,83.58297729492188,83.9404296875,1423278
2017-02-09,61.97938919067383,82.73191833496094,84.23829650878906,82.37446594238281,83.44680786132812,2053548
2017-02-10,62.07501983642578,82.85957336425781,83.03829956054688,82.17872619628906,82.40850830078125,1378745
2017-02-13,62.52771759033203,83.46382904052734,83.49787139892578,82.73191833496094,82.8851089477539,955628
2017-02-14,62.616947174072266,83.58297729492188,83.77021026611328,83.0553207397461,83.0553207397461,1609280
2017-02-15,62.45757293701172,83.3702163696289,83.48936462402344,82.68085479736328,82.95319366455078,1201203
2017-02-16,62.91023635864258,83.9744644165039,84.25531768798828,83.07234191894531,83.3702163696289,1287918
2017-02-17,62.55956268310547,83.50638580322266,84.11064147949219,83.0553207397461,84.0595703125,936710
2017-02-21,63.088775634765625,84.2127685546875,84.39148712158203,83.14893341064453,83.514892578125,846940
2017-02-22,63.30555725097656,84.50212860107422,84.57872009277344,83.77021026611328,84.07659912109375,809928
2017-02-23,63.809234619140625,85.17446899414062,85.30213165283203,84.41702270507812,84.59574127197266,1210485
2017-02-24,64.45319366455078,86.03404235839844,86.37446594238281,85.37872314453125,85.59149169921875,1192508
2017-02-27,64.14078521728516,85.61701965332031,85.89787292480469,85.2425537109375,85.89787292480469,558008
2017-02-28,64.63809967041016,86.28085327148438,86.42552947998047,85.61701965332031,85.83829498291016,1016610
2017-03-01,64.34481048583984,85.88935852050781,86.64681243896484,84.76596069335938,85.63404083251953,1306953
2017-03-02,64.74009704589844,86.41702270507812,86.89361572265625,85.58297729492188,85.79574584960938,740485
2017-03-03,64.47867584228516,86.06808471679688,86.50212860107422,85.50638580322266,86.50212860107422,1256310
2017-03-06,64.81661224365234,86.51914978027344,86.76596069335938,85.66808319091797,85.92340087890625,1083350
2017-03-07,64.7464599609375,86.42552947998047,86.74893951416016,86.24681091308594,86.44255065917969,1205550
2017-03-08,63.828365325927734,85.19999694824219,85.85531616210938,85.03829956054688,85.65106201171875,1039875
2017-03-09,63.579715728759766,84.86808776855469,85.83829498291016,84.63829803466797,85.19999694824219,1223880
2017-03-10,63.92398452758789,85.3276596069336,85.69361877441406,84.97872161865234,85.44680786132812,1070660
2017-03-13,64.14716339111328,85.62553405761719,85.69361877441406,85.13191223144531,85.31914520263672,1049745
2017-03-14,64.07063293457031,85.52340698242188,85.82127380371094,85.25106048583984,85.7276611328125,900285
2017-03-15,65.39043426513672,87.28510284423828,87.62553405761719,85.52340698242188,85.8723373413086,1187338
2017-03-16,64.41026306152344,85.28510284423828,86.32340240478516,84.96170043945312,86.32340240478516,1161253
2017-03-17,64.8537368774414,85.8723373413086,86.34042358398438,85.31063842773438,85.49787139892578,1982930
2017-03-20,64.42311096191406,85.30213165283203,86.22127532958984,85.1148910522461,85.94893646240234,788895
2017-03-21,65.2200927734375,86.3574447631836,86.71489715576172,85.25957489013672,85.25957489013672,1151030
2017-03-22,65.48363494873047,86.70638275146484,87.31914520263672,86.31489562988281,86.80000305175781,893588
2017-03-23,65.3036880493164,86.46808624267578,87.31063842773438,86.26383209228516,86.57872009277344,754468
2017-03-24,65.6700439453125,86.95319366455078,87.09786987304688,86.3574447631836,86.59574127197266,678915
2017-03-27,65.4900894165039,86.71489715576172,87.5404281616211,86.33191680908203,87.31063842773438,899463
2017-03-28,65.3679428100586,86.55319213867188,87.01276397705078,86.16170501708984,86.5702133178711,1012733
2017-03-29,65.41936492919922,86.62127685546875,86.8425521850586,85.89787292480469,86.3574447631836,992875
2017-03-30,65.091552734375,86.1872329711914,86.72340393066406,85.93191528320312,86.43404388427734,680678
2017-03-31,65.63146209716797,86.90213012695312,86.99574279785156,86.13616943359375,86.13616943359375,1593065
2017-04-03,65.34222412109375,86.51914978027344,86.8851089477539,85.93191528320312,86.76596069335938,1495893
2017-04-04,65.71503448486328,87.01276397705078,87.37872314453125,86.25531768798828,86.64681243896484,878665
2017-04-05,66.28707122802734,87.77021026611328,87.8723373413086,86.70638275146484,86.93617248535156,1299668
2017-04-06,66.18424987792969,87.63404083251953,87.82127380371094,87.12340545654297,87.47234344482422,908040
2017-04-07,66.18424987792969,87.63404083251953,88.1872329711914,87.50638580322266,87.8127670288086,928250
2017-04-10,66.33209228515625,87.82978820800781,88.0255355834961,87.08936309814453,87.52340698242188,1068428
2017-04-11,66.28707122802734,87.77021026611328,88.03404235839844,87.27659606933594,87.82978820800781,888418
2017-04-12,66.820556640625,88.47659301757812,88.58723449707031,87.48085021972656,87.90637969970703,1110493
2017-04-13,66.53133392333984,88.09362030029297,88.59574127197266,87.56595611572266,88.45106506347656,971255
2017-04-17,67.12909698486328,88.8851089477539,88.9446792602539,88.17872619628906,88.17872619628906,1106850
2017-04-18,67.1162338256836,88.86808776855469,89.22553253173828,88.59574127197266,88.85106658935547,773973
2017-04-19,66.7434310913086,88.37446594238281,88.96170043945312,88.00851440429688,88.89361572265625,624630
2017-04-20,66.48632049560547,88.03404235839844,88.37446594238281,87.4297866821289,88.37446594238281,1062788
2017-04-21,66.81414031982422,88.46808624267578,88.85957336425781,88.0,88.0,1926883
2017-04-24,67.1355209350586,88.89361572265625,88.91063690185547,88.15319061279297,88.63829803466797,1144215
2017-04-25,67.02623748779297,88.74893951416016,88.96170043945312,88.3574447631836,88.5702133178711,1025658
2017-04-26,67.12909698486328,88.8851089477539,89.49787139892578,88.51914978027344,88.544677734375,1440080
2017-04-27,67.53401947021484,89.42127990722656,90.05106353759766,88.81702423095703,89.08936309814453,1563690
2017-04-28,67.22547149658203,89.01276397705078,89.41276550292969,88.74042510986328,89.35318756103516,987235
2017-05-01,66.80770111083984,88.4595718383789,89.1574478149414,88.13616943359375,89.1574478149414,564705
2017-05-02,67.01338195800781,88.73191833496094,88.96170043945312,88.37446594238281,88.63829803466797,752235
2017-05-03,66.7434310913086,88.37446594238281,88.8425521850586,88.34042358398438,88.58723449707031,562003
2017-05-04,66.96839904785156,88.6723403930664,88.74893951416016,87.89787292480469,88.32340240478516,1120128
2017-05-05,67.19336700439453,88.97021484375,89.48936462402344,88.74893951416016,88.90213012695312,791010
2017-05-08,67.16120910644531,88.92765808105469,89.1574478149414,88.36595916748047,89.1574478149414,601130
2017-05-09,66.82698059082031,88.485107421875,88.93617248535156,88.32340240478516,88.91915130615234,663523
2017-05-10,67.24476623535156,89.03829956054688,89.04680633544922,88.46808624267578,88.50212860107422,755995
2017-05-11,67.33476257324219,89.1574478149414,89.16595458984375,88.37446594238281,88.68085479736328,642608
2017-05-12,67.75897979736328,89.71914672851562,89.7276611328125,89.19149017333984,89.20851135253906,613350
2017-05-15,68.09963989257812,90.17021179199219,90.22127532958984,89.455322265625,89.63404083251953,781375
2017-05-16,67.3604736328125,89.19149017333984,90.34042358398438,89.06382751464844,90.0851058959961,627685
2017-05-17,67.59829711914062,89.50638580322266,89.96595764160156,89.19149017333984,89.19149017333984,737078
2017-05-18,67.70757293701172,89.65106201171875,90.39148712158203,89.01276397705078,89.82127380371094,819915
2017-05-19,68.15106201171875,90.23829650878906,90.30638122558594,89.02978515625,89.7276611328125,1047748
2017-05-22,68.80023956298828,91.09786987304688,91.16595458984375,90.16170501708984,90.17872619628906,896173
2017-05-23,69.01237487792969,91.37872314453125,92.1276626586914,91.02127838134766,91.06382751464844,946345
2017-05-24,69.3658447265625,91.84680938720703,91.8723373413086,91.27659606933594,91.30213165283203,635205
2017-05-25,70.04718780517578,92.74893951416016,92.83404541015625,91.57447052001953,91.94893646240234,808518
2017-05-26,69.98291015625,92.66383361816406,92.91915130615234,92.33191680908203,92.3574447631836,534273
2017-05-30,70.15645599365234,92.89361572265625,93.18297576904297,92.26383209228516,92.66383361816406,1024248
2017-05-31,70.39425659179688,93.20851135253906,93.52340698242188,92.90213012695312,92.95319366455078,1165248
2017-06-01,70.96630859375,93.96595764160156,94.01702117919922,92.66383361816406,93.08936309814453,768333
2017-06-02,71.30054473876953,94.40850830078125,94.62127685546875,93.86383056640625,94.62127685546875,674568
2017-06-05,70.8377685546875,93.79574584960938,94.38298034667969,93.68510437011719,94.13616943359375,752940
2017-06-06,70.8056411743164,93.75318908691406,94.17872619628906,93.59149169921875,94.06808471679688,634265
2017-06-07,71.10772705078125,94.15319061279297,94.36595916748047,93.68510437011719,94.0,714753
2017-06-08,70.04718780517578,92.74893951416016,94.1872329711914,92.25531768798828,94.15319061279297,1568860
2017-06-09,70.04718780517578,92.74893951416016,92.85106658935547,92.14468383789062,92.47659301757812,948813
2017-06-12,70.04076385498047,92.74042510986328,93.19999694824219,91.92340087890625,92.74893951416016,869735
2017-06-13,70.32357025146484,93.1148910522461,93.14893341064453,92.37446594238281,92.63829803466797,525108
2017-06-14,71.01773834228516,94.03404235839844,94.16170501708984,93.58297729492188,93.7021255493164,893823
2017-06-15,71.59732818603516,94.09362030029297,94.19574737548828,92.93617248535156,93.33616638183594,1034470
2017-06-16,72.00530242919922,94.6297836303711,94.6723403930664,94.17021179199219,94.39148712158203,1602935
2017-06-19,71.8175048828125,94.38298034667969,94.60425567626953,93.92340087890625,94.60425567626953,889005
2017-06-20,71.89523315429688,94.485107421875,94.76596069335938,94.28936004638672,94.3574447631836,896173
2017-06-21,71.31884002685547,93.7276611328125,94.57872009277344,93.09786987304688,94.47659301757812,892883
2017-06-22,70.96269989013672,93.25957489013672,93.85531616210938,93.2425537109375,93.65106201171875,861040
2017-06-23,70.5158462524414,92.6723403930664,93.57447052001953,92.52765655517578,93.17446899414062,1198148
2017-06-26,70.84613800048828,93.10638427734375,93.82127380371094,92.37446594238281,92.76596069335938,765983
2017-06-27,69.72579956054688,91.63404083251953,93.07234191894531,91.48936462402344,92.7829818725586,873143
2017-06-28,68.79975891113281,90.41702270507812,92.17021179199219,90.36595916748047,92.03404235839844,1420928
2017-06-29,68.592529296875,90.14468383789062,90.4595718383789,89.47234344482422,90.0,1529615
2017-06-30,68.5083236694336,90.03404235839844,90.81702423095703,89.98297882080078,90.4000015258789,1230930
2017-07-03,68.34645080566406,89.82127380371094,90.51063537597656,89.73616790771484,90.25531768798828,730380
2017-07-05,68.28166961669922,89.73616790771484,90.04255676269531,89.25106048583984,89.9148941040039,1355833
2017-07-06,68.1068344116211,89.50638580322266,89.71063995361328,89.23403930664062,89.52340698242188,1111315
2017-07-07,68.16511535644531,89.58297729492188,90.0255355834961,89.48936462402344,89.66808319091797,853168
2017-07-10,67.951416015625,89.30213165283203,90.00851440429688,89.27659606933594,89.8127670288086,1017198
2017-07-11,67.78951263427734,89.08936309814453,89.5404281616211,88.6723403930664,89.36170196533203,1252198
2017-07-12,68.37882995605469,89.86383056640625,90.0851058959961,89.58297729492188,89.82127380371094,803700
2017-07-13,67.92549896240234,89.26808166503906,90.04255676269531,89.19149017333984,89.67659759521484,819328
2017-07-14,68.24929809570312,89.69361877441406,90.10212707519531,89.50638580322266,89.80425262451172,600308
2017-07-17,68.6961441040039,90.28085327148438,90.36595916748047,89.34468078613281,89.68510437011719,1016023
2017-07-18,68.482421875,90.0,90.45106506347656,89.88935852050781,90.38298034667969,1840873
2017-07-19,68.60548400878906,90.16170501708984,90.30638122558594,89.5999984741211,90.0851058959961,941175
2017-07-20,69.14297485351562,90.86808776855469,91.00425720214844,90.26383209228516,90.47659301757812,1538193
2017-07-21,69.90065002441406,91.86383056640625,91.8723373413086,90.68936157226562,90.83404541015625,799705
2017-07-24,68.88392639160156,90.52765655517578,91.88935852050781,90.52765655517578,91.88935852050781,1121185
2017-07-25,68.83860778808594,90.46808624267578,90.70638275146484,89.95744323730469,90.59574127197266,1105910
2017-07-26,69.53800964355469,91.38723754882812,91.9148941040039,90.04255676269531,91.06382751464844,1127295
2017-07-27,69.5185546875,91.36170196533203,91.44680786132812,90.62127685546875,91.36170196533203,1407768
2017-07-28,69.11058044433594,90.82553100585938,91.46382904052734,90.63829803466797,91.37872314453125,750943
2017-07-31,69.33077239990234,91.1148910522461,91.29361724853516,90.51063537597656,90.87659454345703,1008503
2017-08-01,69.28543090820312,91.0553207397461,91.4297866821289,90.6723403930664,91.31914520263672,1463698
2017-08-02,69.68048858642578,91.57447052001953,91.57447052001953,90.34893798828125,90.65531921386719,895585
2017-08-03,70.5029067993164,92.65531921386719,92.6723403930664,91.27659606933594,91.27659606933594,912975
2017-08-04,70.54824829101562,92.71489715576172,92.7574462890625,92.0595703125,92.38298034667969,937298
2017-08-07,70.54174041748047,92.70638275146484,92.7574462890625,92.36595916748047,92.69786834716797,605125
2017-08-08,70.84613800048828,93.10638427734375,93.13191223144531,92.46808624267578,92.5702133178711,565175
2017-08-09,70.28272247314453,92.36595916748047,93.41276550292969,92.34893798828125,93.41276550292969,660938
2017-08-10,70.6259536743164,92.81702423095703,92.8851089477539,92.04255676269531,92.34893798828125,726385
2017-08-11,69.85533142089844,91.80425262451172,93.00425720214844,91.49787139892578,93.00425720214844,693838
2017-08-14,70.61947631835938,92.80850982666016,92.80850982666016,91.9148941040039,91.96595764160156,627803
2017-08-15,70.69718170166016,92.91063690185547,93.2170181274414,92.51063537597656,92.51063537597656,838833
2017-08-16,71.15697479248047,93.514892578125,93.53191375732422,92.8851089477539,92.91063690185547,782668
2017-08-17,71.169921875,93.53191375732422,93.9148941040039,93.41276550292969,93.50638580322266,891943
2017-08-18,71.64266204833984,94.15319061279297,94.47659301757812,93.27659606933594,93.46382904052734,1643708
2017-08-21,71.8110122680664,94.37446594238281,94.47659301757812,94.04255676269531,94.28085327148438,652360
2017-08-22,72.12186431884766,94.7829818725586,94.82553100585938,94.24681091308594,94.485107421875,534860
2017-08-23,72.45863342285156,95.22553253173828,95.26808166503906,94.43404388427734,94.74893951416016,587383
2017-08-24,72.36148071289062,95.09786987304688,95.44680786132812,95.02978515625,95.17446899414062,545083
2017-08-25,72.2060546875,94.89361572265625,95.52340698242188,94.89361572265625,95.2425537109375,865623
2017-08-28,72.62052154541016,95.43830108642578,95.61701965332031,95.0553207397461,95.0553207397461,648718
2017-08-29,72.60108947753906,95.41276550292969,95.8127670288086,95.33616638183594,95.56595611572266,601600
2017-08-30,72.51042175292969,95.29361724853516,95.65106201171875,95.03829956054688,95.31914520263672,585738
2017-08-31,72.73706817626953,95.59149169921875,95.7276611328125,95.02978515625,95.3702163696289,741778
2017-09-01,72.60757446289062,95.42127990722656,95.82127380371094,95.20851135253906,95.74468231201172,507718
2017-09-05,73.02849578857422,95.9744644165039,96.0,95.31063842773438,95.50638580322266,621928
2017-09-06,72.32263946533203,95.04680633544922,96.17021179199219,94.99574279785156,96.17021179199219,1205550
2017-09-07,72.43920135498047,95.19999694824219,95.56595611572266,94.85957336425781,95.27659606933594,858338
2017-09-08,73.07382202148438,96.03404235839844,96.13616943359375,94.97021484375,95.17446899414062,772445
2017-09-11,73.50772094726562,96.60425567626953,96.77446746826172,95.65957641601562,95.95744323730469,518763
2017-09-12,72.0700912475586,94.71489715576172,96.53617095947266,94.55319213867188,96.28936004638672,734963
2017-09-13,71.38362121582031,93.8127670288086,94.72340393066406,93.8127670288086,94.72340393066406,1130233
2017-09-14,72.25785827636719,94.96170043945312,94.98723602294922,93.61701965332031,93.74468231201172,970433
2017-09-15,72.71129608154297,94.85106658935547,94.91915130615234,94.11914825439453,94.51914978027344,1609750
2017-09-18,72.11109924316406,94.06808471679688,94.8851089477539,93.52340698242188,94.80850982666016,1051978
2017-09-19,71.88273620605469,93.77021026611328,94.0595703125,93.34468078613281,94.0,889710
2017-09-20,71.03459167480469,92.66383361816406,94.1872329711914,92.22978973388672,94.03404235839844,1510815
2017-09-21,71.12592315673828,92.7829818725586,93.1574478149414,92.4595718383789,92.66383361816406,692428
2017-09-22,70.70841217041016,92.23829650878906,92.97872161865234,92.0595703125,92.95319366455078,746008
2017-09-25,71.59569549560547,93.39574432373047,93.4297866821289,92.0851058959961,92.16170501708984,826025
2017-09-26,71.45866394042969,93.2170181274414,93.55744934082031,92.68085479736328,93.27659606933594,1119893
2017-09-27,69.96463775634766,91.26808166503906,92.97021484375,90.91063690185547,92.63829803466797,912858
2017-09-28,70.2386703491211,91.62553405761719,91.80425262451172,90.39148712158203,91.09786987304688,1017550
2017-09-29,70.04293823242188,91.3702163696289,91.99148559570312,91.12340545654297,91.455322265625,1038700
2017-10-02,70.0494613647461,91.37872314453125,91.82978820800781,91.18297576904297,91.71063995361328,986060
2017-10-03,69.54710388183594,90.72340393066406,91.26808166503906,90.39148712158203,91.26808166503906,1003920
2017-10-04,70.16690826416016,91.53191375732422,91.57447052001953,90.51063537597656,90.79148864746094,1656985
2017-10-05,70.29736328125,91.7021255493164,92.15319061279297,91.14042663574219,91.65106201171875,1192155
2017-10-06,70.25172424316406,91.6425552368164,91.96595764160156,91.00425720214844,91.44680786132812,866093
2017-10-09,70.4148178100586,91.85531616210938,91.99148559570312,91.61701965332031,91.82127380371094,567055
2017-10-10,71.30208587646484,93.01276397705078,93.09786987304688,91.69361877441406,91.9148941040039,992288
2017-10-11,71.56957244873047,93.36170196533203,93.77021026611328,92.93617248535156,93.04680633544922,855165
2017-10-12,72.202392578125,94.1872329711914,94.23829650878906,93.02127838134766,93.54893493652344,823088
2017-10-13,71.69352722167969,93.52340698242188,94.82553100585938,93.42127990722656,94.4595718383789,1092280
2017-10-16,71.52389526367188,93.30213165283203,93.82127380371094,92.97021484375,93.31914520263672,1084760
2017-10-17,71.86966705322266,93.75318908691406,93.9404296875,93.04680633544922,93.30213165283203,1287683
2017-10-18,72.1241226196289,94.0851058959961,94.11914825439453,93.23403930664062,93.58297729492188,1087110
2017-10-19,73.16144561767578,95.43830108642578,95.43830108642578,93.7276611328125,94.23829650878906,1040815
2017-10-20,73.2267074584961,95.52340698242188,95.60851287841797,94.91915130615234,95.31063842773438,1160430
2017-10-23,73.75513458251953,96.2127685546875,96.4000015258789,95.29361724853516,95.88085174560547,1462523
2017-10-24,73.52680969238281,95.9148941040039,96.15319061279297,95.03829956054688,95.77021026611328,2124988
2017-10-25,72.26766967773438,94.2723388671875,96.14468383789062,92.37446594238281,95.9148941040039,3401743
2017-10-26,71.84358978271484,93.71914672851562,95.46382904052734,93.65106201171875,94.65531921386719,1604580
2017-10-27,72.30679321289062,94.32340240478516,94.64681243896484,93.57447052001953,93.77872467041016,1024600
2017-10-30,71.98713684082031,93.90637969970703,94.3574447631836,93.60851287841797,94.2978744506836,1074068
2017-10-31,72.06539916992188,94.00851440429688,94.4000015258789,93.34468078613281,93.71914672851562,1192273
2017-11-01,71.94798278808594,93.85531616210938,94.98723602294922,93.25957489013672,94.41702270507812,1529498
2017-11-02,72.28722381591797,94.2978744506836,94.485107421875,93.56595611572266,93.9744644165039,1979993
2017-11-03,72.35245513916016,94.38298034667969,95.41276550292969,94.05106353759766,94.15319061279297,1562398
2017-11-06,72.79607391357422,94.96170043945312,95.50638580322266,93.89787292480469,94.74042510986328,1217770
2017-11-07,73.59857940673828,96.00851440429688,96.2127685546875,94.76596069335938,95.07234191894531,995108
2017-11-08,73.84648895263672,96.33191680908203,96.49361419677734,95.68510437011719,95.86383056640625,874318
2017-11-09,73.86607360839844,96.3574447631836,96.62127685546875,96.00851440429688,96.11914825439453,626040
2017-11-10,73.36369323730469,95.7021255493164,96.11914825439453,95.48085021972656,95.95744323730469,747300
2017-11-13,74.5315170288086,97.22553253173828,97.30213165283203,95.74468231201172,95.93191528320312,1302958
2017-11-14,75.40575408935547,98.36595916748047,98.46808624267578,96.74893951416016,96.86808776855469,822970
2017-11-15,74.68156433105469,97.42127990722656,98.90213012695312,97.35318756103516,98.57872009277344,846235
2017-11-16,74.36842346191406,97.01276397705078,97.59149169921875,96.89361572265625,97.43830108642578,953513
2017-11-17,73.67034912109375,96.10212707519531,97.08936309814453,95.7872314453125,96.71489715576172,1140573
2017-11-20,73.22016906738281,95.514892578125,96.46808624267578,95.31914520263672,96.15319061279297,868560
2017-11-21,73.48767852783203,95.86383056640625,95.98297882080078,95.56595611572266,95.86383056640625,937533
2017-11-22,73.474609375,95.84680938720703,96.1276626586914,95.48936462402344,95.84680938720703,1222000
2017-11-24,73.49418640136719,95.8723373413086,96.51914978027344,95.83829498291016,96.0255355834961,213850
2017-11-27,74.14007568359375,96.71489715576172,96.91063690185547,95.74468231201172,95.74468231201172,1775895
2017-11-28,74.59677124023438,97.31063842773438,97.3276596069336,96.68085479736328,96.91063690185547,851405
2017-11-29,74.74028015136719,97.49787139892578,98.24681091308594,96.80850982666016,97.1148910522461,1227523
2017-11-30,75.39923095703125,98.3574447631836,98.59574127197266,97.1574478149414,97.5999984741211,1307540
2017-12-01,75.16438293457031,98.05106353759766,99.06382751464844,97.54893493652344,98.72340393066406,791363
2017-12-04,75.37312316894531,98.32340240478516,99.35318756103516,97.82127380371094,98.31489562988281,1593770
2017-12-05,74.6032943725586,97.31914520263672,98.38298034667969,96.37446594238281,98.24681091308594,1047630
2017-12-06,75.02735900878906,97.8723373413086,98.0,97.12340545654297,97.5999984741211,1307893
2017-12-07,75.07304382324219,97.93191528320312,97.94893646240234,97.41276550292969,97.82978820800781,1039993
2017-12-08,75.34701538085938,98.28936004638672,98.34042358398438,97.46382904052734,97.71914672851562,1536430
2017-12-11,75.67326354980469,98.71489715576172,98.77446746826172,97.7021255493164,98.11064147949219,795593
2017-12-12,74.3814697265625,97.02978515625,98.97021484375,96.96170043945312,98.72340393066406,1261245
2017-12-13,74.25752258300781,96.86808776855469,97.4297866821289,96.71489715576172,97.14042663574219,936123
2017-12-14,74.12702941894531,96.69786834716797,97.16595458984375,95.96595764160156,96.86808776855469,902635
2017-12-15,74.4511947631836,96.36595916748047,97.02127838134766,95.9148941040039,96.37446594238281,2048848
2017-12-18,73.09011840820312,94.60425567626953,96.7574462890625,94.30638122558594,96.44255065917969,1094748
2017-12-19,71.67646026611328,92.77446746826172,94.73191833496094,92.72340393066406,94.6723403930664,1091810
2017-12-20,71.17671966552734,92.1276626586914,93.31063842773438,92.0851058959961,92.72340393066406,1014495
2017-12-21,71.17671966552734,92.1276626586914,92.44255065917969,91.55744934082031,91.9148941040039,834838
2017-12-22,71.48576354980469,92.52765655517578,92.6723403930664,92.04255676269531,92.47659301757812,813688
2017-12-26,71.09782409667969,92.0255355834961,92.98723602294922,91.98297882080078,92.34893798828125,708408
2017-12-27,71.49891662597656,92.544677734375,92.55319213867188,92.03404235839844,92.19574737548828,547198
2017-12-28,72.07096862792969,93.28510284423828,93.34468078613281,92.58723449707031,92.72340393066406,970315
2017-12-29,71.97234344482422,93.1574478149414,93.7021255493164,92.91915130615234,93.41276550292969,744833
2018-01-02,71.30821228027344,92.2978744506836,94.03404235839844,92.2127685546875,93.34468078613281,1161723
2018-01-03,71.07809448242188,92.0,92.85106658935547,91.35318756103516,92.14468383789062,1347138
2018-01-04,69.89454650878906,90.46808624267578,92.34042358398438,90.4000015258789,91.58297729492188,1091223
2018-01-05,69.82880401611328,90.38298034667969,90.96170043945312,89.86383056640625,90.81702423095703,1460173
2018-01-08,70.34165954589844,91.04680633544922,91.09786987304688,90.34042358398438,90.51914978027344,805580
2018-01-09,69.48690032958984,89.9404296875,91.03829956054688,89.80425262451172,90.68085479736328,1024248
2018-01-10,68.80308532714844,89.0553207397461,89.83829498291016,88.37446594238281,89.69361877441406,2466560
2018-01-11,68.33622741699219,88.45106506347656,89.455322265625,88.23829650878906,89.1148910522461,1109318
2018-01-12,68.32965850830078,88.44255065917969,89.29361724853516,87.84680938720703,89.29361724853516,1544303
2018-01-16,68.47431945800781,88.6297836303711,89.07234191894531,87.63404083251953,88.63829803466797,2590170
2018-01-17,68.44142150878906,88.58723449707031,88.95319366455078,88.10212707519531,88.89361572265625,1525150
2018-01-18,68.03377532958984,88.0595703125,88.7829818725586,87.5404281616211,88.7829818725586,1336093
2018-01-19,67.8233642578125,87.7872314453125,88.41702270507812,87.52340698242188,87.9744644165039,1444545
2018-01-22,67.96142578125,87.96595764160156,88.65531921386719,87.77872467041016,88.15319061279297,1288623
2018-01-23,68.82278442382812,89.08084869384766,89.36170196533203,87.9744644165039,88.01702117919922,1385090
2018-01-24,68.6650161743164,88.87659454345703,89.37872314453125,88.51063537597656,89.00425720214844,1826303
2018-01-25,69.67098999023438,90.17872619628906,90.2127685546875,88.69786834716797,88.77446746826172,1247498
2018-01-26,69.3685302734375,89.7872314453125,90.41702270507812,88.9446792602539,90.23829650878906,1322228
2018-01-29,68.638671875,88.8425521850586,89.41276550292969,88.544677734375,89.35318756103516,3110108
2018-01-30,68.54007720947266,88.71489715576172,89.2425537109375,88.34893798828125,88.5702133178711,1418813
2018-01-31,69.46060180664062,89.90637969970703,90.0,88.38298034667969,88.79148864746094,1572973
2018-02-01,68.52691650390625,88.69786834716797,90.51063537597656,88.2127685546875,90.00851440429688,3322313
2018-02-02,67.90882873535156,87.89787292480469,88.60425567626953,87.5999984741211,88.26383209228516,2361515
2018-02-05,67.06720733642578,86.80850982666016,88.59574127197266,86.5702133178711,87.67659759521484,2200305
2018-02-06,65.33135223388672,84.56169891357422,85.84680938720703,83.1148910522461,85.82127380371094,3657540
2018-02-07,65.27218627929688,84.485107421875,85.57447052001953,84.28936004638672,84.50212860107422,1359828
2018-02-08,64.75931549072266,83.82127380371094,85.48085021972656,83.8127670288086,84.28936004638672,2318863
2018-02-09,66.44914245605469,86.00851440429688,86.68936157226562,83.95744323730469,84.0595703125,1717850
2018-02-12,66.5740737915039,86.17021179199219,86.43404388427734,85.1574478149414,86.15319061279297,1847923
2018-02-13,67.20530700683594,86.98723602294922,87.14893341064453,85.44680786132812,86.00851440429688,1125298
2018-02-14,66.5609130859375,86.15319061279297,86.80000305175781,85.63404083251953,86.45106506347656,1116485
2018-02-15,67.8233642578125,87.7872314453125,87.85531616210938,86.2978744506836,86.40850830078125,1160195
2018-02-16,69.1844253540039,89.54893493652344,89.83829498291016,87.25957489013672,87.4297866821289,2016418
2018-02-20,67.85625457763672,87.82978820800781,89.95744323730469,87.56595611572266,89.40425872802734,1643590
2018-02-21,67.00147247314453,86.72340393066406,88.61276245117188,86.70638275146484,87.82978820800781,1149503
2018-02-22,66.97514343261719,86.68936157226562,87.5999984741211,86.37446594238281,87.08084869384766,1206490
2018-02-23,68.84253692626953,89.10638427734375,89.10638427734375,86.69786834716797,86.7574462890625,1238333
2018-02-26,68.22445678710938,88.30638122558594,89.42127990722656,88.15319061279297,89.31914520263672,1086405
2018-02-27,67.08695220947266,86.83404541015625,89.09786987304688,86.81702423095703,88.52765655517578,2490530
2018-02-28,66.2650375366211,85.77021026611328,87.1148910522461,85.71914672851562,86.97872161865234,2557388
2018-03-01,66.232177734375,85.7276611328125,86.85957336425781,85.1574478149414,85.82978820800781,1221530
2018-03-02,66.27161407470703,85.77872467041016,86.73191833496094,84.95319366455078,85.71063995361328,1029418
2018-03-05,67.44200897216797,87.29361724853516,87.42127990722656,85.29361724853516,85.67659759521484,1249260
2018-03-06,66.54121398925781,86.1276626586914,87.23403930664062,85.68510437011719,87.17446899414062,968905
2018-03-07,65.69959259033203,85.03829956054688,86.34893798828125,84.69786834716797,85.85531616210938,1322463
2018-03-08,66.01518249511719,85.44680786132812,85.79574584960938,84.98723602294922,85.2425537109375,1010853
2018-03-09,66.10066986083984,85.55744934082031,85.60851287841797,84.7574462890625,85.42127990722656,1723490
2018-03-12,66.35051727294922,85.88085174560547,86.60425567626953,85.34468078613281,85.41276550292969,1806680
2018-03-13,66.36366271972656,85.89787292480469,86.39148712158203,85.38723754882812,86.22127532958984,1485200
2018-03-14,66.9159927368164,86.61276245117188,86.74893951416016,85.85531616210938,86.00851440429688,1104853
2018-03-15,66.88309478759766,86.5702133178711,87.20851135253906,86.10212707519531,86.80850982666016,1986925
2018-03-16,67.83358764648438,87.03829956054688,87.25957489013672,85.9148941040039,86.0851058959961,3984895
2018-03-19,67.78052520751953,86.97021484375,87.58297729492188,86.42552947998047,86.90213012695312,1894335
2018-03-20,67.7540054321289,86.93617248535156,87.49787139892578,86.16170501708984,87.0553207397461,2139558
2018-03-21,68.00602722167969,87.25957489013672,88.28085327148438,86.86808776855469,87.23403930664062,1355363
2018-03-22,68.01930236816406,87.27659606933594,89.13191223144531,87.17446899414062,87.17446899414062,2341423
2018-03-23,67.05088806152344,86.03404235839844,88.14468383789062,85.9404296875,87.41276550292969,915443
2018-03-26,67.7341079711914,86.91063690185547,87.18297576904297,86.24681091308594,86.30638122558594,699360
2018-03-27,68.85504150390625,88.34893798828125,89.29361724853516,86.76596069335938,86.97021484375,831078
2018-03-28,68.98107147216797,88.51063537597656,89.10638427734375,88.0255355834961,88.58723449707031,1011675
2018-03-29,69.24639129638672,88.85106658935547,89.52340698242188,88.52765655517578,88.52765655517578,696070
2018-04-02,68.76216888427734,88.22978973388672,89.77872467041016,87.79574584960938,89.08936309814453,1153145
2018-04-03,69.25962829589844,88.86808776855469,89.02978515625,87.8723373413086,88.2127685546875,1238450
2018-04-04,68.9080810546875,88.41702270507812,88.79148864746094,87.54893493652344,88.70638275146484,1121303
2018-04-05,69.39893341064453,89.04680633544922,89.3702163696289,87.28510284423828,88.49361419677734,1176058
2018-04-06,69.02086639404297,88.56169891357422,89.36170196533203,88.28085327148438,89.08084869384766,1033178
2018-04-09,69.20660400390625,88.80000305175781,89.37872314453125,88.19574737548828,88.56169891357422,1307893
2018-04-10,68.68922424316406,88.13616943359375,89.04680633544922,87.9744644165039,88.9446792602539,840243
2018-04-11,68.54329681396484,87.94893646240234,88.544677734375,87.58297729492188,88.05106353759766,499493
2018-04-12,67.72084045410156,86.89361572265625,88.22127532958984,86.65531921386719,88.09362030029297,716163
2018-04-13,67.94633483886719,87.18297576904297,87.52340698242188,86.95319366455078,86.99574279785156,747770
2018-04-16,68.72238159179688,88.17872619628906,88.26383209228516,87.02978515625,87.3702163696289,1134580
2018-04-17,69.30606079101562,88.92765808105469,89.14042663574219,87.90637969970703,88.2127685546875,638260
2018-04-18,68.9876708984375,88.51914978027344,89.53191375732422,88.4595718383789,88.98723602294922,1062435
2018-04-19,68.80862426757812,88.28936004638672,88.65531921386719,87.7021255493164,88.34893798828125,951045
2018-04-20,68.13870239257812,87.4297866821289,88.28936004638672,87.04680633544922,88.24681091308594,1412820
2018-04-23,68.53666687011719,87.9404296875,88.28936004638672,87.48085021972656,87.55744934082031,1357243
2018-04-24,69.11370849609375,88.68085479736328,89.31063842773438,87.3276596069336,88.22978973388672,2149780
2018-04-25,68.9876708984375,88.51914978027344,89.36170196533203,86.81702423095703,87.88085174560547,1505058
2018-04-26,69.5315933227539,89.2170181274414,89.35318756103516,87.84680938720703,88.42552947998047,948108
2018-04-27,70.07547760009766,89.9148941040039,90.41702270507812,88.97872161865234,88.97872161865234,1652990
2018-04-30,69.90963745117188,89.7021255493164,90.24681091308594,89.35318756103516,89.9404296875,2170578
2018-05-01,69.64434051513672,89.36170196533203,89.7021255493164,89.12340545654297,89.57447052001953,2114413
2018-05-02,69.47850799560547,89.14893341064453,89.75318908691406,88.485107421875,89.36170196533203,1540778
2018-05-03,69.37903594970703,89.02127838134766,89.40425872802734,87.96595764160156,89.2170181274414,1229285
2018-05-04,69.43207550048828,89.08936309814453,89.43830108642578,88.7574462890625,89.02978515625,1056560
2018-05-07,69.08055114746094,88.63829803466797,88.97021484375,88.2978744506836,88.95319366455078,1321875
2018-05-08,67.05755615234375,86.04255676269531,88.42552947998047,85.76170349121094,88.42552947998047,1591303
2018-05-09,66.48711395263672,85.31063842773438,86.23829650878906,84.86808776855469,86.07659912109375,1000395
2018-05-10,67.2101058959961,86.23829650878906,86.2723388671875,85.41276550292969,85.89787292480469,889945
2018-05-11,67.95297241210938,87.19149017333984,87.42127990722656,86.26383209228516,86.50212860107422,1588953
2018-05-14,67.84684753417969,87.0553207397461,87.55744934082031,86.38298034667969,87.25957489013672,1776365
2018-05-15,67.3029556274414,86.3574447631836,86.90213012695312,85.79574584960938,86.58723449707031,2056955
2018-05-16,66.63969421386719,85.50638580322266,86.42552947998047,85.14893341064453,86.42552947998047,1009560
2018-05-17,65.87691497802734,84.52765655517578,85.82978820800781,84.25531768798828,85.46382904052734,1801393
2018-05-18,66.27489471435547,85.03829956054688,85.48085021972656,84.44255065917969,84.77446746826172,1407650
2018-05-21,66.30805206298828,85.08084869384766,85.33616638183594,84.34893798828125,85.08936309814453,1001805
2018-05-22,66.40754699707031,85.20851135253906,85.90637969970703,84.93617248535156,85.07234191894531,1028595
2018-05-23,67.27644348144531,86.32340240478516,86.40850830078125,85.36170196533203,85.514892578125,1142570
2018-05-24,67.74073791503906,86.91915130615234,87.19999694824219,86.13616943359375,86.5702133178711,1842283
2018-05-25,67.77388763427734,86.96170043945312,87.55744934082031,86.82553100585938,86.99574279785156,1191333
2018-05-29,67.72084045410156,86.89361572265625,87.69361877441406,86.42552947998047,86.92765808105469,1245735
2018-05-30,67.95297241210938,87.19149017333984,87.47234344482422,86.49361419677734,86.79148864746094,1186280
2018-05-31,67.93972778320312,87.17446899414062,87.69361877441406,86.57872009277344,87.12340545654297,1876710
2018-06-01,67.01112365722656,85.98297882080078,87.2170181274414,85.82127380371094,87.1148910522461,1251963
2018-06-04,66.35446166992188,85.14042663574219,86.61276245117188,85.09786987304688,86.1872329711914,1392258
2018-06-05,65.85701751708984,84.50212860107422,85.25957489013672,84.23829650878906,85.00425720214844,1252668
2018-06-06,64.29832458496094,82.50212860107422,84.51914978027344,82.3574447631836,84.49361419677734,1506468
2018-06-07,64.36466217041016,82.58723449707031,83.40425872802734,81.88085174560547,82.2127685546875,1510345
2018-06-08,64.31819915771484,82.52765655517578,82.9446792602539,82.17872619628906,82.80850982666016,1249965
2018-06-11,62.812557220458984,80.59574127197266,82.544677734375,80.2127685546875,81.79574584960938,2744683
2018-06-12,63.999847412109375,82.11914825439453,82.2978744506836,80.68085479736328,80.69786834716797,1841460
2018-06-13,63.727901458740234,81.77021026611328,82.68936157226562,81.5999984741211,82.39148712158203,1472745
2018-06-14,64.37126922607422,82.59574127197266,82.8425521850586,81.73616790771484,81.93191528320312,1448658
2018-06-15,64.9690170288086,82.60425567626953,82.68085479736328,81.19149017333984,81.74468231201172,2774528
2018-06-18,65.19659423828125,82.89361572265625,83.2170181274414,82.45106506347656,82.64681243896484,1130115
2018-06-19,66.33454132080078,84.34042358398438,84.36595916748047,82.80850982666016,82.8851089477539,2134035
2018-06-20,66.46171569824219,84.50212860107422,84.65531921386719,83.28510284423828,84.17872619628906,2206415
2018-06-21,66.98381805419922,85.16595458984375,85.31914520263672,84.32340240478516,84.45106506347656,2924693
2018-06-22,67.23817443847656,85.48936462402344,85.68510437011719,85.04680633544922,85.22553253173828,1395665
2018-06-25,68.80451202392578,87.48085021972656,87.69361877441406,85.52340698242188,85.67659759521484,2320038
2018-06-26,69.07894134521484,87.82978820800781,88.50212860107422,87.28510284423828,87.36170196533203,1887520
2018-06-27,69.73492431640625,88.66383361816406,89.04680633544922,87.60851287841797,87.68510437011719,1665915
2018-06-28,69.57426452636719,88.4595718383789,89.47234344482422,88.16170501708984,88.90213012695312,1524680
2018-06-29,69.36676788330078,88.19574737548828,88.79148864746094,87.65957641601562,88.53617095947266,1345728
2018-07-02,70.0093765258789,89.01276397705078,89.08084869384766,88.0595703125,88.28936004638672,1585898
2018-07-03,70.29720306396484,89.37872314453125,89.84680938720703,88.64681243896484,88.96170043945312,724270
2018-07-05,71.174072265625,90.49361419677734,90.56169891357422,89.25957489013672,89.57447052001953,1399073
2018-07-06,71.64263916015625,91.08936309814453,91.20851135253906,90.37446594238281,90.50212860107422,1091693
2018-07-09,69.04548645019531,87.7872314453125,91.02127838134766,87.4297866821289,91.02127838134766,1436555
2018-07-10,69.61445617675781,88.51063537597656,88.97872161865234,86.70638275146484,87.46382904052734,1521038
2018-07-11,70.72559356689453,89.92340087890625,90.11064147949219,88.74042510986328,88.86808776855469,1329513
2018-07-12,70.89964294433594,90.14468383789062,90.34042358398438,89.57447052001953,90.06808471679688,1144450
2018-07-13,71.08036041259766,90.37446594238281,90.45106506347656,89.67659759521484,90.19574737548828,1051625
2018-07-16,71.15401458740234,90.46808624267578,90.74893951416016,89.82978820800781,90.22127532958984,1352895
2018-07-17,71.20755004882812,90.53617095947266,90.85957336425781,90.37446594238281,90.68085479736328,1038230
2018-07-18,70.99333190917969,90.26383209228516,90.6723403930664,89.82978820800781,90.31489562988281,875375
2018-07-19,71.8702392578125,91.37872314453125,91.74468231201172,90.4000015258789,90.4000015258789,1273230
2018-07-20,71.35481262207031,90.72340393066406,91.29361724853516,89.95744323730469,91.02127838134766,1182285
2018-07-23,71.2409896850586,90.57872009277344,91.08084869384766,90.04255676269531,90.9446792602539,1088403
2018-07-24,71.43513488769531,90.82553100585938,91.07234191894531,89.19999694824219,89.96595764160156,1771548
2018-07-25,72.49272155761719,92.17021179199219,93.25106048583984,91.47234344482422,91.90637969970703,2218165
2018-07-26,72.84078979492188,92.61276245117188,93.29361724853516,92.17872619628906,92.7829818725586,1462170
2018-07-27,72.70024871826172,92.43404388427734,93.3276596069336,92.09362030029297,92.61276245117188,1149620
2018-07-30,72.1446762084961,91.7276611328125,92.36595916748047,91.3702163696289,92.34042358398438,1515750
2018-07-31,72.65339660644531,92.37446594238281,92.66383361816406,91.60851287841797,92.1872329711914,2422968
2018-08-01,72.18482971191406,91.77872467041016,91.82978820800781,90.44255065917969,91.71063995361328,2255295
2018-08-02,72.7604751586914,92.51063537597656,92.68085479736328,91.18297576904297,91.71914672851562,986648
2018-08-03,73.69759368896484,93.7021255493164,93.77021026611328,91.71914672851562,91.71914672851562,1239978
2018-08-06,73.9653549194336,94.04255676269531,94.37446594238281,93.514892578125,93.71914672851562,2374558
2018-08-07,73.86494445800781,93.9148941040039,94.10212707519531,93.00425720214844,94.10212707519531,1099918
2018-08-08,73.73776245117188,93.75318908691406,94.01702117919922,93.20851135253906,93.67659759521484,752940
2018-08-09,74.11260223388672,94.22978973388672,94.30638122558594,93.58297729492188,93.8723373413086,1075125
2018-08-10,73.85826110839844,93.90637969970703,95.08936309814453,93.83829498291016,94.45106506347656,1434910
2018-08-13,74.15945434570312,94.28936004638672,94.38298034667969,93.63404083251953,94.05106353759766,1566040
2018-08-14,74.3268051147461,94.50212860107422,94.8425521850586,94.2127685546875,94.2127685546875,676095
2018-08-15,75.1501235961914,95.54893493652344,96.03404235839844,94.45106506347656,94.47659301757812,1422690
2018-08-16,75.75926208496094,96.32340240478516,96.4000015258789,95.17446899414062,95.40425872802734,1523623
2018-08-17,76.05378723144531,96.69786834716797,97.12340545654297,96.0,96.20425415039062,1625260
2018-08-20,75.8395767211914,96.42552947998047,96.91063690185547,96.03404235839844,96.91063690185547,1228228
2018-08-21,75.45135498046875,95.93191528320312,96.60425567626953,95.47234344482422,96.50212860107422,1619738
2018-08-22,74.45399475097656,94.66383361816406,96.11914825439453,94.2127685546875,96.07659912109375,1180405
2018-08-23,74.58788299560547,94.83404541015625,95.67659759521484,94.5702133178711,94.68936157226562,1034940
2018-08-24,74.90245819091797,95.23403930664062,95.33616638183594,94.1872329711914,94.97021484375,977718
2018-08-27,74.52762603759766,94.7574462890625,95.62553405761719,94.20425415039062,95.33616638183594,1364763
2018-08-28,74.11930084228516,94.23829650878906,94.68085479736328,94.00851440429688,94.51914978027344,860453
2018-08-29,74.48077392578125,94.69786834716797,94.73191833496094,94.05106353759766,94.49361419677734,797238
2018-08-30,74.87569427490234,95.19999694824219,95.53191375732422,94.79148864746094,94.95319366455078,950340
2018-08-31,74.39375305175781,94.58723449707031,95.61701965332031,94.30638122558594,95.19999694824219,869853
2018-09-04,74.74849700927734,95.03829956054688,95.59149169921875,94.90213012695312,94.91915130615234,1063140
2018-09-05,75.81949615478516,96.4000015258789,96.44255065917969,95.06382751464844,95.2170181274414,1153498
2018-09-06,76.30814361572266,97.02127838134766,97.28510284423828,95.94893646240234,96.38298034667969,1293558
2018-09-07,75.61199951171875,96.13616943359375,96.80000305175781,95.71063995361328,96.28936004638672,1429153
2018-09-10,75.90653228759766,96.51063537597656,97.03829956054688,96.16170501708984,96.41702270507812,1069015
2018-09-11,75.7860336303711,96.3574447631836,97.01276397705078,96.14468383789062,96.63829803466797,810398
2018-09-12,75.65214538574219,96.1872329711914,96.77446746826172,95.96595764160156,96.19574737548828,830960
2018-09-13,76.14750671386719,96.81702423095703,96.83404541015625,95.514892578125,96.32340240478516,922845
2018-09-14,75.75825500488281,95.57447052001953,95.98297882080078,94.60425567626953,95.7872314453125,927193
2018-09-17,75.78521728515625,95.60851287841797,95.94893646240234,94.9446792602539,95.68510437011719,1160430
2018-09-18,75.8998794555664,95.75318908691406,95.88935852050781,94.8851089477539,95.37872314453125,1231988
2018-09-19,73.5927734375,92.8425521850586,95.82978820800781,92.50212860107422,95.82978820800781,1731010
2018-09-20,73.6534652709961,92.91915130615234,92.97872161865234,91.98297882080078,92.8851089477539,1254783
2018-09-21,73.57926940917969,92.82553100585938,93.57447052001953,92.30638122558594,92.65531921386719,3630750
2018-09-24,73.20150756835938,92.34893798828125,93.14893341064453,92.26383209228516,93.00425720214844,1102503
2018-09-25,72.51338958740234,91.48085021972656,92.1872329711914,90.97021484375,92.1872329711914,1122830
2018-09-26,71.83878326416016,90.6297836303711,91.86383056640625,90.57872009277344,91.77021026611328,1470513
2018-09-27,72.45942687988281,91.41276550292969,91.90637969970703,90.56169891357422,90.7574462890625,856928
2018-09-28,73.61974334716797,92.87659454345703,92.93617248535156,91.65957641601562,91.65957641601562,1163015
2018-10-01,73.55228424072266,92.79148864746094,92.83404541015625,92.01702117919922,92.55319213867188,986295
2018-10-02,74.71935272216797,94.26383209228516,94.34042358398438,93.12340545654297,93.12340545654297,1569448
2018-10-03,73.28244018554688,92.45106506347656,94.41702270507812,91.69361877441406,94.0,1332333
2018-10-04,73.78839111328125,93.08936309814453,93.2170181274414,91.39574432373047,92.22127532958984,766688
2018-10-05,75.29953002929688,94.99574279785156,95.08936309814453,93.02127838134766,93.08936309814453,1194505
2018-10-08,75.95386505126953,95.82127380371094,96.60425567626953,94.98723602294922,95.16595458984375,1329278
2018-10-09,76.66222381591797,96.71489715576172,97.00425720214844,95.65957641601562,96.04255676269531,1487785
2018-10-10,76.05506134033203,95.94893646240234,97.73616790771484,95.89787292480469,96.70638275146484,1190275
2018-10-11,74.5979232788086,94.11064147949219,96.59574127197266,93.7276611328125,96.32340240478516,1601525
2018-10-12,74.30107879638672,93.73616790771484,94.13616943359375,92.97872161865234,94.0255355834961,1380508
2018-10-15,74.28759765625,93.71914672851562,94.43404388427734,93.40425872802734,93.61701965332031,1524093
2018-10-16,75.04315185546875,94.6723403930664,95.10638427734375,92.98723602294922,93.53191375732422,1278753
2018-10-17,75.07689666748047,94.71489715576172,95.04680633544922,94.0595703125,94.49361419677734,856340
2018-10-18,74.98920440673828,94.60425567626953,95.18297576904297,94.0851058959961,94.92765808105469,946345
2018-10-19,76.19000244140625,96.11914825439453,96.60425567626953,94.61276245117188,94.85957336425781,986060
2018-10-22,75.75825500488281,95.57447052001953,96.25531768798828,95.1148910522461,96.17872619628906,952690
2018-10-23,75.51539611816406,95.26808166503906,96.55319213867188,94.83404541015625,95.7872314453125,1677783
2018-10-24,79.401123046875,100.17021179199219,100.61276245117188,95.38723754882812,95.5404281616211,4030250
2018-10-25,77.6134033203125,97.9148941040039,99.56595611572266,97.25106048583984,99.16595458984375,3292115
2018-10-26,76.12928009033203,96.04255676269531,98.71489715576172,95.48936462402344,98.1872329711914,2334725
2018-10-29,76.65547180175781,96.70638275146484,97.42127990722656,96.15319061279297,96.2723388671875,1582960
2018-10-30,77.14793395996094,97.3276596069336,97.71914672851562,96.07659912109375,97.07234191894531,1412585
2018-10-31,75.82569122314453,95.65957641601562,97.0553207397461,95.16595458984375,96.85106658935547,1893043
2018-11-01,75.6165542602539,95.39574432373047,95.9404296875,94.51063537597656,95.65957641601562,1646175
2018-11-02,75.13760375976562,94.79148864746094,95.89787292480469,93.96595764160156,95.67659759521484,1124123
2018-11-05,76.47332000732422,96.47659301757812,96.61276245117188,94.93617248535156,95.10638427734375,1465108
2018-11-06,77.47174072265625,97.73616790771484,97.82127380371094,96.41702270507812,96.50212860107422,934478
2018-11-07,78.34873962402344,98.8425521850586,98.92765808105469,97.44680786132812,98.28085327148438,1330805
2018-11-08,78.51063537597656,99.04680633544922,99.23403930664062,98.0595703125,98.80850982666016,1049628
2018-11-09,79.69794464111328,100.544677734375,100.85106658935547,99.02127838134766,99.28510284423828,1309068
2018-11-12,80.31182098388672,101.31914520263672,102.51063537597656,100.14468383789062,100.62127685546875,1378393
2018-11-13,80.91899871826172,102.0851058959961,102.34042358398438,100.62127685546875,101.25106048583984,736608
2018-11-14,80.47373962402344,101.52340698242188,102.45106506347656,101.23403930664062,101.60851287841797,1202730
2018-11-15,80.48722076416016,101.5404281616211,101.9744644165039,99.88935852050781,100.8425521850586,1262185
2018-11-16,80.29833221435547,101.30213165283203,102.97872161865234,100.85957336425781,102.56169891357422,1343143
2018-11-19,80.41978454589844,101.455322265625,101.99148559570312,100.95319366455078,101.28510284423828,953865
2018-11-20,79.9407958984375,100.85106658935547,102.65531921386719,100.46808624267578,102.0,1671320
2018-11-21,78.7602310180664,99.36170196533203,100.63829803466797,98.9446792602539,100.63829803466797,1122478
2018-11-23,78.70626831054688,99.29361724853516,99.63404083251953,98.9446792602539,99.514892578125,605948
2018-11-26,78.72650146484375,99.31914520263672,99.56595611572266,98.58723449707031,99.455322265625,1315295
2018-11-27,79.26617431640625,100.0,100.1276626586914,98.57872009277344,99.36170196533203,1342085
2018-11-28,79.19873046875,99.9148941040039,100.37446594238281,99.38723754882812,100.16170501708984,1247380
2018-11-29,79.3808822631836,100.14468383789062,100.24681091308594,98.73191833496094,100.14468383789062,1055033
2018-11-30,80.77730560302734,101.90637969970703,101.95744323730469,100.2723388671875,100.3574447631836,1652520
2018-12-03,80.38604736328125,101.41276550292969,101.60851287841797,100.45106506347656,101.07234191894531,2414273
2018-12-04,80.39279174804688,101.42127990722656,102.77446746826172,101.31063842773438,101.77021026611328,2747503
2018-12-06,80.54119873046875,101.60851287841797,102.42552947998047,99.55744934082031,102.06808471679688,1845573
2018-12-07,80.62889099121094,101.71914672851562,102.16170501708984,100.91915130615234,101.57447052001953,1505763
2018-12-10,80.48722076416016,101.5404281616211,102.01702117919922,100.46808624267578,101.8723373413086,3329128
2018-12-11,80.864990234375,102.01702117919922,102.32340240478516,101.41276550292969,101.68510437011719,2528248
2018-12-12,80.10269165039062,101.0553207397461,102.6723403930664,101.03829956054688,102.24681091308594,1699403
2018-12-13,80.83129119873047,101.9744644165039,102.3574447631836,101.08084869384766,101.2425537109375,1891633
2018-12-14,80.3858871459961,100.61276245117188,101.84680938720703,99.90637969970703,101.34468078613281,2045558
2018-12-17,77.61160278320312,97.14042663574219,101.08084869384766,96.91063690185547,100.89361572265625,1885053
2018-12-18,77.26483917236328,96.70638275146484,98.47659301757812,96.485107421875,97.43830108642578,1549708
2018-12-19,77.38723754882812,96.85957336425781,98.06808471679688,96.07659912109375,97.10638427734375,1860965
2018-12-20,77.88362121582031,97.48085021972656,98.51914978027344,95.90637969970703,97.13191223144531,1774720
2018-12-21,77.5504379272461,97.06382751464844,99.82978820800781,96.81702423095703,97.53191375732422,2261640
2018-12-24,74.08257293701172,92.72340393066406,97.65106201171875,92.52765655517578,97.23403930664062,766688
2018-12-26,74.5585708618164,93.31914520263672,93.71914672851562,91.25106048583984,92.73191833496094,1687300
2018-12-27,74.90534210205078,93.75318908691406,93.7872314453125,91.76170349121094,92.91915130615234,1623028
2018-12-28,74.8713607788086,93.71063995361328,94.82553100585938,93.25957489013672,94.06808471679688,960445
2018-12-31,75.00054168701172,93.8723373413086,94.11914825439453,93.00425720214844,93.9404296875,840948
2019-01-02,73.36183166503906,91.82127380371094,93.9744644165039,91.34468078613281,93.77021026611328,1369228
2019-01-03,73.66781616210938,92.20425415039062,92.9446792602539,91.52340698242188,91.9148941040039,1428448
2019-01-04,74.78976440429688,93.60851287841797,93.60851287841797,91.77021026611328,91.77021026611328,1426568
2019-01-07,74.53816223144531,93.29361724853516,93.95744323730469,92.74893951416016,93.09786987304688,1084878
2019-01-08,75.19773864746094,94.11914825439453,94.22978973388672,92.95319366455078,93.2170181274414,854813
2019-01-09,74.84414672851562,93.67659759521484,94.59574127197266,93.06382751464844,93.79574584960938,921318
2019-01-10,75.95250701904297,95.06382751464844,95.1574478149414,93.14042663574219,93.1574478149414,1188630
2019-01-11,76.06130981445312,95.19999694824219,95.48936462402344,94.15319061279297,95.14042663574219,936945
2019-01-14,74.76256561279297,93.57447052001953,94.62127685546875,92.3574447631836,94.62127685546875,1347255
2019-01-15,75.64653015136719,94.68085479736328,95.2425537109375,93.14042663574219,93.14042663574219,1732068
2019-01-16,75.97291564941406,95.08936309814453,95.20851135253906,93.94893646240234,94.2978744506836,1031885
2019-01-17,76.96565246582031,96.33191680908203,96.46808624267578,94.86808776855469,94.99574279785156,1103208
2019-01-18,76.8228530883789,96.15319061279297,97.07234191894531,95.7021255493164,96.32340240478516,1072188
2019-01-22,76.86363983154297,96.20425415039062,97.04680633544922,95.2425537109375,96.2723388671875,769978
2019-01-23,77.70001220703125,97.25106048583984,97.31063842773438,96.1276626586914,96.26383209228516,983240
2019-01-24,78.5363998413086,98.2978744506836,98.37446594238281,96.3574447631836,97.22553253173828,1245500
2019-01-25,77.60482788085938,97.13191223144531,98.57872009277344,96.87659454345703,98.11914825439453,1177350
2019-01-28,77.58443450927734,97.10638427734375,97.60851287841797,96.43404388427734,97.20851135253906,985120
2019-01-29,78.1488265991211,97.8127670288086,98.0,97.04680633544922,97.04680633544922,1135168
2019-01-30,78.39356231689453,98.11914825439453,98.59574127197266,97.2170181274414,97.37872314453125,825555
2019-01-31,80.06632995605469,100.2127685546875,100.69786834716797,97.58297729492188,98.07659912109375,2071055
2019-02-01,79.80113983154297,99.88085174560547,100.47659301757812,99.02127838134766,100.2127685546875,900990
2019-02-04,79.821533203125,99.90637969970703,99.93191528320312,97.8127670288086,99.02978515625,1541013
2019-02-05,79.76033782958984,99.82978820800781,99.9744644165039,99.01276397705078,99.82978820800781,1084173
2019-02-06,79.6107406616211,99.6425552368164,99.86383056640625,98.99574279785156,99.82127380371094,1264653
2019-02-07,80.44029998779297,100.68085479736328,100.74893951416016,96.05106353759766,96.05106353759766,1533493
2019-02-08,80.61711120605469,100.90213012695312,101.14893341064453,100.06808471679688,100.51914978027344,1390260
2019-02-11,80.94346618652344,101.31063842773438,101.65957641601562,100.83404541015625,100.90213012695312,978658
2019-02-12,81.24946594238281,101.69361877441406,101.99148559570312,100.5702133178711,101.37872314453125,1420223
2019-02-13,81.15425872802734,101.57447052001953,101.77872467041016,101.08936309814453,101.7021255493164,1292030
2019-02-14,81.05908203125,101.455322265625,102.07659912109375,101.10638427734375,101.57447052001953,975720
2019-02-15,81.46704864501953,101.96595764160156,102.17872619628906,101.40425872802734,101.8723373413086,1049628
2019-02-19,81.9430160522461,102.56169891357422,102.61276245117188,101.43830108642578,101.94893646240234,1172768
2019-02-20,82.79979705810547,103.63404083251953,103.69361877441406,101.9404296875,102.36595916748047,2030870
2019-02-21,83.4593734741211,104.4595718383789,104.6723403930664,102.83404541015625,103.18297576904297,1812085
2019-02-22,84.12572479248047,105.29361724853516,105.36170196533203,103.82127380371094,104.68085479736328,1012028
2019-02-25,83.51375579833984,104.52765655517578,105.39574432373047,104.0,105.3276596069336,1741468
2019-02-26,83.1601791381836,104.0851058959961,104.82553100585938,103.61701965332031,104.82553100585938,1178760
2019-02-27,83.20097351074219,104.13616943359375,104.28085327148438,103.41276550292969,103.77872467041016,867503
2019-02-28,84.0169448852539,105.1574478149414,105.22553253173828,103.7872314453125,104.20425415039062,1290385
2019-03-01,83.56814575195312,104.59574127197266,105.30213165283203,104.05106353759766,105.2170181274414,1180875
2019-03-04,83.71094512939453,104.77446746826172,104.98723602294922,103.9148941040039,104.79148864746094,955158
2019-03-05,83.47296905517578,104.47659301757812,104.90213012695312,104.22978973388672,104.6723403930664,830255
2019-03-06,83.21456909179688,104.15319061279297,104.8425521850586,103.93191528320312,104.63829803466797,1313415
2019-03-07,83.29618072509766,104.25531768798828,105.12340545654297,104.0,104.46808624267578,1622558
2019-03-08,83.77214813232422,104.85106658935547,104.85957336425781,103.84680938720703,104.36595916748047,1259483
2019-03-11,84.10531616210938,105.26808166503906,105.42127990722656,104.53617095947266,104.85957336425781,1443958
2019-03-12,84.3569107055664,105.58297729492188,105.5999984741211,104.9446792602539,105.455322265625,1854503
2019-03-13,84.4249038696289,105.66808319091797,105.9148941040039,105.3276596069336,105.67659759521484,1415405
2019-03-14,84.57450103759766,105.85531616210938,106.22978973388672,105.10638427734375,105.83829498291016,1409178
2019-03-15,84.94791412353516,105.514892578125,105.93191528320312,104.68936157226562,105.2170181274414,3064400
2019-03-18,84.5094223022461,104.97021484375,105.7276611328125,104.59574127197266,105.53191375732422,1785060
2019-03-19,83.68722534179688,103.94893646240234,104.85957336425781,103.58297729492188,104.85957336425781,1349958
2019-03-20,83.86534118652344,104.17021179199219,105.0553207397461,103.92340087890625,104.1872329711914,1226113
2019-03-21,84.44088745117188,104.8851089477539,105.0553207397461,103.95744323730469,104.25531768798828,2218048
2019-03-22,85.57144165039062,106.28936004638672,106.97872161865234,105.10638427734375,105.31063842773438,2186088
2019-03-25,85.72217559814453,106.47659301757812,106.74042510986328,105.83829498291016,106.49361419677734,617345
2019-03-26,86.27033233642578,107.1574478149414,107.29361724853516,106.31489562988281,106.52765655517578,728853
2019-03-27,85.77698516845703,106.544677734375,107.19999694824219,106.0255355834961,107.14042663574219,882425
2019-03-28,84.81089782714844,105.34468078613281,107.00425720214844,104.93617248535156,106.6297836303711,762223
2019-03-29,85.46866607666016,106.16170501708984,106.2978744506836,104.8851089477539,105.23403930664062,1118835
2019-04-01,84.82461547851562,105.36170196533203,106.07659912109375,104.56169891357422,105.9744644165039,901108
2019-04-02,84.89311981201172,105.44680786132812,105.58297729492188,104.72340393066406,105.18297576904297,1021898
2019-04-03,84.59847259521484,105.08084869384766,105.5999984741211,104.17872619628906,105.28510284423828,781493
2019-04-04,84.15312194824219,104.52765655517578,105.58297729492188,103.88085174560547,105.58297729492188,910508
2019-04-05,84.94791412353516,105.514892578125,105.56595611572266,104.36595916748047,104.47659301757812,693250
2019-04-08,84.0160903930664,104.3574447631836,105.35318756103516,104.22127532958984,105.23403930664062,721803
2019-04-09,84.43405151367188,104.87659454345703,104.91915130615234,104.22978973388672,104.4000015258789,863743
2019-04-10,84.2833023071289,104.68936157226562,105.89787292480469,104.40850830078125,105.39574432373047,1015905
2019-04-11,84.90682220458984,105.46382904052734,105.53191375732422,104.44255065917969,104.76596069335938,893235
2019-04-12,85.2493896484375,105.88935852050781,106.0,104.42552947998047,105.14893341064453,1114370
2019-04-15,85.27680206298828,105.92340087890625,106.28936004638672,105.56595611572266,106.06808471679688,1185928
2019-04-16,84.1462631225586,104.51914978027344,106.3574447631836,104.11064147949219,105.75318908691406,830490
2019-04-17,84.1462631225586,104.51914978027344,105.00425720214844,104.04255676269531,104.544677734375,1382270
2019-04-18,84.42034149169922,104.85957336425781,105.6425552368164,104.36595916748047,104.49361419677734,1570858
2019-04-22,84.0845947265625,104.44255065917969,105.08936309814453,104.2127685546875,104.89361572265625,1340793
2019-04-23,84.37236785888672,104.80000305175781,105.27659606933594,104.16170501708984,104.53617095947266,1679545
2019-04-24,84.98902130126953,105.56595611572266,105.80425262451172,103.8723373413086,105.09786987304688,1619503
2019-04-25,85.07813262939453,105.67659759521484,106.30638122558594,104.99574279785156,105.12340545654297,1238333
2019-04-26,85.19461059570312,105.82127380371094,106.87659454345703,105.65106201171875,106.14468383789062,898875
2019-04-29,84.7012710571289,105.20851135253906,105.77872467041016,104.74042510986328,105.65106201171875,705000
2019-04-30,86.13328552246094,106.98723602294922,107.02978515625,105.01276397705078,105.4297866821289,941880
2019-05-01,84.96849060058594,105.5404281616211,106.8425521850586,105.52340698242188,106.62127685546875,976895
2019-05-02,85.04385375976562,105.63404083251953,106.1276626586914,104.86808776855469,105.7021255493164,785723
2019-05-03,85.79756164550781,106.5702133178711,106.73191833496094,105.65106201171875,105.86383056640625,658470
2019-05-06,85.70161437988281,106.45106506347656,106.95319366455078,106.0595703125,106.66383361816406,680560
2019-05-07,85.35216522216797,106.01702117919922,106.8851089477539,105.65957641601562,106.41702270507812,722155
2019-05-08,84.29701232910156,104.70638275146484,106.14468383789062,104.43404388427734,105.88935852050781,723448
2019-05-09,84.68757629394531,105.19149017333984,105.35318756103516,104.2978744506836,105.03829956054688,813453
2019-05-10,86.31828308105469,107.2170181274414,107.27659606933594,105.0553207397461,105.23403930664062,782433
2019-05-13,87.2980728149414,108.43404388427734,108.69786834716797,106.98723602294922,106.98723602294922,868090
2019-05-14,86.42105102539062,107.34468078613281,108.4595718383789,107.0553207397461,108.13616943359375,1140220
2019-05-15,86.11270904541016,106.96170043945312,107.65957641601562,106.8425521850586,107.50638580322266,762693
2019-05-16,86.85271453857422,107.88085174560547,108.0851058959961,106.63829803466797,106.87659454345703,563178
2019-05-17,87.32548522949219,108.46808624267578,108.8425521850586,107.26808166503906,107.33616638183594,714048
2019-05-20,87.27752685546875,108.40850830078125,109.17446899414062,107.98297882080078,108.8425521850586,709583
2019-05-21,87.16104125976562,108.26383209228516,109.28510284423828,108.17021179199219,108.4595718383789,634500
2019-05-22,87.90101623535156,109.18297576904297,109.26808166503906,108.11064147949219,108.56169891357422,588793
2019-05-23,88.61360931396484,110.06808471679688,110.0851058959961,109.25106048583984,109.31914520263672,787603
2019-05-24,88.24361419677734,109.60851287841797,110.6297836303711,109.57447052001953,110.13616943359375,580450
2019-05-28,86.23604583740234,107.1148910522461,109.82978820800781,107.03829956054688,109.82978820800781,1345963
2019-05-29,85.46866607666016,106.16170501708984,107.6425552368164,105.79574584960938,107.43830108642578,988175
2019-05-30,85.11237335205078,105.71914672851562,106.66383361816406,105.3276596069336,106.25531768798828,966673
2019-05-31,85.96882629394531,106.7829818725586,107.01276397705078,105.455322265625,105.88085174560547,998985
2019-06-03,86.90753936767578,107.94893646240234,108.0,106.26383209228516,107.14042663574219,1059850
2019-06-04,86.59919738769531,107.56595611572266,107.8127670288086,105.455322265625,107.71063995361328,908863
2019-06-05,88.47657775878906,109.89787292480469,110.38298034667969,107.65957641601562,108.0851058959961,947873
2019-06-06,88.77806091308594,110.2723388671875,110.62127685546875,109.57447052001953,110.11914825439453,808870
2019-06-07,88.09972381591797,109.4297866821289,111.69361877441406,109.27659606933594,110.79148864746094,747418
2019-06-10,87.85991668701172,109.13191223144531,109.50638580322266,108.39148712158203,109.49787139892578,706175
2019-06-11,87.44196319580078,108.61276245117188,109.4297866821289,108.03404235839844,108.93617248535156,709583
2019-06-12,88.49028015136719,109.9148941040039,110.17021179199219,109.07234191894531,109.09786987304688,576455
2019-06-13,88.2984390258789,109.67659759521484,110.33191680908203,109.20851135253906,110.10212707519531,1055385
2019-06-14,89.41316223144531,110.24681091308594,110.544677734375,109.02978515625,109.29361724853516,851758
2019-06-17,89.55120849609375,110.41702270507812,110.86808776855469,109.44680786132812,110.39148712158203,1282395
2019-06-18,89.01973724365234,109.76170349121094,110.90213012695312,109.03829956054688,110.63829803466797,1575088
2019-06-19,90.05509185791016,111.03829956054688,111.41276550292969,109.2170181274414,109.25106048583984,853168
2019-06-20,90.545166015625,111.6425552368164,111.83829498291016,110.57872009277344,111.1574478149414,688315
2019-06-21,90.49681091308594,111.58297729492188,111.88085174560547,110.28085327148438,111.63404083251953,1670498
2019-06-24,90.82814025878906,111.99148559570312,112.06808471679688,111.25106048583984,112.00851440429688,903928
2019-06-25,89.88253021240234,110.82553100585938,112.22978973388672,110.544677734375,112.1872329711914,1023073
2019-06-26,87.98436737060547,108.485107421875,110.91915130615234,108.44255065917969,110.544677734375,786663
2019-06-27,88.04649353027344,108.56169891357422,109.0553207397461,108.0595703125,108.71489715576172,696188
2019-06-28,88.26737976074219,108.83404541015625,109.36170196533203,108.19574737548828,108.34042358398438,1312475
2019-07-01,88.5434799194336,109.17446899414062,109.19999694824219,107.38723754882812,108.89361572265625,1055973
2019-07-02,89.6202392578125,110.50212860107422,110.59574127197266,109.455322265625,109.455322265625,973958
2019-07-03,90.4830093383789,111.56595611572266,111.98297882080078,110.90213012695312,110.91063690185547,537093
2019-07-05,90.3311767578125,111.37872314453125,111.514892578125,109.44680786132812,110.72340393066406,628743
2019-07-08,90.44161987304688,111.514892578125,111.86383056640625,110.72340393066406,111.54893493652344,854930
2019-07-09,90.57275390625,111.67659759521484,111.82127380371094,110.77446746826172,111.39574432373047,1144920
2019-07-10,90.80744171142578,111.96595764160156,112.28936004638672,111.37872314453125,111.8127670288086,756113
2019-07-11,90.84884643554688,112.01702117919922,112.41702270507812,110.96170043945312,111.96595764160156,791715
2019-07-12,90.00675201416016,110.97872161865234,112.23829650878906,110.74042510986328,112.23829650878906,671630
2019-07-15,89.72377014160156,110.6297836303711,111.48936462402344,110.22978973388672,110.83404541015625,1350780
2019-07-16,89.4200668334961,110.25531768798828,110.8851089477539,109.43830108642578,110.28085327148438,859513
2019-07-17,89.78589630126953,110.70638275146484,111.19999694824219,110.45106506347656,110.70638275146484,816273
2019-07-18,90.66938781738281,111.79574584960938,111.82978820800781,109.89787292480469,110.87659454345703,921670
2019-07-19,88.8954849243164,109.60851287841797,111.74468231201172,109.55744934082031,111.58297729492188,778320
2019-07-22,88.77125549316406,109.455322265625,109.90637969970703,108.47659301757812,109.61701965332031,719335
2019-07-23,88.46752166748047,109.08084869384766,109.5404281616211,108.2978744506836,109.41276550292969,1102268
2019-07-24,88.15003204345703,108.68936157226562,109.61701965332031,108.0,109.61701965332031,1219298
2019-07-25,88.39160919189453,108.98723602294922,109.77872467041016,108.28085327148438,108.58723449707031,889710
2019-07-26,89.29585266113281,110.10212707519531,110.15319061279297,108.68936157226562,108.93617248535156,1093690
2019-07-29,89.02661895751953,109.77021026611328,110.63829803466797,108.79148864746094,110.63829803466797,1346315
2019-07-30,88.31568908691406,108.89361572265625,110.38298034667969,108.2978744506836,109.85531616210938,911800
2019-07-31,87.73590087890625,108.17872619628906,109.44680786132812,107.60851287841797,108.85106658935547,1168655
2019-08-01,89.074951171875,109.82978820800781,110.40850830078125,107.62553405761719,108.0851058959961,951280
2019-08-02,88.80577087402344,109.49787139892578,111.02127838134766,109.31063842773438,110.11064147949219,908628
2019-08-05,87.6047592163086,108.01702117919922,110.2723388671875,107.48085021972656,109.40425872802734,1091693
2019-08-06,88.22595977783203,108.7829818725586,109.31914520263672,106.32340240478516,108.0851058959961,1112608
2019-08-07,88.47443389892578,109.08936309814453,109.82127380371094,107.35318756103516,108.79148864746094,974898
2019-08-08,89.24060821533203,110.03404235839844,110.41702270507812,107.73616790771484,109.14893341064453,1119658
2019-08-09,89.29585266113281,110.10212707519531,110.80000305175781,109.79574584960938,110.3574447631836,962560
2019-08-12,88.39852142333984,108.99574279785156,110.28936004638672,108.69786834716797,110.28936004638672,756700
2019-08-13,88.50894927978516,109.13191223144531,109.76170349121094,108.2978744506836,108.57872009277344,1019078
2019-08-14,87.0801773071289,107.3702163696289,109.7872314453125,107.14893341064453,109.63404083251953,1270175
2019-08-15,88.80577087402344,109.49787139892578,109.90637969970703,107.12340545654297,107.12340545654297,991113
2019-08-16,89.24060821533203,110.03404235839844,110.19574737548828,109.23403930664062,109.77872467041016,1082528
2019-08-19,90.27594757080078,111.31063842773438,111.68510437011719,109.69361877441406,110.07659912109375,1691295
2019-08-20,89.43388366699219,110.2723388671875,111.43830108642578,109.92340087890625,111.43830108642578,1389555
2019-08-21,90.08268737792969,111.07234191894531,111.17446899414062,109.79574584960938,110.15319061279297,966085
2019-08-22,89.90322875976562,110.85106658935547,111.63404083251953,110.13616943359375,111.23403930664062,985238
2019-08-23,88.61937713623047,109.26808166503906,111.47234344482422,108.85957336425781,111.1574478149414,1325988
2019-08-26,89.83421325683594,110.76596069335938,110.80000305175781,109.33616638183594,109.92340087890625,1033060
2019-08-27,90.00675201416016,110.97872161865234,112.11064147949219,110.91915130615234,111.39574432373047,1291090
2019-08-28,89.40628051757812,110.23829650878906,111.25957489013672,109.9148941040039,111.18297576904297,814393
2019-08-29,89.71686553955078,110.62127685546875,110.89361572265625,109.88935852050781,110.72340393066406,721098
2019-08-30,89.4959945678711,110.34893798828125,111.14893341064453,110.10212707519531,111.13191223144531,1126238
2019-09-03,91.02832794189453,112.23829650878906,112.25531768798828,110.03404235839844,110.32340240478516,1204610
2019-09-04,91.15257263183594,112.39148712158203,112.76596069335938,111.44680786132812,112.33191680908203,1321875
2019-09-05,89.6685562133789,110.56169891357422,112.04255676269531,110.3574447631836,111.83829498291016,1760150
2019-09-06,88.95760345458984,109.68510437011719,111.0553207397461,108.8851089477539,110.77446746826172,1282160
2019-09-09,88.3294906616211,108.91063690185547,109.68510437011719,108.22127532958984,109.68510437011719,1159255
2019-09-10,88.74364471435547,109.42127990722656,109.84680938720703,108.22978973388672,108.93617248535156,1397428
2019-09-11,89.2129898071289,110.0,110.33191680908203,108.6723403930664,109.1148910522461,933773
2019-09-12,89.19918823242188,109.98297882080078,111.37872314453125,109.16595458984375,110.63829803466797,2904483
2019-09-13,89.30001068115234,109.30213165283203,109.93191528320312,108.26383209228516,108.68936157226562,1057618
2019-09-16,90.42642974853516,110.68085479736328,110.74042510986328,108.64681243896484,109.6425552368164,1395665
2019-09-17,90.89228820800781,111.25106048583984,112.3574447631836,110.65531921386719,110.7574462890625,2311108
2019-09-18,91.52503967285156,112.0255355834961,112.09362030029297,110.73191833496094,111.5999984741211,1017198
2019-09-19,91.6919174194336,112.22978973388672,112.50212860107422,111.68510437011719,112.34042358398438,905808
2019-09-20,91.98393249511719,112.58723449707031,113.00425720214844,111.86383056640625,112.36595916748047,1921478
2019-09-23,91.42769622802734,111.90637969970703,113.01276397705078,111.59149169921875,112.49361419677734,2442943
2019-09-24,92.95043182373047,113.77021026611328,114.0595703125,112.01702117919922,112.28085327148438,1252198
2019-09-25,93.03386688232422,113.8723373413086,114.05106353759766,113.19999694824219,113.59149169921875,1574970
2019-09-26,92.7835693359375,113.56595611572266,114.3574447631836,113.13191223144531,114.14468383789062,1491663
2019-09-27,92.1230239868164,112.7574462890625,113.75318908691406,112.01702117919922,113.57447052001953,880898
2019-09-30,92.44981384277344,113.1574478149414,113.40425872802734,112.57872009277344,112.9446792602539,1098860
2019-10-01,92.6097412109375,113.35318756103516,113.52340698242188,112.73191833496094,112.85957336425781,1072070
2019-10-02,91.23995208740234,111.67659759521484,113.39574432373047,111.30213165283203,113.12340545654297,1354658
2019-10-03,90.8157958984375,111.1574478149414,111.99148559570312,110.64681243896484,111.71914672851562,2034278
2019-10-04,91.94916534423828,112.544677734375,112.74042510986328,110.97021484375,111.29361724853516,1434440
2019-10-07,92.09519958496094,112.72340393066406,113.28510284423828,112.37446594238281,113.19149017333984,1111080
2019-10-08,90.51681518554688,110.79148864746094,112.63829803466797,110.58723449707031,112.33191680908203,1507878
2019-10-09,90.29431915283203,110.51914978027344,111.35318756103516,110.01702117919922,111.08084869384766,1394373
2019-10-10,90.59330749511719,110.8851089477539,110.98723602294922,109.455322265625,110.1872329711914,1303663
2019-10-11,90.31517791748047,110.544677734375,111.26808166503906,109.94893646240234,110.63829803466797,1295203
2019-10-14,89.0775146484375,109.02978515625,110.59574127197266,108.95319366455078,110.59574127197266,753528
2019-10-15,89.71720886230469,109.8127670288086,110.23829650878906,108.9446792602539,109.02978515625,1635013
2019-10-16,89.87713623046875,110.00851440429688,110.13616943359375,109.19999694824219,109.76170349121094,1067605
2019-10-17,90.03009796142578,110.19574737548828,110.42552947998047,109.63404083251953,109.9744644165039,1048218
2019-10-18,88.54209899902344,108.37446594238281,109.08936309814453,106.97872161865234,109.08936309814453,2906715
2019-10-21,89.83539581298828,109.95744323730469,110.0,108.4000015258789,108.7829818725586,1248320
2019-10-22,89.68244934082031,109.77021026611328,110.42552947998047,109.514892578125,110.3574447631836,1171123
2019-10-23,89.9188461303711,110.0595703125,110.28936004638672,109.31914520263672,109.514892578125,1108025
2019-10-24,89.77284240722656,109.88085174560547,110.4000015258789,109.69361877441406,110.14468383789062,962090
2019-10-25,89.14705657958984,109.1148910522461,110.1872329711914,108.41702270507812,110.16170501708984,1773193
2019-10-28,87.38789367675781,106.96170043945312,109.46382904052734,106.8851089477539,108.99574279785156,1625495
2019-10-29,88.02061462402344,107.73616790771484,107.93191528320312,105.02978515625,105.53191375732422,3405503
2019-10-30,88.30569458007812,108.0851058959961,109.71063995361328,107.40425872802734,108.76596069335938,6169690
2019-10-31,88.52820587158203,108.3574447631836,108.70638275146484,107.68510437011719,108.22127532958984,2178333
2019-11-01,88.30569458007812,108.0851058959961,108.87659454345703,107.57447052001953,108.52765655517578,1994210
2019-11-04,86.95679473876953,106.43404388427734,108.51063537597656,106.23829650878906,107.85531616210938,1773663
2019-11-05,86.01810455322266,105.28510284423828,106.49361419677734,105.25106048583984,106.05106353759766,1664505
2019-11-06,86.15020751953125,105.44680786132812,106.2723388671875,105.22553253173828,105.44680786132812,1179700
2019-11-07,84.67613983154297,103.6425552368164,105.28510284423828,102.97872161865234,104.96170043945312,1750045
2019-11-08,83.7791748046875,102.544677734375,104.51063537597656,102.26383209228516,103.33616638183594,1668148
2019-11-11,83.93212890625,102.73191833496094,103.1574478149414,102.39148712158203,102.68936157226562,1267355
2019-11-12,83.83477783203125,102.61276245117188,102.97021484375,102.19574737548828,102.73191833496094,1424100
2019-11-13,85.26020050048828,104.3574447631836,104.69786834716797,102.6723403930664,102.6723403930664,1329630
2019-11-14,86.01810455322266,105.28510284423828,105.48085021972656,104.3574447631836,104.51914978027344,1453005
2019-11-15,86.10847473144531,105.39574432373047,105.455322265625,104.71489715576172,105.18297576904297,1224820
2019-11-18,85.8720703125,105.10638427734375,106.32340240478516,104.85957336425781,105.53191375732422,1747578
2019-11-19,85.96246337890625,105.2170181274414,105.41276550292969,104.0851058959961,104.85106658935547,1311653
2019-11-20,86.28926086425781,105.61701965332031,105.8127670288086,105.00425720214844,105.33616638183594,866680
2019-11-21,85.78168487548828,104.99574279785156,105.75318908691406,104.66383361816406,105.46382904052734,1143745
2019-11-22,85.83037567138672,105.0553207397461,105.6425552368164,104.2723388671875,105.00425720214844,952220
2019-11-25,86.27537536621094,105.5999984741211,105.8127670288086,104.85106658935547,105.35318756103516,2413333
2019-11-26,86.3935546875,105.74468231201172,106.01702117919922,105.23403930664062,105.58297729492188,2105835
2019-11-27,86.89420318603516,106.3574447631836,106.43404388427734,105.34468078613281,105.75318908691406,1040815
2019-11-29,86.87334442138672,106.33191680908203,106.91915130615234,105.86383056640625,106.40850830078125,802760
2019-12-02,85.78864288330078,105.00425720214844,106.30638122558594,104.98723602294922,105.82978820800781,1461700
2019-12-03,86.2267074584961,105.5404281616211,105.7021255493164,104.91063690185547,105.31063842773438,1045280
2019-12-04,87.09584045410156,106.60425567626953,106.86808776855469,105.19999694824219,105.19999694824219,1452653
2019-12-05,87.16536712646484,106.68936157226562,106.9446792602539,106.13616943359375,106.45106506347656,1059263
2019-12-06,87.07498168945312,106.57872009277344,107.1148910522461,106.1872329711914,106.52765655517578,951985
2019-12-09,87.12364959716797,106.63829803466797,106.99574279785156,106.26383209228516,106.62127685546875,1052800
2019-12-10,86.85941314697266,106.31489562988281,106.89361572265625,105.90637969970703,106.2127685546875,951633
2019-12-11,87.15147399902344,106.6723403930664,106.74893951416016,105.89787292480469,106.20425415039062,1087345
2019-12-12,86.86637878417969,106.32340240478516,106.92765808105469,105.84680938720703,106.62127685546875,1102973
2019-12-13,87.52742004394531,106.26383209228516,106.4595718383789,104.79148864746094,105.4297866821289,994403
2019-12-16,89.36405944824219,108.49361419677734,108.544677734375,106.86808776855469,107.2170181274414,1670733
2019-12-17,90.19827270507812,109.50638580322266,110.00851440429688,108.24681091308594,108.24681091308594,2598513
2019-12-18,90.63990020751953,110.04255676269531,110.26383209228516,109.04680633544922,109.77021026611328,1682718
2019-12-19,90.89226531982422,110.34893798828125,110.85106658935547,109.66808319091797,110.1276626586914,1767905
2019-12-20,91.03246307373047,110.51914978027344,111.23403930664062,110.15319061279297,110.91915130615234,4053750
2019-12-23,90.2613525390625,109.58297729492188,110.85106658935547,109.13191223144531,110.68085479736328,1023543
2019-12-24,89.84075164794922,109.07234191894531,109.60851287841797,108.8851089477539,109.5404281616211,399618
2019-12-26,90.1141586303711,109.40425872802734,109.48085021972656,108.82553100585938,109.2170181274414,707703
2019-12-27,90.34548950195312,109.68510437011719,109.71063995361328,109.03829956054688,109.36170196533203,816860
2019-12-30,90.44359588623047,109.80425262451172,109.82127380371094,109.08084869384766,109.48936462402344,1603170
2019-12-31,91.03945922851562,110.52765655517578,110.60425567626953,109.88935852050781,110.01702117919922,984415
2020-01-02,90.21930694580078,109.53191375732422,110.63829803466797,108.72340393066406,110.63829803466797,1096980
2020-01-03,90.43659210205078,109.79574584960938,110.34893798828125,109.27659606933594,109.29361724853516,1367583
2020-01-06,90.41558837890625,109.77021026611328,110.15319061279297,109.03829956054688,109.75318908691406,1122713
2020-01-07,90.1141586303711,109.40425872802734,109.86383056640625,108.61276245117188,109.86383056640625,862215
2020-01-08,90.06507873535156,109.34468078613281,109.77872467041016,109.1148910522461,109.60851287841797,841418
2020-01-09,90.19125366210938,109.49787139892578,109.82978820800781,109.2170181274414,109.2170181274414,948813
2020-01-10,90.38753509521484,109.73616790771484,110.16170501708984,109.58297729492188,109.7872314453125,1426920
2020-01-13,90.84318542480469,110.28936004638672,110.73191833496094,109.93191528320312,109.99148559570312,1187690
2020-01-14,91.31285095214844,110.85957336425781,110.87659454345703,109.62553405761719,110.34042358398438,1386383
2020-01-15,92.52559661865234,112.33191680908203,112.58723449707031,111.19149017333984,111.25106048583984,1066783
2020-01-16,93.17753601074219,113.12340545654297,113.18297576904297,112.40850830078125,112.53617095947266,754115
2020-01-17,93.8154525756836,113.89787292480469,114.01702117919922,112.81702423095703,113.19149017333984,1193095
2020-01-21,93.88557434082031,113.98297882080078,114.41702270507812,113.23403930664062,113.98297882080078,1508818
2020-01-22,92.96723937988281,112.86808776855469,114.65531921386719,112.83404541015625,114.0851058959961,1670615
2020-01-23,93.86453247070312,113.95744323730469,114.14468383789062,112.63829803466797,112.8425521850586,1312945
2020-01-24,93.06539154052734,112.98723602294922,114.30638122558594,112.52765655517578,113.79574584960938,1467458
2020-01-27,92.73588562011719,112.58723449707031,113.74468231201172,112.10212707519531,113.12340545654297,1102268
2020-01-28,92.85508728027344,112.73191833496094,113.68510437011719,112.46808624267578,112.62127685546875,955040
2020-01-29,92.49757385253906,112.2978744506836,113.08084869384766,112.28936004638672,112.73191833496094,1209663
2020-01-30,93.33875274658203,113.31914520263672,113.43830108642578,111.83829498291016,112.31489562988281,1714325
2020-01-31,92.96022033691406,112.85957336425781,113.68510437011719,112.42552947998047,113.25957489013672,1450655
2020-02-03,93.7804183959961,113.85531616210938,113.8723373413086,112.93617248535156,113.14042663574219,1130703
2020-02-04,93.30371856689453,113.27659606933594,114.30638122558594,113.27659606933594,113.7276611328125,1651815
2020-02-05,94.25008392333984,114.42552947998047,114.73191833496094,113.18297576904297,114.04255676269531,1775073
2020-02-06,94.08184051513672,114.22127532958984,115.3276596069336,113.98297882080078,114.81702423095703,1455473
2020-02-07,93.66122436523438,113.71063995361328,114.73191833496094,113.63404083251953,114.4595718383789,998868
2020-02-10,93.55606842041016,113.58297729492188,113.88085174560547,113.12340545654297,113.8127670288086,946815
2020-02-11,93.94863891601562,114.0595703125,114.2723388671875,113.4297866821289,113.77872467041016,962325
2020-02-12,93.75936889648438,113.82978820800781,114.39148712158203,113.53191375732422,113.88085174560547,1008268
2020-02-13,93.6191635131836,113.65957641601562,114.13616943359375,113.25106048583984,113.76170349121094,2036628
2020-02-14,93.94863891601562,114.0595703125,114.4595718383789,113.49787139892578,113.85531616210938,1909375
2020-02-18,94.3902587890625,114.59574127197266,115.19149017333984,114.28085327148438,114.50212860107422,1491428
2020-02-19,93.98368835449219,114.10212707519531,114.83404541015625,114.0595703125,114.28085327148438,1106145
2020-02-20,93.89956665039062,114.0,114.26383209228516,113.12340545654297,114.0595703125,1312475
2020-02-21,94.60757446289062,114.85957336425781,115.46382904052734,113.90637969970703,114.03404235839844,2015713
2020-02-24,93.1354751586914,113.07234191894531,115.455322265625,113.00425720214844,114.57872009277344,2446115
2020-02-25,89.81270599365234,109.03829956054688,113.42127990722656,109.00425720214844,113.04680633544922,1697288
2020-02-26,87.43630981445312,106.15319061279297,109.82127380371094,106.11064147949219,109.25106048583984,1762383
2020-02-27,82.7255630493164,100.43404388427734,105.85531616210938,100.36595916748047,105.54893493652344,2641165
2020-02-28,78.28117370605469,95.03829956054688,98.98723602294922,93.7872314453125,98.98723602294922,3416665
2020-03-02,81.76517486572266,99.26808166503906,99.455322265625,94.80850982666016,96.22978973388672,2957475
2020-03-03,79.22755432128906,96.1872329711914,101.69361877441406,95.3702163696289,99.28510284423828,3583045
2020-03-04,83.63687133789062,101.5404281616211,101.57447052001953,97.06382751464844,97.35318756103516,2159533
2020-03-05,81.49879455566406,98.9446792602539,100.24681091308594,97.61701965332031,99.83829498291016,2352938
2020-03-06,81.40066528320312,98.82553100585938,99.25106048583984,94.10212707519531,96.0851058959961,3146768
2020-03-09,71.8740005493164,87.25957489013672,93.19149017333984,86.53617095947266,93.19149017333984,3610070
2020-03-10,75.71549224853516,91.92340087890625,92.03404235839844,85.83829498291016,88.9446792602539,3848360
2020-03-11,72.9815902709961,88.60425567626953,90.77446746826172,87.31914520263672,90.2127685546875,3608073
2020-03-12,63.91761016845703,77.5999984741211,84.41702270507812,74.42552947998047,81.67659759521484,3086255
2020-03-13,68.36441040039062,82.07659912109375,82.07659912109375,76.23829650878906,80.99574279785156,2630355
2020-03-16,58.85832595825195,70.66383361816406,77.96595764160156,68.01702117919922,68.93617248535156,3268968
2020-03-17,62.65083312988281,75.2170181274414,76.26383209228516,70.85957336425781,72.485107421875,3545445
2020-03-18,54.583770751953125,65.53191375732422,71.35318756103516,60.60425567626953,71.35318756103516,3137133
2020-03-19,60.54546356201172,72.68936157226562,73.40425872802734,62.825531005859375,65.44680786132812,3431470
2020-03-20,58.83705139160156,70.63829803466797,74.61276245117188,69.09786987304688,73.71063995361328,5330858
2020-03-23,54.4490966796875,65.3702163696289,72.14468383789062,63.463829040527344,69.2425537109375,2576540
2020-03-24,61.33232116699219,73.63404083251953,74.1872329711914,67.35318756103516,68.51914978027344,2500753
2020-03-25,65.5572509765625,78.70638275146484,82.30638122558594,71.48936462402344,73.09786987304688,2665135
2020-03-26,69.45609283447266,83.38723754882812,84.32340240478516,77.48936462402344,78.03404235839844,1888225
2020-03-27,69.1370849609375,83.00425720214844,85.57447052001953,77.68510437011719,80.65531921386719,2002318
2020-03-30,70.48397064208984,84.62127685546875,85.3276596069336,81.7021255493164,83.75318908691406,1739118
2020-03-31,67.3223648071289,80.82553100585938,84.45106506347656,80.77446746826172,83.52340698242188,2252123
2020-04-01,62.43816375732422,74.96170043945312,78.31489562988281,72.79148864746094,78.31489562988281,2520728
2020-04-02,63.21083450317383,75.88935852050781,78.28085327148438,73.82978820800781,74.10212707519531,1922653
2020-04-03,61.764732360839844,74.15319061279297,76.0595703125,73.41276550292969,74.74042510986328,2133330
2020-04-06,68.08085632324219,81.73616790771484,82.66383361816406,77.38723754882812,77.83829498291016,1296143
2020-04-07,69.08036804199219,82.93617248535156,86.37446594238281,82.8425521850586,84.91915130615234,1509993
2020-04-08,73.610107421875,88.37446594238281,89.1148910522461,82.66383361816406,83.28510284423828,1594593
2020-04-09,78.86290740966797,94.68085479736328,96.42552947998047,89.31063842773438,89.31063842773438,2861243
2020-04-13,77.01272583007812,92.4595718383789,93.88085174560547,91.23403930664062,93.5999984741211,1351133
2020-04-14,76.80007934570312,92.20425415039062,94.66383361816406,90.87659454345703,94.00851440429688,1338443
2020-04-15,74.29063415527344,89.19149017333984,89.9404296875,87.38723754882812,89.56595611572266,1420458
2020-04-16,72.0009536743164,86.44255065917969,91.3702163696289,86.39148712158203,89.99148559570312,1487080
2020-04-17,75.03496551513672,90.0851058959961,90.76596069335938,87.03829956054688,88.41702270507812,1394255
2020-04-20,71.42676544189453,85.75318908691406,88.58723449707031,84.72340393066406,87.82978820800781,1278988
2020-04-21,70.27837371826172,84.37446594238281,85.34468078613281,83.5404281616211,83.84680938720703,1472980
2020-04-22,72.56097412109375,87.1148910522461,87.80425262451172,84.82553100585938,86.2127685546875,1146095
2020-04-23,71.60398864746094,85.96595764160156,88.70638275146484,85.77872467041016,87.19149017333984,1271468
2020-04-24,73.02884674072266,87.67659759521484,88.11914825439453,85.7872314453125,86.85106658935547,1100858
2020-04-27,72.7878189086914,87.38723754882812,88.98723602294922,86.91063690185547,88.7829818725586,1068075
2020-04-28,75.36814880371094,90.485107421875,90.82553100585938,87.39574432373047,90.00851440429688,1776953
2020-04-29,76.05575561523438,91.31063842773438,93.66808319091797,90.83404541015625,92.26383209228516,1603405
2020-04-30,73.53924560546875,88.28936004638672,90.46808624267578,87.74468231201172,90.28085327148438,1431973
2020-05-01,71.37006378173828,85.68510437011719,87.03829956054688,84.95319366455078,87.03829956054688,1237040
2020-05-04,71.47637939453125,85.8127670288086,85.90637969970703,83.7021255493164,85.28510284423828,1094748
2020-05-05,72.5964126586914,87.1574478149414,87.9744644165039,85.96595764160156,86.4595718383789,1594123
2020-05-06,71.24954986572266,85.5404281616211,87.4297866821289,84.8425521850586,87.2170181274414,2034513
2020-05-07,69.98066711425781,84.01702117919922,87.61701965332031,83.8127670288086,86.5702133178711,1575205
2020-05-08,71.78120422363281,86.17872619628906,86.544677734375,84.80850982666016,85.10638427734375,1196855
2020-05-11,69.98774719238281,84.0255355834961,85.58297729492188,82.91915130615234,85.58297729492188,1230695
2020-05-12,70.36343383789062,84.47659301757812,84.8425521850586,83.2170181274414,84.25531768798828,1657455
2020-05-13,68.02413940429688,81.66808319091797,83.85531616210938,80.85106658935547,83.85531616210938,2198190
2020-05-14,69.47027587890625,83.40425872802734,83.48085021972656,78.6297836303711,80.59574127197266,1764380
2020-05-15,69.00949096679688,82.85106658935547,82.90213012695312,80.93617248535156,82.66383361816406,3243940
2020-05-18,73.18479919433594,87.86383056640625,88.68085479736328,85.65106201171875,86.16170501708984,1606343
2020-05-19,72.9154281616211,87.5404281616211,88.6297836303711,86.69786834716797,87.25957489013672,1650405
2020-05-20,73.19188690185547,87.8723373413086,89.2425537109375,87.39574432373047,88.71489715576172,1645118
2020-05-21,71.625244140625,85.99148559570312,88.15319061279297,85.80425262451172,87.39574432373047,1406123
2020-05-22,72.39083862304688,86.91063690185547,86.96170043945312,85.84680938720703,86.00851440429688,944465
2020-05-26,74.68051147460938,89.65957641601562,90.86808776855469,88.80850982666016,89.27659606933594,1269235
2020-05-27,75.4957504272461,90.63829803466797,92.28085327148438,89.18297576904297,91.85531616210938,1461700
2020-05-28,76.38893127441406,91.71063995361328,92.53617095947266,91.35318756103516,92.2978744506836,1283805
2020-05-29,76.2542495727539,91.54893493652344,92.46808624267578,89.71063995361328,90.91915130615234,2673360
2020-06-01,76.85677337646484,92.2723388671875,93.22553253173828,91.31914520263672,91.55744934082031,1075713
2020-06-02,78.26746368408203,93.96595764160156,94.44255065917969,92.47659301757812,92.9446792602539,1334683
2020-06-03,80.13182067871094,96.20425415039062,96.81702423095703,94.71489715576172,94.9446792602539,921200
2020-06-04,78.7778549194336,94.57872009277344,95.71914672851562,93.03829956054688,95.59149169921875,1118953
2020-06-05,81.4290542602539,97.76170349121094,99.92340087890625,97.6425552368164,98.07659912109375,1321523
2020-06-08,83.2296142578125,99.92340087890625,100.34893798828125,98.01702117919922,98.01702117919922,1433265
2020-06-09,81.52120971679688,97.8723373413086,98.6723403930664,96.17021179199219,98.6723403930664,1621853
2020-06-10,80.06092834472656,96.11914825439453,97.67659759521484,95.52340698242188,97.08936309814453,1618563
2020-06-11,74.43241882324219,89.36170196533203,93.19149017333984,88.51914978027344,92.52765655517578,1709273
2020-06-12,75.2076187133789,89.42127990722656,91.43830108642578,87.77021026611328,91.08084869384766,1257133
2020-06-15,75.88760375976562,90.22978973388672,90.85957336425781,86.97021484375,87.57447052001953,1404125
2020-06-16,77.2905502319336,91.89787292480469,94.34893798828125,91.34468078613281,92.9446792602539,1217183
2020-06-17,76.71792602539062,91.2170181274414,92.68085479736328,90.61276245117188,92.26383209228516,892413
2020-06-18,77.11161041259766,91.68510437011719,91.7276611328125,90.04255676269531,90.42552947998047,902400
2020-06-19,74.26993560791016,88.30638122558594,93.77021026611328,88.0851058959961,93.77021026611328,3769753
2020-06-22,76.41015625,90.85106658935547,91.36170196533203,87.46382904052734,88.11914825439453,1539838
2020-06-23,76.7751693725586,91.28510284423828,91.90637969970703,90.17872619628906,91.77872467041016,2155538
2020-06-24,75.35077667236328,89.59149169921875,90.15319061279297,87.52340698242188,90.06808471679688,2036980
2020-06-25,75.10025787353516,89.29361724853516,89.42127990722656,88.06808471679688,89.19149017333984,1363823
2020-06-26,74.52762603759766,88.61276245117188,89.94893646240234,87.95744323730469,89.18297576904297,2818120
2020-06-29,76.27413940429688,90.68936157226562,90.69786834716797,88.24681091308594,89.36170196533203,963383
2020-06-30,76.94696807861328,91.48936462402344,91.90637969970703,89.86383056640625,90.2723388671875,2691808
2020-07-01,78.73643493652344,93.61701965332031,94.2723388671875,91.19149017333984,91.46382904052734,1169830
2020-07-02,78.7149658203125,93.59149169921875,95.02978515625,92.99574279785156,94.46808624267578,983828
2020-07-06,77.61266326904297,92.28085327148438,95.19149017333984,91.8723373413086,94.39148712158203,1219650
2020-07-07,76.65351104736328,91.14042663574219,91.50638580322266,90.03404235839844,91.02127838134766,1630900
2020-07-08,77.23328399658203,91.82978820800781,92.32340240478516,90.74893951416016,91.10638427734375,1355598
2020-07-09,76.35287475585938,90.7829818725586,91.56595611572266,88.68085479736328,91.42127990722656,1141513
2020-07-10,76.9541244506836,91.49787139892578,91.89787292480469,90.26383209228516,90.46808624267578,1061260
2020-07-13,77.669921875,92.34893798828125,92.80850982666016,91.09786987304688,91.49787139892578,1332803
2020-07-14,77.86317443847656,92.57872009277344,93.31063842773438,91.58297729492188,92.45106506347656,1080530
2020-07-15,78.1637954711914,92.93617248535156,94.68085479736328,92.77446746826172,93.80425262451172,1420105
2020-07-16,78.5217056274414,93.36170196533203,93.61701965332031,92.52765655517578,92.7574462890625,1826538
2020-07-17,79.8172836303711,94.90213012695312,95.60851287841797,93.68510437011719,93.68510437011719,1395313
2020-07-20,78.17095947265625,92.9446792602539,94.62127685546875,92.61276245117188,94.62127685546875,1219768
2020-07-21,79.53094482421875,94.56169891357422,94.7574462890625,92.37446594238281,92.37446594238281,1895745
2020-07-22,81.92169952392578,97.40425872802734,98.0255355834961,93.54893493652344,94.2723388671875,1276873
2020-07-23,82.27957916259766,97.82978820800781,97.93191528320312,96.89361572265625,97.19999694824219,1562045
2020-07-24,82.007568359375,97.50638580322266,98.74042510986328,97.25106048583984,98.2127685546875,1786588
2020-07-27,81.60674285888672,97.02978515625,97.82127380371094,96.40850830078125,97.33616638183594,1214363
2020-07-28,82.05052185058594,97.55744934082031,99.13191223144531,94.47659301757812,95.43830108642578,2072583
2020-07-29,82.47285461425781,98.0595703125,98.26383209228516,96.56169891357422,97.84680938720703,1301195
2020-07-30,82.10064697265625,97.61701965332031,97.86383056640625,96.51063537597656,97.02978515625,1085700
2020-07-31,82.76631927490234,98.40850830078125,98.62127685546875,96.68085479736328,97.4297866821289,1212953
2020-08-03,81.50653076171875,96.91063690185547,98.5702133178711,96.74893951416016,98.13616943359375,965263
2020-08-04,82.77347564697266,98.41702270507812,98.7829818725586,96.44255065917969,96.74893951416016,1202848
2020-08-05,82.67326354980469,98.2978744506836,99.13191223144531,98.05106353759766,98.87659454345703,1284158
2020-08-06,83.70399475097656,99.52340698242188,99.92340087890625,97.73616790771484,98.17872619628906,980303
2020-08-07,85.07832336425781,101.1574478149414,101.67659759521484,98.63829803466797,98.63829803466797,1294615
2020-08-10,86.05891418457031,102.32340240478516,103.02978515625,101.31914520263672,101.61701965332031,1043518
2020-08-11,84.0261001586914,99.90637969970703,103.37872314453125,99.80425262451172,102.92765808105469,881015
2020-08-12,85.04251861572266,101.1148910522461,101.69361877441406,100.22127532958984,100.61276245117188,722860
2020-08-13,84.57726287841797,100.56169891357422,101.23403930664062,99.8723373413086,100.485107421875,649188
2020-08-14,84.2551498413086,100.17872619628906,101.3276596069336,99.44680786132812,100.544677734375,543438
2020-08-17,83.77556610107422,99.60851287841797,100.73191833496094,99.36170196533203,100.17872619628906,1349488
2020-08-18,83.41053009033203,99.17446899414062,100.15319061279297,98.82553100585938,99.57447052001953,957978
2020-08-19,83.76124572753906,99.59149169921875,99.93191528320312,98.61276245117188,99.7872314453125,844943
2020-08-20,82.64464569091797,98.26383209228516,99.42127990722656,98.0255355834961,99.01276397705078,914033
2020-08-21,82.90946960449219,98.57872009277344,98.81702423095703,97.71914672851562,98.64681243896484,1386148
2020-08-24,84.44125366210938,100.4000015258789,100.55319213867188,98.36595916748047,98.82553100585938,845648
2020-08-25,83.7469482421875,99.57447052001953,100.63829803466797,99.00425720214844,100.63829803466797,662700
2020-08-26,82.84503173828125,98.50212860107422,99.50638580322266,98.03404235839844,99.00425720214844,1072423
2020-08-27,83.76124572753906,99.59149169921875,100.2723388671875,98.95319366455078,99.26808166503906,993698
2020-08-28,84.3625259399414,100.30638122558594,100.62127685546875,99.08084869384766,99.92340087890625,652478
2020-08-31,84.94229888916016,100.99574279785156,101.34468078613281,100.28936004638672,100.42552947998047,1179935
2020-09-01,84.31241607666016,100.24681091308594,100.93617248535156,99.52340698242188,100.46808624267578,1063375
2020-09-02,86.22356414794922,102.51914978027344,103.02978515625,99.82978820800781,100.24681091308594,1259013
2020-09-03,85.26441192626953,101.37872314453125,103.74468231201172,100.52765655517578,102.98723602294922,1119775
2020-09-04,85.04251861572266,101.1148910522461,102.19574737548828,99.83829498291016,101.77872467041016,942938
2020-09-08,84.51998138427734,100.49361419677734,101.90637969970703,99.31063842773438,101.46382904052734,1293910
2020-09-09,85.68673706054688,101.88085174560547,103.34468078613281,100.95319366455078,101.36170196533203,838363
2020-09-10,84.40546417236328,100.3574447631836,102.06808471679688,100.25531768798828,101.49787139892578,844473
2020-09-11,84.7776870727539,100.80000305175781,101.12340545654297,99.8723373413086,100.58723449707031,724035
2020-09-14,86.16632080078125,102.45106506347656,103.19999694824219,101.00425720214844,101.27659606933594,729675
2020-09-15,84.86357116699219,100.90213012695312,103.36170196533203,100.23829650878906,102.64681243896484,1671908
2020-09-16,85.20714569091797,101.31063842773438,102.82553100585938,100.42552947998047,100.9446792602539,3193180
2020-09-17,83.64673614501953,99.455322265625,101.16595458984375,98.59574127197266,100.97872161865234,1463815
2020-09-18,80.89067840576172,95.34468078613281,98.42552947998047,95.14042663574219,97.71914672851562,2349883
2020-09-21,80.36358642578125,94.72340393066406,95.35318756103516,93.31914520263672,94.00851440429688,1214010
2020-09-22,80.8762435913086,95.3276596069336,96.11064147949219,94.6723403930664,94.87659454345703,1025893
2020-09-23,80.79681396484375,95.23403930664062,95.88085174560547,94.90213012695312,95.68510437011719,1365350
2020-09-24,81.58385467529297,96.16170501708984,97.59149169921875,94.1872329711914,95.29361724853516,790188
2020-09-25,82.8329849243164,97.63404083251953,97.83829498291016,95.14042663574219,95.36170196533203,841770
2020-09-28,82.89796447753906,97.71063995361328,98.544677734375,97.3276596069336,98.34893798828125,1028243
2020-09-29,82.60193634033203,97.36170196533203,98.43404388427734,96.76596069335938,97.94893646240234,986178
2020-09-30,83.06404113769531,97.90637969970703,98.8851089477539,97.26808166503906,97.9404296875,982653
2020-10-01,81.90876770019531,96.544677734375,98.4000015258789,95.77872467041016,97.73616790771484,1460173
2020-10-02,82.42864227294922,97.1574478149414,97.75318908691406,94.92765808105469,95.7021255493164,2347298
2020-10-05,82.68135833740234,97.455322265625,98.0851058959961,96.58723449707031,97.4297866821289,1043518
2020-10-06,83.32396697998047,98.2127685546875,100.11064147949219,97.40425872802734,97.77872467041016,1201320
2020-10-07,82.68135833740234,97.455322265625,99.26808166503906,96.90213012695312,98.80850982666016,1790465
2020-10-08,87.99561309814453,103.71914672851562,104.62127685546875,100.99574279785156,101.26808166503906,3241355
2020-10-09,86.85476684570312,102.37446594238281,104.28085327148438,101.76170349121094,104.20425415039062,994520
2020-10-12,87.20856475830078,102.79148864746094,103.02978515625,101.77872467041016,102.31489562988281,719805
2020-10-13,85.97388458251953,101.33616638183594,102.72340393066406,100.63829803466797,102.0,1200850
2020-10-14,86.21216583251953,101.61701965332031,102.50212860107422,100.38298034667969,101.85531616210938,1092515
2020-10-15,85.157958984375,100.37446594238281,101.08936309814453,100.0,100.33191680908203,1720788
2020-10-16,86.13996124267578,101.53191375732422,102.22978973388672,100.13616943359375,100.4595718383789,1972355
2020-10-19,85.32404327392578,100.5702133178711,101.94893646240234,100.20425415039062,101.3702163696289,1884230
2020-10-20,87.61292266845703,103.26808166503906,104.07659912109375,101.82127380371094,101.82127380371094,1271585
2020-10-21,87.69955444335938,103.3702163696289,104.89361572265625,102.74893951416016,103.00425720214844,1253725
2020-10-22,88.83319091796875,104.70638275146484,104.8851089477539,102.47659301757812,102.97021484375,811808
2020-10-23,90.36390686035156,106.51063537597656,106.90213012695312,105.31914520263672,105.92340087890625,1131055
2020-10-26,89.70685577392578,105.73616790771484,106.5702133178711,104.5702133178711,105.42127990722656,1405300
2020-10-27,91.82244873046875,108.22978973388672,111.39574432373047,106.42552947998047,106.85957336425781,2763835
2020-10-28,88.1977767944336,103.95744323730469,107.58297729492188,103.75318908691406,105.65106201171875,2204888
2020-10-29,89.15087127685547,105.08084869384766,106.68085479736328,102.26383209228516,103.5404281616211,1064550
2020-10-30,89.11477661132812,105.03829956054688,105.13191223144531,102.90213012695312,104.46808624267578,1293088
2020-11-02,90.76104736328125,106.97872161865234,107.23403930664062,104.83404541015625,106.2723388671875,1054563
2020-11-03,91.30979919433594,107.62553405761719,109.04680633544922,106.79148864746094,108.44255065917969,921435
2020-11-04,90.37836456298828,106.52765655517578,109.84680938720703,106.0,107.29361724853516,1092280
2020-11-05,90.34947967529297,106.49361419677734,109.38723754882812,106.41702270507812,107.44680786132812,846705
2020-11-06,89.43247985839844,105.41276550292969,106.77446746826172,104.52765655517578,106.57872009277344,1455473
2020-11-09,93.0066146850586,109.62553405761719,111.9148941040039,108.90213012695312,109.09786987304688,1445838
2020-11-10,95.30992126464844,112.34042358398438,112.86808776855469,109.74468231201172,109.9148941040039,1294145
2020-11-11,93.90914154052734,110.68936157226562,112.85106658935547,110.32340240478516,112.85106658935547,1775778
2020-11-12,92.78277587890625,109.36170196533203,110.4595718383789,107.18297576904297,110.4595718383789,2046615
2020-11-13,94.37124633789062,111.23403930664062,111.88085174560547,109.7021255493164,109.86383056640625,1396018
2020-11-16,97.62046813964844,115.06382751464844,115.13191223144531,112.9446792602539,113.19149017333984,2291368
2020-11-17,95.91643524169922,113.0553207397461,115.40425872802734,112.99574279785156,113.96595764160156,1564983
2020-11-18,94.01022338867188,110.80850982666016,113.47234344482422,110.7574462890625,113.47234344482422,1325870
2020-11-19,93.6203384399414,110.34893798828125,111.5404281616211,109.10638427734375,111.06382751464844,2477605
2020-11-20,93.7647476196289,110.51914978027344,111.20851135253906,110.07659912109375,110.77446746826172,2067883
2020-11-23,94.16187286376953,110.98723602294922,111.47234344482422,110.51914978027344,110.82553100585938,1503295
2020-11-24,95.10052490234375,112.09362030029297,112.2723388671875,111.36170196533203,112.03404235839844,1684010
2020-11-25,95.48319244384766,112.544677734375,112.6297836303711,110.5702133178711,111.84680938720703,1632428
2020-11-27,92.80441284179688,109.38723754882812,112.72340393066406,109.17446899414062,112.64681243896484,619108
2020-11-30,90.8404541015625,107.07234191894531,109.90637969970703,106.74893951416016,109.44680786132812,2785338
2020-12-01,91.15096282958984,107.43830108642578,109.09786987304688,107.39574432373047,108.0851058959961,1370285
2020-12-02,92.96329498291016,109.57447052001953,109.65957641601562,105.74468231201172,107.07234191894531,1902560
2020-12-03,91.57695770263672,107.9404296875,109.47234344482422,107.42127990722656,108.90213012695312,1336680
2020-12-04,90.92710876464844,107.17446899414062,108.55319213867188,106.43404388427734,107.75318908691406,788895
2020-12-07,90.14730072021484,106.25531768798828,107.73616790771484,105.96595764160156,106.65531921386719,981360
2020-12-08,89.98846435546875,106.06808471679688,106.30638122558594,104.79148864746094,105.7276611328125,881015
2020-12-09,90.24116516113281,106.36595916748047,106.80000305175781,105.85531616210938,106.17021179199219,940705
2020-12-10,89.69241333007812,105.71914672851562,106.66383361816406,104.96170043945312,106.30638122558594,1006858
2020-12-11,90.30615234375,106.44255065917969,106.70638275146484,105.1148910522461,105.1148910522461,1308598
2020-12-14,89.1869888305664,105.12340545654297,107.90637969970703,104.86808776855469,107.17446899414062,1129645
2020-12-15,90.1112060546875,106.2127685546875,106.45106506347656,104.68085479736328,105.20851135253906,1222470
2020-12-16,89.2086410522461,105.14893341064453,106.71489715576172,104.91915130615234,106.60425567626953,1219650
2020-12-17,89.2086410522461,105.14893341064453,106.37446594238281,104.97021484375,105.84680938720703,1029770
2020-12-18,88.65137481689453,103.57447052001953,105.31914520263672,102.7574462890625,105.12340545654297,3002830
2020-12-21,86.20382690429688,100.71489715576172,102.72340393066406,99.455322265625,102.37446594238281,1550295
2020-12-22,86.62632751464844,101.20851135253906,101.4297866821289,100.17021179199219,100.66383361816406,1085465
2020-12-23,86.37864685058594,100.91915130615234,102.97872161865234,100.8851089477539,102.01702117919922,834955
2020-12-24,87.20906066894531,101.88935852050781,102.06808471679688,100.51914978027344,100.92765808105469,415010
2020-12-28,86.85212707519531,101.47234344482422,102.90213012695312,101.10638427734375,102.68085479736328,698185
2020-12-29,86.85942077636719,101.48085021972656,102.36595916748047,101.2170181274414,101.77021026611328,619578
2020-12-30,87.16536712646484,101.83829498291016,102.17021179199219,101.04680633544922,101.04680633544922,519703
2020-12-31,88.44014739990234,103.3276596069336,103.4297866821289,101.46382904052734,101.89787292480469,650245
2021-01-04,86.96868133544922,101.60851287841797,103.76170349121094,101.19999694824219,103.58297729492188,986765
2021-01-05,87.10707092285156,101.77021026611328,102.51914978027344,100.71489715576172,101.98297882080078,958918
2021-01-06,88.66594696044922,103.59149169921875,104.0,102.38298034667969,102.99574279785156,752588
2021-01-07,86.50975799560547,101.07234191894531,103.95744323730469,100.97021484375,103.75318908691406,1268530
2021-01-08,86.09454345703125,100.58723449707031,101.48085021972656,99.63404083251953,101.08936309814453,1011558
2021-01-11,85.94157409667969,100.40850830078125,101.2170181274414,99.65106201171875,100.43404388427734,853050
2021-01-12,86.87397003173828,101.49787139892578,102.00851440429688,98.70638275146484,99.82978820800781,1453005
2021-01-13,88.7460708618164,103.68510437011719,103.90637969970703,101.26808166503906,101.5999984741211,1196150
2021-01-14,88.65137481689453,103.57447052001953,104.46808624267578,103.2170181274414,103.73616790771484,1109200
2021-01-15,89.97716522216797,105.12340545654297,105.40425872802734,103.19149017333984,103.98297882080078,1962485
2021-01-19,88.0540771484375,102.87659454345703,106.0255355834961,102.69786834716797,106.0255355834961,1016845
2021-01-20,89.05200958251953,104.04255676269531,104.20425415039062,102.22978973388672,102.40850830078125,1207078
2021-01-21,89.25599670410156,104.28085327148438,104.55319213867188,103.44680786132812,103.84680938720703,935183
2021-01-22,88.80435180664062,103.75318908691406,104.04255676269531,101.9744644165039,103.76170349121094,1133053
2021-01-25,89.92616271972656,105.06382751464844,105.71914672851562,102.7829818725586,102.7829818725586,791950
2021-01-26,89.44538879394531,104.50212860107422,105.44680786132812,104.04255676269531,105.35318756103516,1147270
2021-01-27,87.93021392822266,102.73191833496094,104.52765655517578,102.47659301757812,103.26808166503906,1513165
2021-01-28,88.21430206298828,103.06382751464844,104.71489715576172,102.74042510986328,102.8425521850586,787133
2021-01-29,86.48062133789062,101.03829956054688,103.00425720214844,100.63829803466797,102.60425567626953,1156435
2021-02-01,87.09251403808594,101.75318908691406,102.31489562988281,100.24681091308594,101.1574478149414,824028
2021-02-02,87.20906066894531,101.88935852050781,103.71063995361328,101.7276611328125,102.19574737548828,683615
2021-02-03,86.26209259033203,100.7829818725586,101.9404296875,100.34893798828125,101.5404281616211,901108
2021-02-04,87.19450378417969,101.8723373413086,102.17021179199219,100.60425567626953,100.7829818725586,976190
2021-02-05,88.66594696044922,103.59149169921875,104.31489562988281,102.0,102.72340393066406,1241623
2021-02-08,88.14147186279297,102.97872161865234,104.17021179199219,102.2723388671875,103.77021026611328,971138
2021-02-09,88.38185119628906,103.25957489013672,103.41276550292969,102.47659301757812,103.03829956054688,530278
2021-02-10,88.98646545410156,103.96595764160156,104.40850830078125,103.13191223144531,103.94893646240234,570463
2021-02-11,88.86262512207031,103.82127380371094,104.37446594238281,103.48936462402344,103.61701965332031,1166305
2021-02-12,88.09774780273438,102.92765808105469,103.99148559570312,102.5702133178711,103.62553405761719,873730
2021-02-16,87.85009002685547,102.63829803466797,103.19149017333984,102.00851440429688,102.83404541015625,1109553
2021-02-17,87.52230072021484,102.25531768798828,103.08084869384766,101.65957641601562,103.08084869384766,1368053
2021-02-18,87.41304016113281,102.1276626586914,102.80000305175781,102.0,102.63829803466797,1570270
2021-02-19,87.54415893554688,102.28085327148438,103.73616790771484,102.28085327148438,102.7829818725586,1699990
2021-02-22,88.97918701171875,103.95744323730469,104.11064147949219,101.68510437011719,102.10212707519531,1494130
2021-02-23,91.5068588256836,106.91063690185547,107.7872314453125,104.51914978027344,104.544677734375,2550103
2021-02-24,90.25395965576172,105.44680786132812,107.8723373413086,105.38723754882812,106.93617248535156,1791875
2021-02-25,88.31629943847656,103.18297576904297,105.67659759521484,102.90213012695312,104.80000305175781,794888
2021-02-26,85.75218200683594,100.1872329711914,103.36170196533203,100.14468383789062,103.36170196533203,2003493
2021-03-01,86.7574234008789,101.36170196533203,101.95744323730469,100.79148864746094,100.79148864746094,1159608
2021-03-02,85.93428802490234,100.4000015258789,101.69361877441406,100.26383209228516,101.5404281616211,1022955
2021-03-03,85.8104476928711,100.25531768798828,100.68085479736328,98.45106506347656,100.01702117919922,811808
2021-03-04,87.46402740478516,102.1872329711914,103.57447052001953,100.03404235839844,100.6297836303711,1740058
2021-03-05,89.71491241455078,104.81702423095703,105.3702163696289,102.51063537597656,102.64681243896484,1023425
2021-03-08,90.8658676147461,106.16170501708984,106.544677734375,103.54893493652344,104.51063537597656,1216713
2021-03-09,90.78571319580078,106.06808471679688,107.02127838134766,105.69361877441406,106.16170501708984,802760
2021-03-10,91.95123291015625,107.4297866821289,107.82127380371094,105.67659759521484,105.71914672851562,650598
2021-03-11,91.7108383178711,107.14893341064453,108.32340240478516,106.63829803466797,106.89361572265625,860218
2021-03-12,93.58082580566406,108.39148712158203,108.51063537597656,106.5702133178711,106.96170043945312,757758
2021-03-15,96.25542449951172,111.48936462402344,111.514892578125,108.39148712158203,108.39148712158203,1391318
2021-03-16,95.4397964477539,110.544677734375,111.48936462402344,109.93191528320312,110.55319213867188,990760
2021-03-17,95.17529296875,110.23829650878906,111.33616638183594,109.94893646240234,110.85106658935547,1124123
2021-03-18,95.5132827758789,110.6297836303711,111.0553207397461,109.34468078613281,110.33191680908203,842005
2021-03-19,95.46920776367188,110.57872009277344,111.82978820800781,109.53191375732422,110.79148864746094,2551630
2021-03-22,93.80127716064453,108.64681243896484,110.05106353759766,107.69361877441406,109.7276611328125,1053153
2021-03-23,94.62422180175781,109.5999984741211,110.16170501708984,108.28936004638672,108.544677734375,872320
2021-03-24,95.91007995605469,111.08936309814453,111.6425552368164,109.07234191894531,109.18297576904297,1343613
2021-03-25,97.50453186035156,112.93617248535156,113.65106201171875,111.07234191894531,111.59149169921875,1112373
2021-03-26,97.90130615234375,113.39574432373047,113.9744644165039,112.4000015258789,112.96170043945312,689960
2021-03-29,98.47442626953125,114.0595703125,114.98723602294922,113.06382751464844,113.14893341064453,783725
2021-03-30,98.11439514160156,113.6425552368164,114.04255676269531,112.37446594238281,113.50638580322266,553778
2021-03-31,97.82781982421875,113.31063842773438,113.6425552368164,112.55319213867188,113.53191375732422,1616213
2021-04-01,97.74700927734375,113.2170181274414,113.25106048583984,112.01702117919922,113.0553207397461,865858
2021-04-05,98.7683334350586,114.4000015258789,115.31063842773438,113.3276596069336,113.44680786132812,825085
2021-04-06,99.29002380371094,115.00425720214844,115.27659606933594,113.28510284423828,114.07659912109375,513358
2021-04-07,99.70886993408203,115.48936462402344,115.82127380371094,114.61276245117188,115.2425537109375,928250
2021-04-08,99.15776824951172,114.85106658935547,115.8723373413086,114.76596069335938,115.8723373413086,718278
2021-04-09,99.5324935913086,115.28510284423828,115.7021255493164,114.89361572265625,115.08936309814453,719335
2021-04-12,99.65740966796875,115.4297866821289,116.71489715576172,115.25106048583984,115.80425262451172,654358
2021-04-13,101.12696075439453,117.13191223144531,117.42127990722656,114.74893951416016,114.91915130615234,735550
2021-04-14,101.92788696289062,118.0595703125,118.15319061279297,116.66383361816406,117.40425872802734,1012498
2021-04-15,102.4863052368164,118.70638275146484,118.77446746826172,117.57447052001953,117.57447052001953,1241858
2021-04-16,103.36802673339844,119.7276611328125,120.41702270507812,119.04680633544922,119.3276596069336,915795
2021-04-19,102.64794921875,118.89361572265625,119.44680786132812,118.22978973388672,118.93617248535156,1139280
2021-04-20,104.09545135498047,120.5702133178711,120.83404541015625,119.40425872802734,119.58297729492188,1029653
2021-04-21,102.97124481201172,119.26808166503906,120.71489715576172,119.06382751464844,120.45106506347656,1063140
2021-04-22,101.51640319824219,117.58297729492188,119.38723754882812,117.44680786132812,119.23403930664062,1301313
2021-04-23,101.27392578125,117.30213165283203,118.11064147949219,116.89361572265625,117.35318756103516,1343025
2021-04-26,101.05351257324219,117.04680633544922,117.50638580322266,116.2127685546875,117.50638580322266,828258
2021-04-27,100.11299133300781,115.95744323730469,118.51914978027344,115.9404296875,116.2723388671875,1045045
2021-04-28,100.35545349121094,116.23829650878906,116.4595718383789,114.96170043945312,115.43830108642578,755643
2021-04-29,102.54508209228516,118.77446746826172,118.7829818725586,116.6723403930664,116.80000305175781,1075243
2021-04-30,102.88307189941406,119.16595458984375,119.29361724853516,118.3574447631836,119.0553207397461,836013
2021-05-03,103.19168853759766,119.52340698242188,120.80850982666016,118.38298034667969,118.53617095947266,1487668
2021-05-04,103.33129119873047,119.68510437011719,120.2127685546875,118.66383361816406,119.42127990722656,983005
2021-05-05,102.04544830322266,118.19574737548828,120.00851440429688,117.00425720214844,120.00851440429688,836365
2021-05-06,103.82360076904297,120.25531768798828,120.46808624267578,118.49361419677734,118.86808776855469,873613
2021-05-07,104.11014556884766,120.58723449707031,121.55744934082031,119.65106201171875,119.65106201171875,768685
2021-05-10,105.91771697998047,122.68085479736328,123.77021026611328,121.19999694824219,121.19999694824219,1092633
2021-05-11,104.5069351196289,121.04680633544922,123.08084869384766,119.94893646240234,122.85106658935547,794183
2021-05-12,101.8396987915039,117.95744323730469,121.55744934082031,117.85531616210938,121.23403930664062,983593
2021-05-13,103.0594253540039,119.3702163696289,120.3574447631836,117.8723373413086,118.07659912109375,1067488
2021-05-14,103.69132232666016,120.10212707519531,121.455322265625,119.65957641601562,119.65957641601562,839773
2021-05-17,103.43415832519531,119.80425262451172,121.35318756103516,119.60851287841797,120.62127685546875,563883
2021-05-18,101.28126525878906,117.31063842773438,120.0,117.1148910522461,119.76170349121094,1804683
2021-05-19,101.98665618896484,118.1276626586914,118.28085327148438,115.88085174560547,116.97021484375,1588718
2021-05-20,103.1329116821289,119.455322265625,120.14468383789062,118.19574737548828,118.51063537597656,1062318
2021-05-21,103.36068725585938,119.71914672851562,120.61276245117188,118.39148712158203,119.50638580322266,2332963
2021-05-24,104.46283721923828,120.99574279785156,121.60851287841797,120.28085327148438,120.38298034667969,1010265
2021-05-25,101.964599609375,118.10212707519531,120.76596069335938,118.06808471679688,120.41702270507812,1267708
2021-05-26,101.27392578125,117.30213165283203,118.80000305175781,117.29361724853516,118.22978973388672,1580610
2021-05-27,101.354736328125,117.39574432373047,117.96595764160156,117.09786987304688,117.80425262451172,1644413
2021-05-28,101.39149475097656,117.43830108642578,118.23829650878906,117.25106048583984,117.9404296875,874200
2021-06-01,101.45027160644531,117.50638580322266,118.1276626586914,116.71489715576172,118.0255355834961,735668
2021-06-02,100.98735809326172,116.97021484375,118.0595703125,116.74042510986328,118.0595703125,858455
2021-06-03,101.14900207519531,117.1574478149414,117.6425552368164,116.2127685546875,116.6297836303711,1028360
2021-06-04,100.91389465332031,116.8851089477539,117.82978820800781,116.85957336425781,117.5999984741211,982770
2021-06-07,101.28861236572266,117.31914520263672,117.86383056640625,116.97021484375,117.09786987304688,835073
2021-06-08,101.01675415039062,117.00425720214844,117.55744934082031,116.19574737548828,117.47234344482422,1131995
2021-06-09,102.12626647949219,118.28936004638672,119.08084869384766,116.72340393066406,117.08936309814453,1536313
2021-06-10,101.51640319824219,117.58297729492188,118.7829818725586,117.50638580322266,118.7829818725586,1354423
2021-06-11,101.86174011230469,117.98297882080078,118.0255355834961,116.25531768798828,117.44680786132812,979245
2021-06-14,101.67803955078125,117.77021026611328,118.36595916748047,117.04680633544922,118.1872329711914,985238
2021-06-15,101.12696075439453,117.13191223144531,117.9744644165039,116.50212860107422,117.76170349121094,1417285
2021-06-16,99.61332702636719,115.37872314453125,117.65957641601562,114.90213012695312,117.46382904052734,1836408
2021-06-17,98.83448028564453,114.47659301757812,115.80425262451172,114.28085327148438,115.1148910522461,1136225
2021-06-18,97.66038513183594,112.20425415039062,114.01702117919922,112.11914825439453,112.55319213867188,1940865
2021-06-21,98.45298767089844,113.1148910522461,113.42127990722656,111.85531616210938,112.34893798828125,1130820
2021-06-22,97.59371185302734,112.1276626586914,113.14893341064453,112.00851440429688,113.1148910522461,912270
2021-06-23,96.71221923828125,111.1148910522461,112.1276626586914,110.8851089477539,112.1276626586914,1194035
2021-06-24,96.4677734375,110.83404541015625,111.3702163696289,110.07659912109375,111.1148910522461,972900
2021-06-25,97.23816680908203,111.71914672851562,111.76170349121094,110.2723388671875,110.63829803466797,1251493
2021-06-28,97.03816223144531,111.48936462402344,112.33191680908203,111.09786987304688,111.95744323730469,1317058
2021-06-29,95.91962432861328,110.20425415039062,111.48085021972656,109.88935852050781,111.01276397705078,1561693
2021-06-30,96.00110626220703,110.2978744506836,110.74042510986328,109.66808319091797,110.20425415039062,1538310
2021-07-01,97.3781509399414,111.87999725341797,112.18000030517578,110.55999755859375,111.30000305175781,2696000
2021-07-02,97.25630187988281,111.73999786376953,111.98999786376953,110.63999938964844,111.6500015258789,1481000
2021-07-06,97.74373626708984,112.30000305175781,113.18000030517578,111.2300033569336,112.69999694824219,2023900
2021-07-07,99.18852996826172,113.95999908447266,114.01000213623047,111.75,111.9000015258789,1875100
2021-07-08,99.4235610961914,114.2300033569336,114.83999633789062,113.0,113.4000015258789,1720800
2021-07-09,100.61597442626953,115.5999984741211,115.68000030517578,114.08000183105469,114.66999816894531,1127500
2021-07-12,100.96412658691406,116.0,116.16000366210938,114.83999633789062,115.22000122070312,1147700
2021-07-13,100.00670623779297,114.9000015258789,116.41999816894531,114.70999908447266,116.20999908447266,834400
2021-07-14,100.00670623779297,114.9000015258789,115.80000305175781,114.55999755859375,115.0,1363800
2021-07-15,100.78134155273438,115.79000091552734,116.13999938964844,114.7699966430664,114.7699966430664,1943300
2021-07-16,101.8780288696289,117.05000305175781,117.36000061035156,115.61000061035156,115.80999755859375,929300
2021-07-19,99.13633728027344,113.9000015258789,117.18000030517578,112.51000213623047,116.55000305175781,1376400
2021-07-20,101.0685806274414,116.12000274658203,116.37000274658203,114.02999877929688,114.1500015258789,1137600
2021-07-21,100.12857055664062,115.04000091552734,117.19999694824219,115.0,116.56999969482422,993300
2021-07-22,99.98929595947266,114.87999725341797,115.5199966430664,114.80999755859375,115.02999877929688,680800
2021-07-23,101.2774658203125,116.36000061035156,116.5999984741211,114.63999938964844,114.97000122070312,1134200
2021-07-26,100.85968017578125,115.87999725341797,116.44000244140625,114.75,116.0999984741211,1226600
2021-07-27,103.31414794921875,118.69999694824219,119.2699966430664,115.45999908447266,116.0999984741211,1724700
2021-07-28,102.4350814819336,117.69000244140625,118.72000122070312,115.95999908447266,118.56999969482422,977100
2021-07-29,102.81804656982422,118.12999725341797,118.88999938964844,117.43000030517578,118.05999755859375,983600
2021-07-30,102.113037109375,117.31999969482422,118.66000366210938,116.94999694824219,117.91000366210938,643000
2021-08-02,102.35671997070312,117.5999984741211,118.69000244140625,117.27999877929688,117.81999969482422,924400
2021-08-03,102.81804656982422,118.12999725341797,118.4000015258789,117.20999908447266,117.77999877929688,787800
2021-08-04,102.52210998535156,117.79000091552734,117.93000030517578,116.4000015258789,117.5999984741211,728400
2021-08-05,103.86249542236328,119.33000183105469,119.37000274658203,117.91999816894531,118.36000061035156,656400
2021-08-06,104.08008575439453,119.58000183105469,120.63999938964844,118.7699966430664,119.51000213623047,733200
2021-08-09,104.35860443115234,119.9000015258789,120.06999969482422,119.12999725341797,119.31999969482422,802600
2021-08-10,104.44566345214844,120.0,120.81999969482422,119.37000274658203,119.91000366210938,806200
2021-08-11,104.60231018066406,120.18000030517578,121.06999969482422,120.0,120.16999816894531,992700
2021-08-12,104.40211486816406,119.94999694824219,120.80999755859375,119.86000061035156,120.54000091552734,491700
2021-08-13,104.70677185058594,120.30000305175781,120.7300033569336,119.91000366210938,120.16000366210938,988100
2021-08-16,104.44566345214844,120.0,121.69999694824219,119.94000244140625,120.62000274658203,866200
2021-08-17,104.71546173095703,120.30999755859375,120.38999938964844,118.94000244140625,119.63999938964844,771300
2021-08-18,104.5675048828125,120.13999938964844,120.44999694824219,119.41999816894531,120.29000091552734,812200
2021-08-19,104.5936050415039,120.16999816894531,121.29000091552734,119.87000274658203,120.1500015258789,937100
2021-08-20,105.73381042480469,121.4800033569336,121.8499984741211,119.11000061035156,119.93000030517578,1302600
2021-08-23,105.44658660888672,121.1500015258789,121.87999725341797,120.8499984741211,121.87000274658203,915600
2021-08-24,104.87214660644531,120.48999786376953,121.30000305175781,119.44999694824219,121.30000305175781,664500
2021-08-25,105.12454986572266,120.77999877929688,121.12000274658203,119.93000030517578,120.33000183105469,746000
2021-08-26,104.87214660644531,120.48999786376953,120.87000274658203,120.02999877929688,120.77999877929688,528300
2021-08-27,105.01140594482422,120.6500015258789,121.38999938964844,120.44999694824219,120.7699966430664,519000
2021-08-30,104.79380798339844,120.4000015258789,121.11000061035156,120.0999984741211,120.6500015258789,790100
2021-08-31,104.74156188964844,120.33999633789062,120.9000015258789,119.5,120.4000015258789,894700
2021-09-01,105.6380615234375,121.37000274658203,121.6500015258789,119.1500015258789,119.3499984741211,900100
2021-09-02,106.29954528808594,122.12999725341797,122.13999938964844,121.13999938964844,121.5999984741211,954600
2021-09-03,105.09842681884766,120.75,122.08999633789062,120.72000122070312,121.7699966430664,630600
2021-09-07,103.81896209716797,119.27999877929688,120.12999725341797,118.80000305175781,120.08999633789062,898300
2021-09-08,105.60325622558594,121.33000183105469,121.79000091552734,118.75,119.18000030517578,1419000
2021-09-09,104.94176483154297,120.56999969482422,121.48999786376953,120.52999877929688,121.45999908447266,775800
2021-09-10,103.37506866455078,118.7699966430664,120.6500015258789,118.7300033569336,120.56999969482422,654800
2021-09-13,102.74842071533203,118.05000305175781,119.83999633789062,117.88999938964844,119.83999633789062,828000
2021-09-14,102.2000732421875,117.41999816894531,118.69000244140625,117.19999694824219,118.45999908447266,775200
2021-09-15,101.73004913330078,116.87999725341797,117.72000122070312,116.5199966430664,117.22000122070312,1175500
2021-09-16,102.32190704345703,117.55999755859375,118.45999908447266,116.41000366210938,117.0999984741211,1692600
2021-09-17,99.92459106445312,114.0,118.44999694824219,113.94999694824219,117.8499984741211,3477100
2021-09-20,99.86325073242188,113.93000030517578,114.5199966430664,112.48999786376953,112.54000091552734,1742500
2021-09-21,99.38115692138672,113.37999725341797,114.75,112.66999816894531,114.75,1661500
2021-09-22,99.88078308105469,113.94999694824219,114.54000091552734,112.9800033569336,113.9000015258789,776200
2021-09-23,99.7054672241211,113.75,114.95999908447266,113.55000305175781,114.6500015258789,542300
2021-09-24,99.67040252685547,113.70999908447266,114.2699966430664,113.19999694824219,113.5999984741211,763300
2021-09-27,98.69744873046875,112.5999984741211,114.95999908447266,112.33999633789062,113.97000122070312,681600
2021-09-28,97.67192077636719,111.43000030517578,112.69999694824219,110.55000305175781,112.37000274658203,1012100
2021-09-29,99.16201782226562,113.12999725341797,113.70999908447266,111.36000061035156,111.58000183105469,958300
2021-09-30,97.9173355102539,111.70999908447266,113.6500015258789,111.66000366210938,113.58999633789062,1602800
2021-10-01,97.88227081298828,111.66999816894531,112.83000183105469,111.45999908447266,112.73999786376953,718000
2021-10-04,99.05683135986328,113.01000213623047,113.48999786376953,111.26000213623047,111.2699966430664,1011100
2021-10-05,99.74053955078125,113.79000091552734,114.5999984741211,112.51000213623047,113.44999694824219,1076300
2021-10-06,101.04656982421875,115.27999877929688,115.38999938964844,112.41999816894531,113.30000305175781,848100
2021-10-07,100.85372924804688,115.05999755859375,116.66000366210938,114.69999694824219,115.61000061035156,1118000
2021-10-08,100.03856658935547,114.12999725341797,115.30000305175781,113.97000122070312,114.94000244140625,657400
2021-10-11,98.30302429199219,112.1500015258789,114.19999694824219,111.56999969482422,114.19999694824219,753400
2021-10-12,98.87277221679688,112.80000305175781,113.08000183105469,111.8499984741211,112.1500015258789,814200
2021-10-13,99.8983154296875,113.97000122070312,114.16999816894531,112.08999633789062,112.91000366210938,738600
2021-10-14,100.85372924804688,115.05999755859375,115.08999633789062,113.93000030517578,114.25,698400
2021-10-15,100.8362045288086,115.04000091552734,115.63999938964844,114.68000030517578,115.22000122070312,869900
2021-10-18,99.67040252685547,113.70999908447266,114.66000366210938,113.56999969482422,114.22000122070312,559600
2021-10-19,100.33657836914062,114.47000122070312,114.87999725341797,113.76000213623047,114.44999694824219,561100
2021-10-20,101.2131118774414,115.47000122070312,116.16999816894531,114.48999786376953,114.54000091552734,856000
2021-10-21,101.15174865722656,115.4000015258789,115.80999755859375,115.11000061035156,115.54000091552734,788600
2021-10-22,101.67767333984375,116.0,116.66000366210938,115.66000366210938,115.80999755859375,944100
2021-10-25,101.3708724975586,115.6500015258789,116.77999877929688,115.16000366210938,115.83999633789062,1026500
2021-10-26,102.00199890136719,116.37000274658203,117.29000091552734,115.61000061035156,115.72000122070312,769900
2021-10-27,99.7668228149414,113.81999969482422,116.08999633789062,113.81999969482422,115.19000244140625,1186100
2021-10-28,100.28398132324219,114.41000366210938,114.66000366210938,113.7300033569336,113.94999694824219,549200
2021-10-29,99.35484313964844,113.3499984741211,114.80999755859375,112.63999938964844,114.0999984741211,762100
2021-11-01,99.02178192138672,112.97000122070312,113.55000305175781,112.22000122070312,113.45999908447266,741400
2021-11-02,99.11820220947266,113.08000183105469,113.41000366210938,111.76000213623047,113.22000122070312,646100
2021-11-03,99.27597045898438,113.26000213623047,114.01000213623047,112.20999908447266,112.62000274658203,891500
2021-11-04,99.398681640625,113.4000015258789,113.58999633789062,112.58999633789062,113.31999969482422,728300
2021-11-05,100.03856658935547,114.12999725341797,114.83999633789062,113.5,114.08999633789062,523400
2021-11-08,98.4607925415039,112.33000183105469,114.37000274658203,112.02999877929688,114.27999877929688,735100
2021-11-09,98.60979461669922,112.5,113.0,111.8499984741211,112.27999877929688,711800
2021-11-10,99.19708251953125,113.16999816894531,113.55000305175781,112.30999755859375,112.5,1041100
2021-11-11,98.60104370117188,112.48999786376953,113.19000244140625,111.68000030517578,112.98999786376953,754800
2021-11-12,98.13646697998047,111.95999908447266,112.45999908447266,111.69000244140625,112.45999908447266,471000
2021-11-15,99.22337341308594,113.19999694824219,113.3499984741211,111.9000015258789,112.62000274658203,1619200
2021-11-16,98.86400604248047,112.79000091552734,113.80000305175781,112.72000122070312,113.25,1271400
2021-11-17,98.82892608642578,112.75,113.12999725341797,111.94000244140625,112.6500015258789,1267300
2021-11-18,97.62809753417969,111.37999725341797,112.97000122070312,111.02999877929688,112.7300033569336,1278100
2021-11-19,97.4527816772461,111.18000030517578,111.5,110.18000030517578,111.5,1661600
2021-11-22,98.9954833984375,112.94000244140625,113.54000091552734,110.76000213623047,111.1500015258789,1718100
2021-11-23,98.39068603515625,112.25,113.41999816894531,112.16000366210938,113.2300033569336,1140700
2021-11-24,98.3293228149414,112.18000030517578,112.8499984741211,111.5999984741211,112.19000244140625,945200
2021-11-26,96.99698638916016,110.66000366210938,111.3499984741211,110.1500015258789,111.08000183105469,784200
2021-11-29,97.72449493408203,111.48999786376953,111.9000015258789,110.54000091552734,111.33000183105469,1401000
2021-11-30,94.96342468261719,108.33999633789062,110.9800033569336,108.22000122070312,110.62999725341797,1726200
2021-12-01,95.6734390258789,109.1500015258789,111.72000122070312,109.08999633789062,110.44000244140625,1503000
2021-12-02,96.41847229003906,110.0,110.9800033569336,109.44999694824219,109.55000305175781,1472600
2021-12-03,98.07512664794922,111.88999938964844,111.91000366210938,109.79000091552734,110.62999725341797,2037800
2021-12-06,100.09114837646484,114.19000244140625,115.08999633789062,112.72000122070312,112.97000122070312,1011500
2021-12-07,100.80989837646484,115.01000213623047,116.02999877929688,113.88999938964844,113.93000030517578,1289700
2021-12-08,100.38038635253906,114.5199966430664,116.16999816894531,114.41000366210938,115.01000213623047,664200
2021-12-09,101.00274658203125,115.2300033569336,116.05999755859375,113.98999786376953,114.55999755859375,627100
2021-12-10,101.87049102783203,116.22000122070312,116.5199966430664,115.27999877929688,115.81999969482422,559500
2021-12-13,102.70320129394531,117.16999816894531,117.77999877929688,115.58000183105469,115.93000030517578,905900
2021-12-14,102.95740509033203,117.45999908447266,118.0,116.87000274658203,117.80000305175781,987100
2021-12-15,104.83317565917969,119.5999984741211,119.73999786376953,117.62000274658203,117.62999725341797,1506400
2021-12-16,105.47306060791016,120.33000183105469,120.83000183105469,119.62000274658203,119.83999633789062,995400
2021-12-17,102.96084594726562,116.5999984741211,119.77999877929688,116.33999633789062,119.02999877929688,1796700
2021-12-20,103.42884063720703,117.12999725341797,117.27999877929688,114.4800033569336,115.80000305175781,885300
2021-12-21,102.8548812866211,116.4800033569336,118.33999633789062,116.0,117.66000366210938,992700
2021-12-22,103.04914093017578,116.69999694824219,117.30000305175781,116.11000061035156,116.19000244140625,420300
2021-12-23,103.15510559082031,116.81999969482422,117.7699966430664,116.33000183105469,116.5999984741211,643800
2021-12-27,104.06462097167969,117.8499984741211,117.91999816894531,116.5,117.31999969482422,415500
2021-12-28,104.8416976928711,118.7300033569336,118.80000305175781,117.7699966430664,118.19000244140625,500500
2021-12-29,105.41565704345703,119.37999725341797,119.54000091552734,118.30999755859375,118.69999694824219,452000
2021-12-30,105.3626708984375,119.31999969482422,119.7300033569336,118.79000091552734,119.7300033569336,387400
2021-12-31,105.55693054199219,119.54000091552734,120.12000274658203,118.62999725341797,119.47000122070312,565400
2022-01-03,105.23905944824219,119.18000030517578,119.75,117.7699966430664,119.75,713600
2022-01-04,105.41565704345703,119.37999725341797,120.83000183105469,119.29000091552734,119.5199966430664,762000
2022-01-05,105.30085754394531,119.25,120.62999725341797,119.22000122070312,119.37999725341797,695000
2022-01-06,105.58341979980469,119.56999969482422,120.75,119.04000091552734,120.3499984741211,874600
2022-01-07,105.68939971923828,119.69000244140625,120.55000305175781,117.7300033569336,118.73999786376953,1023100
2022-01-10,106.0955810546875,120.1500015258789,120.19999694824219,118.33999633789062,119.94000244140625,941600
2022-01-11,104.88581848144531,118.77999877929688,120.5,117.88999938964844,120.44999694824219,954800
2022-01-12,105.26554107666016,119.20999908447266,119.45999908447266,117.66999816894531,118.61000061035156,1246700
2022-01-13,105.81301879882812,119.83000183105469,121.0,119.13999938964844,119.55000305175781,608000
2022-01-14,105.41565704345703,119.37999725341797,119.73999786376953,118.19999694824219,119.66999816894531,690300
2022-01-18,104.53262329101562,118.37999725341797,119.13999938964844,117.13999938964844,118.63999938964844,868200
2022-01-19,104.7886962890625,118.66999816894531,119.58999633789062,117.88999938964844,118.55999755859375,543600
2022-01-20,104.51496124267578,118.36000061035156,120.2300033569336,118.08999633789062,118.9800033569336,714300
2022-01-21,104.60326385498047,118.45999908447266,120.08999633789062,118.30999755859375,118.94999694824219,746500
2022-01-24,103.20809173583984,116.87999725341797,118.86000061035156,113.81999969482422,118.0,1227000
2022-01-25,103.87035369873047,117.62999725341797,118.45999908447266,115.45999908447266,115.45999908447266,1450100
2022-01-26,104.35601043701172,118.18000030517578,119.27999877929688,117.02999877929688,117.5199966430664,1400700
2022-01-27,105.79534912109375,119.80999755859375,120.93000030517578,118.79000091552734,119.01000213623047,1373400
2022-01-28,106.17504119873047,120.23999786376953,120.26000213623047,118.61000061035156,119.41000366210938,879500
2022-01-31,106.34283447265625,120.43000030517578,120.54000091552734,119.22000122070312,119.37999725341797,1117400
2022-02-01,104.62094116210938,118.4800033569336,120.23999786376953,117.19000244140625,119.61000061035156,986400
2022-02-02,106.1662368774414,120.2300033569336,120.73999786376953,117.80999755859375,118.11000061035156,1004900
2022-02-03,106.01610565185547,120.05999755859375,121.38999938964844,119.56999969482422,120.31999969482422,871800
2022-02-04,105.963134765625,120.0,120.51000213623047,118.91999816894531,119.41999816894531,949000
2022-02-07,105.60993194580078,119.5999984741211,119.98999786376953,118.44999694824219,119.98999786376953,976700
2022-02-08,105.90132904052734,119.93000030517578,120.70999908447266,119.44999694824219,120.41000366210938,617300
2022-02-09,106.42230224609375,120.5199966430664,121.19000244140625,120.08999633789062,120.62000274658203,871400
2022-02-10,102.32506561279297,115.87999725341797,119.95999908447266,115.56999969482422,118.95999908447266,1847800
2022-02-11,102.57231140136719,116.16000366210938,118.0,115.98999786376953,116.44999694824219,821300
2022-02-14,102.4751968383789,116.05000305175781,117.72000122070312,115.62000274658203,116.77999877929688,1640100
2022-02-15,102.70475769042969,116.30999755859375,118.9800033569336,115.83999633789062,118.4000015258789,1597000
2022-02-16,102.86371612548828,116.48999786376953,117.11000061035156,115.08000183105469,116.25,1581400
2022-02-17,104.6827392578125,118.55000305175781,119.12999725341797,115.68000030517578,116.08000183105469,1821000
2022-02-18,105.38916015625,119.3499984741211,120.13999938964844,117.98999786376953,117.98999786376953,1840300
2022-02-22,104.48847961425781,118.33000183105469,120.0999984741211,117.83999633789062,119.72000122070312,977100
2022-02-23,103.54363250732422,117.26000213623047,118.98999786376953,117.05999755859375,118.37999725341797,989000
2022-02-24,103.96749114990234,117.73999786376953,118.19999694824219,114.91000366210938,116.5199966430664,1850100
2022-02-25,107.68502044677734,121.94999694824219,121.98999786376953,119.05000305175781,119.30999755859375,1390300
2022-02-28,107.36714172363281,121.58999633789062,122.25,120.06999969482422,120.51000213623047,1642800
2022-03-01,105.963134765625,120.0,122.5,119.18000030517578,121.37999725341797,1438800
2022-03-02,108.055908203125,122.37000274658203,122.7699966430664,119.62000274658203,119.91000366210938,977000
2022-03-03,110.56368255615234,125.20999908447266,126.05000305175781,122.51000213623047,122.51000213623047,1161900
2022-03-04,112.92137145996094,127.87999725341797,128.0399932861328,124.36000061035156,124.36000061035156,860600
2022-03-07,112.24143981933594,127.11000061035156,128.2899932861328,126.12000274658203,127.8499984741211,1212300
2022-03-08,111.41138458251953,126.16999816894531,128.24000549316406,126.12999725341797,127.61000061035156,1039400
2022-03-09,110.40476989746094,125.02999877929688,127.36000061035156,124.41000366210938,126.94999694824219,1369000
2022-03-10,112.40921783447266,127.30000305175781,127.63999938964844,124.16999816894531,124.51000213623047,1283700
2022-03-11,112.11781311035156,126.97000122070312,128.11000061035156,126.41000366210938,126.69999694824219,1302700
2022-03-14,111.72045135498047,126.5199966430664,128.6699981689453,125.87999725341797,127.79000091552734,916200
2022-03-15,112.8154067993164,127.76000213623047,128.52000427246094,126.3499984741211,128.0399932861328,1200200
2022-03-16,112.84190368652344,127.79000091552734,128.14999389648438,125.29000091552734,127.48999786376953,1403700
2022-03-17,112.83308410644531,127.77999877929688,128.61000061035156,127.0,128.13999938964844,1227100
2022-03-18,112.09949493408203,126.06999969482422,127.5999984741211,125.69999694824219,127.20999908447266,2349100
2022-03-21,113.0153579711914,127.0999984741211,128.10000610351562,125.9000015258789,125.9000015258789,1409000
2022-03-22,111.77938842773438,125.70999908447266,127.33999633789062,125.48999786376953,127.29000091552734,1603800
2022-03-23,112.89087677001953,126.95999908447266,127.51000213623047,125.12999725341797,125.70999908447266,1052600
2022-03-24,113.62889862060547,127.79000091552734,128.25999450683594,126.94000244140625,127.18000030517578,736200
2022-03-25,115.46062469482422,129.85000610351562,129.85000610351562,127.7300033569336,128.08999633789062,515700
2022-03-28,115.32722473144531,129.6999969482422,129.94000244140625,128.42999267578125,129.75,823000
2022-03-29,116.11860656738281,130.58999633789062,130.89999389648438,129.33999633789062,130.0,899800
2022-03-30,117.87029266357422,132.55999755859375,132.72999572753906,130.22999572753906,130.8000030517578,1096400
2022-03-31,117.55908966064453,132.2100067138672,134.32000732421875,131.9600067138672,132.22999572753906,1149100
2022-04-01,119.9865493774414,134.94000244140625,134.97000122070312,131.57000732421875,132.10000610351562,901200
2022-04-04,118.82172393798828,133.6300048828125,134.14999389648438,131.89999389648438,134.14999389648438,713600
2022-04-05,119.40857696533203,134.2899932861328,136.1300048828125,133.8300018310547,133.86000061035156,877100
2022-04-06,122.36070251464844,137.61000061035156,137.99000549316406,134.52999877929688,134.75,1543300
2022-04-07,121.22252655029297,136.3300018310547,137.77999877929688,135.3800048828125,137.39999389648438,1319400
2022-04-08,122.12946319580078,137.35000610351562,137.77000427246094,135.47999572753906,136.9199981689453,1007300
2022-04-11,121.69380187988281,136.86000061035156,138.50999450683594,136.08999633789062,137.69000244140625,912200
2022-04-12,122.57408905029297,137.85000610351562,138.35000610351562,135.5800018310547,136.6199951171875,924400
2022-04-13,121.48928833007812,136.6300048828125,138.17999267578125,135.4499969482422,138.0,1073900
2022-04-14,121.96944427490234,137.1699981689453,138.02000427246094,136.49000549316406,136.49000549316406,817200
2022-04-18,121.96944427490234,137.1699981689453,138.02999877929688,136.3000030517578,137.3699951171875,648600
2022-04-19,122.50298309326172,137.77000427246094,138.0,136.49000549316406,137.52999877929688,548000
2022-04-20,123.7033462524414,139.1199951171875,139.77999877929688,138.42999267578125,138.6999969482422,785200
2022-04-21,122.95641326904297,138.27999877929688,140.22999572753906,138.07000732421875,139.02999877929688,1017400
2022-04-22,121.64934539794922,136.80999755859375,138.2899932861328,136.72000122070312,138.0399932861328,664200
2022-04-25,120.66233825683594,135.6999969482422,137.33999633789062,134.22999572753906,137.16000366210938,889500
2022-04-26,119.61309814453125,134.52000427246094,137.16000366210938,134.42999267578125,135.0399932861328,699100
2022-04-27,119.47972869873047,134.3699951171875,136.0,133.5800018310547,135.1199951171875,764400
2022-04-28,120.50230407714844,135.52000427246094,136.4199981689453,133.5,134.0,989100
2022-04-29,116.51872253417969,131.0399932861328,135.1699981689453,130.8699951171875,134.8000030517578,1343000
2022-05-02,114.47362518310547,128.74000549316406,133.13999938964844,127.25,132.17999267578125,1238200
2022-05-03,115.2472152709961,129.61000061035156,131.67999267578125,128.94000244140625,129.3300018310547,1378000
2022-05-04,116.269775390625,130.75999450683594,131.05999755859375,129.5,130.49000549316406,1404600
2022-05-05,114.55364227294922,128.8300018310547,131.41000366210938,127.77999877929688,130.5,1516000
2022-05-06,115.3094482421875,129.67999267578125,130.0,127.9800033569336,128.22000122070312,1204300
2022-05-09,115.16719055175781,129.52000427246094,130.85000610351562,127.81999969482422,129.17999267578125,849300
2022-05-10,114.18019104003906,128.41000366210938,131.6300048828125,127.5,129.86000061035156,917200
2022-05-11,115.69181060791016,130.11000061035156,131.77000427246094,128.5800018310547,128.63999938964844,925700
2022-05-12,114.44694519042969,128.7100067138672,130.6300048828125,127.62999725341797,130.0,873700
2022-05-13,115.4250259399414,129.80999755859375,130.24000549316406,127.91000366210938,129.47000122070312,764100
2022-05-16,115.92298126220703,130.3699951171875,130.8800048828125,129.22999572753906,130.2100067138672,871900
2022-05-17,115.2472152709961,129.61000061035156,131.10000610351562,128.6300048828125,131.10000610351562,1895100
2022-05-18,114.09126281738281,128.30999755859375,130.67999267578125,128.0,130.67999267578125,2063900
2022-05-19,114.54475402832031,128.82000732421875,129.3699951171875,126.80000305175781,127.88999938964844,1566300
2022-05-20,114.4558334350586,128.72000122070312,129.38999938964844,127.08000183105469,129.35000610351562,1698000
2022-05-23,116.29643249511719,130.7899932861328,131.27000427246094,128.97000122070312,131.27000427246094,1438500
2022-05-24,119.27521514892578,134.13999938964844,134.60000610351562,130.77000427246094,131.05999755859375,1075100
2022-05-25,118.27931213378906,133.02000427246094,134.6999969482422,132.32000732421875,134.32000732421875,1282100
2022-05-26,118.43048095703125,133.19000244140625,134.80999755859375,133.02999877929688,133.8300018310547,701400
2022-05-27,119.41748046875,134.3000030517578,134.33999633789062,132.57000732421875,132.75999450683594,932200
2022-05-31,118.00370025634766,132.7100067138672,133.75999450683594,131.8000030517578,133.05999755859375,1166600
2022-06-01,117.87029266357422,132.55999755859375,133.32000732421875,131.39999389648438,133.00999450683594,904200
2022-06-02,118.0748062133789,132.7899932861328,133.00999450683594,130.5800018310547,132.82000732421875,553300
2022-06-03,117.452392578125,132.08999633789062,133.0,131.82000732421875,132.5399932861328,421100
2022-06-06,117.87919616699219,132.57000732421875,133.3300018310547,131.75,132.32000732421875,604400
2022-06-07,119.1951904296875,134.0500030517578,134.27999877929688,131.74000549316406,132.2100067138672,891300
2022-06-08,116.83885192871094,131.39999389648438,133.47000122070312,131.3000030517578,133.33999633789062,653300
2022-06-09,114.20684814453125,128.44000244140625,131.92999267578125,128.3699951171875,131.39999389648438,744600
2022-06-10,113.37102508544922,127.5,128.69000244140625,126.52999877929688,127.08999633789062,725700
2022-06-13,108.48941040039062,122.01000213623047,126.45999908447266,121.48999786376953,125.98999786376953,916400
2022-06-14,105.91077423095703,119.11000061035156,122.54000091552734,117.37999725341797,122.16999816894531,1342700
2022-06-15,105.99967193603516,119.20999908447266,120.8499984741211,117.91999816894531,119.9800033569336,1258700
2022-06-16,104.46333312988281,116.61000061035156,116.88999938964844,114.94999694824219,116.87000274658203,1534200
2022-06-17,103.6660385131836,115.72000122070312,117.48999786376953,114.25,117.4800033569336,2224700
2022-06-21,104.93812561035156,117.13999938964844,117.7699966430664,115.76000213623047,116.04000091552734,1129500
2022-06-22,105.61895751953125,117.9000015258789,118.45999908447266,116.20999908447266,116.20999908447266,1077600
2022-06-23,107.83167266845703,120.37000274658203,120.41000366210938,118.20999908447266,118.44000244140625,1135400
2022-06-24,110.10710144042969,122.91000366210938,123.47000122070312,120.62999725341797,120.62999725341797,1057900
2022-06-27,111.3970947265625,124.3499984741211,124.63999938964844,122.30000305175781,122.55999755859375,712600
2022-06-28,112.18543243408203,125.2300033569336,126.18000030517578,124.5999984741211,125.11000061035156,852600
2022-06-29,112.92001342773438,126.05000305175781,126.4000015258789,125.18000030517578,125.56999969482422,799100
2022-06-30,113.54708862304688,126.75,127.27999877929688,125.05999755859375,125.43000030517578,1222100
2022-07-01,115.7060546875,129.16000366210938,129.3699951171875,126.47000122070312,127.31999969482422,1005700
2022-07-05,111.25375366210938,124.19000244140625,128.6999969482422,122.5,128.6999969482422,827800
2022-07-06,113.01856231689453,126.16000366210938,126.68000030517578,123.98999786376953,124.7699966430664,915800
2022-07-07,112.28396606445312,125.33999633789062,127.06999969482422,124.87999725341797,126.45999908447266,907000
2022-07-08,111.84501647949219,124.8499984741211,125.52999877929688,124.26000213623047,125.41999816894531,582100
2022-07-11,112.8752212524414,126.0,126.0,123.72000122070312,123.80999755859375,632000
2022-07-12,112.16751861572266,125.20999908447266,127.2699966430664,124.87000274658203,125.33999633789062,798900
2022-07-13,111.54042053222656,124.51000213623047,125.77999877929688,123.80000305175781,124.37999725341797,663900
2022-07-14,111.54042053222656,124.51000213623047,124.70999908447266,122.44999694824219,122.45999908447266,791900
2022-07-15,112.14064025878906,125.18000030517578,125.61000061035156,123.36000061035156,125.58999633789062,869500
2022-07-18,110.78792572021484,123.66999816894531,125.0199966430664,123.47000122070312,124.8499984741211,611400
2022-07-19,111.16416931152344,124.08999633789062,124.93000030517578,123.68000030517578,124.30999755859375,548200
2022-07-20,108.80813598632812,121.45999908447266,124.06999969482422,121.16999816894531,124.06999969482422,1226600
2022-07-21,108.86187744140625,121.5199966430664,121.56999969482422,120.16999816894531,121.05000305175781,1048600
2022-07-22,110.85958862304688,123.75,123.79000091552734,122.0,122.36000061035156,657800
2022-07-25,111.89876556396484,124.91000366210938,125.05999755859375,123.30999755859375,123.76000213623047,597900
2022-07-26,113.09918212890625,126.25,126.80000305175781,124.70999908447266,124.72000122070312,551000
2022-07-27,113.44856262207031,126.63999938964844,126.93000030517578,125.0999984741211,125.72000122070312,706700
2022-07-28,115.75086212158203,129.2100067138672,129.67999267578125,125.33000183105469,126.98999786376953,1275600
2022-07-29,116.72731018066406,130.3000030517578,131.0,129.35000610351562,129.35000610351562,754700
2022-08-01,116.83480834960938,130.4199981689453,130.5399932861328,128.5800018310547,129.9199981689453,1170900
2022-08-02,116.36896514892578,129.89999389648438,131.50999450683594,129.77999877929688,131.0800018310547,785500
2022-08-03,116.83480834960938,130.4199981689453,130.82000732421875,127.02999877929688,129.52000427246094,997500
2022-08-04,115.56272888183594,129.0,131.35000610351562,128.8800048828125,130.52999877929688,788100
2022-08-05,115.65231323242188,129.10000610351562,129.2100067138672,127.31999969482422,129.17999267578125,731700
2022-08-08,116.23462677001953,129.75,130.74000549316406,129.1300048828125,130.11000061035156,543100
2022-08-09,118.74296569824219,132.5500030517578,132.85000610351562,129.91000366210938,130.30999755859375,997300
2022-08-10,118.4831314086914,132.25999450683594,133.35000610351562,131.33999633789062,132.89999389648438,928800
2022-08-11,119.44168853759766,133.3300018310547,134.02000427246094,132.1199951171875,132.5,1765800
2022-08-12,120.85709381103516,134.91000366210938,135.02000427246094,133.8699951171875,133.97000122070312,1080300
2022-08-15,121.8873291015625,136.05999755859375,136.25999450683594,134.19000244140625,134.7899932861328,709100
2022-08-16,121.91416931152344,136.08999633789062,136.77000427246094,135.6699981689453,135.94000244140625,649700
2022-08-17,120.91085815429688,134.97000122070312,136.41000366210938,134.6999969482422,136.1199951171875,1169100
2022-08-18,121.33191680908203,135.44000244140625,135.91000366210938,135.0500030517578,135.22999572753906,751200
2022-08-19,121.95896911621094,136.13999938964844,136.5399932861328,135.2899932861328,135.77000427246094,1010100
2022-08-22,120.61524963378906,134.63999938964844,136.0500030517578,134.36000061035156,135.6199951171875,827300
2022-08-23,119.93441009521484,133.8800048828125,134.60000610351562,133.25,134.60000610351562,693400
2022-08-24,120.2748031616211,134.25999450683594,134.52999877929688,133.44000244140625,134.27999877929688,662100
2022-08-25,120.7496337890625,134.7899932861328,134.8300018310547,133.47999572753906,134.4199981689453,581800
2022-08-26,119.34314727783203,133.22000122070312,135.19000244140625,133.1699981689453,135.00999450683594,750800
2022-08-29,119.59396362304688,133.5,134.52999877929688,131.61000061035156,132.88999938964844,814000
2022-08-30,117.75752258300781,131.4499969482422,133.49000549316406,130.88999938964844,132.82000732421875,581300
2022-08-31,116.76314544677734,130.33999633789062,131.77000427246094,130.10000610351562,131.27000427246094,1007600
2022-09-01,118.91315460205078,132.74000549316406,133.05999755859375,129.69000244140625,130.22999572753906,1147100
2022-09-02,117.47982025146484,131.13999938964844,133.9199981689453,130.72999572753906,132.82000732421875,765700
2022-09-06,117.5335693359375,131.1999969482422,132.8300018310547,131.0,131.55999755859375,796900
2022-09-07,121.19751739501953,135.2899932861328,135.3699951171875,131.97999572753906,131.97999572753906,947100
2022-09-08,120.65104675292969,134.67999267578125,135.74000549316406,134.08999633789062,134.83999633789062,922200
2022-09-09,121.38563537597656,135.5,135.7899932861328,134.0,134.58999633789062,781800
2022-09-12,121.80670166015625,135.97000122070312,136.6300048828125,135.2100067138672,135.75,824100
2022-09-13,119.12812805175781,132.97999572753906,135.50999450683594,132.07000732421875,135.1300048828125,1145000
2022-09-14,120.0866928100586,134.0500030517578,135.2100067138672,133.14999389648438,133.4199981689453,1042400
2022-09-15,116.99609375,130.60000610351562,133.3800048828125,130.47999572753906,133.3800048828125,1991900
2022-09-16,117.16291046142578,129.89999389648438,130.60000610351562,129.27000427246094,129.27000427246094,2116800
2022-09-19,118.06485748291016,130.89999389648438,131.1300048828125,128.97999572753906,129.27000427246094,1187300
2022-09-20,116.05353546142578,128.6699981689453,130.2899932861328,127.69000244140625,130.10000610351562,2130400
2022-09-21,114.1774673461914,126.58999633789062,130.25999450683594,126.56999969482422,129.47999572753906,1766100
2022-09-22,114.16844940185547,126.58000183105469,127.55000305175781,125.87999725341797,126.33999633789062,1288000
2022-09-23,113.33866119384766,125.66000366210938,126.06999969482422,124.08000183105469,125.33999633789062,938900
2022-09-26,110.94851684570312,123.01000213623047,125.33999633789062,121.80999755859375,125.12999725341797,1326800
2022-09-27,109.7669448852539,121.69999694824219,123.95999908447266,121.0199966430664,123.54000091552734,1333500
2022-09-28,111.08379364013672,123.16000366210938,123.88999938964844,121.20999908447266,123.16999816894531,986100
2022-09-29,106.62818145751953,118.22000122070312,122.80999755859375,118.08000183105469,122.61000061035156,1259700
2022-09-30,103.76900482177734,115.05000305175781,119.33999633789062,115.04000091552734,118.8499984741211,2392400
2022-10-03,105.46466064453125,116.93000030517578,118.0,115.12000274658203,117.30000305175781,2087600
2022-10-04,106.99797821044922,118.62999725341797,119.37000274658203,116.19999694824219,116.94999694824219,1209100
2022-10-05,104.72506713867188,116.11000061035156,117.37000274658203,114.77999877929688,117.37000274658203,1415400
2022-10-06,99.85456085205078,110.70999908447266,115.58999633789062,110.66000366210938,115.48999786376953,1981400
2022-10-07,96.95027923583984,107.48999786376953,110.87000274658203,106.68000030517578,110.70999908447266,2693700
2022-10-10,95.93108367919922,106.36000061035156,108.41000366210938,106.27999877929688,107.69999694824219,3428400
2022-10-11,95.87696838378906,106.30000305175781,107.5199966430664,105.45999908447266,106.1500015258789,2613800
2022-10-12,92.90955352783203,103.01000213623047,106.33999633789062,102.97000122070312,106.22000122070312,2153000
2022-10-13,96.06639099121094,106.51000213623047,106.80999755859375,100.63999938964844,101.87000274658203,3531000
2022-10-14,94.25345611572266,104.5,108.19000244140625,103.69000244140625,107.5199966430664,2768600
2022-10-17,96.50833892822266,107.0,107.80000305175781,105.87999725341797,105.91000366210938,1947400
2022-10-18,99.11495208740234,109.88999938964844,110.12999725341797,108.19000244140625,108.4800033569336,2536400
2022-10-19,97.9784927368164,108.62999725341797,109.47000122070312,107.7699966430664,108.4800033569336,1606500
2022-10-20,95.50717163085938,105.88999938964844,108.52999877929688,105.38999938964844,108.52999877929688,2015200
2022-10-21,96.9142074584961,107.44999694824219,107.86000061035156,105.06999969482422,106.23999786376953,2774800
2022-10-24,96.95929718017578,107.5,108.66999816894531,106.23999786376953,107.94999694824219,2037100
2022-10-25,98.42947387695312,109.12999725341797,109.37000274658203,107.20999908447266,107.54000091552734,2279900
2022-10-26,98.51968383789062,109.2300033569336,110.0199966430664,108.45999908447266,109.87000274658203,1845000
2022-10-27,98.56477355957031,109.27999877929688,112.12000274658203,108.94000244140625,109.77999877929688,2611000
2022-10-28,102.49726104736328,113.63999938964844,113.87999725341797,109.33000183105469,109.63999938964844,1584800
2022-10-31,101.11727142333984,112.11000061035156,113.3499984741211,111.33999633789062,113.30999755859375,2481300
2022-11-01,101.49610137939453,112.52999877929688,113.52999877929688,111.79000091552734,112.66999816894531,1221600
2022-11-02,100.1341552734375,111.0199966430664,113.69000244140625,110.87000274658203,112.2300033569336,1854400
2022-11-03,100.89180755615234,111.86000061035156,112.75,109.12000274658203,110.23999786376953,978300
2022-11-04,101.36983489990234,112.38999938964844,113.06999969482422,110.93000030517578,112.05999755859375,2148900
2022-11-07,99.8184814453125,110.66999816894531,112.73999786376953,109.27999877929688,112.47000122070312,939500
2022-11-08,100.34161376953125,111.25,112.1500015258789,110.5999984741211,111.37999725341797,1471800
2022-11-09,99.90866088867188,110.7699966430664,111.56999969482422,110.51000213623047,111.25,1252900
2022-11-10,104.2109603881836,115.54000091552734,115.7699966430664,111.37999725341797,113.5999984741211,1872300
2022-11-11,103.05646514892578,114.26000213623047,116.63999938964844,113.18000030517578,116.0999984741211,1434000
2022-11-14,101.96510314941406,113.05000305175781,115.62999725341797,112.87999725341797,114.56999969482422,1886300
2022-11-15,103.2549057006836,114.4800033569336,115.22000122070312,113.05000305175781,114.19999694824219,1260100
2022-11-16,103.8862533569336,115.18000030517578,115.98999786376953,114.43000030517578,114.4800033569336,1618500
2022-11-17,102.13648223876953,113.23999786376953,114.41000366210938,112.80000305175781,114.0199966430664,1464000
2022-11-18,103.36312866210938,114.5999984741211,116.5,114.38999938964844,114.5,2300300
2022-11-21,101.92001342773438,113.0,114.88999938964844,112.0,114.88999938964844,2967300
2022-11-22,102.5243148803711,113.66999816894531,114.9000015258789,113.0999984741211,113.68000030517578,1425500
2022-11-23,103.26390075683594,114.48999786376953,114.52999877929688,112.66000366210938,112.83000183105469,966000
2022-11-25,103.52549743652344,114.77999877929688,115.41999816894531,114.5999984741211,114.91000366210938,387000
2022-11-28,103.9945068359375,115.30000305175781,115.72000122070312,113.87999725341797,113.91000366210938,1965700
2022-11-29,102.93921661376953,114.12999725341797,115.29000091552734,113.45999908447266,114.76000213623047,1209200
2022-11-30,104.63488006591797,116.01000213623047,116.5,113.41000366210938,113.69999694824219,3527500
2022-12-01,104.73408508300781,116.12000274658203,118.25,116.06999969482422,117.08000183105469,1971100
2022-12-02,103.77803039550781,115.05999755859375,115.30000305175781,114.18000030517578,115.0,1320400
2022-12-05,102.8760757446289,114.05999755859375,115.19999694824219,113.80000305175781,114.19999694824219,1798000
2022-12-06,104.50859832763672,115.87000274658203,115.9800033569336,113.7699966430664,113.98999786376953,1325300
2022-12-07,103.19175720214844,114.41000366210938,116.72000122070312,114.1500015258789,115.70999908447266,982100
2022-12-08,106.12310028076172,117.66000366210938,117.91000366210938,115.16000366210938,115.8499984741211,1692100
2022-12-09,105.69918060302734,117.19000244140625,118.22000122070312,116.87999725341797,117.30000305175781,1456400
2022-12-12,108.36894226074219,120.1500015258789,120.19000244140625,117.4800033569336,118.13999938964844,1056700
2022-12-13,108.64854431152344,120.45999908447266,122.41000366210938,119.08000183105469,121.7300033569336,1587400
2022-12-14,108.77481079101562,120.5999984741211,122.18000030517578,119.76000213623047,120.91999816894531,2148200
2022-12-15,107.43091583251953,119.11000061035156,120.68000030517578,118.36000061035156,120.19000244140625,1419600
2022-12-16,105.30606842041016,115.81999969482422,117.16000366210938,114.63999938964844,116.81999969482422,3118400
2022-12-19,104.72416687011719,115.18000030517578,116.45999908447266,114.66000366210938,115.66999816894531,885400
2022-12-20,104.98783111572266,115.47000122070312,116.05000305175781,114.25,115.0999984741211,1339000
2022-12-21,106.76991271972656,117.43000030517578,117.44999694824219,115.8499984741211,116.08999633789062,1013100
2022-12-22,106.1516342163086,116.75,117.33000183105469,114.75,117.33000183105469,1518600
2022-12-23,107.77915954589844,118.54000091552734,118.56999969482422,116.33999633789062,116.33999633789062,710800
2022-12-27,108.40652465820312,119.2300033569336,119.5999984741211,118.30999755859375,118.9000015258789,579500
2022-12-28,107.48818969726562,118.22000122070312,120.16000366210938,118.05999755859375,119.38999938964844,603400
2022-12-29,108.36104583740234,119.18000030517578,119.76000213623047,118.5999984741211,118.66999816894531,530500
2022-12-30,106.86083221435547,117.52999877929688,119.16000366210938,116.51000213623047,119.06999969482422,550500
2023-01-03,107.1608657836914,117.86000061035156,118.33999633789062,116.20999908447266,117.75,810900
2023-01-04,108.70655822753906,119.55999755859375,120.38999938964844,118.25,118.4000015258789,971100
2023-01-05,105.99708557128906,116.58000183105469,119.41000366210938,116.41000366210938,118.73999786376953,838900
2023-01-06,108.59744262695312,119.44000244140625,119.83999633789062,117.1500015258789,117.76000213623047,817500
2023-01-09,109.52485656738281,120.45999908447266,121.22000122070312,119.16999816894531,119.16999816894531,899800
2023-01-10,109.12478637695312,120.0199966430664,120.19000244140625,119.0199966430664,120.0999984741211,661700
2023-01-11,109.76126098632812,120.72000122070312,121.31999969482422,119.83999633789062,119.83999633789062,669400
2023-01-12,108.5519790649414,119.38999938964844,121.25,119.0999984741211,120.94999694824219,947500
2023-01-13,107.22451782226562,117.93000030517578,118.94000244140625,117.12999725341797,118.7300033569336,870700
2023-01-17,106.66079711914062,117.30999755859375,118.9000015258789,116.97000122070312,118.20999908447266,1192400
2023-01-18,103.56036376953125,113.9000015258789,117.79000091552734,113.7699966430664,117.79000091552734,1313100
2023-01-19,102.34198760986328,112.55999755859375,113.94000244140625,112.26000213623047,113.87999725341797,823700
2023-01-20,103.62400817871094,113.97000122070312,114.05999755859375,110.44999694824219,112.45999908447266,1566900
2023-01-23,103.44215393066406,113.7699966430664,114.8499984741211,113.11000061035156,114.05999755859375,1032300
2023-01-24,103.13301849365234,113.43000030517578,114.31999969482422,112.30000305175781,114.31999969482422,743900
2023-01-25,103.11483764648438,113.41000366210938,113.44000244140625,112.30999755859375,112.83999633789062,884200
2023-01-26,103.06028747558594,113.3499984741211,113.77999877929688,112.51000213623047,112.97000122070312,723400
2023-01-27,103.27849578857422,113.58999633789062,114.01000213623047,112.47000122070312,113.13999938964844,891100
2023-01-30,103.95130920410156,114.33000183105469,115.26000213623047,113.1500015258789,113.36000061035156,888700
2023-01-31,105.80614471435547,116.37000274658203,116.37999725341797,114.0,115.0999984741211,1168500
2023-02-01,105.64247131347656,116.19000244140625,116.87000274658203,115.02999877929688,115.66000366210938,1491200
2023-02-02,104.29682922363281,114.70999908447266,117.19000244140625,114.52999877929688,116.37000274658203,1707800
2023-02-03,102.52384185791016,112.76000213623047,114.08000183105469,110.7300033569336,113.72000122070312,1423700
2023-02-06,103.48761749267578,113.81999969482422,113.87999725341797,112.12999725341797,112.5199966430664,850500
2023-02-07,103.38760375976562,113.70999908447266,113.93000030517578,111.95999908447266,113.13999938964844,1030800
2023-02-08,102.08740234375,112.27999877929688,113.18000030517578,111.43000030517578,112.47000122070312,1045200
2023-02-09,101.83283996582031,112.0,113.19000244140625,111.69999694824219,112.52999877929688,1636000
2023-02-10,103.36032104492188,113.68000030517578,113.69999694824219,112.0199966430664,112.30999755859375,888900
2023-02-13,103.68766021728516,114.04000091552734,114.20999908447266,113.36000061035156,113.68000030517578,592400
2023-02-14,103.37850189208984,113.69999694824219,114.41999816894531,113.3499984741211,113.9800033569336,1231900
2023-02-15,103.84221649169922,114.20999908447266,114.41999816894531,112.91000366210938,113.0999984741211,996700
2023-02-16,103.10574340820312,113.4000015258789,113.94000244140625,111.91999816894531,113.16000366210938,1167600
2023-02-17,104.83326721191406,115.30000305175781,115.77999877929688,113.19000244140625,113.66999816894531,1025800
2023-02-21,102.96026611328125,113.23999786376953,114.80999755859375,112.91999816894531,114.7699966430664,1283700
2023-02-22,102.56932067871094,112.80999755859375,113.87999725341797,112.25,113.58000183105469,1389300
2023-02-23,102.12378692626953,112.31999969482422,114.91000366210938,111.4800033569336,114.91000366210938,1248900
2023-02-24,102.74205780029297,113.0,113.0999984741211,110.63999938964844,111.4000015258789,1745000
2023-02-27,101.41459655761719,111.54000091552734,114.08999633789062,111.2300033569336,113.55000305175781,1374300
2023-02-28,99.75071716308594,109.70999908447266,111.37999725341797,109.41000366210938,111.0,2037900
2023-03-01,97.15943908691406,106.86000061035156,108.91000366210938,106.11000061035156,108.62999725341797,1910000
2023-03-02,98.52325439453125,108.36000061035156,108.36000061035156,106.47000122070312,106.68000030517578,1891500
2023-03-03,99.42338562011719,109.3499984741211,109.55999755859375,107.5,108.30999755859375,1399900
2023-03-06,99.03243255615234,108.91999816894531,110.27999877929688,108.66000366210938,109.20999908447266,1384300
2023-03-07,96.65028381347656,106.30000305175781,109.12000274658203,105.55999755859375,108.91999816894531,2667900
2023-03-08,97.58678436279297,107.33000183105469,107.4800033569336,105.9800033569336,106.29000091552734,1253500
2023-03-09,97.04124450683594,106.7300033569336,108.77999877929688,106.27999877929688,107.81999969482422,1271800
2023-03-10,94.9954833984375,104.4800033569336,107.19000244140625,103.80999755859375,107.05000305175781,1153500
2023-03-13,97.16853332519531,106.87000274658203,109.0999984741211,104.25,104.58999633789062,1337200
2023-03-14,97.72315979003906,107.4800033569336,108.36000061035156,106.22000122070312,107.7300033569336,1349200
2023-03-15,99.07789611816406,108.97000122070312,109.91000366210938,106.58000183105469,107.31999969482422,1701800
2023-03-16,99.30520629882812,109.22000122070312,110.06999969482422,108.05000305175781,108.61000061035156,1380900
2023-03-17,98.17977905273438,107.04000091552734,108.45999908447266,106.44000244140625,108.06999969482422,2379600
2023-03-20,99.42720794677734,108.4000015258789,108.83999633789062,107.33000183105469,107.33000183105469,1742100
2023-03-21,97.4918441772461,106.29000091552734,108.44999694824219,104.76000213623047,108.44999694824219,1285600
2023-03-22,95.37306213378906,103.9800033569336,106.48999786376953,103.97000122070312,105.83000183105469,1055100
2023-03-23,94.1623306274414,102.66000366210938,104.73999786376953,102.2699966430664,103.80999755859375,912800
2023-03-24,97.91377258300781,106.75,106.79000091552734,102.86000061035156,102.94999694824219,1022900
2023-03-27,96.9415054321289,105.69000244140625,107.87000274658203,105.22000122070312,107.44000244140625,1495900
2023-03-28,97.45514678955078,106.25,107.41999816894531,105.30000305175781,105.63999938964844,919600
2023-03-29,99.0052719116211,107.94000244140625,108.55999755859375,106.77999877929688,106.77999877929688,935300
2023-03-30,99.69319152832031,108.69000244140625,109.01000213623047,108.18000030517578,108.33000183105469,840100
2023-03-31,100.47282409667969,109.54000091552734,109.61000061035156,108.25,108.83999633789062,1693500
2023-04-03,99.96834564208984,108.98999786376953,109.80999755859375,107.97000122070312,109.12000274658203,1603400
2023-04-04,99.71153259277344,108.70999908447266,109.33000183105469,108.30000305175781,109.04000091552734,1462400
2023-04-05,102.84844207763672,112.12999725341797,112.63999938964844,109.12999725341797,109.12999725341797,1212200
2023-04-06,104.42606353759766,113.8499984741211,114.01000213623047,112.44999694824219,112.7699966430664,1754000
2023-04-10,104.18758392333984,113.58999633789062,113.8499984741211,112.22000122070312,113.13999938964844,1179000
2023-04-11,104.4811019897461,113.91000366210938,114.33000183105469,113.12000274658203,113.63999938964844,997400
2023-04-12,104.30683135986328,113.72000122070312,114.62999725341797,113.2300033569336,114.02999877929688,1499400
2023-04-13,103.8115234375,113.18000030517578,113.86000061035156,111.2699966430664,113.12999725341797,1504000
2023-04-14,103.62808990478516,112.9800033569336,113.3499984741211,112.02999877929688,112.44000244140625,1418100
2023-04-17,103.37126922607422,112.69999694824219,113.8499984741211,111.7699966430664,113.29000091552734,1022200
2023-04-18,102.76588439941406,112.04000091552734,112.77999877929688,111.5999984741211,112.44000244140625,1121100
2023-04-19,103.47216796875,112.80999755859375,113.51000213623047,112.16000366210938,112.62999725341797,826300
2023-04-20,103.98580932617188,113.37000274658203,113.55000305175781,112.23999786376953,113.0,1079200
2023-04-21,104.27931213378906,113.69000244140625,114.33000183105469,112.93000030517578,114.30999755859375,534600
2023-04-24,104.87550354003906,114.33999633789062,114.45999908447266,112.95999908447266,113.72000122070312,589500
2023-04-25,105.30660247802734,114.80999755859375,115.62999725341797,113.94999694824219,114.3499984741211,791800
2023-04-26,103.61890411376953,112.97000122070312,115.0999984741211,112.91999816894531,114.08000183105469,1027700
2023-04-27,104.05917358398438,113.44999694824219,116.0199966430664,112.44999694824219,112.44999694824219,1126500
2023-04-28,103.10527038574219,112.41000366210938,114.16000366210938,111.2699966430664,113.4000015258789,1088400
2023-05-01,103.60973358154297,112.95999908447266,113.91999816894531,111.75,112.0,1092000
2023-05-02,102.3623046875,111.5999984741211,113.16000366210938,111.0,113.16000366210938,936700
2023-05-03,102.38982391357422,111.62999725341797,113.12000274658203,111.2699966430664,112.41000366210938,856900
2023-05-04,103.35291290283203,112.68000030517578,112.93000030517578,110.95999908447266,111.88999938964844,751400
2023-05-05,103.97662353515625,113.36000061035156,113.36000061035156,112.22000122070312,112.22000122070312,823200
2023-05-08,103.64643096923828,113.0,113.76000213623047,112.18000030517578,112.7300033569336,791800
2023-05-09,103.93992614746094,113.31999969482422,113.69999694824219,112.20999908447266,112.83000183105469,859900
2023-05-10,104.53614044189453,113.97000122070312,114.83000183105469,112.70999908447266,114.0,1067400
2023-05-11,103.70145416259766,113.05999755859375,114.05999755859375,112.4000015258789,113.7300033569336,872300
2023-05-12,104.05917358398438,113.44999694824219,114.31999969482422,112.69999694824219,113.68000030517578,733600
2023-05-15,103.4171371459961,112.75,113.88999938964844,111.58999633789062,113.7300033569336,671500
2023-05-16,101.13323211669922,110.26000213623047,112.81999969482422,110.0199966430664,112.81999969482422,759700
2023-05-17,100.06924438476562,109.0999984741211,110.5999984741211,108.5999984741211,110.5999984741211,858700
2023-05-18,99.88581085205078,108.9000015258789,109.22000122070312,107.83000183105469,108.38999938964844,1257200
2023-05-19,99.57395935058594,108.55999755859375,109.66000366210938,108.5199966430664,109.41999816894531,1202400
2023-05-22,99.89498138427734,108.91000366210938,109.66000366210938,108.54000091552734,108.83999633789062,784200
2023-05-23,100.1242904663086,109.16000366210938,110.47000122070312,108.69000244140625,108.69999694824219,1917300
2023-05-24,99.50057220458984,108.4800033569336,109.30999755859375,108.23999786376953,109.04000091552734,1265900
2023-05-25,98.1339111328125,106.98999786376953,108.66000366210938,106.62000274658203,108.0,1105900
2023-05-26,97.69364166259766,106.51000213623047,107.05000305175781,105.66000366210938,106.80000305175781,785800
2023-05-30,97.62944030761719,106.44000244140625,107.29000091552734,106.08000183105469,106.5999984741211,993900
2023-05-31,98.69340515136719,107.5999984741211,108.22000122070312,106.3499984741211,106.63999938964844,1546400
2023-06-01,98.38156127929688,107.26000213623047,108.11000061035156,105.7699966430664,107.87000274658203,1515600
2023-06-02,99.86744689941406,108.87999725341797,109.31999969482422,106.2300033569336,106.41000366210938,1596800
2023-06-05,100.31690216064453,109.37000274658203,110.77999877929688,108.83000183105469,109.08000183105469,1259400
2023-06-06,100.51869201660156,109.58999633789062,110.55000305175781,109.2300033569336,110.44999694824219,1378000
2023-06-07,102.0412826538086,111.25,111.5199966430664,108.79000091552734,109.73999786376953,1525900
2023-06-08,102.7016830444336,111.97000122070312,112.38999938964844,110.3499984741211,111.06999969482422,1651900
2023-06-09,102.20638275146484,111.43000030517578,112.83000183105469,111.19999694824219,112.02999877929688,1605600
2023-06-12,101.95873260498047,111.16000366210938,112.0,110.5,111.80000305175781,1429400
2023-06-13,103.05023193359375,112.3499984741211,112.56999969482422,109.98999786376953,110.22000122070312,1897100
2023-06-14,103.60055541992188,112.94999694824219,114.62999725341797,112.56999969482422,112.66999816894531,2699300
2023-06-15,105.37014770507812,113.91000366210938,114.16000366210938,112.11000061035156,112.7300033569336,1854900
2023-06-16,105.56439971923828,114.12000274658203,115.16999816894531,113.88999938964844,114.55999755859375,4874900
2023-06-20,104.70411682128906,113.19000244140625,114.36000061035156,113.04000091552734,114.27999877929688,1789200
2023-06-21,105.10189056396484,113.62000274658203,113.94000244140625,111.51000213623047,112.7300033569336,1591600
2023-06-22,104.47286987304688,112.94000244140625,114.5199966430664,112.27999877929688,114.0,1180100
2023-06-23,101.75328826904297,110.0,113.2699966430664,109.54000091552734,113.2699966430664,2196200
2023-06-26,102.2157974243164,110.5,110.95999908447266,109.26000213623047,110.3499984741211,1240200
2023-06-27,102.37303161621094,110.66999816894531,111.37000274658203,110.41000366210938,110.52999877929688,931400
2023-06-28,100.80049896240234,108.97000122070312,110.61000061035156,108.37000274658203,110.61000061035156,1976700
2023-06-29,101.05950927734375,109.25,110.06999969482422,107.86000061035156,108.16999816894531,1641800
2023-06-30,101.77177429199219,110.0199966430664,110.22000122070312,108.56999969482422,109.61000061035156,1578700
2023-07-03,102.9095687866211,111.25,111.2699966430664,109.4800033569336,110.0199966430664,676500
2023-07-05,104.06584930419922,112.5,113.08000183105469,110.87999725341797,110.93000030517578,1325600
2023-07-06,102.8355484008789,111.16999816894531,111.91000366210938,110.93000030517578,111.9000015258789,1233300
2023-07-07,101.74402618408203,109.98999786376953,110.97000122070312,109.77999877929688,110.13999938964844,1172000
2023-07-10,101.29076385498047,109.5,110.05000305175781,108.25,109.66000366210938,986700
2023-07-11,102.53955078125,110.8499984741211,110.9800033569336,109.2699966430664,109.66999816894531,766300
2023-07-12,104.35261535644531,112.80999755859375,113.16000366210938,111.37999725341797,111.41999816894531,1177400
2023-07-13,104.92613220214844,113.43000030517578,113.44000244140625,112.4000015258789,112.86000061035156,908300
2023-07-14,104.48210906982422,112.94999694824219,113.41000366210938,112.43000030517578,113.12999725341797,859000
2023-07-17,102.36380767822266,110.66000366210938,112.94000244140625,110.63999938964844,112.94000244140625,831800
2023-07-18,101.11500549316406,109.30999755859375,111.77999877929688,108.66000366210938,110.44999694824219,892300
2023-07-19,102.90030670166016,111.23999786376953,111.27999877929688,109.68000030517578,109.68000030517578,1015700
2023-07-20,104.64861297607422,113.12999725341797,113.26000213623047,110.58000183105469,111.69999694824219,777800
2023-07-21,106.48943328857422,115.12000274658203,115.41999816894531,113.0199966430664,113.5,1082900
2023-07-24,106.38766479492188,115.01000213623047,115.47000122070312,114.30000305175781,115.20999908447266,829800
2023-07-25,106.78543853759766,115.44000244140625,115.94000244140625,114.7300033569336,115.02999877929688,768100
2023-07-26,107.1832046508789,115.87000274658203,116.69999694824219,115.02999877929688,115.5,1011100
2023-07-27,105.76790618896484,114.33999633789062,116.7300033569336,113.9800033569336,115.87000274658203,1363400
2023-07-28,105.05563354492188,113.56999969482422,115.83999633789062,113.04000091552734,115.41000366210938,816800
2023-07-31,105.73091888427734,114.30000305175781,114.94999694824219,113.6500015258789,114.01000213623047,1191800
2023-08-01,104.66712951660156,113.1500015258789,114.52999877929688,113.04000091552734,113.94999694824219,1504200
2023-08-02,104.61161804199219,113.08999633789062,113.83999633789062,112.69999694824219,112.73999786376953,921800
2023-08-03,101.27226257324219,109.4800033569336,112.94000244140625,109.44000244140625,112.5,1126600
2023-08-04,99.7922134399414,107.87999725341797,110.25,107.13999938964844,109.5999984741211,1211800
2023-08-07,99.69971466064453,107.77999877929688,109.04000091552734,107.76000213623047,108.56999969482422,1198600
2023-08-08,100.0419692993164,108.1500015258789,108.2699966430664,106.94999694824219,107.72000122070312,1065000
2023-08-09,100.18997192382812,108.30999755859375,109.5,107.55000305175781,107.55000305175781,945400
2023-08-10,99.2372055053711,107.27999877929688,109.22000122070312,106.80999755859375,108.47000122070312,925600
2023-08-11,99.80146026611328,107.88999938964844,108.08999633789062,107.12000274658203,107.58000183105469,815600
2023-08-14,98.55268096923828,106.54000091552734,107.80000305175781,106.01000213623047,107.68000030517578,946900
2023-08-15,96.56385803222656,104.38999938964844,105.83000183105469,104.3499984741211,105.75,1045700
2023-08-16,96.8968734741211,104.75,105.41000366210938,104.52999877929688,104.69000244140625,1089800
2023-08-17,96.99864196777344,104.86000061035156,105.9000015258789,104.69000244140625,104.87999725341797,872400
2023-08-18,97.67389678955078,105.58999633789062,105.93000030517578,104.66999816894531,105.04000091552734,664400
2023-08-21,96.94312286376953,104.80000305175781,105.45999908447266,104.04000091552734,105.26000213623047,1319300
2023-08-22,97.10037994384766,104.97000122070312,105.38999938964844,104.41000366210938,104.86000061035156,697400
2023-08-23,97.37788391113281,105.2699966430664,105.61000061035156,104.47000122070312,105.61000061035156,1170000
2023-08-24,96.6193618774414,104.44999694824219,106.72000122070312,104.30000305175781,104.83999633789062,953400
2023-08-25,97.05413055419922,104.91999816894531,105.68000030517578,104.38999938964844,104.95999908447266,963600
2023-08-28,97.10037994384766,104.97000122070312,105.81999969482422,104.70999908447266,105.0,750200
2023-08-29,97.2483901977539,105.12999725341797,105.79000091552734,104.6500015258789,105.22000122070312,586000
2023-08-30,96.88761138916016,104.73999786376953,105.43000030517578,104.18000030517578,105.08000183105469,700800
2023-08-31,95.62957763671875,103.37999725341797,105.41999816894531,103.3499984741211,105.3499984741211,801300
2023-09-01,94.51954650878906,102.18000030517578,104.12999725341797,101.30999755859375,104.01000213623047,1110300
2023-09-05,93.19676208496094,100.75,102.1500015258789,100.06999969482422,102.0199966430664,1386900
2023-09-06,93.32625579833984,100.88999938964844,101.27999877929688,100.4000015258789,100.80000305175781,1203600
2023-09-07,94.54729461669922,102.20999908447266,102.66999816894531,101.45999908447266,101.56999969482422,980300
2023-09-08,94.96356201171875,102.66000366210938,102.79000091552734,102.0199966430664,102.30000305175781,1082900
2023-09-11,95.29656982421875,103.0199966430664,103.47000122070312,102.44000244140625,102.44000244140625,1763700
2023-09-12,96.12909698486328,103.91999816894531,104.20999908447266,102.62000274658203,103.05000305175781,1220600
2023-09-13,98.09941864013672,106.05000305175781,106.16999816894531,103.58999633789062,104.08999633789062,1702600
2023-09-14,98.7376708984375,106.73999786376953,107.1500015258789,106.22000122070312,106.63999938964844,1718300
2023-09-15,99.6645278930664,106.77999877929688,107.3499984741211,106.25,106.33000183105469,3064600
2023-09-18,99.8698501586914,107.0,107.3499984741211,106.13999938964844,106.77999877929688,1453400
2023-09-19,99.2911605834961,106.37999725341797,107.62999725341797,106.33999633789062,107.0,1207800
2023-09-20,99.57117462158203,106.68000030517578,107.86000061035156,105.9800033569336,106.69999694824219,806700
2023-09-21,99.0204849243164,106.08999633789062,107.3499984741211,105.66999816894531,106.5199966430664,1562100
2023-09-22,99.13249969482422,106.20999908447266,106.52999877929688,105.3499984741211,105.66000366210938,1982300
2023-09-25,98.61914825439453,105.66000366210938,105.88999938964844,104.7699966430664,105.41000366210938,1066600
2023-09-26,95.35237884521484,102.16000366210938,105.31999969482422,102.08000183105469,105.30000305175781,1678000
2023-09-27,93.84032440185547,100.54000091552734,102.18000030517578,99.98999786376953,101.83000183105469,1164100
2023-09-28,92.05760192871094,98.62999725341797,101.1500015258789,98.58000183105469,101.0999984741211,1739600
2023-09-29,92.66429901123047,99.27999877929688,100.31999969482422,98.4000015258789,99.69000244140625,1268400
2023-10-02,89.12683868408203,95.48999786376953,99.0,94.11000061035156,98.66999816894531,2346400
2023-10-03,90.87223052978516,97.36000061035156,97.83000183105469,93.8499984741211,94.54000091552734,2240200
2023-10-04,90.6388931274414,97.11000061035156,98.04000091552734,95.58999633789062,97.9000015258789,1444200
2023-10-05,87.92280578613281,94.19999694824219,97.58000183105469,93.12999725341797,97.33000183105469,3500500
2023-10-06,88.81883239746094,95.16000366210938,95.44000244140625,90.13999938964844,92.68000030517578,2534100
2023-10-09,90.15354919433594,96.58999633789062,96.5999984741211,95.02999877929688,95.16999816894531,1059900
2023-10-10,90.87223052978516,97.36000061035156,97.6500015258789,96.20999908447266,96.72000122070312,869700
2023-10-11,91.32024383544922,97.83999633789062,98.08999633789062,96.23999786376953,97.70999908447266,1494000
2023-10-12,89.62151336669922,96.0199966430664,97.83999633789062,95.30999755859375,97.41999816894531,1774000
2023-10-13,91.34825134277344,97.87000274658203,97.87000274658203,96.61000061035156,96.91999816894531,1241000
2023-10-16,91.88026428222656,98.44000244140625,98.70999908447266,97.30999755859375,98.33000183105469,1564200
2023-10-17,91.96426391601562,98.52999877929688,99.18000030517578,97.70999908447266,97.70999908447266,939000
2023-10-18,90.6388931274414,97.11000061035156,98.75,96.93000030517578,98.16000366210938,1385800
2023-10-19,90.29354095458984,96.73999786376953,97.93000030517578,96.33999633789062,96.75,1144500
2023-10-20,90.20953369140625,96.6500015258789,98.05999755859375,96.6500015258789,96.83999633789062,1427800
2023-10-23,89.5748519897461,95.97000122070312,97.36000061035156,94.5999984741211,95.33999633789062,1740000
2023-10-24,91.18956756591797,97.69999694824219,98.0199966430664,96.80000305175781,96.9800033569336,1007400
2023-10-25,91.41358947753906,97.94000244140625,98.25,97.16999816894531,97.36000061035156,1646700
2023-10-26,91.79624938964844,98.3499984741211,99.9000015258789,97.98999786376953,98.31999969482422,1275100
2023-10-27,90.45221710205078,96.91000366210938,98.83999633789062,96.76000213623047,97.94999694824219,1227700
2023-10-30,89.89219665527344,96.30999755859375,98.08000183105469,95.4800033569336,96.9800033569336,1305000
2023-10-31,89.9575424194336,96.37999725341797,97.08999633789062,95.5199966430664,96.86000061035156,1871100
2023-11-01,90.17221069335938,96.61000061035156,98.08000183105469,92.58000183105469,94.19999694824219,3470300
2023-11-02,92.22560119628906,98.80999755859375,99.94999694824219,96.44999694824219,96.44999694824219,1846400
2023-11-03,93.50431060791016,100.18000030517578,101.55999755859375,99.9000015258789,100.41999816894531,1728700
2023-11-06,92.09493255615234,98.66999816894531,100.37000274658203,98.66999816894531,100.1500015258789,1528200
2023-11-07,91.96426391601562,98.52999877929688,98.86000061035156,98.13999938964844,98.73999786376953,1375200
2023-11-08,91.97360229492188,98.54000091552734,98.97000122070312,97.30999755859375,98.0999984741211,2276500
2023-11-09,91.93627166748047,98.5,99.94999694824219,98.37000274658203,98.70999908447266,2056000
2023-11-10,92.00160217285156,98.56999969482422,99.12999725341797,98.05000305175781,99.12999725341797,1315000
2023-11-13,91.15223693847656,97.66000366210938,98.69000244140625,97.43000030517578,98.55000305175781,1599900
2023-11-14,94.96971130371094,101.75,101.8499984741211,99.30999755859375,99.41000366210938,1392100
2023-11-15,95.26837158203125,102.06999969482422,103.04000091552734,101.26000213623047,101.44000244140625,1238200
2023-11-16,96.44441223144531,103.33000183105469,103.80999755859375,101.94000244140625,102.83999633789062,1813700
2023-11-17,96.6964111328125,103.5999984741211,104.01000213623047,102.66000366210938,104.01000213623047,1502500
2023-11-20,96.01506805419922,102.87000274658203,103.45999908447266,101.44000244140625,103.04000091552734,1392700
2023-11-21,96.37908172607422,103.26000213623047,103.48999786376953,102.08000183105469,103.02999877929688,1062400
2023-11-22,97.68578338623047,104.66000366210938,105.08999633789062,102.91000366210938,103.36000061035156,1687600
2023-11-24,98.34846496582031,105.37000274658203,105.93000030517578,104.6500015258789,104.76000213623047,1220300
2023-11-27,97.87246704101562,104.86000061035156,105.5999984741211,104.4800033569336,105.5,1382700
2023-11-28,98.02179718017578,105.0199966430664,106.08999633789062,104.62999725341797,104.98999786376953,1186600
2023-11-29,97.2004165649414,104.13999938964844,105.83999633789062,103.66000366210938,105.08000183105469,1193700
2023-11-30,97.17242431640625,104.11000061035156,104.30000305175781,103.37000274658203,104.29000091552734,1568900
2023-12-01,100.9618911743164,108.16999816894531,108.25,103.73999786376953,104.12999725341797,2802700
2023-12-04,101.18589782714844,108.41000366210938,109.26000213623047,107.30999755859375,107.76000213623047,1365900
2023-12-05,99.55250549316406,106.66000366210938,108.48999786376953,106.43000030517578,108.48999786376953,1403200
2023-12-06,100.17786407470703,107.33000183105469,107.72000122070312,106.63999938964844,106.93000030517578,1152700
2023-12-07,100.07518768310547,107.22000122070312,107.97000122070312,106.61000061035156,107.5999984741211,1401800
2023-12-08,101.37256622314453,108.61000061035156,108.69000244140625,106.9000015258789,107.4800033569336,2139000
2023-12-11,102.7539291381836,110.08999633789062,110.18000030517578,107.83999633789062,108.58000183105469,1419100
2023-12-12,102.59526062011719,109.91999816894531,110.43000030517578,108.58000183105469,110.43000030517578,1211900
2023-12-13,105.76869201660156,113.31999969482422,113.47000122070312,109.0999984741211,110.0,1227000
2023-12-14,104.93800354003906,112.43000030517578,114.62000274658203,112.16000366210938,114.29000091552734,1710300
2023-12-15,103.51573944091797,109.9000015258789,111.3499984741211,108.9800033569336,110.37000274658203,2690000
2023-12-18,103.44038391113281,109.81999969482422,111.05999755859375,109.41999816894531,110.2300033569336,1026700
2023-12-19,104.35403442382812,110.79000091552734,110.9000015258789,109.62999725341797,110.04000091552734,886700
2023-12-20,102.9882583618164,109.33999633789062,111.25,109.31999969482422,110.62000274658203,1165100
2023-12-21,103.36502838134766,109.73999786376953,110.87000274658203,108.9800033569336,109.62999725341797,897700
2023-12-22,103.25199890136719,109.62000274658203,111.38999938964844,109.55000305175781,110.47000122070312,950000
2023-12-26,103.77003479003906,110.16999816894531,110.69000244140625,109.41000366210938,109.41000366210938,522200
2023-12-27,103.31793212890625,109.69000244140625,110.08000183105469,109.30000305175781,110.0,693100
2023-12-28,103.99610900878906,110.41000366210938,110.5199966430664,109.44000244140625,109.44000244140625,518200
2023-12-29,103.85482025146484,110.26000213623047,110.55000305175781,109.69000244140625,109.95999908447266,691600
2024-01-02,105.26766967773438,111.76000213623047,112.05999755859375,109.7699966430664,109.83999633789062,954200
2024-01-03,104.53298950195312,110.9800033569336,112.05000305175781,110.51000213623047,112.05000305175781,1308000
2024-01-04,104.10912322998047,110.52999877929688,111.63999938964844,110.29000091552734,111.29000091552734,1016300
2024-01-05,104.22216796875,110.6500015258789,111.12999725341797,109.87000274658203,110.16999816894531,985600
2024-01-08,105.0416259765625,111.5199966430664,111.63999938964844,109.69999694824219,109.95999908447266,787500
2024-01-09,104.50472259521484,110.94999694824219,111.55999755859375,110.5999984741211,111.11000061035156,652900
2024-01-10,104.39171600341797,110.83000183105469,111.31999969482422,110.44999694824219,110.76000213623047,676100
2024-01-11,101.74492645263672,108.0199966430664,110.45999908447266,107.61000061035156,110.45999908447266,519600
2024-01-12,102.52671813964844,108.8499984741211,109.01000213623047,107.9800033569336,108.81999969482422,827300
2024-01-16,101.3493423461914,107.5999984741211,108.08999633789062,106.83000183105469,107.55000305175781,1332400
2024-01-17,99.56912994384766,105.70999908447266,108.29000091552734,105.37000274658203,106.94000244140625,760900
2024-01-18,98.75908660888672,104.8499984741211,105.31999969482422,104.0,105.0199966430664,786000
2024-01-19,98.44825744628906,104.5199966430664,105.55999755859375,103.95999908447266,105.27999877929688,1016900
2024-01-22,97.86428833007812,103.9000015258789,105.43000030517578,103.2699966430664,104.2300033569336,849000
2024-01-23,98.40116882324219,104.47000122070312,104.48999786376953,103.2300033569336,103.88999938964844,765600
2024-01-24,96.41373443603516,102.36000061035156,105.30999755859375,102.16999816894531,105.30999755859375,1491900
2024-01-25,97.77008819580078,103.80000305175781,104.05000305175781,102.5,103.58000183105469,1458200
2024-01-26,97.57228088378906,103.58999633789062,104.33999633789062,103.2300033569336,104.30000305175781,1165300
2024-01-29,97.80775451660156,103.83999633789062,104.2300033569336,102.93000030517578,103.58000183105469,1566400
2024-01-30,98.48593139648438,104.55999755859375,105.69999694824219,103.06999969482422,103.4800033569336,1614800
2024-01-31,99.29597473144531,105.41999816894531,106.47000122070312,104.55000305175781,105.79000091552734,1533700
2024-02-01,101.22689056396484,107.47000122070312,107.51000213623047,104.2300033569336,104.81999969482422,1316700
2024-02-02,98.9757308959961,105.08000183105469,106.54000091552734,104.2699966430664,106.44000244140625,1437400
2024-02-05,97.88311767578125,103.91999816894531,105.13999938964844,103.26000213623047,104.05999755859375,1395700
2024-02-06,98.15628051757812,104.20999908447266,104.41999816894531,103.12000274658203,103.62999725341797,1068000
2024-02-07,99.10758972167969,105.22000122070312,105.80999755859375,103.9800033569336,104.5,1692900
2024-02-08,98.17510986328125,104.2300033569336,106.4800033569336,102.77999877929688,105.0,1847800
2024-02-09,98.34465026855469,104.41000366210938,104.66999816894531,103.13999938964844,104.19999694824219,1118600
2024-02-12,100.20021057128906,106.37999725341797,106.72000122070312,104.16999816894531,104.51000213623047,1459800
2024-02-13,98.31639862060547,104.37999725341797,106.06999969482422,103.12000274658203,105.66999816894531,1697600
2024-02-14,99.21121215820312,105.33000183105469,105.94999694824219,104.2300033569336,104.44999694824219,1273600
2024-02-15,101.50946807861328,107.7699966430664,107.80999755859375,105.88999938964844,105.88999938964844,1231900
2024-02-16,101.5377197265625,107.80000305175781,108.58999633789062,106.94999694824219,107.18000030517578,1273300
2024-02-20,101.38702392578125,107.63999938964844,109.4000015258789,107.33999633789062,107.79000091552734,1023100
2024-02-21,102.81871795654297,109.16000366210938,109.4800033569336,107.73999786376953,108.33000183105469,1135600
2024-02-22,100.80303192138672,107.0199966430664,108.22000122070312,106.79000091552734,108.22000122070312,1486800
2024-02-23,102.14996337890625,108.44999694824219,108.83999633789062,107.20999908447266,107.30000305175781,1127000
2024-02-26,100.02124786376953,106.19000244140625,107.81999969482422,105.95999908447266,107.81999969482422,897300
2024-02-27,101.09503173828125,107.33000183105469,107.47000122070312,106.26000213623047,106.87999725341797,780600
2024-02-28,101.82029724121094,108.0999984741211,108.26000213623047,106.86000061035156,107.16000366210938,906700
2024-02-29,102.0557632446289,108.3499984741211,109.26000213623047,107.66999816894531,108.62000274658203,1387800
2024-03-01,101.82971954345703,108.11000061035156,108.30999755859375,106.12000274658203,108.02999877929688,1322000
2024-03-04,103.4215316772461,109.80000305175781,109.83000183105469,107.54000091552734,107.54000091552734,760700
2024-03-05,103.60050201416016,109.98999786376953,112.11000061035156,109.73999786376953,110.0,1269300
2024-03-06,105.26766967773438,111.76000213623047,112.16000366210938,110.87999725341797,111.0,1101100
2024-03-07,106.11539459228516,112.66000366210938,112.86000061035156,111.95999908447266,112.19000244140625,927100
2024-03-08,106.26609802246094,112.81999969482422,113.08999633789062,111.73999786376953,113.0199966430664,1128100
2024-03-11,106.38854217529297,112.94999694824219,114.05000305175781,112.27999877929688,113.01000213623047,1170400
2024-03-12,104.43878936767578,110.87999725341797,112.80999755859375,110.69999694824219,112.44000244140625,862100
2024-03-13,104.60833740234375,111.05999755859375,112.19000244140625,110.81999969482422,111.44999694824219,1137900
2024-03-14,103.03535461425781,109.38999938964844,110.88999938964844,108.22000122070312,110.66999816894531,1543200
2024-03-15,103.13993835449219,108.4800033569336,110.02999877929688,108.01000213623047,108.16000366210938,2305400
2024-03-18,104.0907211303711,109.4800033569336,109.80000305175781,108.19000244140625,108.48999786376953,1113900
2024-03-19,105.01296997070312,110.44999694824219,111.0999984741211,109.5199966430664,109.86000061035156,1378000
2024-03-20,104.62313842773438,110.04000091552734,111.20999908447266,109.61000061035156,110.16000366210938,1770100
2024-03-21,103.77696228027344,109.1500015258789,110.72000122070312,109.0999984741211,110.08000183105469,1200300
2024-03-22,103.5202407836914,108.87999725341797,109.98999786376953,108.77999877929688,109.98999786376953,1076500
2024-03-25,103.08289337158203,108.41999816894531,109.30000305175781,107.88999938964844,109.30000305175781,1045100
2024-03-26,101.85639190673828,107.12999725341797,108.9800033569336,107.06999969482422,108.47000122070312,1110800
2024-03-27,105.82112884521484,111.30000305175781,111.41000366210938,107.94999694824219,107.94999694824219,1668700
2024-03-28,106.6197738647461,112.13999938964844,112.30999755859375,110.97000122070312,111.31999969482422,990500
2024-04-01,105.27919006347656,110.7300033569336,112.13999938964844,110.27999877929688,112.13999938964844,847500
2024-04-02,105.6214599609375,111.08999633789062,112.5,110.52999877929688,110.94999694824219,1268900
2024-04-03,104.83232116699219,110.26000213623047,111.41000366210938,110.02999877929688,111.30000305175781,1256900
2024-04-04,104.16677856445312,109.55999755859375,111.22000122070312,108.81999969482422,111.0,1210600
2024-04-05,103.72942352294922,109.0999984741211,109.73999786376953,108.3499984741211,108.7699966430664,1106100
2024-04-08,104.10973358154297,109.5,110.26000213623047,108.8499984741211,109.37999725341797,1163600
2024-04-09,104.4615249633789,109.87000274658203,110.62000274658203,109.26000213623047,110.5,1068900
2024-04-10,101.39051818847656,106.63999938964844,108.25,105.79000091552734,108.25,1444200
2024-04-11,100.90560913085938,106.12999725341797,107.33000183105469,105.41999816894531,107.27999877929688,1014900
2024-04-12,101.01971435546875,106.25,107.16000366210938,105.4000015258789,106.62999725341797,1506300
2024-04-15,100.32565307617188,105.5199966430664,107.05999755859375,104.69999694824219,106.61000061035156,1331800
2024-04-16,98.11985778808594,103.19999694824219,105.2699966430664,103.05999755859375,105.2699966430664,1299000
2024-04-17,100.08795166015625,105.2699966430664,105.66000366210938,103.33000183105469,104.04000091552734,1529200
2024-04-18,101.23839569091797,106.4800033569336,107.01000213623047,105.04000091552734,105.66999816894531,1168800
2024-04-19,103.22550201416016,108.56999969482422,108.75,106.80000305175781,107.08999633789062,999400
2024-04-22,104.69921112060547,110.12000274658203,110.5999984741211,107.87999725341797,108.29000091552734,1128800
2024-04-23,104.69921112060547,110.12000274658203,111.1500015258789,109.52999877929688,109.73999786376953,950400
2024-04-24,106.05882263183594,111.55000305175781,111.80000305175781,108.62000274658203,109.08999633789062,1473800
2024-04-25,105.66899108886719,111.13999938964844,111.87000274658203,109.88999938964844,110.80000305175781,1408500
2024-04-26,104.12873840332031,109.5199966430664,111.69999694824219,109.43000030517578,111.33999633789062,1247700
2024-04-29,105.374267578125,110.83000183105469,110.91000366210938,109.87999725341797,109.87999725341797,797900
2024-04-30,104.88935852050781,110.31999969482422,110.94000244140625,109.47000122070312,110.22000122070312,1360000
2024-05-01,105.84964752197266,111.33000183105469,112.0,109.91999816894531,110.30999755859375,1112900
2024-05-02,106.4011001586914,111.91000366210938,111.98999786376953,110.83999633789062,111.95999908447266,738000
2024-05-03,107.19976043701172,112.75,112.8499984741211,111.44999694824219,112.55000305175781,1021100
2024-05-06,106.95254516601562,112.48999786376953,112.94999694824219,111.66999816894531,112.94999694824219,981500
2024-05-07,107.76069641113281,113.33999633789062,113.8499984741211,112.47000122070312,113.30000305175781,843800
2024-05-08,109.082275390625,114.7300033569336,114.76000213623047,112.3499984741211,113.18000030517578,963700
2024-05-09,110.60350799560547,116.33000183105469,116.5,114.1500015258789,114.61000061035156,1461300
2024-05-10,109.80487060546875,115.48999786376953,116.86000061035156,115.44999694824219,116.86000061035156,1025200
2024-05-13,109.63372039794922,115.30999755859375,116.41000366210938,115.08999633789062,115.56999969482422,796200
2024-05-14,109.12980651855469,114.77999877929688,115.93000030517578,114.16999816894531,115.88999938964844,723600
2024-05-15,110.37532806396484,116.08999633789062,116.62999725341797,115.69000244140625,116.0,599100
2024-05-16,111.03136444091797,116.77999877929688,117.16999816894531,115.86000061035156,116.01000213623047,757800
2024-05-17,110.86022186279297,116.5999984741211,116.94000244140625,116.16000366210938,116.94000244140625,791500
2024-05-20,110.62252807617188,116.3499984741211,117.30000305175781,115.87999725341797,117.0,734900
2024-05-21,111.41167449951172,117.18000030517578,117.44999694824219,116.20999908447266,116.66999816894531,596900
2024-05-22,109.39603424072266,115.05999755859375,117.0,114.80999755859375,116.41000366210938,901100
2024-05-23,106.54370880126953,112.05999755859375,114.4800033569336,112.0199966430664,114.20999908447266,733800
2024-05-24,107.39940643310547,112.95999908447266,113.0,111.77999877929688,112.4000015258789,661300
2024-05-28,107.43743133544922,113.0,114.05000305175781,112.83999633789062,112.8499984741211,879100
2024-05-29,105.50736999511719,110.97000122070312,112.36000061035156,110.91999816894531,112.29000091552734,788800
2024-05-30,107.19976043701172,112.75,112.80999755859375,111.4800033569336,111.5199966430664,760400
2024-05-31,110.79367065429688,116.52999877929688,116.61000061035156,112.62999725341797,113.16999816894531,1519700
2024-06-03,110.5179443359375,116.23999786376953,117.02999877929688,115.81999969482422,116.48999786376953,1035000
2024-06-04,110.79367065429688,116.52999877929688,116.86000061035156,115.13999938964844,115.91999816894531,753700
2024-06-05,108.9016342163086,114.54000091552734,116.27999877929688,114.38999938964844,115.94999694824219,822500
2024-06-06,107.95085906982422,113.54000091552734,114.88999938964844,113.43000030517578,114.05999755859375,746000
2024-06-07,106.8004150390625,112.33000183105469,113.1500015258789,112.08000183105469,112.1500015258789,748000
2024-06-10,107.09516143798828,112.63999938964844,113.4000015258789,111.83999633789062,112.19999694824219,1093600
2024-06-11,108.1410140991211,113.73999786376953,113.86000061035156,111.37000274658203,111.69000244140625,1390300
2024-06-12,107.08564758300781,112.62999725341797,115.30000305175781,112.31999969482422,115.19999694824219,999400
2024-06-13,107.00007629394531,112.54000091552734,113.19999694824219,111.44000244140625,112.51000213623047,1521200
2024-06-14,106.6197738647461,112.13999938964844,112.94999694824219,111.68000030517578,112.04000091552734,766200
2024-06-17,106.27435302734375,110.76000213623047,111.47000122070312,109.83000183105469,110.31999969482422,1178400
2024-06-18,106.09204864501953,110.56999969482422,110.79000091552734,109.56999969482422,110.4000015258789,946000
2024-06-20,106.61978149414062,111.12000274658203,111.83999633789062,110.12999725341797,110.5999984741211,902000
2024-06-21,106.41828918457031,110.91000366210938,112.44999694824219,110.76000213623047,111.62999725341797,1884700
2024-06-24,108.23174285888672,112.80000305175781,113.16999816894531,110.83999633789062,110.95999908447266,839700
2024-06-25,105.56432342529297,110.0199966430664,112.56999969482422,109.94999694824219,112.13999938964844,1208000
2024-06-26,105.9769058227539,110.44999694824219,110.80999755859375,108.94999694824219,109.37000274658203,957200
2024-06-27,106.74451446533203,111.25,111.41999816894531,110.13999938964844,110.55000305175781,669400
2024-06-28,106.51422882080078,111.01000213623047,111.72000122070312,110.43000030517578,111.69999694824219,1566100
2024-07-01,104.70077514648438,109.12000274658203,111.75,108.80000305175781,111.44000244140625,890900
2024-07-02,104.96942901611328,109.4000015258789,109.83000183105469,109.0,109.52999877929688,727900
2024-07-03,104.81591033935547,109.23999786376953,110.69999694824219,109.19999694824219,109.38999938964844,350300
2024-07-05,105.3244400024414,109.7699966430664,110.16999816894531,108.95999908447266,109.31999969482422,937900
2024-07-08,104.59523010253906,109.01000213623047,110.0,108.70999908447266,109.75,972100
2024-07-09,104.26898956298828,108.66999816894531,109.86000061035156,108.56999969482422,108.75,968200
2024-07-10,104.66239166259766,109.08000183105469,109.44999694824219,108.4000015258789,109.20999908447266,1025600
2024-07-11,108.59634399414062,113.18000030517578,113.5,109.7300033569336,109.87000274658203,1904000
2024-07-12,109.84370422363281,114.4800033569336,115.25,113.25,113.62000274658203,1039200
2024-07-15,108.54837036132812,113.12999725341797,114.83000183105469,112.6500015258789,113.83999633789062,1133600
2024-07-16,110.0547866821289,114.69999694824219,114.87000274658203,113.13999938964844,113.58000183105469,1118300
2024-07-17,112.5878677368164,117.33999633789062,118.52999877929688,114.7699966430664,115.16000366210938,1274900
2024-07-18,111.95460510253906,116.68000030517578,118.58000183105469,116.33999633789062,116.36000061035156,1018900
2024-07-19,111.38848876953125,116.08999633789062,117.58999633789062,115.4800033569336,117.58999633789062,671500
2024-07-22,112.46314239501953,117.20999908447266,117.38999938964844,115.97000122070312,116.6500015258789,760900
2024-07-23,111.20619201660156,115.9000015258789,117.16000366210938,115.80000305175781,117.04000091552734,647200
2024-07-24,113.1347885131836,117.91000366210938,118.3499984741211,116.38999938964844,117.16000366210938,954000
2024-07-25,113.40345001220703,118.19000244140625,120.54000091552734,117.20999908447266,118.31999969482422,1063500
2024-07-26,113.40345001220703,118.19000244140625,119.31999969482422,117.0,119.31999969482422,1712700
2024-07-29,114.28619384765625,119.11000061035156,119.55999755859375,117.44000244140625,118.20999908447266,882100
2024-07-30,115.74462127685547,120.62999725341797,120.83999633789062,118.48999786376953,119.01000213623047,807500
2024-07-31,115.64867401123047,120.52999877929688,120.87999725341797,119.55999755859375,120.69000244140625,1046700
2024-08-01,118.38325500488281,123.37999725341797,123.54000091552734,120.47000122070312,121.06999969482422,1101900
2024-08-02,118.24893188476562,123.23999786376953,126.76000213623047,121.69000244140625,125.0,1256200
2024-08-05,113.97914123535156,118.79000091552734,124.41999816894531,118.6500015258789,124.2699966430664,1099800
2024-08-06,114.24781036376953,119.06999969482422,120.55000305175781,118.12999725341797,118.79000091552734,1430700
2024-08-07,115.23609924316406,120.0999984741211,121.37000274658203,118.77999877929688,119.44999694824219,1012200
2024-08-08,115.03460693359375,119.88999938964844,120.55000305175781,119.1500015258789,119.25,804200
2024-08-09,115.05379486083984,119.91000366210938,120.30000305175781,117.91000366210938,120.05000305175781,634200
2024-08-12,115.71585083007812,120.5999984741211,120.6500015258789,119.37999725341797,119.62000274658203,639800
2024-08-13,116.38749694824219,121.30000305175781,121.5999984741211,120.44000244140625,120.98999786376953,743900
2024-08-14,117.08793640136719,122.02999877929688,122.79000091552734,120.54000091552734,120.94999694824219,767600
2024-08-15,117.03996276855469,121.9800033569336,122.19000244140625,120.7699966430664,121.2300033569336,987600
2024-08-16,116.95359802246094,121.88999938964844,122.94000244140625,121.44000244140625,122.44000244140625,2423800
2024-08-19,118.2777099609375,123.2699966430664,123.36000061035156,121.91000366210938,121.91000366210938,744300
2024-08-20,117.95149230957031,122.93000030517578,124.0199966430664,122.66999816894531,123.5199966430664,580700
2024-08-21,118.32569122314453,123.31999969482422,123.79000091552734,122.7699966430664,123.0999984741211,579200
2024-08-22,118.3448715209961,123.33999633789062,123.83000183105469,122.37000274658203,123.4800033569336,757800
2024-08-23,118.80543518066406,123.81999969482422,124.1500015258789,123.26000213623047,123.86000061035156,489200
2024-08-26,119.62101745605469,124.66999816894531,125.51000213623047,123.69999694824219,124.2300033569336,442200
2024-08-27,118.86300659179688,123.87999725341797,125.01000213623047,123.27999877929688,124.5,549300
2024-08-28,119.36195373535156,124.4000015258789,125.33999633789062,124.0199966430664,124.26000213623047,701800
2024-08-29,119.54425811767578,124.58999633789062,124.62999725341797,123.22000122070312,124.4000015258789,580500
2024-08-30,119.95683288574219,125.0199966430664,125.18000030517578,123.88999938964844,124.77999877929688,656100
2024-09-03,120.45578002929688,125.54000091552734,126.58000183105469,124.79000091552734,125.0,793800
2024-09-04,121.20419311523438,126.31999969482422,127.58999633789062,125.33000183105469,126.08000183105469,709500
2024-09-05,118.65193176269531,123.66000366210938,127.30999755859375,122.7300033569336,127.30999755859375,2609800
2024-09-06,118.20096588134766,123.19000244140625,124.97000122070312,122.94999694824219,124.04000091552734,1709100
2024-09-09,119.57305145263672,124.62000274658203,124.94999694824219,122.58000183105469,123.1500015258789,1030700
2024-09-10,120.46538543701172,125.55000305175781,126.08000183105469,124.45999908447266,124.69000244140625,1278700
2024-09-11,119.34275817871094,124.37999725341797,125.27999877929688,123.20999908447266,125.27999877929688,1162400
2024-09-12,119.44830322265625,124.48999786376953,124.83999633789062,123.58999633789062,124.37000274658203,933100
2024-09-13,120.84917449951172,125.94999694824219,125.98999786376953,123.66999816894531,124.80000305175781,806500
2024-09-16,122.23246002197266,126.36000061035156,126.7699966430664,125.69000244140625,126.37000274658203,1018500
2024-09-17,121.57467651367188,125.68000030517578,126.70999908447266,125.19000244140625,126.18000030517578,832400
2024-09-18,120.3558349609375,124.41999816894531,126.04000091552734,122.83999633789062,125.76000213623047,1301400
2024-09-19,119.4948959350586,123.52999877929688,124.2699966430664,122.87999725341797,123.77999877929688,2089800
2024-09-20,121.00395202636719,125.08999633789062,125.4800033569336,123.04000091552734,123.5999984741211,1834200
2024-09-23,122.28083801269531,126.41000366210938,126.7699966430664,124.76000213623047,125.44999694824219,969400
2024-09-24,121.19741821289062,125.29000091552734,127.01000213623047,125.0,125.58999633789062,744200
2024-09-25,121.43924713134766,125.54000091552734,126.12999725341797,124.19999694824219,126.12999725341797,964800
2024-09-26,121.47793579101562,125.58000183105469,126.5,125.05000305175781,125.26000213623047,639300
2024-09-27,123.2191390991211,127.37999725341797,127.88999938964844,126.04000091552734,126.20999908447266,990800
2024-09-30,124.21549987792969,128.41000366210938,128.47999572753906,126.72000122070312,128.0,1117700
2024-10-01,124.49603271484375,128.6999969482422,129.52999877929688,127.97000122070312,128.5800018310547,780400
2024-10-02,124.49603271484375,128.6999969482422,129.0,126.75,127.43000030517578,763500
2024-10-03,123.38359069824219,127.55000305175781,128.92999267578125,127.30000305175781,128.75999450683594,868500
2024-10-04,122.83220672607422,126.9800033569336,127.2699966430664,125.69999694824219,126.1500015258789,721400
2024-10-07,121.19741821289062,125.29000091552734,126.69999694824219,125.02999877929688,126.69999694824219,962900
2024-10-08,121.38121032714844,125.4800033569336,126.55000305175781,125.4000015258789,126.0999984741211,844400
2024-10-09,120.45256805419922,124.5199966430664,126.11000061035156,124.08999633789062,125.38999938964844,1871500
2024-10-10,119.64000701904297,123.68000030517578,125.52999877929688,123.58999633789062,124.75,789400
2024-10-11,120.7911376953125,124.87000274658203,125.20999908447266,123.91999816894531,124.12999725341797,880700
2024-10-14,121.47793579101562,125.58000183105469,125.94000244140625,124.75,124.91999816894531,830700
2024-10-15,123.22882080078125,127.38999938964844,128.05999755859375,126.4000015258789,126.43000030517578,1901500
2024-10-16,124.27354431152344,128.47000122070312,128.8699951171875,127.37999725341797,127.5999984741211,780700
2024-10-17,124.24452209472656,128.44000244140625,128.9499969482422,128.0399932861328,128.52000427246094,1137300
2024-10-18,124.68949127197266,128.89999389648438,129.27999877929688,127.87000274658203,128.77999877929688,777000
2024-10-21,123.78019714355469,127.95999908447266,129.35000610351562,127.31999969482422,129.02000427246094,892700
2024-10-22,124.04137420654297,128.22999572753906,128.52999877929688,126.95999908447266,127.5999984741211,747800
2024-10-23,125.74388885498047,129.99000549316406,130.0399932861328,127.8499984741211,128.0399932861328,1389100
2024-10-24,125.53107452392578,129.77000427246094,131.6699981689453,129.17999267578125,130.0,1575100
2024-10-25,122.43560028076172,126.56999969482422,130.14999389648438,126.45999908447266,130.05999755859375,1276000
2024-10-28,122.49364471435547,126.62999725341797,127.63999938964844,126.51000213623047,127.4800033569336,939700
2024-10-29,119.88184356689453,123.93000030517578,125.88999938964844,123.7699966430664,125.88999938964844,823400
2024-10-30,120.0849838256836,124.13999938964844,125.0,123.5,124.77999877929688,1002800
2024-10-31,120.16236877441406,124.22000122070312,125.36000061035156,123.72000122070312,123.72000122070312,900600
2024-11-01,117.32807159423828,121.29000091552734,124.54000091552734,121.08999633789062,124.19000244140625,992500
2024-11-04,117.6569595336914,121.62999725341797,122.01000213623047,120.26000213623047,121.04000091552734,911300
2024-11-05,119.3981704711914,123.43000030517578,123.52999877929688,121.41000366210938,121.62999725341797,749700
2024-11-06,117.59893035888672,121.56999969482422,123.66999816894531,120.9800033569336,122.75,1570300
2024-11-07,113.21690368652344,117.04000091552734,123.16999816894531,115.58999633789062,122.1500015258789,3753800
2024-11-08,113.95207214355469,117.80000305175781,119.36000061035156,117.1500015258789,117.6500015258789,3021500
2024-11-11,115.81903839111328,119.7300033569336,119.91999816894531,117.7699966430664,117.79000091552734,1321000
2024-11-12,116.1479263305664,120.06999969482422,120.73999786376953,119.48999786376953,119.48999786376953,1578400
2024-11-13,114.74529266357422,118.62000274658203,120.81999969482422,117.9000015258789,120.75,1458700
2024-11-14,115.50948333740234,119.41000366210938,120.54000091552734,118.95999908447266,118.97000122070312,1625100
2024-11-15,116.16726684570312,120.08999633789062,120.33999633789062,118.94999694824219,119.12000274658203,3097600
2024-11-18,116.56388092041016,120.5,121.08999633789062,119.31999969482422,119.66999816894531,1552000
2024-11-19,117.70532989501953,121.68000030517578,121.76000213623047,119.88999938964844,120.12999725341797,2337900
2024-11-20,118.18899536132812,122.18000030517578,122.43000030517578,121.2699966430664,121.69999694824219,1575800
2024-11-21,119.93020629882812,123.9800033569336,124.08999633789062,121.8499984741211,122.38999938964844,1550600
2024-11-22,120.52994537353516,124.5999984741211,125.05000305175781,123.9800033569336,124.06999969482422,1178600
2024-11-25,121.09100341796875,125.18000030517578,125.5999984741211,124.69000244140625,125.01000213623047,1567900
2024-11-26,121.35218811035156,125.44999694824219,125.62999725341797,124.62999725341797,125.36000061035156,1148500
2024-11-27,121.96160888671875,126.08000183105469,127.52999877929688,125.87999725341797,125.9800033569336,1127700
2024-11-29,121.6714096069336,125.77999877929688,126.36000061035156,125.25,126.30999755859375,608700
2024-12-02,119.5626220703125,123.5999984741211,125.8499984741211,123.41999816894531,125.7699966430664,1095200
2024-12-03,118.96287536621094,122.9800033569336,125.44000244140625,122.91000366210938,125.30999755859375,1207400
2024-12-04,118.29540252685547,122.29000091552734,123.4000015258789,121.7699966430664,122.88999938964844,1047600
2024-12-05,118.4211654663086,122.41999816894531,123.16999816894531,122.08000183105469,122.33000183105469,1094800
2024-12-06,117.59893035888672,121.56999969482422,122.6500015258789,121.1500015258789,122.5,1382000
2024-12-09,117.82142639160156,121.80000305175781,122.25,121.1500015258789,121.38999938964844,1454300
2024-12-10,117.9858627319336,121.97000122070312,122.26000213623047,119.5199966430664,121.55999755859375,1381300
2024-12-11,117.04754638671875,121.0,122.27999877929688,120.80000305175781,121.93000030517578,1448200
2024-12-12,116.83473205566406,120.77999877929688,121.69000244140625,120.62000274658203,121.4800033569336,1302900
2024-12-13,117.31839752197266,121.27999877929688,121.93000030517578,120.43000030517578,120.87000274658203,1439500
2024-12-16,118.45068359375,121.3499984741211,123.06999969482422,119.83999633789062,120.30999755859375,2428700
2024-12-17,117.81621551513672,120.69999694824219,122.94000244140625,120.2300033569336,120.81999969482422,1857200
2024-12-18,114.72195434570312,117.52999877929688,120.80999755859375,117.48999786376953,120.30000305175781,1409800
2024-12-19,115.28809356689453,118.11000061035156,119.27999877929688,116.6500015258789,116.91999816894531,1358500
2024-12-20,117.30864715576172,120.18000030517578,120.48999786376953,116.69999694824219,116.94000244140625,3035900
2024-12-23,117.37696838378906,120.25,120.41000366210938,118.91999816894531,120.05000305175781,899000
2024-12-24,117.87478637695312,120.76000213623047,120.80999755859375,120.06999969482422,120.06999969482422,309900
2024-12-26,118.1968994140625,121.08999633789062,121.3499984741211,120.04000091552734,120.25,533400
2024-12-27,118.45068359375,121.3499984741211,122.08000183105469,120.0999984741211,120.38999938964844,1074800
2024-12-30,117.6697998046875,120.55000305175781,121.0,119.43000030517578,121.0,735000
2024-12-31,117.86502075195312,120.75,121.43000030517578,120.0199966430664,120.61000061035156,646000
2025-01-02,118.17738342285156,121.06999969482422,122.83000183105469,120.6500015258789,122.83000183105469,693200
2025-01-03,118.6751937866211,121.58000183105469,122.30000305175781,120.75,121.23999786376953,906100
2025-01-06,116.81082916259766,119.66999816894531,121.61000061035156,119.45999908447266,121.56999969482422,893400
2025-01-07,117.50386810302734,120.37999725341797,121.43000030517578,119.69999694824219,119.73999786376953,844700
2025-01-08,118.11881256103516,121.01000213623047,121.08999633789062,118.94999694824219,119.56999969482422,814900
2025-01-10,116.17635345458984,119.0199966430664,120.80000305175781,118.36000061035156,120.13999938964844,1082800
2025-01-13,115.39547729492188,118.22000122070312,119.08000183105469,116.76000213623047,119.08000183105469,710500
2025-01-14,116.5765609741211,119.43000030517578,120.1500015258789,117.94999694824219,118.29000091552734,823200
2025-01-15,117.7283706665039,120.61000061035156,121.7300033569336,120.11000061035156,121.36000061035156,843000
2025-01-16,120.05149841308594,122.98999786376953,123.0,120.27999877929688,120.27999877929688,903600
2025-01-17,120.70550537109375,123.66000366210938,124.08999633789062,122.4000015258789,122.75,697200
2025-01-21,120.93000030517578,123.88999938964844,125.5999984741211,123.44000244140625,124.30999755859375,1209300
2025-01-22,117.35745239257812,120.2300033569336,123.41999816894531,119.9000015258789,123.31999969482422,1103700
2025-01-23,116.65465545654297,119.51000213623047,121.25,116.30000305175781,120.81999969482422,2738800
2025-01-24,116.25444793701172,119.0999984741211,120.25,118.86000061035156,119.44999694824219,1107900
2025-01-27,118.82160949707031,121.7300033569336,122.12999725341797,118.11000061035156,120.4000015258789,1342700
2025-01-28,115.76639556884766,118.5999984741211,121.26000213623047,118.05999755859375,121.25,1214900
2025-01-29,114.790283203125,117.5999984741211,119.66999816894531,117.55999755859375,118.87000274658203,1263000
2025-01-30,116.47895812988281,119.33000183105469,119.7300033569336,118.25,118.87999725341797,1106200
2025-01-31,117.01580810546875,119.87999725341797,120.7300033569336,118.81999969482422,119.0199966430664,1394000
2025-02-03,118.01143646240234,120.9000015258789,121.4000015258789,118.19999694824219,119.05999755859375,1478700
2025-02-04,117.76741027832031,120.6500015258789,121.12999725341797,119.0,120.16999816894531,848300
2025-02-05,119.75867462158203,122.69000244140625,123.23999786376953,121.19000244140625,121.83999633789062,1253600
2025-02-06,119.63177490234375,122.55999755859375,123.0,121.58000183105469,122.77999877929688,1056700
2025-02-07,119.7684326171875,122.69999694824219,122.87999725341797,121.44999694824219,122.20999908447266,1177400
2025-02-10,120.75430297851562,123.70999908447266,123.81999969482422,122.12000274658203,122.63999938964844,1095300
2025-02-11,121.90611267089844,124.88999938964844,124.94000244140625,122.22000122070312,123.22000122070312,924500
2025-02-12,121.22283935546875,124.19000244140625,124.55000305175781,122.8499984741211,123.55999755859375,1340100
2025-02-13,124.75634765625,127.80999755859375,128.74000549316406,123.4800033569336,123.70999908447266,2582900
2025-02-14,125.95695495605469,129.0399932861328,130.22000122070312,128.33999633789062,128.6699981689453,1891700
2025-02-18,126.45477294921875,129.5500030517578,130.36000061035156,128.57000732421875,129.8000030517578,1427600
2025-02-19,127.26495361328125,130.3800048828125,130.52999877929688,128.97000122070312,129.02000427246094,1038200
2025-02-20,128.0458221435547,131.17999267578125,131.83999633789062,128.27000427246094,129.61000061035156,1506000
2025-02-21,128.83648681640625,131.99000549316406,132.8800048828125,129.8000030517578,130.75999450683594,1079800
2025-02-24,129.2171630859375,132.3800048828125,133.4499969482422,130.85000610351562,132.39999389648438,782800
2025-02-25,130.20301818847656,133.38999938964844,133.49000549316406,132.38999938964844,132.38999938964844,993600
2025-02-26,129.48069763183594,132.64999389648438,133.4199981689453,131.83999633789062,132.8699951171875,877400
2025-02-27,128.6900634765625,131.83999633789062,133.0,131.19000244140625,131.82000732421875,697600
2025-02-28,130.505615234375,133.6999969482422,134.11000061035156,131.72000122070312,133.07000732421875,1161900
2025-03-03,132.00881958007812,135.24000549316406,135.24000549316406,132.9499969482422,133.32000732421875,1082200
2025-03-04,128.7876739501953,131.94000244140625,136.27999877929688,131.6300048828125,135.99000549316406,1298300
2025-03-05,128.89505004882812,132.0500030517578,133.08999633789062,130.72000122070312,131.02000427246094,1703300
2025-03-06,127.42112731933594,130.5399932861328,132.00999450683594,129.69000244140625,132.00999450683594,845000
2025-03-07,128.53387451171875,131.67999267578125,132.5500030517578,130.57000732421875,130.8800048828125,2408000
2025-03-10,128.8560028076172,132.00999450683594,133.94000244140625,130.14999389648438,132.25999450683594,2422600
2025-03-11,128.87551879882812,132.02999877929688,132.8300018310547,131.11000061035156,132.2899932861328,1499200
2025-03-12,128.22152709960938,131.36000061035156,132.4199981689453,130.9499969482422,131.39999389648438,993600
2025-03-13,129.53929138183594,132.7100067138672,133.00999450683594,130.92999267578125,131.60000610351562,1214100
2025-03-14,132.02835083007812,135.25999450683594,135.52000427246094,132.32000732421875,132.5,1086300
2025-03-17,133.43553161621094,135.60000610351562,136.30999755859375,133.3300018310547,133.97000122070312,1740500
2025-03-18,133.1993408203125,135.36000061035156,135.92999267578125,134.38999938964844,134.38999938964844,1541600
2025-03-19,133.99642944335938,136.1699981689453,136.75999450683594,134.8699951171875,135.00999450683594,1809500
2025-03-20,134.75413513183594,136.94000244140625,137.02999877929688,135.74000549316406,136.44000244140625,1954900
2025-03-21,134.92141723632812,137.11000061035156,138.22000122070312,135.5399932861328,136.66000366210938,3749100
2025-03-24,133.9767303466797,136.14999389648438,138.08999633789062,135.97000122070312,137.2899932861328,1125000
2025-03-25,132.3530731201172,134.5,136.47999572753906,133.0,135.75,1585900
2025-03-26,133.55360412597656,135.72000122070312,136.14999389648438,134.60000610351562,134.6199951171875,1773800
2025-03-27,133.04190063476562,135.1999969482422,136.38999938964844,134.9499969482422,136.02000427246094,1204800
2025-03-28,134.39004516601562,136.57000732421875,137.19000244140625,135.49000549316406,136.17999267578125,1597800
2025-03-31,136.06289672851562,138.27000427246094,139.0500030517578,136.6300048828125,137.19000244140625,1190300
2025-04-01,135.71849060058594,137.9199981689453,138.3699951171875,136.80999755859375,137.4600067138672,893300
2025-04-02,135.79721069335938,138.0,138.94000244140625,136.5500030517578,137.66000366210938,1055900
2025-04-03,137.263427734375,139.49000549316406,140.38999938964844,137.67999267578125,139.3000030517578,1946800
2025-04-04,129.69618225097656,131.8000030517578,140.32000732421875,130.63999938964844,139.6999969482422,1732000
2025-04-07,125.90763092041016,127.94999694824219,131.27000427246094,126.08999633789062,129.5,2373000
2025-04-08,125.35657501220703,127.38999938964844,131.2100067138672,125.72000122070312,130.36000061035156,1528100
2025-04-09,128.4267578125,130.50999450683594,131.36000061035156,123.69000244140625,126.16999816894531,1870200
2025-04-10,126.69486236572266,128.75,130.89999389648438,126.70999908447266,129.8300018310547,1848800
2025-04-11,127.74778747558594,129.82000732421875,129.88999938964844,126.75,128.2899932861328,2031600
2025-04-14,131.06399536132812,133.19000244140625,133.9600067138672,129.94000244140625,130.35000610351562,1398600
2025-04-15,130.7982940673828,132.9199981689453,134.27000427246094,132.55999755859375,133.19000244140625,1459900
2025-04-16,129.9126739501953,132.02000427246094,134.25,131.47999572753906,134.11000061035156,781200
2025-04-17,131.41824340820312,133.5500030517578,135.2899932861328,132.69000244140625,132.7100067138672,1389400
2025-04-21,129.67649841308594,131.77999877929688,133.27999877929688,130.19000244140625,132.8300018310547,2357600
2025-04-22,133.63233947753906,135.8000030517578,136.4199981689453,132.7899932861328,133.08999633789062,2345100
2025-04-23,133.98658752441406,136.16000366210938,136.75999450683594,134.0399932861328,135.50999450683594,2383800
2025-04-24,134.79348754882812,136.97999572753906,137.75,134.91000366210938,135.69000244140625,1833000
2025-04-25,132.6089324951172,134.75999450683594,136.7899932861328,134.32000732421875,136.66000366210938,1294700
2025-04-28,133.5240936279297,135.69000244140625,136.1199951171875,133.05999755859375,134.83999633789062,1118300
2025-04-29,134.57701110839844,136.75999450683594,137.75,134.75,135.10000610351562,1781000
2025-04-30,134.81317138671875,137.0,137.47999572753906,133.97999572753906,137.2100067138672,2719100
2025-05-01,133.67169189453125,135.83999633789062,138.39999389648438,135.1999969482422,138.0,1626600
2025-05-02,134.18338012695312,136.36000061035156,136.67999267578125,135.05999755859375,136.10000610351562,709900
2025-05-05,134.50811767578125,136.69000244140625,136.97000122070312,135.05999755859375,136.52000427246094,1407400
2025-05-06,135.462646484375,137.66000366210938,138.3800048828125,136.02999877929688,136.74000549316406,1206100
2025-05-07,136.39747619628906,138.61000061035156,139.52999877929688,137.42999267578125,137.42999267578125,1197600
2025-05-08,133.5437774658203,135.7100067138672,138.35000610351562,135.44000244140625,137.97999572753906,1404400
2025-05-09,133.9472198486328,136.1199951171875,136.5,134.94000244140625,136.0500030517578,913000
2025-05-12,130.97543334960938,133.10000610351562,135.1199951171875,131.7899932861328,135.0,1376600
2025-05-13,130.71957397460938,132.83999633789062,133.92999267578125,131.8800048828125,132.99000549316406,1837800
2025-05-14,130.5719757080078,132.69000244140625,133.11000061035156,129.63999938964844,132.77999877929688,2181300
2025-05-15,134.12435913085938,136.3000030517578,136.60000610351562,133.14999389648438,133.72999572753906,2464400
2025-05-16,135.86610412597656,138.07000732421875,138.2100067138672,135.88999938964844,135.97999572753906,1722400
2025-05-19,136.35812377929688,138.57000732421875,138.72000122070312,136.5,137.6199951171875,1101900
2025-05-20,136.18099975585938,138.38999938964844,139.25,137.92999267578125,138.3000030517578,762900
2025-05-21,133.9373779296875,136.11000061035156,138.25,135.24000549316406,138.0500030517578,1459500
2025-05-22,132.47116088867188,134.6199951171875,135.44000244140625,133.38999938964844,135.24000549316406,2046300
2025-05-23,134.14402770996094,136.32000732421875,136.69000244140625,134.02999877929688,135.8000030517578,1069000
2025-05-27,134.93125915527344,137.1199951171875,137.6199951171875,136.1999969482422,137.49000549316406,746400
2025-05-28,132.82542419433594,134.97999572753906,136.72999572753906,134.33999633789062,136.72999572753906,1055000
2025-05-29,134.08499145507812,136.25999450683594,136.27000427246094,134.5800018310547,134.72000122070312,1022900
2025-05-30,134.46875,136.64999389648438,137.02000427246094,135.75,135.9499969482422,1520100
2025-06-02,133.80946350097656,135.97999572753906,136.6999969482422,135.2100067138672,135.89999389648438,1073300
2025-06-03,133.3961639404297,135.55999755859375,136.61000061035156,134.0800018310547,136.4600067138672,1097500
2025-06-04,131.1820831298828,133.30999755859375,135.52000427246094,133.27999877929688,135.52000427246094,1159000
2025-06-05,130.58180236816406,132.6999969482422,133.25999450683594,132.10000610351562,133.25999450683594,1479900
2025-06-06,131.71347045898438,133.85000610351562,134.3000030517578,132.41000366210938,133.25999450683594,1419900
2025-06-09,131.76266479492188,133.89999389648438,134.67999267578125,132.99000549316406,133.5,1077400
2025-06-10,132.72702026367188,134.8800048828125,135.17999267578125,133.24000549316406,134.1699981689453,1250700
2025-06-11,132.81558227539062,134.97000122070312,135.25,134.39999389648438,135.1199951171875,1290400
2025-06-12,133.85865783691406,136.02999877929688,136.02999877929688,134.8800048828125,135.10000610351562,1038000
2025-06-13,133.06158447265625,135.22000122070312,136.25999450683594,134.8699951171875,136.02999877929688,1182800
2025-06-16,132.0993194580078,133.16000366210938,135.1199951171875,132.24000549316406,134.52999877929688,1532600
2025-06-17,130.91879272460938,131.97000122070312,133.27999877929688,131.1999969482422,132.92999267578125,2067100
2025-06-18,130.75015258789062,131.8000030517578,132.7100067138672,131.08999633789062,132.2899932861328,1566000
2025-06-20,131.26600646972656,132.32000732421875,133.3000030517578,131.83999633789062,132.0,1615400
2025-06-23,132.9722900390625,134.0399932861328,134.4199981689453,133.25999450683594,133.2899932861328,835000
2025-06-24,132.15884399414062,133.22000122070312,134.1699981689453,132.77999877929688,133.16000366210938,1346300
2025-06-25,129.82754516601562,130.8699951171875,132.72000122070312,130.33999633789062,132.36000061035156,1156300
2025-06-26,130.51205444335938,131.55999755859375,131.88999938964844,130.60000610351562,131.0800018310547,1196300
2025-06-27,130.5715789794922,131.6199951171875,132.74000549316406,131.22999572753906,131.60000610351562,1870400
2025-06-30,131.40489196777344,132.4600067138672,132.5800018310547,130.94000244140625,131.1999969482422,2277800
2025-07-01,131.3751220703125,132.42999267578125,133.85000610351562,131.6300048828125,132.88999938964844,2222700
2025-07-02,129.63905334472656,130.67999267578125,132.30999755859375,129.85000610351562,132.0,2022600
2025-07-03,130.8890380859375,131.94000244140625,132.58999633789062,130.1199951171875,130.75,1384000
2025-07-07,130.0854949951172,131.1300048828125,132.27999877929688,130.3800048828125,131.8699951171875,1292700
2025-07-08,129.222412109375,130.25999450683594,130.67999267578125,129.10000610351562,130.3000030517578,1548700
2025-07-09,130.3731689453125,131.4199981689453,131.52000427246094,129.38999938964844,130.5,2170100
2025-07-10,132.5953369140625,133.66000366210938,133.92999267578125,130.63999938964844,130.63999938964844,1487000
2025-07-11,132.81358337402344,133.8800048828125,134.57000732421875,132.38999938964844,132.5,1156400
2025-07-14,133.0814208984375,134.14999389648438,135.85000610351562,133.4600067138672,134.00999450683594,1073200
2025-07-15,132.28781127929688,133.35000610351562,134.0,132.72000122070312,133.38999938964844,1419800
2025-07-16,133.16078186035156,134.22999572753906,134.4600067138672,132.5500030517578,132.9499969482422,1267800
2025-07-17,133.65679931640625,134.72999572753906,135.17999267578125,133.77999877929688,133.77999877929688,895900
2025-07-18,136.16665649414062,137.25999450683594,137.38999938964844,135.0500030517578,135.11000061035156,1690900
2025-07-21,136.79164123535156,137.88999938964844,138.75,136.82000732421875,137.0800018310547,1318800
2025-07-22,138.43841552734375,139.5500030517578,139.77999877929688,138.0399932861328,138.22999572753906,918500
2025-07-23,137.06939697265625,138.1699981689453,140.2100067138672,137.74000549316406,139.6199951171875,1062300
2025-07-24,137.9126434326172,139.02000427246094,139.35000610351562,137.91000366210938,138.27999877929688,1082800
2025-07-25,138.31936645507812,139.42999267578125,139.77000427246094,138.7100067138672,139.17999267578125,1244300
2025-07-28,136.25595092773438,137.35000610351562,139.2100067138672,137.10000610351562,139.1699981689453,1628900
2025-07-29,136.0079345703125,137.10000610351562,138.4499969482422,134.60000610351562,136.89999389648438,2818100
2025-07-30,134.3016357421875,135.3800048828125,138.7899932861328,134.9499969482422,137.5,2005300
2025-07-31,137.3074951171875,138.41000366210938,138.41000366210938,134.7100067138672,134.7100067138672,1757700
2025-08-01,137.4066925048828,138.50999450683594,139.58999633789062,137.5800018310547,139.0,1412000
2025-08-04,139.678466796875,140.8000030517578,141.1199951171875,138.91000366210938,138.91000366210938,1401700
2025-08-05,138.44833374023438,139.55999755859375,141.5399932861328,138.9600067138672,140.97000122070312,870700
2025-08-06,138.0118408203125,139.1199951171875,140.60000610351562,139.10000610351562,139.8000030517578,860300
2025-08-07,139.09317016601562,140.2100067138672,140.99000549316406,139.1699981689453,139.24000549316406,1093600
2025-08-08,139.1427459716797,140.25999450683594,140.97999572753906,139.6199951171875,140.67999267578125,1348600
2025-08-11,138.8054656982422,139.9199981689453,140.77999877929688,139.25999450683594,140.77999877929688,1195900
2025-08-12,138.7757110595703,139.88999938964844,140.22000122070312,138.32000732421875,140.16000366210938,1308900
2025-08-13,140.3629608154297,141.49000549316406,141.5,139.66000366210938,140.19000244140625,967800
2025-08-14,138.8153839111328,139.92999267578125,141.4600067138672,139.6699981689453,141.00999450683594,1243400
2025-08-15,137.8134307861328,138.9199981689453,140.14999389648438,138.5500030517578,140.14999389648438,1296500
2025-08-18,136.30552673339844,137.39999389648438,139.08999633789062,137.39999389648438,139.02999877929688,980800
2025-08-19,138.61697387695312,139.72999572753906,139.85000610351562,137.39999389648438,137.5500030517578,726600
2025-08-20,139.3709259033203,140.49000549316406,142.0500030517578,139.92999267578125,140.32000732421875,965200
2025-08-21,139.08323669433594,140.1999969482422,140.9199981689453,140.0399932861328,140.1699981689453,1069200
2025-08-22,138.82530212402344,139.94000244140625,141.50999450683594,138.17999267578125,140.91000366210938,1257200
2025-08-25,137.31741333007812,138.4199981689453,139.35000610351562,138.1300048828125,139.0,988000
2025-08-26,136.99996948242188,138.10000610351562,138.77999877929688,137.6300048828125,138.47999572753906,1015600
2025-08-27,137.3074951171875,138.41000366210938,138.6699981689453,137.82000732421875,138.07000732421875,700500
2025-08-28,135.41270446777344,136.5,138.3699951171875,136.41000366210938,138.24000549316406,889300
2025-08-29,135.56150817871094,136.64999389648438,137.25,136.42999267578125,136.6199951171875,951600
2025-09-02,134.56947326660156,135.64999389648438,136.42999267578125,135.1300048828125,135.99000549316406,900300
2025-09-03,134.4107666015625,135.49000549316406,135.88999938964844,134.75999450683594,135.16000366210938,868900
2025-09-04,135.32342529296875,136.41000366210938,136.85000610351562,135.4199981689453,136.5,1089800
2025-09-05,135.5119171142578,136.60000610351562,137.1999969482422,135.85000610351562,137.0,976000
2025-09-08,133.66673278808594,134.74000549316406,136.3800048828125,134.1199951171875,136.1300048828125,1035500
2025-09-09,134.03378295898438,135.11000061035156,135.8699951171875,134.3699951171875,134.3699951171875,634400
2025-09-10,134.55955505371094,135.63999938964844,136.1300048828125,134.61000061035156,135.10000610351562,933000
2025-09-11,135.67063903808594,136.75999450683594,136.97000122070312,135.35000610351562,135.6999969482422,869700
2025-09-12,135.75,136.83999633789062,137.2899932861328,135.97999572753906,136.47000122070312,940300
2025-09-15,136.4499969482422,136.4499969482422,136.72000122070312,135.75999450683594,135.83999633789062,943200
2025-09-16,133.97999572753906,133.97999572753906,136.39999389648438,133.97999572753906,135.77000427246094,998400
2025-09-17,135.11000061035156,135.11000061035156,136.14999389648438,134.49000549316406,134.77000427246094,1130500
2025-09-18,135.11000061035156,135.11000061035156,136.16000366210938,134.0,134.0,2156300
2025-09-19,135.6699981689453,135.6699981689453,136.42999267578125,134.6999969482422,135.88999938964844,1712400
2025-09-22,136.13999938964844,136.13999938964844,136.60000610351562,135.52999877929688,135.99000549316406,898900
2025-09-23,137.97000122070312,137.97000122070312,138.0,135.77000427246094,135.80999755859375,924300
2025-09-24,138.75999450683594,138.75999450683594,138.9199981689453,137.7899932861328,138.0,710200
2025-09-25,137.66000366210938,137.66000366210938,139.83999633789062,137.10000610351562,139.33999633789062,963000
2025-09-26,139.30999755859375,139.30999755859375,139.4499969482422,138.25,138.27999877929688,964100
2025-09-29,140.8699951171875,140.8699951171875,141.32000732421875,138.8699951171875,139.41000366210938,961300
2025-09-30,141.42999267578125,141.42999267578125,141.8000030517578,140.5,140.99000549316406,805900
2025-10-01,140.16000366210938,140.16000366210938,141.9600067138672,140.10000610351562,141.27999877929688,902600
2025-10-02,139.27999877929688,139.27999877929688,139.66000366210938,138.63999938964844,139.64999389648438,906500
2025-10-03,140.00999450683594,140.00999450683594,140.94000244140625,138.49000549316406,138.49000549316406,1722100
2025-10-06,141.75999450683594,141.75999450683594,142.41000366210938,140.2899932861328,140.2899932861328,930200
2025-10-07,142.41000366210938,142.41000366210938,143.7899932861328,141.5500030517578,142.36000061035156,1058300
2025-10-08,141.5800018310547,141.5800018310547,142.9600067138672,141.17999267578125,142.92999267578125,1182100
2025-10-09,140.07000732421875,140.07000732421875,142.42999267578125,139.8800048828125,142.4199981689453,901300
2025-10-10,140.4499969482422,140.4499969482422,142.5,140.25999450683594,140.7899932861328,1016900
2025-10-13,140.07000732421875,140.07000732421875,141.02999877929688,139.61000061035156,139.91000366210938,726900
2025-10-14,141.64999389648438,141.64999389648438,142.47000122070312,140.16000366210938,140.16000366210938,1071400
2025-10-15,142.4600067138672,142.4600067138672,143.1199951171875,141.42999267578125,141.9499969482422,832900
2025-10-16,141.5,141.5,143.60000610351562,141.30999755859375,142.69000244140625,784000
2025-10-17,141.9499969482422,141.9499969482422,142.2100067138672,140.88999938964844,141.94000244140625,699600
2025-10-20,143.32000732421875,143.32000732421875,143.72999572753906,142.35000610351562,142.80999755859375,931200
2025-10-21,142.27000427246094,142.27000427246094,143.6699981689453,141.8800048828125,143.6699981689453,838700
2025-10-22,142.69000244140625,142.69000244140625,143.25999450683594,141.4499969482422,142.3699951171875,797500
2025-10-23,141.5399932861328,141.5399932861328,143.4199981689453,141.32000732421875,143.4199981689453,647500
2025-10-24,141.83999633789062,141.83999633789062,142.42999267578125,141.27000427246094,141.91000366210938,666600
2025-10-27,141.6300048828125,141.6300048828125,142.38999938964844,140.35000610351562,142.38999938964844,934100
2025-10-28,139.63999938964844,139.63999938964844,141.99000549316406,139.47000122070312,141.72000122070312,939300
2025-10-29,138.86000061035156,138.86000061035156,140.0,138.25999450683594,139.19000244140625,1176300
2025-10-30,138.05999755859375,138.05999755859375,141.47000122070312,137.8300018310547,139.8300018310547,1975600
2025-10-31,135.5399932861328,135.5399932861328,136.58999633789062,134.8300018310547,136.58999633789062,2402100
2025-11-03,133.8699951171875,133.8699951171875,135.14999389648438,132.39999389648438,134.88999938964844,1639100
2025-11-04,133.44000244140625,133.44000244140625,135.02999877929688,132.82000732421875,134.77000427246094,2353900
2025-11-05,134.0,134.0,134.94000244140625,133.25,134.02000427246094,2942700
2025-11-06,134.08999633789062,134.08999633789062,135.1699981689453,133.8300018310547,134.1699981689453,2006100
2025-11-07,136.75,136.75,136.75999450683594,134.41000366210938,134.50999450683594,1704600
2025-11-10,139.1300048828125,139.1300048828125,139.77000427246094,137.0800018310547,137.25,2210100
2025-11-11,139.77999877929688,139.77999877929688,139.83999633789062,138.30999755859375,139.0399932861328,1691200
2025-11-12,140.27999877929688,140.27999877929688,140.58999633789062,139.11000061035156,139.86000061035156,1387700
2025-11-13,137.72000122070312,137.72000122070312,140.0,137.6300048828125,139.86000061035156,2018700
2025-11-14,137.10000610351562,137.10000610351562,138.8000030517578,136.57000732421875,137.9499969482422,1664300
2025-11-17,137.60000610351562,137.60000610351562,138.27999877929688,137.02999877929688,137.63999938964844,1338400
2025-11-18,137.0800018310547,137.0800018310547,138.44000244140625,137.0,137.74000549316406,1493700
2025-11-19,135.0500030517578,135.0500030517578,136.9199981689453,134.61000061035156,136.9199981689453,1318600
2025-11-20,135.7100067138672,135.7100067138672,137.10000610351562,135.38999938964844,135.9600067138672,966100
2025-11-21,135.77000427246094,135.77000427246094,137.17999267578125,135.63999938964844,136.63999938964844,1245300
2025-11-24,136.07000732421875,136.07000732421875,136.39999389648438,134.61000061035156,135.92999267578125,1232600
2025-11-25,136.07000732421875,136.07000732421875,137.1300048828125,135.1300048828125,136.75999450683594,1406300
2025-11-26,136.77999877929688,136.77999877929688,137.2100067138672,135.91000366210938,136.3300018310547,1048600
2025-11-28,137.02999877929688,137.02999877929688,137.22000122070312,136.35000610351562,136.6699981689453,539300
2025-12-01,133.27000427246094,133.27000427246094,136.77000427246094,133.14999389648438,135.94000244140625,1374600
