Price,Adj Close,Close,High,Low,Open,Volume
Ticker,MCD,MCD,MCD,MCD,MCD,MCD
Date,,,,,,
2000-01-03,21.041379928588867,39.625,40.0625,38.9375,39.9375,4520600
2000-01-04,20.609926223754883,38.8125,39.5625,38.375,39.3125,4216500
2000-01-05,20.941814422607422,39.4375,40.375,38.8125,38.8125,5231600
2000-01-06,20.643117904663086,38.875,39.375,38.6875,39.125,4809400
2000-01-07,21.17413330078125,39.875,40.0,38.875,39.0,5124700
2000-01-10,21.273698806762695,40.0625,41.0,39.75,40.0,4113900
2000-01-11,21.771512985229492,41.0,41.5,40.125,40.125,5440200
2000-01-12,22.70079803466797,42.75,43.0625,40.625,40.9375,8090000
2000-01-13,22.468467712402344,42.3125,43.625,41.875,42.6875,5700200
2000-01-14,22.62613296508789,42.609375,42.8125,41.875,42.8125,3365400
2000-01-18,22.03702163696289,41.5,42.5,41.1875,42.375,3401100
2000-01-19,22.501663208007812,42.375,42.625,41.0,41.0,3344700
2000-01-20,22.60122299194336,42.5625,42.5625,41.0,42.5625,3309700
2000-01-21,21.80470085144043,41.0625,41.875,40.4375,41.625,3722600
2000-01-24,20.97500228881836,39.5,41.4375,39.5,41.25,3593500
2000-01-25,21.14094352722168,39.8125,40.25,39.1875,39.75,3304500
2000-01-26,18.983707427978516,35.75,39.625,34.6875,39.625,16703200
2000-01-27,19.979352951049805,37.625,37.9375,35.875,36.0,12082200
2000-01-28,19.51471710205078,36.75,37.4375,36.375,37.125,4444200
2000-01-31,19.84659194946289,37.375,38.0,37.125,37.25,4838300
2000-02-01,19.448341369628906,36.625,37.5625,36.5,37.4375,4679500
2000-02-02,18.850954055786133,35.5,36.75,35.375,36.625,5769100
2000-02-03,18.5854434967041,35.0,36.1875,34.4375,35.5625,9225700
2000-02-04,18.651826858520508,35.125,35.875,34.625,35.875,7752200
2000-02-07,18.55225372314453,34.9375,35.625,34.0,35.25,9992900
2000-02-08,19.28240203857422,36.3125,37.625,35.5,36.0,12144800
2000-02-09,19.050079345703125,35.875,36.6875,35.375,36.6875,5915400
2000-02-10,18.850954055786133,35.5,36.25,35.125,35.5,5353400
2000-02-11,18.55225372314453,34.9375,35.4375,34.8125,35.0625,3920500
2000-02-14,17.98805046081543,33.875,35.3125,33.3125,35.3125,4426400
2000-02-15,17.921680450439453,33.75,34.125,33.4375,33.75,4669200
2000-02-16,17.72254753112793,33.375,34.4375,33.25,33.75,3804900
2000-02-17,17.921680450439453,33.75,34.0625,33.375,33.5625,4272000
2000-02-18,17.257911682128906,32.5,33.6875,32.3125,33.5625,5494900
2000-02-22,17.158348083496094,32.3125,33.1875,32.1875,32.25,4479500
2000-02-23,17.324295043945312,32.625,33.375,32.375,32.4375,4927400
2000-02-24,16.660524368286133,31.375,32.375,31.0,32.125,6154300
2000-02-25,16.46139144897461,31.0,31.8125,30.75,31.5,4551200
2000-02-28,16.527774810791016,31.125,31.6875,30.625,31.25,3880600
2000-02-29,16.85965347290039,31.75,32.4375,31.5625,31.75,4883900
2000-03-01,16.594141006469727,31.25,31.9375,31.125,31.875,4969800
2000-03-02,16.395015716552734,30.875,31.4375,30.75,31.125,4884600
2000-03-03,17.158348083496094,32.3125,32.3125,30.5625,31.0,5193900
2000-03-06,16.760087966918945,31.5625,32.5,31.125,32.5,4175100
2000-03-07,15.864009857177734,29.875,31.5625,29.8125,31.5,6183300
2000-03-08,16.328643798828125,30.75,31.25,30.0,30.375,4015900
2000-03-09,16.992401123046875,32.0,32.0,30.0,30.625,4779200
2000-03-10,16.85965347290039,31.75,32.375,31.0,31.4375,4819200
2000-03-13,17.22472381591797,32.4375,32.4375,31.3125,32.0,5659700
2000-03-14,16.195884704589844,30.5,32.5,30.0625,32.4375,5235700
2000-03-15,17.257911682128906,32.5,32.875,30.4375,30.6875,7044600
2000-03-16,18.087621688842773,34.0625,34.375,32.75,33.375,8241900
2000-03-17,17.95486831665039,33.8125,35.1875,33.75,35.0,5463000
2000-03-20,18.35312843322754,34.5625,34.875,34.125,34.25,2736000
2000-03-21,18.71820831298828,35.25,35.5,34.5,34.75,4239900
2000-03-22,18.71820831298828,35.25,35.75,35.0,35.25,3754000
2000-03-23,18.68500518798828,35.1875,35.9375,33.9375,34.0,4034900
2000-03-24,18.48587989807129,34.8125,35.9375,34.6875,35.125,3188100
2000-03-27,18.452680587768555,34.75,35.1875,34.125,34.1875,2189900
2000-03-28,18.651826858520508,35.125,35.375,34.0,34.0,2963500
2000-03-29,19.54790496826172,36.8125,37.0625,34.8125,34.875,5292800
2000-03-30,19.979352951049805,37.625,38.25,36.8125,36.8125,4939100
2000-03-31,19.84659194946289,37.375,37.9375,36.8125,37.875,3738300
2000-04-03,20.443992614746094,38.5,38.625,37.5625,37.8125,4459400
2000-04-04,20.460575103759766,38.53125,39.3125,37.6875,38.6875,5145500
2000-04-05,20.477174758911133,38.5625,38.625,37.25,38.0,4143600
2000-04-06,19.6474666595459,37.0,38.0625,36.875,37.75,4124100
2000-04-07,19.6474666595459,37.0,37.3125,36.125,36.375,3155400
2000-04-10,19.31559181213379,36.375,36.9375,35.875,36.875,3234600
2000-04-11,20.012544631958008,37.6875,37.75,35.875,36.125,3354100
2000-04-12,19.28240203857422,36.3125,38.1875,36.3125,37.25,4548200
2000-04-13,18.120807647705078,34.125,36.0,34.125,36.0,7400300
2000-04-14,17.82211685180664,33.5625,34.8125,33.0,33.5625,5744700
2000-04-17,17.888492584228516,33.6875,34.125,33.0625,33.5,4728900
2000-04-18,17.257911682128906,32.5,33.8125,31.9375,33.75,5440000
2000-04-19,17.55660629272461,33.0625,33.1875,32.5,32.9375,3473000
2000-04-20,19.016889572143555,35.8125,36.0,33.75,34.0,7009700
2000-04-24,20.709491729736328,39.0,39.0,35.125,35.25,9601600
2000-04-25,20.576749801635742,38.75,39.4375,38.1875,38.9375,3975100
2000-04-26,20.643117904663086,38.875,39.375,38.375,38.375,3479300
2000-04-27,20.609926223754883,38.8125,39.125,38.0625,38.125,2904600
2000-04-28,20.211666107177734,38.0625,38.75,37.5625,38.5625,2936500
2000-05-01,20.643117904663086,38.875,39.3125,38.0,38.0,3089100
2000-05-02,20.80906105041504,39.1875,39.625,38.3125,38.375,3129800
2000-05-03,19.813417434692383,37.3125,38.6875,37.0625,38.25,5243800
2000-05-04,18.983707427978516,35.75,36.6875,35.5625,36.625,6515400
2000-05-05,18.95051383972168,35.6875,36.1875,35.0,35.5,4968100
2000-05-08,19.016889572143555,35.8125,36.125,35.1875,35.75,3115600
2000-05-09,19.6474666595459,37.0,37.1875,36.1875,36.25,3165700
2000-05-10,20.510364532470703,38.625,38.8125,37.125,37.1875,5995500
2000-05-11,20.278039932250977,38.1875,38.8125,38.125,38.5,3185200
2000-05-12,19.946165084838867,37.5625,38.25,37.25,38.25,2410500
2000-05-15,20.278039932250977,38.1875,38.5625,37.375,37.4375,2840100
2000-05-16,20.80906105041504,39.1875,39.25,38.4375,38.8125,2753400
2000-05-17,20.74267578125,39.0625,39.3125,38.3125,38.6875,2017900
2000-05-18,20.510364532470703,38.625,39.0625,38.5625,38.8125,1933700
2000-05-19,20.078920364379883,37.8125,38.75,37.625,37.8125,2985300
2000-05-22,20.643117904663086,38.875,39.125,37.8125,37.875,3145000
2000-05-23,20.77587127685547,39.125,39.25,37.75,38.375,2757100
2000-05-24,20.576749801635742,38.75,39.9375,38.125,39.125,5108400
2000-05-25,19.813417434692383,37.3125,38.5625,37.125,38.0,3453100
2000-05-26,20.045726776123047,37.75,37.9375,37.1875,37.25,3130700
2000-05-30,19.415149688720703,36.5625,37.0625,35.9375,37.0,4210200
2000-05-31,19.016889572143555,35.8125,36.5625,35.3125,36.0,3880700
2000-06-01,18.917327880859375,35.625,35.8125,35.25,35.5625,2979100
2000-06-02,19.182830810546875,36.125,36.3125,35.1875,36.125,3701800
2000-06-05,18.850954055786133,35.5,36.0,35.25,36.0,1957900
2000-06-06,18.651826858520508,35.125,35.625,34.875,35.125,3577600
2000-06-07,18.51906394958496,34.875,35.3125,34.3125,35.125,2518000
2000-06-08,18.817766189575195,35.4375,35.75,34.5,34.5,3312300
2000-06-09,17.98805046081543,33.875,36.0,31.625,35.5,15301500
2000-06-12,17.324295043945312,32.625,33.3125,32.0,33.25,8145700
2000-06-13,17.19153594970703,32.375,33.1875,32.0625,32.25,6046900
2000-06-14,16.85965347290039,31.75,33.0,31.625,32.0,5941800
2000-06-15,17.058778762817383,32.125,32.3125,31.625,31.75,6280100
2000-06-16,16.62733268737793,31.3125,32.5625,31.3125,32.5,6858000
2000-06-19,16.726903915405273,31.5,32.0625,31.0625,31.875,4510500
2000-06-20,16.726903915405273,31.5,31.75,31.0,31.6875,3930200
2000-06-21,16.62733268737793,31.3125,31.75,31.0625,31.25,4396800
2000-06-22,16.69370460510254,31.4375,31.5625,31.125,31.25,3928900
2000-06-23,17.324295043945312,32.625,33.1875,31.5,31.6875,7978700
2000-06-26,17.755735397338867,33.4375,33.625,32.875,32.9375,4887200
2000-06-27,17.357473373413086,32.6875,33.5,32.625,33.25,3422100
2000-06-28,17.108572006225586,32.21875,32.8125,32.0,32.5,3179800
2000-06-29,16.594141006469727,31.25,31.9375,31.0625,31.9375,5545100
2000-06-30,17.490236282348633,32.9375,33.046875,31.4375,31.5,6147600
2000-07-03,17.257911682128906,32.5,33.375,32.25,33.1875,1681200
2000-07-05,16.89284896850586,31.8125,32.5625,31.625,32.5,5067000
2000-07-06,17.09197235107422,32.1875,32.5625,32.0625,32.0625,4010300
2000-07-07,17.257911682128906,32.5,33.5,32.0,32.25,3766600
2000-07-10,17.125154495239258,32.25,33.4375,32.1875,33.375,3013900
2000-07-11,17.291099548339844,32.5625,33.0625,32.25,32.875,3094500
2000-07-12,16.992401123046875,32.0,32.625,32.0,32.625,2893000
2000-07-13,16.726903915405273,31.5,32.4375,31.0,32.4375,6731700
2000-07-14,16.660524368286133,31.375,31.5625,31.125,31.3125,3143900
2000-07-17,16.62733268737793,31.3125,31.5625,31.125,31.5,2669400
2000-07-18,16.62733268737793,31.3125,31.625,31.0,31.3125,2651700
2000-07-19,16.660524368286133,31.375,31.4375,31.0,31.3125,3170500
2000-07-20,16.826459884643555,31.6875,32.0,31.3125,31.5,3266300
2000-07-21,16.395015716552734,30.875,31.875,30.5625,31.875,4031800
2000-07-24,16.063129425048828,30.25,31.1875,30.125,30.875,4192300
2000-07-25,16.62733268737793,31.3125,31.375,30.0625,31.0,6895700
2000-07-26,16.826459884643555,31.6875,33.25,31.6875,32.0,11296100
2000-07-27,17.09197235107422,32.1875,33.75,32.0625,33.0,6561400
2000-07-28,16.992401123046875,32.0,32.8125,32.0,32.3125,3092900
2000-07-31,16.826459884643555,31.6875,32.625,31.4375,32.4375,4871300
2000-08-01,17.324295043945312,32.625,32.625,31.8125,31.875,3134200
2000-08-02,17.755735397338867,33.4375,33.5625,32.5625,32.5625,4643100
2000-08-03,17.65617561340332,33.25,33.9375,33.1875,33.625,3805700
2000-08-04,17.72254753112793,33.375,33.6875,33.0,33.125,2536600
2000-08-07,17.888492584228516,33.6875,34.25,33.5,33.5625,3078100
2000-08-08,17.788923263549805,33.5,34.125,33.0625,34.0,2625500
2000-08-09,17.357473373413086,32.6875,33.1875,32.25,32.8125,3548300
2000-08-10,17.423856735229492,32.8125,33.0625,32.625,32.9375,2316000
2000-08-11,17.755735397338867,33.4375,33.625,32.875,32.9375,2224100
2000-08-14,17.68935775756836,33.3125,33.4375,33.0,33.4375,2457400
2000-08-15,17.22472381591797,32.4375,33.625,32.25,33.4375,2872800
2000-08-16,17.19153594970703,32.375,32.5625,32.0625,32.4375,2087600
2000-08-17,16.594141006469727,31.25,32.375,31.0,32.125,4735200
2000-08-18,16.760087966918945,31.5625,31.9375,31.0,31.125,3335400
2000-08-21,16.760087966918945,31.5625,31.9375,31.25,31.8125,2985800
2000-08-22,16.62733268737793,31.3125,31.875,31.1875,31.6875,3485600
2000-08-23,16.560962677001953,31.1875,31.75,30.9375,31.3125,3414800
2000-08-24,16.129512786865234,30.375,31.3125,30.0,31.1875,6604900
2000-08-25,16.129512786865234,30.375,30.5625,29.875,30.5,4992100
2000-08-28,16.129512786865234,30.375,30.4375,30.0,30.0,4056200
2000-08-29,16.162696838378906,30.4375,31.0,30.1875,30.6875,4823800
2000-08-30,16.129512786865234,30.375,30.4375,29.9375,30.4375,4095000
2000-08-31,15.872298240661621,29.890625,30.375,29.625,30.125,6792600
2000-09-01,15.69805908203125,29.5625,30.0625,29.3125,29.6875,4717000
2000-09-05,15.76444149017334,29.6875,29.8125,29.375,29.5625,5208100
2000-09-06,15.996757507324219,30.125,30.3125,29.5625,29.5625,4009200
2000-09-07,15.664875030517578,29.5,30.375,29.0625,30.25,6629500
2000-09-08,15.266611099243164,28.75,29.5625,28.25,29.3125,6268100
2000-09-11,15.067486763000488,28.375,28.8125,28.0625,28.75,4514600
2000-09-12,15.399364471435547,29.0,29.5625,27.8125,28.1875,11730400
2000-09-13,14.436905860900879,27.1875,29.5,27.0,29.4375,7816400
2000-09-14,14.47009563446045,27.25,27.75,26.375,27.75,17827100
2000-09-15,14.86835765838623,28.0,28.8125,27.0625,28.8125,10175900
2000-09-18,15.133859634399414,28.5,28.5625,27.4375,27.9375,5527900
2000-09-19,14.801979064941406,27.875,28.625,27.5625,28.5,5110200
2000-09-20,14.702418327331543,27.6875,27.9375,27.0,27.875,4793200
2000-09-21,14.337349891662598,27.0,28.25,27.0,27.8125,4128100
2000-09-22,15.233420372009277,28.6875,29.28125,28.1875,28.6875,6886900
2000-09-25,15.63168716430664,29.4375,29.4375,28.9375,29.25,4416800
2000-09-26,15.864009857177734,29.875,30.125,29.4375,29.5,5603100
2000-09-27,15.864009857177734,29.875,29.9375,29.5,29.625,3542400
2000-09-28,15.864009857177734,29.875,30.25,29.8125,29.9375,3317900
2000-09-29,16.029945373535156,30.1875,30.375,29.75,30.1875,3074500
2000-10-02,15.96357250213623,30.0625,30.4375,30.0,30.4375,2161800
2000-10-03,16.063129425048828,30.25,30.5,29.9375,30.125,3047300
2000-10-04,15.930377006530762,30.0,30.5,29.875,30.3125,2199700
2000-10-05,15.996757507324219,30.125,30.4375,29.6875,30.25,5717500
2000-10-06,15.864009857177734,29.875,30.3125,29.4375,29.875,3540600
2000-10-09,15.96357250213623,30.0625,30.125,29.5,30.0,2179400
2000-10-10,15.897195816040039,29.9375,30.375,29.9375,30.3125,1944800
2000-10-11,15.930377006530762,30.0,30.4375,29.9375,30.0,2424100
2000-10-12,15.067486763000488,28.375,29.8125,27.9375,29.75,5741500
2000-10-13,15.332995414733887,28.875,29.1875,28.0,28.3125,2707100
2000-10-16,15.399364471435547,29.0,29.4375,28.8125,29.4375,2694800
2000-10-17,14.86835765838623,28.0,28.5,27.625,28.375,4310200
2000-10-18,14.9015531539917,28.0625,28.5,27.8125,28.375,3077800
2000-10-19,14.801979064941406,27.875,28.875,27.5625,28.875,6460600
2000-10-20,15.001105308532715,28.25,28.625,28.125,28.5,5199500
2000-10-23,15.465738296508789,29.125,29.1875,28.8125,28.9375,3610200
2000-10-24,15.465738296508789,29.125,29.625,28.8125,29.3125,5020500
2000-10-25,15.399364471435547,29.0,29.25,28.8125,28.875,4246900
2000-10-26,15.36618423461914,28.9375,29.1875,28.625,28.6875,4074800
2000-10-27,15.797629356384277,29.75,29.75,28.6875,28.6875,3743900
2000-10-30,16.560962677001953,31.1875,31.3125,29.4375,29.6875,5916900
2000-10-31,16.46139144897461,31.0,31.5,30.6875,31.375,4047100
2000-11-01,16.79327392578125,31.625,31.6875,30.625,30.75,3181300
2000-11-02,16.95922088623047,31.9375,32.0,31.3125,31.4375,3065700
2000-11-03,17.19153594970703,32.375,32.625,31.6875,31.9375,3794400
2000-11-06,16.992401123046875,32.0,32.25,31.6875,32.0,2440600
2000-11-07,16.85965347290039,31.75,32.3125,31.5625,31.8125,2333600
2000-11-08,16.79327392578125,31.625,31.75,31.25,31.5625,2728400
2000-11-09,16.85965347290039,31.75,31.875,31.1875,31.5,2431100
2000-11-10,17.55660629272461,33.0625,33.25,31.3125,31.375,6093400
2000-11-13,17.671524047851562,33.0625,33.3125,32.1875,32.25,4603700
2000-11-14,17.87195587158203,33.4375,33.5,32.8125,33.0625,4011100
2000-11-15,17.805143356323242,33.3125,33.75,33.25,33.3125,3670200
2000-11-16,17.471088409423828,32.6875,33.4375,32.6875,33.4375,2587800
2000-11-17,17.87195587158203,33.4375,33.4375,32.5,32.5,3465000
2000-11-20,17.905357360839844,33.5,33.875,32.5,32.5,3091600
2000-11-21,18.13919448852539,33.9375,34.0,33.1875,33.5625,2471800
2000-11-22,18.30622100830078,34.25,34.4375,33.3125,33.3125,3043000
2000-11-24,18.005578994750977,33.6875,34.0,33.4375,33.4375,1475500
2000-11-27,17.07022476196289,31.9375,33.375,31.5,33.125,5253000
2000-11-28,16.702760696411133,31.25,32.0625,30.875,31.625,5332000
2000-11-29,17.370872497558594,32.5,33.25,31.25,31.3125,5271600
2000-11-30,17.03681755065918,31.875,32.9375,31.5,32.625,3794900
2000-12-01,16.53573226928711,30.9375,32.125,30.625,32.125,5264000
2000-12-04,16.802976608276367,31.4375,31.625,30.4375,30.5,2857900
2000-12-05,16.30189323425293,30.5,31.25,30.125,31.25,3762800
2000-12-06,15.834216117858887,29.625,30.5,29.0625,30.1875,4859100
2000-12-07,16.16827392578125,30.25,30.625,29.3125,29.5,3239200
2000-12-08,15.767403602600098,29.5,30.125,28.75,30.0,5463100
2000-12-11,16.001243591308594,29.9375,30.125,29.0,29.25,12259000
2000-12-12,16.502330780029297,30.875,31.1875,30.375,30.5,9798200
2000-12-13,16.63595199584961,31.125,31.5,30.5625,31.125,7453800
2000-12-14,16.869794845581055,31.5625,31.75,30.75,31.0,5369000
2000-12-15,16.836383819580078,31.5,32.25,31.4375,31.5,7806700
2000-12-18,17.27065658569336,32.3125,32.5625,31.6875,31.875,3202600
2000-12-19,17.571308135986328,32.875,33.1875,32.375,32.5,4633800
2000-12-20,16.769573211669922,31.375,32.75,31.375,32.375,5257300
2000-12-21,17.471088409423828,32.6875,32.6875,31.8125,31.9375,4297600
2000-12-22,17.471088409423828,32.6875,33.0625,31.9375,32.5,3214200
2000-12-26,17.370872497558594,32.5,32.75,32.0625,32.625,3365100
2000-12-27,17.70492172241211,33.125,33.125,32.125,32.3125,3865600
2000-12-28,18.105791091918945,33.875,34.0,32.4375,32.8125,3539400
2000-12-29,18.172605514526367,34.0,34.5,33.5625,33.8125,3338200
2001-01-02,17.905357360839844,33.5,33.8125,33.0,33.8125,3529800
2001-01-03,18.005578994750977,33.6875,34.6875,33.375,33.5625,3265400
2001-01-04,17.638120651245117,33.0,33.875,32.875,33.25,5953800
2001-01-05,17.604707717895508,32.9375,33.0,32.5625,32.75,3999100
2001-01-08,17.638120651245117,33.0,33.3125,32.75,32.875,2803600
2001-01-09,17.671524047851562,33.0625,33.25,32.5625,32.5625,2778100
2001-01-10,17.738330841064453,33.1875,33.3125,32.3125,32.875,3091800
2001-01-11,17.471088409423828,32.6875,33.3125,32.625,33.3125,2179800
2001-01-12,17.972171783447266,33.625,33.9375,32.5625,32.9375,3284200
2001-01-16,18.239410400390625,34.125,34.125,32.125,32.75,4546000
2001-01-17,18.540071487426758,34.6875,35.0625,33.625,33.875,5223100
2001-01-18,17.972171783447266,33.625,34.3125,33.625,34.125,4744500
2001-01-19,17.53789710998535,32.8125,33.5,32.6875,33.4375,5238500
2001-01-22,17.905357360839844,33.5,33.75,32.625,32.625,3267500
2001-01-23,17.571308135986328,32.875,33.5,32.625,33.5,3290600
2001-01-24,16.46892547607422,30.8125,32.125,30.3125,31.875,11006600
2001-01-25,15.80080795288086,29.5625,31.125,28.25,30.8125,20823700
2001-01-26,15.500162124633789,29.0,29.9375,28.8125,29.5,9631400
2001-01-29,15.778090476989746,29.520000457763672,29.709999084472656,28.0,29.200000762939453,8501700
2001-01-30,15.740683555603027,29.450000762939453,29.540000915527344,29.1200008392334,29.5,5582200
2001-01-31,15.687234878540039,29.350000381469727,29.489999771118164,28.950000762939453,29.25,7850300
2001-02-01,15.516194343566895,29.030000686645508,29.75,28.959999084472656,29.5,6946800
2001-02-02,15.729997634887695,29.43000030517578,29.510000228881836,28.959999084472656,29.059999465942383,5769700
2001-02-05,15.69257640838623,29.360000610351562,29.530000686645508,29.149999618530273,29.25,4410000
2001-02-06,16.050683975219727,30.030000686645508,30.5,29.260000228881836,29.270000457763672,6791300
2001-02-07,15.644474029541016,29.270000457763672,30.239999771118164,29.190000534057617,30.010000228881836,6112900
2001-02-08,15.681891441345215,29.34000015258789,29.670000076293945,28.950000762939453,29.420000076293945,6959000
2001-02-09,15.906373977661133,29.760000228881836,30.100000381469727,29.280000686645508,29.329999923706055,3406200
2001-02-12,15.943793296813965,29.829999923706055,30.25,29.649999618530273,29.760000228881836,3865500
2001-02-13,16.034648895263672,30.0,30.350000381469727,29.719999313354492,29.899999618530273,5234600
2001-02-14,15.633785247802734,29.25,31.0,29.139999389648438,31.0,4888600
2001-02-15,16.07740592956543,30.079999923706055,30.170000076293945,29.25,29.290000915527344,7087000
2001-02-16,16.15224266052246,30.219999313354492,30.450000762939453,29.850000381469727,30.0,4590500
2001-02-20,16.269826889038086,30.440000534057617,30.84000015258789,30.06999969482422,30.06999969482422,3712700
2001-02-21,15.86361026763916,29.68000030517578,30.850000381469727,29.610000610351562,30.239999771118164,4261100
2001-02-22,16.066722869873047,30.059999465942383,30.350000381469727,29.600000381469727,29.649999618530273,4020300
2001-02-23,16.098785400390625,30.1200008392334,30.489999771118164,29.950000762939453,30.100000381469727,4653000
2001-02-26,15.970516204833984,29.8799991607666,30.200000762939453,29.75,30.049999237060547,2763600
2001-02-27,16.061372756958008,30.049999237060547,30.170000076293945,29.709999084472656,30.030000686645508,3666300
2001-02-28,15.713958740234375,29.399999618530273,30.0,29.0,30.0,4582200
2001-03-01,15.612397193908691,29.209999084472656,29.479999542236328,28.989999771118164,29.040000915527344,4732100
2001-03-02,15.419989585876465,28.850000381469727,29.209999084472656,28.600000381469727,29.209999084472656,4924700
2001-03-05,15.26498794555664,28.559999465942383,28.68000030517578,28.459999084472656,28.600000381469727,2781400
2001-03-06,15.419989585876465,28.850000381469727,28.90999984741211,27.850000381469727,28.100000381469727,5627300
2001-03-07,15.179469108581543,28.399999618530273,28.959999084472656,28.110000610351562,28.850000381469727,3803700
2001-03-08,15.660508155822754,29.299999237060547,29.299999237060547,28.170000076293945,28.200000762939453,4038800
2001-03-09,15.473445892333984,28.950000762939453,29.350000381469727,28.6200008392334,29.299999237060547,3745400
2001-03-12,14.997742652893066,28.059999465942383,28.649999618530273,27.93000030517578,28.649999618530273,4978100
2001-03-13,14.858770370483398,27.799999237060547,28.030000686645508,27.139999389648438,27.75,8211200
2001-03-14,14.725144386291504,27.549999237060547,28.100000381469727,26.290000915527344,26.299999237060547,9960400
2001-03-15,14.559457778930664,27.239999771118164,27.309999465942383,26.540000915527344,27.299999237060547,5756500
2001-03-16,14.163931846618652,26.5,27.450000762939453,26.110000610351562,26.799999237060547,8455500
2001-03-19,14.099800109863281,26.3799991607666,26.700000762939453,26.209999084472656,26.239999771118164,4393500
2001-03-20,13.773763656616211,25.770000457763672,26.479999542236328,25.690000534057617,26.399999618530273,4981800
2001-03-21,13.709624290466309,25.649999618530273,26.09000015258789,25.329999923706055,25.600000381469727,6182500
2001-03-22,13.42099380493164,25.110000610351562,25.479999542236328,24.8799991607666,25.149999618530273,7568600
2001-03-23,13.362210273742676,25.0,25.34000015258789,24.75,25.25,5210200
2001-03-26,13.522557258605957,25.299999237060547,25.489999771118164,24.75,25.0,5164300
2001-03-27,13.538590431213379,25.329999923706055,25.600000381469727,25.059999465942383,25.299999237060547,5708700
2001-03-28,13.511868476867676,25.280000686645508,25.510000228881836,25.0,25.280000686645508,4168800
2001-03-29,14.158601760864258,26.489999771118164,26.979999542236328,25.09000015258789,25.25,5678900
2001-03-30,14.19066333770752,26.549999237060547,26.600000381469727,25.520000457763672,25.649999618530273,5845400
2001-04-02,14.238763809204102,26.639999389648438,27.25,26.299999237060547,26.299999237060547,4560200
2001-04-03,13.784455299377441,25.790000915527344,26.56999969482422,25.6200008392334,26.549999237060547,5562400
2001-04-04,13.944804191589355,26.09000015258789,26.09000015258789,25.389999389648438,25.950000762939453,5456000
2001-04-05,13.896695137023926,26.0,26.540000915527344,25.719999313354492,26.329999923706055,4362000
2001-04-06,14.030322074890137,26.25,26.25,25.75,26.219999313354492,3312400
2001-04-09,14.26549243927002,26.690000534057617,26.940000534057617,25.940000534057617,25.950000762939453,3673600
2001-04-10,14.431187629699707,27.0,27.3700008392334,26.600000381469727,26.739999771118164,3751400
2001-04-11,14.286870956420898,26.729999542236328,27.25,26.559999465942383,26.84000015258789,3405000
2001-04-12,14.372394561767578,26.889999389648438,27.030000686645508,26.43000030517578,26.440000534057617,2872800
2001-04-16,14.548778533935547,27.219999313354492,27.290000915527344,26.770000457763672,26.950000762939453,2444300
2001-04-17,14.522050857543945,27.170000076293945,27.299999237060547,26.899999618530273,27.020000457763672,2844000
2001-04-18,14.693085670471191,27.489999771118164,27.950000762939453,26.860000610351562,26.950000762939453,4294700
2001-04-19,14.682395935058594,27.469999313354492,27.899999618530273,26.700000762939453,27.489999771118164,4907300
2001-04-20,14.479290008544922,27.09000015258789,27.469999313354492,26.709999084472656,27.25,4010000
2001-04-23,14.409799575805664,26.959999084472656,27.25,26.799999237060547,27.06999969482422,3437600
2001-04-24,14.345667839050293,26.84000015258789,27.260000228881836,26.780000686645508,27.209999084472656,5059300
2001-04-25,14.431187629699707,27.0,27.040000915527344,26.6200008392334,27.020000457763672,4285700
2001-04-26,14.441878318786621,27.020000457763672,27.190000534057617,26.690000534057617,26.860000610351562,3033100
2001-04-27,14.489982604980469,27.110000610351562,27.469999313354492,26.760000228881836,27.25,2824000
2001-04-30,14.698431968688965,27.5,27.68000030517578,26.899999618530273,27.399999618530273,5778400
2001-05-01,14.848085403442383,27.780000686645508,27.950000762939453,27.1200008392334,27.25,4017200
2001-05-02,14.725144386291504,27.549999237060547,27.790000915527344,27.25,27.790000915527344,3582800
2001-05-03,14.37773609161377,26.899999618530273,27.559999465942383,26.75,27.559999465942383,6436500
2001-05-04,14.334976196289062,26.81999969482422,26.860000610351562,26.40999984741211,26.43000030517578,6354700
2001-05-07,14.30825424194336,26.770000457763672,27.010000228881836,26.649999618530273,26.969999313354492,3380700
2001-05-08,14.19066333770752,26.549999237060547,26.950000762939453,26.5,26.780000686645508,4155100
2001-05-09,14.53808307647705,27.200000762939453,27.200000762939453,26.25,26.299999237060547,6109200
2001-05-10,14.383086204528809,26.90999984741211,27.209999084472656,26.90999984741211,27.200000762939453,5256700
2001-05-11,14.82671070098877,27.739999771118164,27.780000686645508,27.049999237060547,27.110000610351562,4851300
2001-05-14,14.832051277160645,27.75,27.899999618530273,27.360000610351562,27.5,6319700
2001-05-15,14.698431968688965,27.5,28.110000610351562,27.450000762939453,27.75,4320400
2001-05-16,14.80532455444336,27.700000762939453,27.979999542236328,27.399999618530273,27.600000381469727,4870500
2001-05-17,15.232918739318848,28.5,28.75,27.5,27.5,7799800
2001-05-18,15.927756309509277,29.799999237060547,29.899999618530273,28.520000457763672,28.549999237060547,8899900
2001-05-21,15.959830284118652,29.860000610351562,29.969999313354492,29.020000457763672,29.770000457763672,5809200
2001-05-22,16.30189323425293,30.5,30.959999084472656,30.200000762939453,30.700000762939453,6826700
2001-05-23,16.162918090820312,30.239999771118164,30.350000381469727,29.850000381469727,30.149999618530273,4142100
2001-05-24,16.44086265563965,30.760000228881836,30.760000228881836,30.1200008392334,30.149999618530273,2997300
2001-05-25,16.30724334716797,30.510000228881836,30.59000015258789,30.270000457763672,30.479999542236328,2056600
2001-05-29,16.43551254272461,30.75,30.790000915527344,30.309999465942383,30.520000457763672,2782100
2001-05-30,16.4034481048584,30.690000534057617,30.809999465942383,30.260000228881836,30.5,3601200
2001-05-31,16.184309005737305,30.280000686645508,30.670000076293945,29.84000015258789,30.079999923706055,5132400
2001-06-01,15.879653930664062,29.709999084472656,30.34000015258789,29.520000457763672,30.280000686645508,4096200
2001-06-04,15.623086929321289,29.229999542236328,29.600000381469727,29.079999923706055,29.549999237060547,3596600
2001-06-05,15.719305038452148,29.40999984741211,29.75,29.0,29.260000228881836,4723200
2001-06-06,15.87431526184082,29.700000762939453,30.450000762939453,29.610000610351562,30.100000381469727,5231300
2001-06-07,15.975858688354492,29.889999389648438,30.059999465942383,29.520000457763672,29.56999969482422,2525700
2001-06-08,15.740683555603027,29.450000762939453,30.0,28.90999984741211,29.65999984741211,2461900
2001-06-11,15.986549377441406,29.90999984741211,29.989999771118164,29.25,29.450000762939453,2642300
2001-06-12,15.933100700378418,29.809999465942383,30.049999237060547,29.479999542236328,29.670000076293945,3717600
2001-06-13,16.034648895263672,30.0,30.290000915527344,29.850000381469727,29.920000076293945,3222700
2001-06-14,16.01327133178711,29.959999084472656,30.399999618530273,29.799999237060547,30.0,4808100
2001-06-15,15.323783874511719,28.670000076293945,29.8799991607666,28.420000076293945,29.34000015258789,11853500
2001-06-18,15.232918739318848,28.5,28.549999237060547,28.139999389648438,28.420000076293945,5075800
2001-06-19,15.072563171386719,28.200000762939453,28.799999237060547,27.979999542236328,28.5,4407300
2001-06-20,15.08326244354248,28.219999313354492,28.510000228881836,27.799999237060547,28.0,3903200
2001-06-21,15.307745933532715,28.639999389648438,28.65999984741211,28.0,28.0,3504300
2001-06-22,15.029814720153809,28.1200008392334,28.43000030517578,27.809999465942383,28.399999618530273,4046300
2001-06-25,14.858770370483398,27.799999237060547,28.190000534057617,27.65999984741211,27.969999313354492,3658300
2001-06-26,14.719815254211426,27.540000915527344,27.979999542236328,27.0,27.959999084472656,9066300
2001-06-27,14.703774452209473,27.510000228881836,27.75,27.149999618530273,27.420000076293945,2946800
2001-06-28,14.794636726379395,27.68000030517578,27.989999771118164,27.530000686645508,27.559999465942383,2710400
2001-06-29,14.46325397491455,27.059999465942383,27.790000915527344,27.0,27.790000915527344,14439500
2001-07-02,14.644986152648926,27.399999618530273,27.540000915527344,27.200000762939453,27.200000762939453,3917800
2001-07-03,14.559457778930664,27.239999771118164,27.59000015258789,26.920000076293945,27.579999923706055,1709900
2001-07-05,14.46325397491455,27.059999465942383,27.389999389648438,27.030000686645508,27.31999969482422,2010900
2001-07-06,14.19066333770752,26.549999237060547,27.059999465942383,26.049999237060547,27.030000686645508,5248900
2001-07-09,14.2013578414917,26.56999969482422,26.719999313354492,26.299999237060547,26.530000686645508,2696000
2001-07-10,14.37773609161377,26.899999618530273,27.31999969482422,26.649999618530273,26.860000610351562,5415900
2001-07-11,14.238763809204102,26.639999389648438,27.040000915527344,26.190000534057617,26.200000762939453,5751000
2001-07-12,14.431187629699707,27.0,27.229999542236328,26.200000762939453,26.6299991607666,3423200
2001-07-13,14.778602600097656,27.649999618530273,27.690000534057617,26.829999923706055,26.829999923706055,4014100
2001-07-16,14.767911911010742,27.6299991607666,27.889999389648438,27.299999237060547,27.299999237060547,3607200
2001-07-17,14.816017150878906,27.719999313354492,27.889999389648438,27.31999969482422,27.600000381469727,2664800
2001-07-18,14.80532455444336,27.700000762939453,27.8799991607666,27.56999969482422,27.700000762939453,3068500
2001-07-19,14.789295196533203,27.670000076293945,27.940000534057617,27.510000228881836,27.8799991607666,3008600
2001-07-20,14.709115982055664,27.520000457763672,27.75,27.450000762939453,27.5,2961600
2001-07-23,14.84273910522461,27.770000457763672,28.68000030517578,27.690000534057617,27.969999313354492,6509700
2001-07-24,15.174123764038086,28.389999389648438,28.59000015258789,27.989999771118164,28.239999771118164,8264900
2001-07-25,15.660508155822754,29.299999237060547,29.440000534057617,28.450000762939453,28.530000686645508,7503800
2001-07-26,15.462753295898438,28.93000030517578,29.100000381469727,28.709999084472656,28.969999313354492,3571200
2001-07-27,15.307745933532715,28.639999389648438,28.920000076293945,28.600000381469727,28.700000762939453,2585100
2001-07-30,15.446709632873535,28.899999618530273,29.049999237060547,28.450000762939453,28.600000381469727,2095400
2001-07-31,15.574986457824707,29.139999389648438,29.5,29.010000228881836,29.1299991607666,4359300
2001-08-01,15.703265190124512,29.3799991607666,29.5,29.15999984741211,29.290000915527344,3745000
2001-08-02,15.580328941345215,29.149999618530273,29.479999542236328,28.899999618530273,29.25,2611000
2001-08-03,15.50550651550293,29.010000228881836,29.1299991607666,28.799999237060547,29.0,1728200
2001-08-06,15.393261909484863,28.799999237060547,29.079999923706055,28.600000381469727,28.899999618530273,2053300
2001-08-07,15.393261909484863,28.799999237060547,28.959999084472656,28.559999465942383,28.6299991607666,2104100
2001-08-08,15.190159797668457,28.420000076293945,28.899999618530273,28.290000915527344,28.610000610351562,2850400
2001-08-09,15.120671272277832,28.290000915527344,28.5,28.0,28.31999969482422,2872500
2001-08-10,15.013777732849121,28.09000015258789,28.219999313354492,27.690000534057617,28.049999237060547,3318800
2001-08-13,14.976357460021973,28.020000457763672,28.489999771118164,27.90999984741211,28.010000228881836,1861200
2001-08-14,14.960328102111816,27.989999771118164,28.170000076293945,27.770000457763672,28.170000076293945,3386800
2001-08-15,15.22757339477539,28.489999771118164,28.700000762939453,28.049999237060547,28.059999465942383,6460100
2001-08-16,15.87431526184082,29.700000762939453,29.799999237060547,28.600000381469727,28.649999618530273,7375200
2001-08-17,16.034648895263672,30.0,30.06999969482422,29.360000610351562,29.5,7711000
2001-08-20,16.061372756958008,30.049999237060547,30.09000015258789,29.799999237060547,30.0,2765900
2001-08-21,16.034648895263672,30.0,30.469999313354492,29.899999618530273,30.0,4782000
2001-08-22,16.16827392578125,30.25,30.450000762939453,29.979999542236328,30.0,3172700
2001-08-23,16.483619689941406,30.84000015258789,30.950000762939453,30.100000381469727,30.1200008392334,4080500
2001-08-24,16.296552658081055,30.489999771118164,31.0,30.209999084472656,30.700000762939453,4941600
2001-08-27,16.1789608001709,30.270000457763672,30.469999313354492,30.100000381469727,30.270000457763672,2890900
2001-08-28,15.975858688354492,29.889999389648438,30.100000381469727,29.719999313354492,30.0,4392400
2001-08-29,16.034648895263672,30.0,30.079999923706055,29.649999618530273,29.700000762939453,4995700
2001-08-30,16.045339584350586,30.020000457763672,30.100000381469727,29.760000228881836,29.809999465942383,3229100
2001-08-31,16.050683975219727,30.030000686645508,30.200000762939453,29.899999618530273,30.049999237060547,2814500
2001-09-04,16.451555252075195,30.780000686645508,30.8700008392334,30.040000915527344,30.229999542236328,4399200
2001-09-05,16.43551254272461,30.75,30.850000381469727,30.31999969482422,30.75,3711400
2001-09-06,16.248451232910156,30.399999618530273,30.75,30.309999465942383,30.729999542236328,4218000
2001-09-07,16.01327133178711,29.959999084472656,30.31999969482422,29.860000610351562,30.219999313354492,4083900
2001-09-10,15.457402229309082,28.920000076293945,30.209999084472656,28.600000381469727,30.0,8200600
2001-09-17,15.168774604797363,28.3799991607666,28.799999237060547,27.469999313354492,27.700000762939453,8336300
2001-09-18,14.971017837524414,28.010000228881836,28.440000534057617,27.59000015258789,28.3799991607666,4637900
2001-09-19,15.232918739318848,28.5,29.100000381469727,28.0,28.56999969482422,11570600
2001-09-20,14.628946304321289,27.3700008392334,28.09000015258789,27.15999984741211,28.020000457763672,7941100
2001-09-21,14.473952293395996,27.079999923706055,27.5,26.149999618530273,26.700000762939453,7093300
2001-09-24,14.281525611877441,26.719999313354492,27.350000381469727,26.5,27.100000381469727,6082400
2001-09-25,14.078423500061035,26.34000015258789,27.290000915527344,26.0,26.700000762939453,6170800
2001-09-26,14.030322074890137,26.25,26.8799991607666,26.059999465942383,26.75,6052000
2001-09-27,14.431187629699707,27.0,27.0,26.43000030517578,26.950000762939453,10036500
2001-09-28,14.506013870239258,27.139999389648438,27.600000381469727,26.649999618530273,27.5,6373700
2001-10-01,14.607561111450195,27.329999923706055,27.479999542236328,26.690000534057617,27.479999542236328,4633400
2001-10-02,14.762566566467285,27.6200008392334,27.649999618530273,27.270000457763672,27.479999542236328,3640200
2001-10-03,15.313090324401855,28.649999618530273,28.709999084472656,27.520000457763672,27.690000534057617,5017900
2001-10-04,15.462753295898438,28.93000030517578,28.93000030517578,28.520000457763672,28.920000076293945,6536900
2001-10-05,15.441370010375977,28.889999389648438,29.040000915527344,28.420000076293945,29.0,4423000
2001-10-08,15.158085823059082,28.360000610351562,28.84000015258789,28.260000228881836,28.829999923706055,3588800
2001-10-09,15.387919425964355,28.790000915527344,28.8700008392334,28.049999237060547,28.09000015258789,2439700
2001-10-10,15.740683555603027,29.450000762939453,29.510000228881836,28.93000030517578,29.0,5326500
2001-10-11,16.061372756958008,30.049999237060547,30.100000381469727,29.3700008392334,29.450000762939453,5712500
2001-10-12,15.762064933776855,29.489999771118164,29.969999313354492,28.959999084472656,29.549999237060547,4605100
2001-10-15,15.772747993469238,29.510000228881836,29.969999313354492,29.3700008392334,29.739999771118164,4995600
2001-10-16,15.87431526184082,29.700000762939453,29.84000015258789,29.450000762939453,29.600000381469727,4784200
2001-10-17,15.713958740234375,29.399999618530273,30.0,29.31999969482422,29.90999984741211,4883500
2001-10-18,15.628437042236328,29.239999771118164,29.389999389648438,28.75,29.31999969482422,5027100
2001-10-19,15.275680541992188,28.579999923706055,28.610000610351562,28.010000228881836,28.5,6213900
2001-10-22,15.179469108581543,28.399999618530273,28.700000762939453,28.020000457763672,28.020000457763672,3753000
2001-10-23,14.783951759338379,27.65999984741211,28.399999618530273,27.549999237060547,28.299999237060547,4088200
2001-10-24,14.960328102111816,27.989999771118164,28.110000610351562,27.600000381469727,27.799999237060547,3648400
2001-10-25,15.152741432189941,28.350000381469727,28.3799991607666,27.3799991607666,27.75,3270500
2001-10-26,15.473445892333984,28.950000762939453,29.010000228881836,28.0,28.0,2986300
2001-10-29,14.580843925476074,27.280000686645508,28.899999618530273,27.280000686645508,28.549999237060547,7589000
2001-10-30,13.891353607177734,25.989999771118164,26.899999618530273,25.0,26.700000762939453,13766100
2001-10-31,13.934115409851074,26.06999969482422,26.3700008392334,25.850000381469727,25.950000762939453,6537500
2001-11-01,14.003593444824219,26.200000762939453,26.450000762939453,25.81999969482422,26.100000381469727,5004700
2001-11-02,14.318946838378906,26.790000915527344,26.979999542236328,26.360000610351562,26.5,3289300
2001-11-05,14.313590049743652,26.780000686645508,27.0,26.420000076293945,26.84000015258789,4099400
2001-11-06,14.431187629699707,27.0,27.149999618530273,26.65999984741211,26.719999313354492,3183600
2001-11-07,14.441878318786621,27.020000457763672,27.260000228881836,26.760000228881836,27.079999923706055,3400400
2001-11-08,14.057043075561523,26.299999237060547,27.1299991607666,25.8799991607666,27.0,8060900
2001-11-09,14.20670223236084,26.579999923706055,26.75,25.989999771118164,26.170000076293945,4726900
2001-11-12,14.30290699005127,26.760000228881836,26.950000762939453,26.1200008392334,26.780000686645508,3273200
2001-11-13,14.80150318145752,27.459999084472656,27.540000915527344,27.010000228881836,27.139999389648438,5343800
2001-11-14,14.84463119506836,27.540000915527344,27.68000030517578,27.209999084472656,27.209999084472656,5262300
2001-11-15,15.28662109375,28.360000610351562,28.360000610351562,27.579999923706055,27.739999771118164,4550600
2001-11-16,15.09796142578125,28.010000228881836,28.5,28.0,28.5,5665800
2001-11-19,15.017114639282227,27.860000610351562,28.25,27.450000762939453,28.010000228881836,3379700
2001-11-20,14.672137260437012,27.219999313354492,27.6200008392334,27.170000076293945,27.43000030517578,5013400
2001-11-21,14.6505708694458,27.18000030517578,27.209999084472656,26.90999984741211,27.049999237060547,3011000
2001-11-23,14.833839416503906,27.520000457763672,27.600000381469727,27.299999237060547,27.3799991607666,1287400
2001-11-26,14.76916217803955,27.399999618530273,27.75,27.260000228881836,27.31999969482422,5095200
2001-11-27,14.564335823059082,27.020000457763672,27.229999542236328,26.899999618530273,27.219999313354492,5821200
2001-11-28,14.424199104309082,26.760000228881836,27.100000381469727,26.5,27.010000228881836,7836600
2001-11-29,14.440360069274902,26.790000915527344,26.950000762939453,26.559999465942383,26.600000381469727,2903400
2001-11-30,14.467306137084961,26.84000015258789,27.030000686645508,26.59000015258789,26.889999389648438,4178900
2001-12-03,14.402623176574707,26.719999313354492,27.360000610351562,26.600000381469727,27.020000457763672,5590900
2001-12-04,14.48348617553711,26.8700008392334,26.959999084472656,26.600000381469727,26.959999084472656,4188100
2001-12-05,14.812281608581543,27.479999542236328,27.5,26.65999984741211,26.899999618530273,4398400
2001-12-06,14.887748718261719,27.6200008392334,27.719999313354492,27.309999465942383,27.350000381469727,5010300
2001-12-07,14.499648094177246,26.899999618530273,27.670000076293945,26.809999465942383,27.670000076293945,4507800
2001-12-10,14.564335823059082,27.020000457763672,27.489999771118164,26.860000610351562,27.049999237060547,4267000
2001-12-11,14.284039497375488,26.5,26.760000228881836,26.399999618530273,26.5,6306900
2001-12-12,13.820486068725586,25.639999389648438,26.75,25.450000762939453,26.700000762939453,8120000
2001-12-13,13.820486068725586,25.639999389648438,25.81999969482422,25.149999618530273,25.25,6166700
2001-12-14,14.445748329162598,26.799999237060547,27.079999923706055,26.049999237060547,26.100000381469727,7769600
2001-12-17,14.046875,26.059999465942383,26.899999618530273,26.059999465942383,26.829999923706055,5388700
2001-12-18,14.230140686035156,26.399999618530273,26.65999984741211,26.1299991607666,26.3799991607666,3427200
2001-12-19,14.10616683959961,26.170000076293945,26.479999542236328,26.1200008392334,26.1299991607666,4315500
2001-12-20,13.825874328613281,25.649999618530273,26.34000015258789,25.649999618530273,26.149999618530273,4533400
2001-12-21,13.960624694824219,25.899999618530273,26.1200008392334,25.700000762939453,25.950000762939453,6083900
2001-12-24,13.93368148803711,25.850000381469727,26.059999465942383,25.84000015258789,25.950000762939453,1280900
2001-12-26,14.068437576293945,26.100000381469727,26.34000015258789,25.719999313354492,25.75,3427100
2001-12-27,14.4080228805542,26.729999542236328,26.899999618530273,26.049999237060547,26.360000610351562,4841700
2001-12-28,14.337940216064453,26.600000381469727,26.93000030517578,26.520000457763672,26.899999618530273,3659600
2001-12-31,14.267873764038086,26.469999313354492,26.899999618530273,26.40999984741211,26.40999984741211,3051300
2002-01-02,14.278653144836426,26.489999771118164,26.639999389648438,26.239999771118164,26.469999313354492,3855800
2002-01-03,14.440360069274902,26.790000915527344,26.959999084472656,26.520000457763672,26.520000457763672,4813300
2002-01-04,14.54816722869873,26.989999771118164,27.049999237060547,26.799999237060547,26.979999542236328,4883600
2002-01-07,14.661355972290039,27.200000762939453,27.469999313354492,26.81999969482422,27.0,3683800
2002-01-08,14.747600555419922,27.360000610351562,27.479999542236328,27.0,27.350000381469727,3326000
2002-01-09,14.488871574401855,26.8799991607666,27.450000762939453,26.809999465942383,27.219999313354492,3219200
2002-01-10,14.451141357421875,26.809999465942383,27.280000686645508,26.75,26.8799991607666,3525600
2002-01-11,14.197797775268555,26.34000015258789,27.0,26.34000015258789,26.8799991607666,4397100
2002-01-14,14.025315284729004,26.020000457763672,26.600000381469727,26.020000457763672,26.520000457763672,3696400
2002-01-15,14.122334480285645,26.200000762939453,26.700000762939453,26.020000457763672,26.549999237060547,5553200
2002-01-16,14.046875,26.059999465942383,26.489999771118164,26.059999465942383,26.3799991607666,4328600
2002-01-17,14.27326488494873,26.479999542236328,26.540000915527344,26.100000381469727,26.329999923706055,4294100
2002-01-18,14.246315002441406,26.43000030517578,26.850000381469727,26.25,26.450000762939453,3142300
2002-01-22,14.445748329162598,26.799999237060547,27.049999237060547,26.520000457763672,26.530000686645508,4561600
2002-01-23,14.76916217803955,27.399999618530273,27.399999618530273,26.8700008392334,27.1200008392334,5020200
2002-01-24,14.267873764038086,26.469999313354492,27.450000762939453,26.299999237060547,27.440000534057617,6085400
2002-01-25,13.80970287322998,25.6200008392334,26.43000030517578,25.3799991607666,26.219999313354492,7895500
2002-01-28,14.21935749053955,26.3799991607666,26.3799991607666,25.510000228881836,25.520000457763672,4459200
2002-01-29,14.154680252075195,26.260000228881836,27.0,25.860000610351562,26.280000686645508,5414200
2002-01-30,14.54816722869873,26.989999771118164,27.0,26.100000381469727,26.200000762939453,4966900
2002-01-31,14.6505708694458,27.18000030517578,27.200000762939453,26.770000457763672,27.0,4342400
2002-02-01,14.354109764099121,26.6299991607666,27.049999237060547,26.6299991607666,26.8799991607666,3430700
2002-02-04,14.337940216064453,26.600000381469727,27.149999618530273,26.600000381469727,26.770000457763672,4433200
2002-02-05,14.661355972290039,27.200000762939453,27.290000915527344,26.559999465942383,26.700000762939453,4835300
2002-02-06,14.655967712402344,27.190000534057617,27.350000381469727,26.940000534057617,27.270000457763672,4937000
2002-02-07,14.585888862609863,27.059999465942383,27.450000762939453,27.040000915527344,27.25,3398200
2002-02-08,14.402623176574707,26.719999313354492,27.200000762939453,26.3700008392334,27.010000228881836,4110800
2002-02-11,14.553550720214844,27.0,27.139999389648438,26.510000228881836,26.559999465942383,2654000
2002-02-12,14.472704887390137,26.850000381469727,26.950000762939453,26.65999984741211,26.899999618530273,2965700
2002-02-13,14.515819549560547,26.93000030517578,27.079999923706055,26.700000762939453,26.850000381469727,4306500
2002-02-14,14.478089332580566,26.860000610351562,27.049999237060547,26.760000228881836,26.899999618530273,4358900
2002-02-15,14.418795585632324,26.75,27.280000686645508,26.75,26.93000030517578,3739900
2002-02-19,14.122334480285645,26.200000762939453,26.760000228881836,26.100000381469727,26.479999542236328,5129500
2002-02-20,14.537378311157227,26.969999313354492,26.979999542236328,26.200000762939453,26.25,3675000
2002-02-21,14.294827461242676,26.520000457763672,27.239999771118164,26.5,26.979999542236328,3173300
2002-02-22,14.526605606079102,26.950000762939453,27.059999465942383,26.389999389648438,26.5,2970200
2002-02-25,14.45652961730957,26.81999969482422,27.059999465942383,26.770000457763672,26.950000762939453,3466800
2002-02-26,14.284039497375488,26.5,26.969999313354492,26.450000762939453,26.809999465942383,3687000
2002-02-27,14.21935749053955,26.3799991607666,26.6299991607666,26.020000457763672,26.489999771118164,4837700
2002-02-28,14.068437576293945,26.100000381469727,26.649999618530273,26.100000381469727,26.530000686645508,4267500
2002-03-01,14.10616683959961,26.170000076293945,26.43000030517578,26.06999969482422,26.350000381469727,4336400
2002-03-04,14.472704887390137,26.850000381469727,27.100000381469727,26.25,26.299999237060547,5179900
2002-03-05,14.887748718261719,27.6200008392334,27.799999237060547,26.8799991607666,27.030000686645508,6318800
2002-03-06,15.124914169311523,28.059999465942383,28.600000381469727,27.780000686645508,27.84000015258789,5999500
2002-03-07,14.952428817749023,27.739999771118164,28.0,27.6200008392334,28.0,4185400
2002-03-08,15.044062614440918,27.90999984741211,28.200000762939453,27.739999771118164,27.799999237060547,4279800
2002-03-11,15.038668632507324,27.899999618530273,28.1200008392334,27.770000457763672,27.829999923706055,4396200
2002-03-12,15.281229972839355,28.350000381469727,28.540000915527344,27.649999618530273,27.700000762939453,5145800
2002-03-13,15.038668632507324,27.899999618530273,28.950000762939453,27.329999923706055,28.229999542236328,10266000
2002-03-14,15.173420906066895,28.149999618530273,28.43000030517578,27.989999771118164,28.219999313354492,3966500
2002-03-15,15.480671882629395,28.719999313354492,28.940000534057617,28.299999237060547,28.450000762939453,5927700
2002-03-18,15.329747200012207,28.440000534057617,28.790000915527344,28.270000457763672,28.700000762939453,2980600
2002-03-19,15.523784637451172,28.799999237060547,28.809999465942383,28.31999969482422,28.31999969482422,2600100
2002-03-20,15.496830940246582,28.75,29.0,28.40999984741211,28.420000076293945,3627900
2002-03-21,15.469887733459473,28.700000762939453,29.059999465942383,28.520000457763672,28.719999313354492,3336800
2002-03-22,14.903916358947754,27.649999618530273,28.530000686645508,27.649999618530273,28.0,7366800
2002-03-25,14.672137260437012,27.219999313354492,27.540000915527344,27.049999237060547,27.149999618530273,4641800
2002-03-26,14.81767463684082,27.489999771118164,27.690000534057617,27.1200008392334,27.139999389648438,3029300
2002-03-27,15.060226440429688,27.940000534057617,28.100000381469727,27.280000686645508,27.399999618530273,3057100
2002-03-28,14.957818031311035,27.75,28.280000686645508,27.719999313354492,27.950000762939453,2958000
2002-04-01,14.688304901123047,27.25,27.6200008392334,27.100000381469727,27.549999237060547,3040700
2002-04-02,14.823063850402832,27.5,27.729999542236328,27.0,27.0,2470600
2002-04-03,14.81767463684082,27.489999771118164,27.770000457763672,27.209999084472656,27.450000762939453,3165700
2002-04-04,14.979382514953613,27.790000915527344,27.829999923706055,27.5,27.700000762939453,3526100
2002-04-05,15.281229972839355,28.350000381469727,28.5,27.559999465942383,27.559999465942383,4274100
2002-04-08,15.356690406799316,28.489999771118164,28.600000381469727,28.0,28.0,2683300
2002-04-09,15.173420906066895,28.149999618530273,28.969999313354492,28.020000457763672,28.579999923706055,7697300
2002-04-10,15.065624237060547,27.950000762939453,28.239999771118164,27.65999984741211,28.149999618530273,7097800
2002-04-11,14.936262130737305,27.709999084472656,28.239999771118164,27.520000457763672,28.049999237060547,4989700
2002-04-12,14.984764099121094,27.799999237060547,28.200000762939453,27.600000381469727,28.200000762939453,3588800
2002-04-15,14.76916217803955,27.399999618530273,27.75,27.149999618530273,27.5,3445600
2002-04-16,14.823063850402832,27.5,27.690000534057617,27.420000076293945,27.579999923706055,3608400
2002-04-17,14.639800071716309,27.15999984741211,27.5,27.06999969482422,27.350000381469727,3556600
2002-04-18,15.426759719848633,28.6200008392334,28.899999618530273,28.209999084472656,28.350000381469727,15718100
2002-04-19,15.415982246398926,28.600000381469727,28.790000915527344,28.299999237060547,28.729999542236328,7898300
2002-04-22,15.362088203430176,28.5,28.889999389648438,28.40999984741211,28.5,5023300
2002-04-23,15.507623672485352,28.770000457763672,29.200000762939453,28.5,28.75,8090000
2002-04-24,15.362088203430176,28.5,28.799999237060547,28.5,28.75,6256200
2002-04-25,15.270447731018066,28.329999923706055,28.799999237060547,28.020000457763672,28.030000686645508,5446300
2002-04-26,15.21654987335205,28.229999542236328,28.479999542236328,28.09000015258789,28.469999313354492,4092200
2002-04-29,15.205761909484863,28.209999084472656,28.639999389648438,28.0,28.010000228881836,3755300
2002-04-30,15.30817985534668,28.399999618530273,28.6299991607666,28.020000457763672,28.06999969482422,5078200
2002-05-01,15.351297378540039,28.479999542236328,28.59000015258789,28.059999465942383,28.399999618530273,6365800
2002-05-02,15.362088203430176,28.5,28.719999313354492,28.360000610351562,28.489999771118164,5392800
2002-05-03,15.787910461425781,29.290000915527344,29.399999618530273,28.610000610351562,28.68000030517578,8193100
2002-05-06,15.685497283935547,29.100000381469727,29.75,29.100000381469727,29.350000381469727,6205300
2002-05-07,15.744783401489258,29.209999084472656,29.780000686645508,29.020000457763672,29.350000381469727,6536800
2002-05-08,15.566917419433594,28.8799991607666,29.389999389648438,28.709999084472656,29.31999969482422,6518900
2002-05-09,15.782513618469238,29.280000686645508,29.5,28.709999084472656,28.709999084472656,4266800
2002-05-10,16.068195343017578,29.809999465942383,29.969999313354492,29.399999618530273,29.43000030517578,6923800
2002-05-13,16.391613006591797,30.40999984741211,30.520000457763672,29.920000076293945,29.969999313354492,7737300
2002-05-14,16.159833908081055,29.979999542236328,30.579999923706055,29.84000015258789,30.489999771118164,6105500
2002-05-15,16.202957153320312,30.059999465942383,30.190000534057617,29.920000076293945,30.0,5150500
2002-05-16,16.154443740844727,29.969999313354492,30.260000228881836,29.709999084472656,30.059999465942383,3765000
2002-05-17,16.176000595092773,30.010000228881836,30.06999969482422,29.5,29.950000762939453,3457300
2002-05-20,16.240684509277344,30.1299991607666,30.149999618530273,29.610000610351562,29.799999237060547,3534200
2002-05-21,16.386220932006836,30.399999618530273,30.399999618530273,30.059999465942383,30.34000015258789,4969800
2002-05-22,16.52097511291504,30.649999618530273,30.68000030517578,30.100000381469727,30.200000762939453,4612800
2002-05-23,16.386220932006836,30.399999618530273,30.719999313354492,30.049999237060547,30.549999237060547,4911000
2002-05-24,16.31075668334961,30.260000228881836,30.540000915527344,30.100000381469727,30.399999618530273,3574200
2002-05-28,16.251476287841797,30.149999618530273,30.399999618530273,30.110000610351562,30.149999618530273,2732700
2002-05-29,16.176000595092773,30.010000228881836,30.399999618530273,29.81999969482422,30.389999389648438,4084200
2002-05-30,16.046649932861328,29.770000457763672,30.25,29.709999084472656,29.940000534057617,3611100
2002-05-31,16.138263702392578,29.940000534057617,30.110000610351562,29.670000076293945,29.950000762939453,4978700
2002-06-03,15.901106834411621,29.5,30.09000015258789,29.5,30.0,3481800
2002-06-04,15.782513618469238,29.280000686645508,29.610000610351562,29.149999618530273,29.469999313354492,3723200
2002-06-05,16.165218353271484,29.989999771118164,30.049999237060547,29.25,29.299999237060547,3446600
2002-06-06,16.170618057250977,30.0,30.25,29.809999465942383,29.989999771118164,3547600
2002-06-07,16.132890701293945,29.93000030517578,30.06999969482422,29.65999984741211,29.770000457763672,4744400
2002-06-10,16.337705612182617,30.309999465942383,30.440000534057617,30.010000228881836,30.15999984741211,3295600
2002-06-11,16.062816619873047,29.799999237060547,30.440000534057617,29.709999084472656,30.239999771118164,4383600
2002-06-12,16.035860061645508,29.75,30.149999618530273,29.549999237060547,29.75,4315500
2002-06-13,16.068195343017578,29.809999465942383,29.940000534057617,29.43000030517578,29.700000762939453,3260900
2002-06-14,15.696273803710938,29.1200008392334,29.700000762939453,28.549999237060547,29.6200008392334,6104400
2002-06-17,16.073589324951172,29.81999969482422,29.920000076293945,29.399999618530273,29.780000686645508,5793000
2002-06-18,16.062816619873047,29.799999237060547,30.0,29.540000915527344,29.84000015258789,4414200
2002-06-19,16.159833908081055,29.979999542236328,30.280000686645508,29.690000534057617,29.889999389648438,3921300
2002-06-20,15.911887168884277,29.520000457763672,30.020000457763672,29.420000076293945,29.950000762939453,4129200
2002-06-21,15.631593704223633,29.0,29.649999618530273,28.850000381469727,29.100000381469727,9333600
2002-06-24,15.7178373336792,29.15999984741211,29.459999084472656,28.760000228881836,29.030000686645508,4283900
2002-06-25,15.658541679382324,29.049999237060547,29.43000030517578,28.860000610351562,29.030000686645508,6270300
2002-06-26,15.51301383972168,28.780000686645508,28.889999389648438,27.8700008392334,28.649999618530273,6713700
2002-06-27,15.453712463378906,28.670000076293945,28.860000610351562,28.219999313354492,28.729999542236328,5165000
2002-06-28,15.335129737854004,28.450000762939453,28.81999969482422,28.149999618530273,28.770000457763672,5790500
2002-07-01,15.146480560302734,28.100000381469727,28.6200008392334,28.020000457763672,28.459999084472656,4421500
2002-07-02,14.936262130737305,27.709999084472656,28.239999771118164,27.610000610351562,28.100000381469727,3136900
2002-07-03,14.785333633422852,27.43000030517578,28.09000015258789,27.079999923706055,27.799999237060547,5867300
2002-07-05,15.006325721740723,27.84000015258789,27.93000030517578,27.579999923706055,27.93000030517578,2444000
2002-07-08,15.038668632507324,27.899999618530273,27.979999542236328,27.510000228881836,27.75,4038200
2002-07-09,14.984764099121094,27.799999237060547,28.139999389648438,27.450000762939453,27.959999084472656,6434300
2002-07-10,15.141087532043457,28.09000015258789,28.5,27.920000076293945,28.0,8584600
2002-07-11,14.763777732849121,27.389999389648438,28.190000534057617,27.309999465942383,27.950000762939453,10354400
2002-07-12,14.618234634399414,27.1200008392334,27.420000076293945,26.850000381469727,27.350000381469727,6179000
2002-07-15,14.310991287231445,26.549999237060547,27.079999923706055,25.940000534057617,27.0,7724700
2002-07-16,14.04147720336914,26.049999237060547,26.5,25.950000762939453,26.18000030517578,4513400
2002-07-17,13.852828025817871,25.700000762939453,26.5,25.3700008392334,26.260000228881836,6011600
2002-07-18,13.534802436828613,25.110000610351562,25.899999618530273,25.110000610351562,25.6200008392334,4569000
2002-07-19,13.028118133544922,24.170000076293945,25.0,24.100000381469727,25.0,5930600
2002-07-22,12.559179306030273,23.299999237060547,24.40999984741211,22.799999237060547,23.5,9788300
2002-07-23,12.850249290466309,23.84000015258789,24.420000076293945,23.399999618530273,23.420000076293945,5388100
2002-07-24,12.812520980834961,23.770000457763672,24.479999542236328,22.760000228881836,23.0,9107400
2002-07-25,11.777599334716797,21.850000381469727,24.15999984741211,21.75,23.6299991607666,12944500
2002-07-26,12.661593437194824,23.489999771118164,23.5,21.90999984741211,22.1200008392334,7833600
2002-07-29,13.303023338317871,24.68000030517578,24.8799991607666,23.959999084472656,24.450000762939453,5593600
2002-07-30,13.205999374389648,24.5,25.290000915527344,24.350000381469727,24.56999969482422,5802200
2002-07-31,13.340753555297852,24.75,24.989999771118164,24.299999237060547,24.739999771118164,4265400
2002-08-01,13.119759559631348,24.34000015258789,25.34000015258789,24.299999237060547,24.649999618530273,5755100
2002-08-02,12.828688621520996,23.799999237060547,24.34000015258789,23.329999923706055,24.110000610351562,4221600
2002-08-05,12.850249290466309,23.84000015258789,24.190000534057617,23.579999923706055,23.579999923706055,3880600
2002-08-06,12.386693954467773,22.979999542236328,24.110000610351562,22.959999084472656,23.84000015258789,5356100
2002-08-07,12.591513633728027,23.360000610351562,23.6299991607666,22.729999542236328,23.43000030517578,6070400
2002-08-08,12.127963066101074,22.5,23.700000762939453,22.06999969482422,23.5,11689500
2002-08-09,12.268106460571289,22.760000228881836,22.8799991607666,21.989999771118164,22.030000686645508,6870000
2002-08-12,12.354348182678223,22.920000076293945,23.290000915527344,22.260000228881836,22.649999618530273,5669900
2002-08-13,12.21420669555664,22.65999984741211,23.229999542236328,22.56999969482422,22.920000076293945,5200900
2002-08-14,12.39747142791748,23.0,23.25,22.309999465942383,22.469999313354492,5387700
2002-08-15,13.022734642028809,24.15999984741211,24.15999984741211,23.0,23.1200008392334,5306800
2002-08-16,12.828688621520996,23.799999237060547,24.350000381469727,23.719999313354492,24.350000381469727,5529700
2002-08-19,13.265292167663574,24.610000610351562,24.690000534057617,23.540000915527344,23.700000762939453,4797300
2002-08-20,13.1359281539917,24.3700008392334,24.6200008392334,24.049999237060547,24.6200008392334,6032500
2002-08-21,13.216782569885254,24.520000457763672,24.760000228881836,24.25,24.5,5060600
2002-08-22,13.15210247039795,24.399999618530273,24.700000762939453,23.969999313354492,24.68000030517578,3204800
2002-08-23,13.017339706420898,24.149999618530273,24.610000610351562,24.0,24.149999618530273,2833100
2002-08-26,12.914928436279297,23.959999084472656,24.3799991607666,23.350000381469727,24.350000381469727,3174500
2002-08-27,12.855640411376953,23.850000381469727,24.200000762939453,23.600000381469727,24.0,3663600
2002-08-28,12.704710006713867,23.56999969482422,24.06999969482422,23.469999313354492,23.520000457763672,5003900
2002-08-29,12.834073066711426,23.809999465942383,24.110000610351562,23.260000228881836,23.579999923706055,3714800
2002-08-30,12.807125091552734,23.760000228881836,24.100000381469727,23.56999969482422,23.829999923706055,2404600
2002-09-03,12.413637161254883,23.030000686645508,23.59000015258789,22.93000030517578,23.56999969482422,3968700
2002-09-04,11.987811088562012,22.239999771118164,23.030000686645508,22.0,23.020000457763672,6918100
2002-09-05,11.842280387878418,21.969999313354492,22.190000534057617,20.809999465942383,21.850000381469727,10084700
2002-09-06,11.513477325439453,21.360000610351562,22.200000762939453,20.969999313354492,21.950000762939453,8580300
2002-09-09,11.561985969543457,21.450000762939453,21.690000534057617,20.90999984741211,20.950000762939453,7200600
2002-09-10,11.4811372756958,21.299999237060547,21.799999237060547,20.84000015258789,21.59000015258789,6051600
2002-09-11,11.502697944641113,21.34000015258789,21.579999923706055,21.290000915527344,21.450000762939453,4819600
2002-09-12,10.94750690460205,20.309999465942383,20.719999313354492,19.889999389648438,20.719999313354492,15956100
2002-09-13,11.06608772277832,20.530000686645508,20.68000030517578,20.010000228881836,20.100000381469727,8307000
2002-09-16,11.691354751586914,21.690000534057617,21.940000534057617,20.950000762939453,21.200000762939453,8819100
2002-09-17,10.192874908447266,18.90999984741211,21.200000762939453,18.899999618530273,21.200000762939453,24164600
2002-09-18,9.788609504699707,18.15999984741211,18.700000762939453,17.899999618530273,18.600000381469727,19584200
2002-09-19,9.621516227722168,17.850000381469727,18.399999618530273,17.799999237060547,17.809999465942383,14969100
2002-09-20,9.675420761108398,17.950000762939453,18.239999771118164,17.799999237060547,18.0,13001200
2002-09-23,9.788609504699707,18.15999984741211,18.40999984741211,17.799999237060547,17.850000381469727,9294400
2002-09-24,9.648463249206543,17.899999618530273,18.079999923706055,17.700000762939453,17.959999084472656,9042300
2002-09-25,9.756269454956055,18.100000381469727,18.399999618530273,17.850000381469727,18.0,8970600
2002-09-26,9.944926261901855,18.450000762939453,18.600000381469727,18.040000915527344,18.079999923706055,7466000
2002-09-27,9.901803016662598,18.3700008392334,18.850000381469727,18.200000762939453,18.270000457763672,11367800
2002-09-30,9.519102096557617,17.65999984741211,18.030000686645508,17.420000076293945,17.899999618530273,10127700
2002-10-01,9.853294372558594,18.280000686645508,18.479999542236328,17.639999389648438,17.84000015258789,7175900
2002-10-02,9.804783821105957,18.190000534057617,18.8799991607666,18.0,18.040000915527344,7297300
2002-10-03,9.589179039001465,17.790000915527344,18.459999084472656,17.739999771118164,18.139999389648438,5072700
2002-10-04,9.432857513427734,17.5,18.040000915527344,17.260000228881836,17.950000762939453,5223500
2002-10-07,9.405902862548828,17.450000762939453,17.690000534057617,17.209999084472656,17.25,5395000
2002-10-08,9.465200424194336,17.559999465942383,17.850000381469727,17.200000762939453,17.5,5135300
2002-10-09,8.926179885864258,16.559999465942383,17.559999465942383,16.399999618530273,17.350000381469727,7750400
2002-10-10,9.25498104095459,17.170000076293945,17.309999465942383,15.75,16.219999313354492,11885600
2002-10-11,9.686198234558105,17.969999313354492,18.25,17.25,17.420000076293945,6815000
2002-10-14,9.686198234558105,17.969999313354492,18.0,17.649999618530273,17.81999969482422,3317500
2002-10-15,9.734713554382324,18.059999465942383,18.549999237060547,17.59000015258789,18.15999984741211,7869800
2002-10-16,9.432857513427734,17.5,17.770000457763672,17.309999465942383,17.549999237060547,4948600
2002-10-17,9.610736846923828,17.829999923706055,17.829999923706055,17.09000015258789,17.579999923706055,6647800
2002-10-18,9.422080993652344,17.479999542236328,17.6299991607666,17.260000228881836,17.469999313354492,5251500
2002-10-21,9.864069938659668,18.299999237060547,18.450000762939453,17.489999771118164,17.59000015258789,6977500
2002-10-22,10.214439392089844,18.950000762939453,19.950000762939453,18.65999984741211,18.950000762939453,16937000
2002-10-23,10.37614631652832,19.25,19.3700008392334,18.520000457763672,18.649999618530273,6447600
2002-10-24,10.085073471069336,18.709999084472656,19.309999465942383,18.56999969482422,19.280000686645508,4563400
2002-10-25,9.971878051757812,18.5,18.739999771118164,18.280000686645508,18.43000030517578,5127400
2002-10-28,9.874853134155273,18.31999969482422,18.84000015258789,18.25,18.81999969482422,3868500
2002-10-29,9.928757667541504,18.420000076293945,18.549999237060547,17.899999618530273,18.170000076293945,3796300
2002-10-30,9.810175895690918,18.200000762939453,18.3700008392334,17.860000610351562,18.360000610351562,4758600
2002-10-31,9.761659622192383,18.110000610351562,18.399999618530273,17.899999618530273,18.100000381469727,5394100
2002-11-01,9.772442817687988,18.1299991607666,18.3799991607666,17.979999542236328,18.020000457763672,4333200
2002-11-04,9.934148788452148,18.43000030517578,18.760000228881836,18.200000762939453,18.31999969482422,7347800
2002-11-05,10.203656196594238,18.93000030517578,18.93000030517578,18.399999618530273,18.5,5764700
2002-11-06,10.273731231689453,19.059999465942383,19.219999313354492,18.690000534057617,18.829999923706055,7627900
2002-11-07,10.408486366271973,19.309999465942383,19.700000762939453,18.799999237060547,19.0,7843400
2002-11-08,9.589179039001465,17.790000915527344,17.90999984741211,16.5,17.5,19940700
2002-11-11,9.211858749389648,17.09000015258789,17.479999542236328,17.079999923706055,17.350000381469727,7006900
2002-11-12,9.211858749389648,17.09000015258789,17.25,16.25,17.0,10766200
2002-11-13,9.373088836669922,17.149999618530273,17.18000030517578,16.520000457763672,16.65999984741211,8041100
2002-11-14,9.45506763458252,17.299999237060547,17.3799991607666,16.959999084472656,17.149999618530273,6033100
2002-11-15,9.498788833618164,17.3799991607666,17.489999771118164,17.100000381469727,17.299999237060547,6561400
2002-11-18,9.701013565063477,17.75,17.90999984741211,17.3799991607666,17.530000686645508,8322800
2002-11-19,9.750197410583496,17.84000015258789,18.010000228881836,17.540000915527344,17.700000762939453,5145300
2002-11-20,9.864973068237305,18.049999237060547,18.200000762939453,17.75,17.780000686645508,4007200
2002-11-21,10.220219612121582,18.700000762939453,18.8700008392334,18.049999237060547,18.049999237060547,5377100
2002-11-22,10.18742847442627,18.639999389648438,19.049999237060547,18.520000457763672,18.530000686645508,5764200
2002-11-25,9.96334171295166,18.229999542236328,18.68000030517578,18.030000686645508,18.479999542236328,6269200
2002-11-26,9.95788288116455,18.219999313354492,18.399999618530273,17.940000534057617,17.969999313354492,4250500
2002-11-27,10.110910415649414,18.5,18.639999389648438,18.15999984741211,18.190000534057617,4094800
2002-11-29,10.110910415649414,18.5,18.639999389648438,18.229999542236328,18.3799991607666,2289200
2002-12-02,10.242080688476562,18.739999771118164,18.850000381469727,18.440000534057617,18.6299991607666,5120100
2002-12-03,9.96881103515625,18.239999771118164,18.709999084472656,18.139999389648438,18.700000762939453,4543000
2002-12-04,10.039857864379883,18.3700008392334,18.649999618530273,17.600000381469727,18.020000457763672,7108600
2002-12-05,10.263940811157227,18.780000686645508,19.170000076293945,17.780000686645508,18.170000076293945,14118700
2002-12-06,9.821245193481445,17.969999313354492,18.520000457763672,17.889999389648438,18.329999923706055,8393200
2002-12-09,9.509719848632812,17.399999618530273,17.959999084472656,17.18000030517578,17.850000381469727,9447700
2002-12-10,9.48239803314209,17.350000381469727,17.469999313354492,17.18000030517578,17.40999984741211,6246500
2002-12-11,9.400412559509277,17.200000762939453,17.34000015258789,16.93000030517578,17.100000381469727,6536300
2002-12-12,9.509719848632812,17.399999618530273,17.530000686645508,17.200000762939453,17.200000762939453,5779100
2002-12-13,9.4769287109375,17.34000015258789,17.690000534057617,17.1200008392334,17.15999984741211,5476300
2002-12-16,9.498788833618164,17.3799991607666,17.549999237060547,17.139999389648438,17.5,6332700
2002-12-17,8.739107131958008,15.989999771118164,16.68000030517578,15.579999923706055,16.549999237060547,35334900
2002-12-18,8.722711563110352,15.960000038146973,16.079999923706055,15.699999809265137,15.720000267028809,13276500
2002-12-19,8.547816276550293,15.640000343322754,15.890000343322754,15.510000228881836,15.729999542236328,11189100
2002-12-20,8.607935905456543,15.75,15.859999656677246,15.470000267028809,15.5,19431600
2002-12-23,8.498628616333008,15.550000190734863,15.550000190734863,15.170000076293945,15.199999809265137,11363100
2002-12-24,8.460371971130371,15.479999542236328,15.569999694824219,15.319999694824219,15.369999885559082,3861900
2002-12-26,8.515024185180664,15.579999923706055,15.65999984741211,15.460000038146973,15.5,5791900
2002-12-27,8.471307754516602,15.5,15.670000076293945,15.470000267028809,15.489999771118164,6064500
2002-12-30,8.607935905456543,15.75,15.75,15.399999618530273,15.630000114440918,7187600
2002-12-31,8.788294792175293,16.079999923706055,16.079999923706055,15.609999656677246,15.699999809265137,7717100
2003-01-02,9.045166015625,16.549999237060547,16.59000015258789,15.949999809265137,16.170000076293945,8308500
2003-01-03,8.810153007507324,16.1200008392334,16.549999237060547,16.030000686645508,16.5,5714800
2003-01-06,9.099817276000977,16.649999618530273,16.670000076293945,16.170000076293945,16.25,7310900
2003-01-07,9.110747337341309,16.670000076293945,16.68000030517578,16.350000381469727,16.649999618530273,4952400
2003-01-08,9.203659057617188,16.84000015258789,16.920000076293945,16.459999084472656,16.530000686645508,5686000
2003-01-09,9.220053672790527,16.8700008392334,17.100000381469727,16.75,16.790000915527344,8273300
2003-01-10,9.422276496887207,17.239999771118164,17.25,16.649999618530273,16.729999542236328,7726900
2003-01-13,9.471467018127441,17.329999923706055,17.3799991607666,17.049999237060547,17.350000381469727,5546100
2003-01-14,9.269244194030762,16.959999084472656,17.239999771118164,16.850000381469727,17.149999618530273,7430300
2003-01-15,9.12168025970459,16.690000534057617,16.850000381469727,16.43000030517578,16.719999313354492,6401700
2003-01-16,8.662591934204102,15.850000381469727,16.889999389648438,15.649999618530273,16.719999313354492,17167700
2003-01-17,8.443977355957031,15.449999809265137,15.859999656677246,15.210000038146973,15.850000381469727,14052300
2003-01-21,8.383858680725098,15.34000015258789,15.649999618530273,15.3100004196167,15.619999885559082,6566700
2003-01-22,8.394787788391113,15.359999656677246,15.9399995803833,15.199999809265137,15.329999923706055,7321500
2003-01-23,8.198037147521973,15.0,15.279999732971191,14.649999618530273,14.930000305175781,14923500
2003-01-24,8.143385887145996,14.899999618530273,15.3100004196167,14.779999732971191,15.279999732971191,9160100
2003-01-27,8.034071922302246,14.699999809265137,14.989999771118164,14.640000343322754,14.640000343322754,6047700
2003-01-28,8.017681121826172,14.670000076293945,14.779999732971191,14.5,14.699999809265137,6247000
2003-01-29,7.859184741973877,14.380000114440918,14.680000305175781,14.25,14.680000305175781,6954300
2003-01-30,7.902907371520996,14.460000038146973,14.5600004196167,14.199999809265137,14.449999809265137,7055600
2003-01-31,7.782665252685547,14.239999771118164,14.390000343322754,13.90999984741211,14.25,8874300
2003-02-03,7.935699462890625,14.520000457763672,14.619999885559082,14.069999694824219,14.069999694824219,6697300
2003-02-04,7.815460205078125,14.300000190734863,14.390000343322754,14.050000190734863,14.279999732971191,6807300
2003-02-05,7.684292793273926,14.0600004196167,14.479999542236328,14.050000190734863,14.300000190734863,4762500
2003-02-06,7.476611137390137,13.680000305175781,14.119999885559082,13.680000305175781,13.960000038146973,5625100
2003-02-07,7.405559062957764,13.550000190734863,13.970000267028809,13.479999542236328,13.779999732971191,5469300
2003-02-10,7.487537860870361,13.699999809265137,13.760000228881836,13.5600004196167,13.640000343322754,4617300
2003-02-11,7.596843242645264,13.899999618530273,14.180000305175781,13.8100004196167,13.819999694824219,6907300
2003-02-12,7.558594703674316,13.829999923706055,14.050000190734863,13.670000076293945,13.8100004196167,5807600
2003-02-13,7.416490077972412,13.569999694824219,13.720000267028809,13.40999984741211,13.649999618530273,5902700
2003-02-14,7.443816184997559,13.619999885559082,13.640000343322754,13.15999984741211,13.319999694824219,7219000
2003-02-18,7.350905418395996,13.449999809265137,13.520000457763672,13.260000228881836,13.279999732971191,5558000
2003-02-19,7.378231048583984,13.5,13.619999885559082,13.40999984741211,13.489999771118164,4610800
2003-02-20,7.312652111053467,13.380000114440918,13.75,13.300000190734863,13.75,3686300
2003-02-21,7.4219560623168945,13.579999923706055,13.6899995803833,13.220000267028809,13.260000228881836,3961400
2003-02-24,7.252528667449951,13.270000457763672,13.609999656677246,13.15999984741211,13.600000381469727,4030900
2003-02-25,7.186944484710693,13.149999618530273,13.300000190734863,12.930000305175781,13.300000190734863,6676800
2003-02-26,7.001122951507568,12.8100004196167,13.170000076293945,12.770000457763672,13.050000190734863,5776300
2003-02-27,7.241597652435303,13.25,13.260000228881836,12.800000190734863,12.869999885559082,7317600
2003-02-28,7.43834924697876,13.609999656677246,13.6899995803833,13.270000457763672,13.350000381469727,9021200
2003-03-03,7.208807468414307,13.1899995803833,13.850000381469727,13.1899995803833,13.850000381469727,4813200
2003-03-04,7.055774211883545,12.90999984741211,13.100000381469727,12.90999984741211,13.010000228881836,3717900
2003-03-05,6.979261875152588,12.770000457763672,13.050000190734863,12.75,12.970000267028809,4830400
2003-03-06,6.891818046569824,12.609999656677246,12.850000381469727,12.510000228881836,12.520000457763672,6533900
2003-03-07,7.006587505340576,12.819999694824219,12.899999618530273,12.4399995803833,12.460000038146973,7185100
2003-03-10,6.831696510314941,12.5,12.8100004196167,12.40999984741211,12.75,5142700
2003-03-11,6.815303325653076,12.470000267028809,12.699999809265137,12.420000076293945,12.420000076293945,5086900
2003-03-12,6.766111373901367,12.380000114440918,12.550000190734863,12.119999885559082,12.449999809265137,8575400
2003-03-13,6.995656967163086,12.800000190734863,12.84000015258789,12.520000457763672,12.600000381469727,10172600
2003-03-14,7.400092601776123,13.539999961853027,13.539999961853027,12.760000228881836,12.800000190734863,13697400
2003-03-17,7.487537860870361,13.699999809265137,13.710000038146973,13.239999771118164,13.539999961853027,8290700
2003-03-18,7.820926189422607,14.3100004196167,14.399999618530273,13.75,13.899999618530273,10155400
2003-03-19,7.963024616241455,14.569999694824219,14.680000305175781,14.119999885559082,14.220000267028809,7109700
2003-03-20,7.859184741973877,14.380000114440918,14.569999694824219,13.970000267028809,14.569999694824219,4927000
2003-03-21,8.00674819946289,14.649999618530273,14.729999542236328,14.199999809265137,14.40999984741211,6466700
2003-03-24,7.6678948402404785,14.029999732971191,14.399999618530273,13.9399995803833,14.319999694824219,4625800
2003-03-25,7.738945960998535,14.15999984741211,14.300000190734863,13.800000190734863,14.029999732971191,3991000
2003-03-26,7.777204513549805,14.229999542236328,14.380000114440918,14.079999923706055,14.25,4533600
2003-03-27,7.924770832061768,14.5,14.680000305175781,14.119999885559082,14.149999618530273,7010500
2003-03-28,8.110590934753418,14.84000015258789,15.199999809265137,14.350000381469727,14.5,8474800
2003-03-31,7.902907371520996,14.460000038146973,14.630000114440918,14.319999694824219,14.550000190734863,5990900
2003-04-01,7.678829669952393,14.050000190734863,14.630000114440918,14.010000228881836,14.600000381469727,6653500
2003-04-02,7.8263936042785645,14.319999694824219,14.5,14.100000381469727,14.100000381469727,7613600
2003-04-03,7.6952223777771,14.079999923706055,14.4399995803833,13.880000114440918,14.430000305175781,6190900
2003-04-04,7.952093124389648,14.550000190734863,14.550000190734863,14.149999618530273,14.149999618530273,6929300
2003-04-07,8.635265350341797,15.800000190734863,15.859999656677246,14.75,14.899999618530273,20227400
2003-04-08,8.657126426696777,15.84000015258789,16.049999237060547,15.619999885559082,15.949999809265137,14791600
2003-04-09,8.471307754516602,15.5,15.920000076293945,15.369999885559082,15.920000076293945,8911300
2003-04-10,8.635265350341797,15.800000190734863,15.800000190734863,15.319999694824219,15.649999618530273,6238700
2003-04-11,8.624332427978516,15.779999732971191,15.9399995803833,15.579999923706055,15.789999961853027,4512900
2003-04-14,8.580611228942871,15.699999809265137,15.890000343322754,15.449999809265137,15.6899995803833,5832800
2003-04-15,8.662591934204102,15.850000381469727,15.899999618530273,15.619999885559082,15.75,5099800
2003-04-16,8.607935905456543,15.75,15.850000381469727,15.529999732971191,15.770000457763672,5860300
2003-04-17,8.744572639465332,16.0,16.0,15.020000457763672,15.75,4660400
2003-04-21,8.75003719329834,16.010000228881836,16.190000534057617,15.800000190734863,16.049999237060547,4479400
2003-04-22,8.771895408630371,16.049999237060547,16.09000015258789,15.800000190734863,15.850000381469727,6030800
2003-04-23,8.662591934204102,15.850000381469727,16.059999465942383,15.829999923706055,16.049999237060547,5569900
2003-04-24,8.700848579406738,15.920000076293945,16.0,15.739999771118164,15.800000190734863,3824800
2003-04-25,8.640731811523438,15.8100004196167,16.0,15.789999961853027,15.920000076293945,4201900
2003-04-28,9.252849578857422,16.93000030517578,16.950000762939453,16.149999618530273,16.450000762939453,15176600
2003-04-29,9.444132804870605,17.280000686645508,17.399999618530273,17.049999237060547,17.219999313354492,9600800
2003-04-30,9.345759391784668,17.100000381469727,17.270000457763672,16.8700008392334,17.110000610351562,10335900
2003-05-01,9.378555297851562,17.15999984741211,17.200000762939453,16.709999084472656,17.049999237060547,5473300
2003-05-02,9.61355972290039,17.59000015258789,17.68000030517578,17.06999969482422,17.219999313354492,4660400
2003-05-05,9.558908462524414,17.489999771118164,17.68000030517578,17.25,17.68000030517578,5003300
2003-05-06,9.77206039428711,17.8799991607666,18.030000686645508,17.489999771118164,17.530000686645508,8195200
2003-05-07,9.504255294799805,17.389999389648438,17.81999969482422,17.25,17.639999389648438,7425000
2003-05-08,9.427742004394531,17.25,17.3799991607666,16.93000030517578,17.049999237060547,6003200
2003-05-09,9.608097076416016,17.579999923706055,17.600000381469727,17.360000610351562,17.5,6053800
2003-05-12,9.996140480041504,18.290000915527344,18.299999237060547,17.440000534057617,17.59000015258789,8589200
2003-05-13,9.985209465026855,18.270000457763672,18.43000030517578,17.989999771118164,18.290000915527344,8963800
2003-05-14,10.143704414367676,18.559999465942383,18.559999465942383,18.049999237060547,18.399999618530273,5266900
2003-05-15,10.165565490722656,18.600000381469727,18.809999465942383,18.440000534057617,18.5,8349000
2003-05-16,10.121842384338379,18.520000457763672,18.729999542236328,18.440000534057617,18.700000762939453,4385600
2003-05-19,9.92508602142334,18.15999984741211,18.43000030517578,18.100000381469727,18.43000030517578,3927000
2003-05-20,9.263779640197754,16.950000762939453,18.5,16.579999923706055,18.149999618530273,27215600
2003-05-21,9.45506763458252,17.299999237060547,17.5,16.90999984741211,17.479999542236328,22420100
2003-05-22,9.564373970031738,17.5,17.809999465942383,17.329999923706055,17.469999313354492,10871500
2003-05-23,9.728334426879883,17.799999237060547,17.850000381469727,17.389999389648438,17.5,6701700
2003-05-27,9.71194076538086,17.770000457763672,18.010000228881836,17.600000381469727,17.809999465942383,6552900
2003-05-28,9.979740142822266,18.260000228881836,18.450000762939453,17.860000610351562,17.90999984741211,9309600
2003-05-29,10.02346420288086,18.34000015258789,18.6200008392334,18.15999984741211,18.15999984741211,4557900
2003-05-30,10.236618041992188,18.729999542236328,18.829999923706055,18.31999969482422,18.34000015258789,6125000
2003-06-02,10.3295259475708,18.899999618530273,19.399999618530273,18.729999542236328,18.920000076293945,7648400
2003-06-03,10.47708797454834,19.170000076293945,19.18000030517578,18.719999313354492,18.899999618530273,4458900
2003-06-04,10.37871265411377,18.989999771118164,19.229999542236328,18.950000762939453,19.1299991607666,4967400
2003-06-05,10.537213325500488,19.280000686645508,19.3799991607666,18.799999237060547,18.989999771118164,6365700
2003-06-06,11.510040283203125,21.059999465942383,21.329999923706055,19.899999618530273,19.950000762939453,20814200
2003-06-09,11.406198501586914,20.8700008392334,20.93000030517578,20.399999618530273,20.579999923706055,8762500
2003-06-10,11.84343147277832,21.670000076293945,21.68000030517578,20.489999771118164,20.829999923706055,10202700
2003-06-11,11.827034950256348,21.639999389648438,21.940000534057617,21.219999313354492,21.649999618530273,8110500
2003-06-12,11.816100120544434,21.6200008392334,21.809999465942383,21.170000076293945,21.649999618530273,5308100
2003-06-13,11.728653907775879,21.459999084472656,21.760000228881836,21.309999465942383,21.5,3713000
2003-06-16,12.133098602294922,22.200000762939453,22.200000762939453,21.40999984741211,21.420000076293945,5991900
2003-06-17,12.133098602294922,22.200000762939453,22.31999969482422,21.920000076293945,22.200000762939453,6999500
2003-06-18,12.051115036010742,22.049999237060547,22.200000762939453,21.950000762939453,22.200000762939453,4387000
2003-06-19,11.783309936523438,21.559999465942383,21.989999771118164,21.25,21.670000076293945,7900900
2003-06-20,12.034716606140137,22.020000457763672,22.079999923706055,21.559999465942383,21.93000030517578,9686200
2003-06-23,12.226011276245117,22.3700008392334,22.43000030517578,21.780000686645508,22.010000228881836,6623700
2003-06-24,12.31344985961914,22.530000686645508,22.739999771118164,22.299999237060547,22.5,6590100
2003-06-25,12.154952049255371,22.239999771118164,22.600000381469727,22.100000381469727,22.549999237060547,5600400
2003-06-26,12.26972484588623,22.450000762939453,22.450000762939453,21.950000762939453,22.200000762939453,4332600
2003-06-27,12.226011276245117,22.3700008392334,22.950000762939453,22.170000076293945,22.350000381469727,5476700
2003-06-30,12.056572914123535,22.059999465942383,22.520000457763672,21.899999618530273,22.3700008392334,5748900
2003-07-01,11.990994453430176,21.940000534057617,22.06999969482422,21.40999984741211,21.799999237060547,6189300
2003-07-02,12.417287826538086,22.719999313354492,22.780000686645508,21.700000762939453,21.799999237060547,6537700
2003-07-03,12.362642288208008,22.6200008392334,23.0,22.399999618530273,22.5,4350100
2003-07-07,12.515666961669922,22.899999618530273,23.239999771118164,22.469999313354492,22.600000381469727,6528600
2003-07-08,12.461015701293945,22.799999237060547,22.959999084472656,22.68000030517578,22.770000457763672,7178500
2003-07-09,12.488344192504883,22.850000381469727,23.030000686645508,22.459999084472656,22.75,7697300
2003-07-10,12.165884017944336,22.260000228881836,22.850000381469727,22.1200008392334,22.850000381469727,5246200
2003-07-11,12.340775489807129,22.579999923706055,22.850000381469727,22.15999984741211,22.260000228881836,5054200
2003-07-14,11.98006820678711,21.920000076293945,22.920000076293945,21.860000610351562,22.84000015258789,14126000
2003-07-15,11.520974159240723,21.079999923706055,22.200000762939453,20.8799991607666,22.200000762939453,13689300
2003-07-16,11.542831420898438,21.1200008392334,21.170000076293945,20.700000762939453,21.100000381469727,10086600
2003-07-17,11.198518753051758,20.489999771118164,21.059999465942383,20.399999618530273,21.0,5163800
2003-07-18,11.690397262573242,21.389999389648438,21.510000228881836,20.829999923706055,20.899999618530273,7373900
2003-07-21,11.406198501586914,20.8700008392334,21.389999389648438,20.809999465942383,21.389999389648438,6023500
2003-07-22,11.520974159240723,21.079999923706055,21.25,20.790000915527344,20.809999465942383,4073800
2003-07-23,11.592016220092773,21.209999084472656,21.3799991607666,20.940000534057617,21.219999313354492,3731200
2003-07-24,11.520974159240723,21.079999923706055,21.639999389648438,21.059999465942383,21.350000381469727,3711200
2003-07-25,11.717728614807129,21.440000534057617,21.489999771118164,20.809999465942383,21.079999923706055,3978000
2003-07-28,11.619342803955078,21.260000228881836,21.399999618530273,20.950000762939453,21.280000686645508,4591600
2003-07-29,12.1057710647583,22.149999618530273,22.399999618530273,21.100000381469727,21.760000228881836,10748700
2003-07-30,12.242399215698242,22.399999618530273,22.510000228881836,21.93000030517578,21.969999313354492,7254500
2003-07-31,12.575785636901855,23.010000228881836,23.190000534057617,22.649999618530273,22.700000762939453,9256600
2003-08-01,12.553921699523926,22.969999313354492,23.06999969482422,22.670000076293945,23.010000228881836,4428600
2003-08-04,12.340775489807129,22.579999923706055,22.850000381469727,22.200000762939453,22.780000686645508,4703600
2003-08-05,12.023782730102539,22.0,22.579999923706055,21.920000076293945,22.579999923706055,3999600
2003-08-06,11.925410270690918,21.81999969482422,21.940000534057617,21.56999969482422,21.700000762939453,4300600
2003-08-07,12.056572914123535,22.059999465942383,22.229999542236328,21.8799991607666,22.0,3422400
2003-08-08,13.056740760803223,23.889999389648438,23.899999618530273,22.899999618530273,22.979999542236328,15961700
2003-08-11,12.985688209533691,23.760000228881836,23.979999542236328,23.290000915527344,23.700000762939453,6432400
2003-08-12,13.002086639404297,23.790000915527344,23.940000534057617,23.540000915527344,23.559999465942383,6500200
2003-08-13,12.663238525390625,23.170000076293945,23.850000381469727,23.030000686645508,23.799999237060547,6732300
2003-08-14,12.542998313903809,22.950000762939453,23.040000915527344,22.43000030517578,22.899999618530273,7330500
2003-08-15,12.559391975402832,22.979999542236328,23.0,22.75,23.0,2884300
2003-08-18,12.417287826538086,22.719999313354492,23.0,22.649999618530273,23.0,4503200
2003-08-19,12.504739761352539,22.8799991607666,22.950000762939453,22.549999237060547,22.739999771118164,3047300
2003-08-20,12.570319175720215,23.0,23.049999237060547,22.729999542236328,22.799999237060547,2740800
2003-08-21,12.297056198120117,22.5,23.079999923706055,22.450000762939453,23.0,5088900
2003-08-22,11.996459007263184,21.950000762939453,22.6299991607666,21.649999618530273,22.559999465942383,7953000
2003-08-25,12.133098602294922,22.200000762939453,22.25,21.799999237060547,21.920000076293945,4139100
2003-08-26,12.187743186950684,22.299999237060547,22.360000610351562,21.889999389648438,22.06999969482422,4326800
2003-08-27,12.329842567443848,22.559999465942383,22.780000686645508,22.399999618530273,22.399999618530273,4304200
2003-08-28,12.215068817138672,22.350000381469727,22.709999084472656,22.290000915527344,22.600000381469727,4295400
2003-08-29,12.25333023071289,22.420000076293945,22.600000381469727,22.059999465942383,22.15999984741211,4173500
2003-09-02,12.297056198120117,22.5,22.709999084472656,22.110000610351562,22.450000762939453,6850400
2003-09-03,12.40089225769043,22.690000534057617,22.700000762939453,22.389999389648438,22.5,6741300
2003-09-04,12.783472061157227,23.389999389648438,23.5,22.809999465942383,22.860000610351562,9658300
2003-09-05,12.734281539916992,23.299999237060547,23.540000915527344,23.049999237060547,23.389999389648438,5618500
2003-09-08,12.761605262756348,23.350000381469727,23.489999771118164,23.219999313354492,23.309999465942383,5213600
2003-09-09,12.892777442932129,23.59000015258789,24.25,23.540000915527344,24.25,10260200
2003-09-10,12.679631233215332,23.200000762939453,23.6200008392334,23.139999389648438,23.5,4910600
2003-09-11,12.952888488769531,23.700000762939453,23.829999923706055,23.399999618530273,23.440000534057617,5309800
2003-09-12,12.832662582397461,23.479999542236328,23.600000381469727,23.260000228881836,23.540000915527344,4965700
2003-09-15,12.838125228881836,23.489999771118164,23.649999618530273,23.43000030517578,23.450000762939453,5007600
2003-09-16,12.980222702026367,23.75,23.799999237060547,23.649999618530273,23.649999618530273,5930800
2003-09-17,12.980222702026367,23.75,23.899999618530273,23.649999618530273,23.700000762939453,4461000
2003-09-18,13.067667961120605,23.90999984741211,23.969999313354492,23.65999984741211,23.65999984741211,6326400
2003-09-19,13.073131561279297,23.920000076293945,24.020000457763672,23.649999618530273,23.940000534057617,7493300
2003-09-22,12.914632797241211,23.6299991607666,23.8799991607666,23.59000015258789,23.799999237060547,3400400
2003-09-23,13.06220531463623,23.899999618530273,24.059999465942383,23.799999237060547,23.8700008392334,4919900
2003-09-24,13.07860279083252,23.93000030517578,24.3700008392334,23.8700008392334,23.969999313354492,9402600
2003-09-25,12.767070770263672,23.360000610351562,23.959999084472656,23.299999237060547,23.920000076293945,5729200
2003-09-26,12.898242950439453,23.600000381469727,23.84000015258789,22.920000076293945,23.049999237060547,7932800
2003-09-29,12.969292640686035,23.729999542236328,23.75,23.299999237060547,23.5,5132500
2003-09-30,12.86545181274414,23.540000915527344,23.90999984741211,23.260000228881836,23.729999542236328,4417000
2003-10-01,13.231629371643066,24.209999084472656,24.299999237060547,23.719999313354492,23.75,6430900
2003-10-02,13.269885063171387,24.280000686645508,24.75,24.260000228881836,24.3700008392334,5702600
2003-10-03,13.258954048156738,24.260000228881836,24.770000457763672,24.079999923706055,24.280000686645508,6266900
2003-10-06,13.171507835388184,24.100000381469727,24.219999313354492,23.979999542236328,24.149999618530273,4453700
2003-10-07,13.51036548614502,24.719999313354492,24.8700008392334,24.34000015258789,24.68000030517578,8097900
2003-10-08,13.198834419250488,24.149999618530273,24.940000534057617,24.059999465942383,24.940000534057617,8898200
2003-10-09,13.231629371643066,24.209999084472656,24.59000015258789,24.100000381469727,24.450000762939453,6985000
2003-10-10,13.275351524353027,24.290000915527344,24.5,23.90999984741211,24.399999618530273,5703900
2003-10-13,13.379190444946289,24.479999542236328,24.489999771118164,24.239999771118164,24.360000610351562,2887100
2003-10-14,13.330007553100586,24.389999389648438,24.459999084472656,24.209999084472656,24.299999237060547,3653100
2003-10-15,13.073131561279297,23.920000076293945,24.5,23.8700008392334,24.489999771118164,6484100
2003-10-16,13.116857528686523,24.0,24.190000534057617,23.799999237060547,24.06999969482422,4880200
2003-10-17,13.198834419250488,24.149999618530273,24.170000076293945,23.81999969482422,24.049999237060547,4468800
2003-10-20,13.215235710144043,24.18000030517578,24.209999084472656,24.049999237060547,24.100000381469727,3551300
2003-10-21,12.974761962890625,23.739999771118164,24.149999618530273,23.520000457763672,24.020000457763672,5718700
2003-10-22,13.06220531463623,23.899999618530273,24.219999313354492,23.59000015258789,23.899999618530273,8938600
2003-10-23,13.116857528686523,24.0,24.149999618530273,23.600000381469727,23.600000381469727,6996900
2003-10-24,13.220704078674316,24.190000534057617,24.190000534057617,23.6200008392334,23.799999237060547,4622800
2003-10-27,13.253486633300781,24.25,24.489999771118164,24.100000381469727,24.170000076293945,4972500
2003-10-28,13.444782257080078,24.600000381469727,24.600000381469727,24.010000228881836,24.5,6690700
2003-10-29,13.450244903564453,24.610000610351562,24.639999389648438,24.260000228881836,24.639999389648438,5867100
2003-10-30,13.515825271606445,24.729999542236328,24.760000228881836,24.5,24.610000610351562,3854000
2003-10-31,13.663393020629883,25.0,25.079999923706055,24.739999771118164,24.790000915527344,7744100
2003-11-03,13.876541137695312,25.389999389648438,25.65999984741211,25.219999313354492,25.3700008392334,7350300
2003-11-04,14.270049095153809,26.110000610351562,26.200000762939453,25.299999237060547,25.5,10074300
2003-11-05,14.291911125183105,26.149999618530273,26.600000381469727,25.799999237060547,26.110000610351562,7599700
2003-11-06,14.199002265930176,25.979999542236328,26.200000762939453,25.780000686645508,26.149999618530273,8072500
2003-11-07,14.215396881103516,26.010000228881836,26.780000686645508,25.989999771118164,26.729999542236328,13722000
2003-11-10,14.209927558898926,26.0,26.3799991607666,25.899999618530273,26.09000015258789,7040800
2003-11-11,14.264588356018066,26.100000381469727,26.110000610351562,25.809999465942383,26.010000228881836,6605600
2003-11-12,14.564309120178223,26.239999771118164,26.479999542236328,25.920000076293945,25.950000762939453,6355000
2003-11-13,14.469949722290039,26.06999969482422,26.290000915527344,25.969999313354492,26.239999771118164,5809200
2003-11-14,14.253478050231934,25.68000030517578,26.09000015258789,25.510000228881836,26.0,4395400
2003-11-17,13.876053810119629,25.0,25.770000457763672,24.739999771118164,25.670000076293945,6134600
2003-11-18,13.709540367126465,24.700000762939453,25.270000457763672,24.65999984741211,25.049999237060547,5886900
2003-11-19,13.681787490844727,24.649999618530273,24.719999313354492,24.459999084472656,24.700000762939453,3862100
2003-11-20,13.698440551757812,24.68000030517578,24.920000076293945,24.559999465942383,24.65999984741211,3979300
2003-11-21,13.859400749206543,24.969999313354492,25.260000228881836,24.889999389648438,24.969999313354492,4474200
2003-11-24,14.231283187866211,25.639999389648438,25.75,25.18000030517578,25.200000762939453,4019600
2003-11-25,14.297889709472656,25.760000228881836,25.889999389648438,25.399999618530273,25.610000610351562,3154500
2003-11-26,14.09251880645752,25.389999389648438,25.729999542236328,25.25,25.549999237060547,4763700
2003-11-28,14.225729942321777,25.6299991607666,25.889999389648438,25.219999313354492,25.219999313354492,1889900
2003-12-01,14.625360488891602,26.350000381469727,26.450000762939453,25.899999618530273,25.950000762939453,5393100
2003-12-02,14.697516441345215,26.479999542236328,26.520000457763672,26.350000381469727,26.469999313354492,5465300
2003-12-03,14.68641471862793,26.459999084472656,26.850000381469727,26.350000381469727,26.579999923706055,3832600
2003-12-04,14.741917610168457,26.559999465942383,27.010000228881836,26.200000762939453,26.459999084472656,6235500
2003-12-05,14.425546646118164,25.989999771118164,26.450000762939453,25.93000030517578,26.309999465942383,3603500
2003-12-08,14.220178604125977,25.6200008392334,26.360000610351562,25.459999084472656,26.200000762939453,6459600
2003-12-09,14.109173774719238,25.420000076293945,25.850000381469727,25.3700008392334,25.809999465942383,4643000
2003-12-10,14.181325912475586,25.549999237060547,25.549999237060547,25.260000228881836,25.299999237060547,3227000
2003-12-11,14.320087432861328,25.799999237060547,26.020000457763672,25.540000915527344,25.540000915527344,4514200
2003-12-12,14.30898666381836,25.780000686645508,25.959999084472656,25.510000228881836,25.860000610351562,3826100
2003-12-15,14.109173774719238,25.420000076293945,26.1200008392334,25.3799991607666,26.100000381469727,4367900
2003-12-16,13.8094482421875,24.8799991607666,25.549999237060547,24.84000015258789,25.360000610351562,5742200
2003-12-17,13.598528861999512,24.5,24.940000534057617,24.399999618530273,24.75,6037700
2003-12-18,13.770590782165527,24.809999465942383,24.950000762939453,24.579999923706055,24.649999618530273,4668100
2003-12-19,13.48752498626709,24.299999237060547,25.020000457763672,23.59000015258789,25.0,11544700
2003-12-22,13.964859962463379,25.15999984741211,25.190000534057617,24.110000610351562,24.110000610351562,6964200
2003-12-23,14.031472206115723,25.280000686645508,25.34000015258789,25.110000610351562,25.200000762939453,5293900
2003-12-24,13.298803329467773,23.959999084472656,24.1299991607666,23.100000381469727,23.350000381469727,23082500
2003-12-26,13.370963096618652,24.09000015258789,24.25,23.920000076293945,24.0,7277700
2003-12-29,13.654038429260254,24.600000381469727,24.65999984741211,24.1200008392334,24.549999237060547,13575900
2003-12-30,13.753941535949707,24.780000686645508,24.8700008392334,24.350000381469727,24.3799991607666,6671200
2003-12-31,13.781700134277344,24.829999923706055,24.889999389648438,24.610000610351562,24.84000015258789,4572900
2004-01-02,13.75949478149414,24.790000915527344,25.030000686645508,24.65999984741211,24.950000762939453,4576400
2004-01-05,13.892705917358398,25.030000686645508,25.100000381469727,24.799999237060547,24.979999542236328,5455000
2004-01-06,14.059219360351562,25.329999923706055,25.479999542236328,24.959999084472656,24.979999542236328,5231300
2004-01-07,14.103618621826172,25.40999984741211,25.450000762939453,25.1299991607666,25.34000015258789,6675100
2004-01-08,14.153571128845215,25.5,25.559999465942383,25.170000076293945,25.329999923706055,5282400
2004-01-09,13.959306716918945,25.149999618530273,25.549999237060547,25.149999618530273,25.280000686645508,4583000
2004-01-12,13.937111854553223,25.110000610351562,25.149999618530273,24.709999084472656,25.030000686645508,5013800
2004-01-13,13.676238059997559,24.639999389648438,25.1200008392334,24.540000915527344,25.020000457763672,5628300
2004-01-14,13.914908409118652,25.06999969482422,25.09000015258789,24.770000457763672,24.799999237060547,6205000
2004-01-15,13.959306716918945,25.149999618530273,25.479999542236328,24.75,25.149999618530273,5403900
2004-01-16,14.04811954498291,25.309999465942383,25.350000381469727,25.0,25.100000381469727,4683100
2004-01-20,13.970412254333496,25.170000076293945,25.5,24.959999084472656,25.420000076293945,4128500
2004-01-21,14.164679527282715,25.520000457763672,25.6299991607666,25.219999313354492,25.31999969482422,3649300
2004-01-22,14.09251880645752,25.389999389648438,25.670000076293945,25.31999969482422,25.3799991607666,2965200
2004-01-23,14.014810562133789,25.25,25.5,24.8799991607666,25.34000015258789,4601300
2004-01-26,14.031472206115723,25.280000686645508,25.450000762939453,24.899999618530273,25.280000686645508,4841900
2004-01-27,14.125823974609375,25.450000762939453,25.649999618530273,25.399999618530273,25.520000457763672,4911700
2004-01-28,13.79835033416748,24.860000610351562,25.600000381469727,24.739999771118164,25.549999237060547,6016800
2004-01-29,14.153571128845215,25.5,25.56999969482422,25.139999389648438,25.299999237060547,6641400
2004-01-30,14.286786079406738,25.739999771118164,25.850000381469727,25.3799991607666,25.399999618530273,4962300
2004-02-02,14.425546646118164,25.989999771118164,26.25,25.719999313354492,25.81999969482422,5774000
2004-02-03,14.514354705810547,26.149999618530273,26.229999542236328,25.860000610351562,25.860000610351562,3297600
2004-02-04,14.658659934997559,26.40999984741211,26.510000228881836,26.280000686645508,26.350000381469727,5659000
2004-02-05,14.819622039794922,26.700000762939453,26.75,26.200000762939453,26.229999542236328,5668000
2004-02-06,15.074946403503418,27.15999984741211,27.270000457763672,26.670000076293945,27.200000762939453,8223100
2004-02-09,14.93618392944336,26.90999984741211,27.219999313354492,26.790000915527344,26.93000030517578,5984900
2004-02-10,14.86402416229248,26.780000686645508,27.020000457763672,26.670000076293945,26.780000686645508,3390600
2004-02-11,15.013890266418457,27.049999237060547,27.049999237060547,26.719999313354492,26.770000457763672,8295900
2004-02-12,14.808530807495117,26.68000030517578,27.030000686645508,26.649999618530273,26.93000030517578,3811200
2004-02-13,14.780763626098633,26.6299991607666,26.790000915527344,26.450000762939453,26.610000610351562,3257200
2004-02-17,14.986135482788086,27.0,27.049999237060547,26.739999771118164,26.790000915527344,3214300
2004-02-18,15.013890266418457,27.049999237060547,27.139999389648438,26.90999984741211,27.0,4258600
2004-02-19,15.124902725219727,27.25,27.5,27.139999389648438,27.170000076293945,5072000
2004-02-20,15.074946403503418,27.15999984741211,27.3700008392334,26.950000762939453,27.229999542236328,4831600
2004-02-23,15.413511276245117,27.770000457763672,27.950000762939453,27.1299991607666,27.139999389648438,6208800
2004-02-24,15.335808753967285,27.6299991607666,27.8799991607666,27.530000686645508,27.780000686645508,4923800
2004-02-25,15.507882118225098,27.940000534057617,28.049999237060547,27.610000610351562,27.770000457763672,4734300
2004-02-26,15.70769214630127,28.299999237060547,28.389999389648438,27.760000228881836,27.780000686645508,5509700
2004-02-27,15.70769214630127,28.299999237060547,28.760000228881836,27.309999465942383,27.309999465942383,5390300
2004-03-01,15.768743515014648,28.40999984741211,28.579999923706055,28.3700008392334,28.399999618530273,4812800
2004-03-02,15.774292945861816,28.420000076293945,28.549999237060547,28.31999969482422,28.31999969482422,3740800
2004-03-03,16.035165786743164,28.889999389648438,29.010000228881836,28.3799991607666,28.3799991607666,5100200
2004-03-04,16.007410049438477,28.84000015258789,29.170000076293945,28.75,28.850000381469727,5007600
2004-03-05,16.568010330200195,29.850000381469727,29.979999542236328,28.25,28.25,11285300
2004-03-08,16.26828384399414,29.309999465942383,29.979999542236328,29.299999237060547,29.850000381469727,5445100
2004-03-09,16.085124969482422,28.979999542236328,29.899999618530273,28.950000762939453,29.389999389648438,7616900
2004-03-10,16.046274185180664,28.90999984741211,29.639999389648438,28.899999618530273,29.030000686645508,4929300
2004-03-11,15.92971134185791,28.700000762939453,29.360000610351562,28.59000015258789,28.799999237060547,5398400
2004-03-12,16.101768493652344,29.010000228881836,29.09000015258789,28.649999618530273,28.959999084472656,3233300
2004-03-15,15.790948867797852,28.450000762939453,28.809999465942383,28.360000610351562,28.809999465942383,4228900
2004-03-16,15.907511711120605,28.65999984741211,29.020000457763672,28.489999771118164,28.829999923706055,3493700
2004-03-17,15.92971134185791,28.700000762939453,28.84000015258789,28.5,28.729999542236328,4023400
2004-03-18,15.552278518676758,28.020000457763672,28.56999969482422,27.780000686645508,28.479999542236328,6672200
2004-03-19,15.596686363220215,28.100000381469727,28.399999618530273,27.899999618530273,28.020000457763672,6240600
2004-03-22,15.735438346862793,28.350000381469727,28.709999084472656,27.649999618530273,27.649999618530273,6544400
2004-03-23,15.407974243164062,27.760000228881836,28.360000610351562,27.540000915527344,28.350000381469727,4426400
2004-03-24,15.374665260314941,27.700000762939453,28.059999465942383,27.56999969482422,27.639999389648438,3455300
2004-03-25,15.790948867797852,28.450000762939453,28.5,27.799999237060547,27.850000381469727,3400200
2004-03-26,15.469024658203125,27.8700008392334,28.31999969482422,27.81999969482422,28.200000762939453,4185000
2004-03-29,15.802046775817871,28.469999313354492,28.6200008392334,28.020000457763672,28.020000457763672,5874500
2004-03-30,15.907511711120605,28.65999984741211,28.799999237060547,28.280000686645508,28.350000381469727,2617200
2004-03-31,15.857552528381348,28.56999969482422,28.75,28.440000534057617,28.700000762939453,3228000
2004-04-01,16.046274185180664,28.90999984741211,29.020000457763672,28.65999984741211,28.75,3696600
2004-04-02,16.06291961669922,28.940000534057617,29.25,28.559999465942383,28.559999465942383,3369400
2004-04-05,16.296035766601562,29.360000610351562,29.43000030517578,28.770000457763672,28.790000915527344,2826000
2004-04-06,16.101768493652344,29.010000228881836,29.190000534057617,28.93000030517578,29.1200008392334,3871400
2004-04-07,16.040719985961914,28.899999618530273,29.329999923706055,28.739999771118164,28.90999984741211,5193400
2004-04-08,15.91304874420166,28.670000076293945,29.200000762939453,28.420000076293945,29.020000457763672,3395900
2004-04-12,16.107322692871094,29.020000457763672,29.15999984741211,28.780000686645508,28.81999969482422,3120300
2004-04-13,15.6910400390625,28.270000457763672,29.219999313354492,28.260000228881836,29.040000915527344,4626600
2004-04-14,14.986135482788086,27.0,27.850000381469727,26.399999618530273,27.309999465942383,15812600
2004-04-15,14.947285652160645,26.93000030517578,27.049999237060547,26.520000457763672,26.989999771118164,6686700
2004-04-16,15.241454124450684,27.459999084472656,27.65999984741211,27.040000915527344,27.200000762939453,4317900
2004-04-19,14.84737777709961,26.75,27.139999389648438,26.450000762939453,26.450000762939453,15179300
2004-04-20,14.736371040344238,26.549999237060547,27.229999542236328,26.549999237060547,27.049999237060547,5193900
2004-04-21,14.958385467529297,26.950000762939453,27.0,26.549999237060547,26.75,5134400
2004-04-22,15.20815372467041,27.399999618530273,27.579999923706055,26.950000762939453,27.0,5902800
2004-04-23,15.174858093261719,27.34000015258789,27.549999237060547,27.149999618530273,27.350000381469727,3640400
2004-04-26,15.16374683380127,27.31999969482422,27.549999237060547,27.020000457763672,27.459999084472656,3956900
2004-04-27,15.097146987915039,27.200000762939453,27.799999237060547,27.049999237060547,27.479999542236328,3952000
2004-04-28,15.324707984924316,27.610000610351562,27.979999542236328,27.420000076293945,27.770000457763672,6286000
2004-04-29,15.08604907989502,27.18000030517578,27.799999237060547,27.1200008392334,27.790000915527344,3574200
2004-04-30,15.11379337310791,27.229999542236328,27.65999984741211,27.200000762939453,27.559999465942383,4072100
2004-05-03,15.407974243164062,27.760000228881836,27.8799991607666,27.25,27.43000030517578,3786300
2004-05-04,15.324707984924316,27.610000610351562,27.8799991607666,27.329999923706055,27.8799991607666,3017400
2004-05-05,15.435722351074219,27.809999465942383,27.8799991607666,27.350000381469727,27.479999542236328,3161100
2004-05-06,15.135995864868164,27.270000457763672,27.6200008392334,27.020000457763672,27.520000457763672,2731000
2004-05-07,14.82517147064209,26.709999084472656,27.290000915527344,26.649999618530273,26.979999542236328,3515500
2004-05-10,14.786319732666016,26.639999389648438,27.31999969482422,26.510000228881836,26.719999313354492,4418600
2004-05-11,14.680865287780762,26.450000762939453,26.700000762939453,26.229999542236328,26.579999923706055,5243700
2004-05-12,14.469949722290039,26.06999969482422,26.829999923706055,25.709999084472656,26.270000457763672,5934300
2004-05-13,14.481051445007324,26.09000015258789,26.25,25.799999237060547,26.139999389648438,3763200
2004-05-14,14.525453567504883,26.170000076293945,26.479999542236328,25.899999618530273,26.09000015258789,2746000
2004-05-17,14.358942985534668,25.8700008392334,26.049999237060547,25.5,25.75,2849700
2004-05-18,14.31454086303711,25.790000915527344,26.0,25.6299991607666,25.93000030517578,3529900
2004-05-19,14.292339324951172,25.75,26.030000686645508,25.6200008392334,26.010000228881836,3845100
2004-05-20,14.04811954498291,25.309999465942383,25.920000076293945,25.049999237060547,25.700000762939453,5335400
2004-05-21,14.125823974609375,25.450000762939453,25.540000915527344,25.329999923706055,25.329999923706055,4331500
2004-05-24,14.0703125,25.350000381469727,25.56999969482422,25.18000030517578,25.399999618530273,4298100
2004-05-25,14.125823974609375,25.450000762939453,25.56999969482422,25.190000534057617,25.200000762939453,5841400
2004-05-26,14.292339324951172,25.75,25.8799991607666,25.5,25.540000915527344,4708200
2004-05-27,14.580954551696777,26.270000457763672,26.450000762939453,25.8700008392334,25.950000762939453,6268000
2004-05-28,14.653116226196289,26.399999618530273,26.510000228881836,26.149999618530273,26.360000610351562,4617900
2004-06-01,14.691967010498047,26.469999313354492,26.639999389648438,26.149999618530273,26.209999084472656,3041300
2004-06-02,14.669769287109375,26.43000030517578,26.450000762939453,26.200000762939453,26.200000762939453,3638900
2004-06-03,14.71971321105957,26.520000457763672,27.030000686645508,26.40999984741211,26.43000030517578,4844100
2004-06-04,14.908431053161621,26.860000610351562,27.200000762939453,26.65999984741211,26.860000610351562,3533400
2004-06-07,14.769667625427246,26.610000610351562,27.0,26.510000228881836,26.969999313354492,5373200
2004-06-08,14.897332191467285,26.84000015258789,26.940000534057617,26.6200008392334,26.690000534057617,4501900
2004-06-09,14.753019332885742,26.579999923706055,26.940000534057617,26.520000457763672,26.889999389648438,3523100
2004-06-10,15.013890266418457,27.049999237060547,27.049999237060547,26.649999618530273,26.739999771118164,4980600
2004-06-14,14.986135482788086,27.0,27.209999084472656,26.809999465942383,26.829999923706055,4753000
2004-06-15,14.808530807495117,26.68000030517578,27.100000381469727,26.559999465942383,27.0,6445300
2004-06-16,14.82517147064209,26.709999084472656,26.799999237060547,26.600000381469727,26.739999771118164,3503200
2004-06-17,14.830720901489258,26.719999313354492,26.829999923706055,26.530000686645508,26.610000610351562,4083500
2004-06-18,14.941727638244629,26.920000076293945,26.93000030517578,26.59000015258789,26.719999313354492,4213700
2004-06-21,14.908431053161621,26.860000610351562,26.969999313354492,26.68000030517578,26.799999237060547,2389600
2004-06-22,14.930631637573242,26.899999618530273,26.989999771118164,26.700000762939453,26.719999313354492,3009300
2004-06-23,15.047189712524414,27.110000610351562,27.149999618530273,26.760000228881836,26.899999618530273,4084800
2004-06-24,15.030545234680176,27.079999923706055,27.3799991607666,26.979999542236328,27.0,3484500
2004-06-25,14.980583190917969,26.989999771118164,27.15999984741211,26.989999771118164,27.040000915527344,3542100
2004-06-28,14.753019332885742,26.579999923706055,27.0,26.399999618530273,26.799999237060547,6599400
2004-06-29,14.658659934997559,26.40999984741211,26.6299991607666,26.3799991607666,26.600000381469727,3617200
2004-06-30,14.431092262268066,26.0,26.440000534057617,25.799999237060547,26.420000076293945,7796100
2004-07-01,14.60315990447998,26.309999465942383,26.459999084472656,26.09000015258789,26.09000015258789,5094700
2004-07-02,14.497700691223145,26.1200008392334,26.479999542236328,26.040000915527344,26.299999237060547,2391600
2004-07-06,14.503254890441895,26.1299991607666,26.170000076293945,25.739999771118164,26.0,3250600
2004-07-07,14.664216041564941,26.420000076293945,26.610000610351562,26.040000915527344,26.049999237060547,3277600
2004-07-08,14.708612442016602,26.5,26.59000015258789,26.280000686645508,26.299999237060547,2683600
2004-07-09,14.714173316955566,26.510000228881836,26.6200008392334,26.420000076293945,26.420000076293945,2365000
2004-07-12,14.886235237121582,26.81999969482422,26.850000381469727,26.420000076293945,26.420000076293945,2617000
2004-07-13,14.808530807495117,26.68000030517578,26.979999542236328,26.559999465942383,26.829999923706055,3130000
2004-07-14,15.4246244430542,27.790000915527344,27.989999771118164,27.020000457763672,27.100000381469727,10355800
2004-07-15,15.491223335266113,27.90999984741211,28.06999969482422,27.760000228881836,27.799999237060547,6123600
2004-07-16,15.435722351074219,27.809999465942383,28.0,27.639999389648438,28.0,3930500
2004-07-19,15.502324104309082,27.93000030517578,28.200000762939453,27.760000228881836,27.760000228881836,3274800
2004-07-20,15.629988670349121,28.15999984741211,28.25,27.959999084472656,28.030000686645508,2711300
2004-07-21,15.352468490600586,27.65999984741211,28.209999084472656,27.600000381469727,28.200000762939453,4406600
2004-07-22,15.302506446838379,27.56999969482422,27.8799991607666,27.309999465942383,27.700000762939453,5644400
2004-07-23,15.030545234680176,27.079999923706055,27.59000015258789,26.979999542236328,27.3700008392334,2999600
2004-07-26,14.975032806396484,26.979999542236328,27.350000381469727,26.979999542236328,27.209999084472656,3152100
2004-07-27,15.258111000061035,27.489999771118164,27.6299991607666,26.899999618530273,26.899999618530273,3530900
2004-07-28,15.158204078674316,27.309999465942383,27.420000076293945,26.959999084472656,27.25,2685000
2004-07-29,15.119345664978027,27.239999771118164,27.389999389648438,27.049999237060547,27.290000915527344,2391500
2004-07-30,15.263654708862305,27.5,27.520000457763672,27.200000762939453,27.25,2589700
2004-08-02,15.241454124450684,27.459999084472656,27.59000015258789,27.31999969482422,27.31999969482422,2600500
2004-08-03,15.124902725219727,27.25,27.59000015258789,27.079999923706055,27.5,2704600
2004-08-04,15.074946403503418,27.15999984741211,27.200000762939453,26.579999923706055,27.079999923706055,3312800
2004-08-05,14.919527053833008,26.8799991607666,27.299999237060547,26.790000915527344,27.149999618530273,2743400
2004-08-06,14.6198148727417,26.34000015258789,26.780000686645508,26.239999771118164,26.579999923706055,4792700
2004-08-09,14.519902229309082,26.15999984741211,26.65999984741211,26.1299991607666,26.280000686645508,3177000
2004-08-10,14.841824531555176,26.739999771118164,26.75,26.170000076293945,26.3799991607666,3209800
2004-08-11,14.625360488891602,26.350000381469727,26.690000534057617,26.149999618530273,26.68000030517578,3860400
2004-08-12,14.347838401794434,25.850000381469727,26.3700008392334,25.81999969482422,26.18000030517578,4205600
2004-08-13,14.325634956359863,25.809999465942383,26.049999237060547,25.690000534057617,25.850000381469727,2753200
2004-08-16,14.292339324951172,25.75,25.950000762939453,25.639999389648438,25.700000762939453,3758900
2004-08-17,14.636457443237305,26.3700008392334,26.440000534057617,25.700000762939453,25.799999237060547,3679000
2004-08-18,14.697516441345215,26.479999542236328,26.739999771118164,26.270000457763672,26.3700008392334,2724600
2004-08-19,14.764118194580078,26.600000381469727,26.739999771118164,26.399999618530273,26.459999084472656,1998500
2004-08-20,15.024991035461426,27.06999969482422,27.06999969482422,26.459999084472656,26.459999084472656,3070900
2004-08-23,14.786319732666016,26.639999389648438,27.18000030517578,26.639999389648438,27.06999969482422,1867300
2004-08-24,14.913987159729004,26.8700008392334,27.040000915527344,26.600000381469727,26.600000381469727,2189000
2004-08-25,14.958385467529297,26.950000762939453,27.0,26.559999465942383,26.84000015258789,2886500
2004-08-26,15.041641235351562,27.100000381469727,27.290000915527344,26.950000762939453,27.0,2330900
2004-08-27,15.08049201965332,27.170000076293945,27.280000686645508,26.979999542236328,27.06999969482422,1871900
2004-08-30,14.986135482788086,27.0,27.360000610351562,27.0,27.049999237060547,1494800
2004-08-31,14.997234344482422,27.020000457763672,27.09000015258789,26.65999984741211,27.0,2548700
2004-09-01,15.09160041809082,27.190000534057617,27.239999771118164,26.860000610351562,27.030000686645508,2260800
2004-09-02,15.258111000061035,27.489999771118164,27.530000686645508,27.010000228881836,27.18000030517578,2675400
2004-09-03,15.407974243164062,27.760000228881836,27.899999618530273,27.399999618530273,27.399999618530273,2448200
2004-09-07,15.197047233581543,27.3799991607666,27.770000457763672,27.100000381469727,27.739999771118164,4508300
2004-09-08,15.263654708862305,27.5,27.979999542236328,27.479999542236328,27.850000381469727,5029700
2004-09-09,15.230359077453613,27.440000534057617,27.920000076293945,27.3700008392334,27.75,4708300
2004-09-10,15.013890266418457,27.049999237060547,27.299999237060547,26.979999542236328,27.229999542236328,4260400
2004-09-13,15.08049201965332,27.170000076293945,27.170000076293945,26.889999389648438,26.889999389648438,4160700
2004-09-14,15.319157600402832,27.600000381469727,27.709999084472656,27.040000915527344,27.200000762939453,4497800
2004-09-15,15.280316352844238,27.530000686645508,27.670000076293945,27.420000076293945,27.600000381469727,3053500
2004-09-16,15.313613891601562,27.59000015258789,27.739999771118164,27.450000762939453,27.450000762939453,2338500
2004-09-17,15.35801887512207,27.670000076293945,27.780000686645508,27.559999465942383,27.75,3043100
2004-09-20,15.247008323669434,27.469999313354492,27.979999542236328,27.420000076293945,27.6299991607666,3946500
2004-09-21,15.413511276245117,27.770000457763672,27.84000015258789,27.43000030517578,27.5,3037100
2004-09-22,14.991687774658203,27.010000228881836,27.56999969482422,26.950000762939453,27.559999465942383,6074200
2004-09-23,15.06383991241455,27.139999389648438,27.479999542236328,27.06999969482422,27.100000381469727,3892000
2004-09-24,15.319157600402832,27.600000381469727,27.729999542236328,27.219999313354492,27.219999313354492,3740900
2004-09-27,15.507882118225098,27.940000534057617,28.059999465942383,27.420000076293945,27.450000762939453,5192300
2004-09-28,15.51898193359375,27.959999084472656,28.030000686645508,27.729999542236328,27.780000686645508,3559600
2004-09-29,15.480120658874512,27.889999389648438,27.959999084472656,27.649999618530273,27.75,3305900
2004-09-30,15.557828903198242,28.030000686645508,28.1299991607666,27.709999084472656,27.790000915527344,4190300
2004-10-01,15.618884086608887,28.139999389648438,28.25,27.920000076293945,28.0,4233500
2004-10-04,15.541178703308105,28.0,28.260000228881836,27.899999618530273,28.139999389648438,4825200
2004-10-05,15.507882118225098,27.940000534057617,27.989999771118164,27.770000457763672,27.959999084472656,2527400
2004-10-06,15.452373504638672,27.84000015258789,27.90999984741211,27.459999084472656,27.899999618530273,5981900
2004-10-07,15.502324104309082,27.93000030517578,28.450000762939453,27.8799991607666,28.15999984741211,5878800
2004-10-08,15.507882118225098,27.940000534057617,28.18000030517578,27.899999618530273,27.940000534057617,3624500
2004-10-11,15.363567352294922,27.68000030517578,28.030000686645508,27.59000015258789,27.93000030517578,3028100
2004-10-12,15.29141616821289,27.549999237060547,27.68000030517578,27.309999465942383,27.479999542236328,3913700
2004-10-13,16.018516540527344,28.860000610351562,28.8799991607666,28.049999237060547,28.299999237060547,12155000
2004-10-14,16.140625,29.079999923706055,29.190000534057617,28.649999618530273,28.649999618530273,6351500
2004-10-15,16.090675354003906,28.989999771118164,29.489999771118164,28.959999084472656,29.239999771118164,5329600
2004-10-18,16.20722770690918,29.200000762939453,29.479999542236328,28.799999237060547,28.829999923706055,5443300
2004-10-19,16.09622573852539,29.0,29.489999771118164,28.809999465942383,29.209999084472656,7012600
2004-10-20,15.985209465026855,28.799999237060547,28.84000015258789,28.350000381469727,28.739999771118164,5219000
2004-10-21,15.829806327819824,28.520000457763672,28.989999771118164,28.270000457763672,28.799999237060547,4038500
2004-10-22,15.829806327819824,28.520000457763672,28.75,28.420000076293945,28.469999313354492,4013100
2004-10-25,15.752093315124512,28.3799991607666,28.549999237060547,28.100000381469727,28.34000015258789,3644100
2004-10-26,16.024066925048828,28.8700008392334,28.8799991607666,28.200000762939453,28.399999618530273,3774300
2004-10-27,16.201675415039062,29.190000534057617,29.200000762939453,28.610000610351562,28.670000076293945,3697500
2004-10-28,16.112878799438477,29.030000686645508,29.100000381469727,28.860000610351562,28.959999084472656,3659700
2004-10-29,16.17947769165039,29.149999618530273,29.149999618530273,28.68000030517578,28.829999923706055,4149800
2004-11-01,16.41814613342285,29.579999923706055,29.600000381469727,29.0,29.049999237060547,4408100
2004-11-02,16.201675415039062,29.190000534057617,29.729999542236328,29.049999237060547,29.5,4254600
2004-11-03,16.26828384399414,29.309999465942383,29.440000534057617,28.770000457763672,29.170000076293945,5922500
2004-11-04,16.445898056030273,29.6299991607666,29.690000534057617,29.299999237060547,29.31999969482422,7919700
2004-11-05,16.6845703125,30.059999465942383,30.25,29.649999618530273,29.739999771118164,7508300
2004-11-08,16.76227569580078,30.200000762939453,31.0,30.040000915527344,30.399999618530273,8455300
2004-11-09,16.751171112060547,30.18000030517578,30.290000915527344,29.93000030517578,30.079999923706055,4039100
2004-11-10,16.97165870666504,30.020000457763672,30.270000457763672,29.809999465942383,29.959999084472656,5405800
2004-11-11,17.118650436401367,30.280000686645508,30.420000076293945,29.93000030517578,30.100000381469727,3516400
2004-11-12,17.243019104003906,30.5,30.5,30.100000381469727,30.3799991607666,3482400
2004-11-15,17.19779396057129,30.420000076293945,30.540000915527344,30.239999771118164,30.329999923706055,3491700
2004-11-16,17.022539138793945,30.110000610351562,30.469999313354492,30.110000610351562,30.469999313354492,2481300
2004-11-17,17.186485290527344,30.399999618530273,30.530000686645508,30.110000610351562,30.31999969482422,4070800
2004-11-18,16.932083129882812,29.950000762939453,30.56999969482422,29.649999618530273,30.25,9666800
2004-11-19,16.564613342285156,29.299999237060547,29.75,29.0,29.649999618530273,7922100
2004-11-22,16.609844207763672,29.3799991607666,29.56999969482422,29.020000457763672,29.440000534057617,4913500
2004-11-23,17.01688575744629,30.100000381469727,30.1200008392334,29.260000228881836,29.270000457763672,5600000
2004-11-24,17.186485290527344,30.399999618530273,30.829999923706055,30.200000762939453,30.200000762939453,4087500
2004-11-26,17.2825870513916,30.56999969482422,30.729999542236328,30.309999465942383,30.329999923706055,1337000
2004-11-29,17.384357452392578,30.75,30.850000381469727,30.010000228881836,30.709999084472656,5229600
2004-11-30,17.378704071044922,30.739999771118164,30.84000015258789,30.5,30.600000381469727,5981400
2004-12-01,17.64441680908203,31.209999084472656,31.360000610351562,30.860000610351562,30.899999618530273,6529500
2004-12-02,17.763139724731445,31.420000076293945,31.579999923706055,31.139999389648438,31.31999969482422,4122300
2004-12-03,17.683998107910156,31.280000686645508,31.420000076293945,31.1200008392334,31.420000076293945,3283700
2004-12-06,17.570920944213867,31.079999923706055,31.209999084472656,30.959999084472656,31.209999084472656,3172900
2004-12-07,17.650070190429688,31.219999313354492,31.3700008392334,30.90999984741211,31.079999923706055,5115200
2004-12-08,17.808368682861328,31.5,31.75,31.209999084472656,31.219999313354492,5384600
2004-12-09,17.966659545898438,31.780000686645508,31.850000381469727,31.139999389648438,31.200000762939453,7721600
2004-12-10,17.893169403076172,31.649999618530273,31.8799991607666,31.399999618530273,31.8799991607666,4021200
2004-12-13,18.07973289489746,31.979999542236328,31.979999542236328,31.729999542236328,31.84000015258789,4061800
2004-12-14,18.040164947509766,31.90999984741211,32.029998779296875,31.81999969482422,31.979999542236328,5223800
2004-12-15,18.339792251586914,32.439998626708984,32.5,31.84000015258789,31.850000381469727,6104600
2004-12-16,18.464157104492188,32.65999984741211,32.75,32.310001373291016,32.439998626708984,5668600
2004-12-17,18.396326065063477,32.540000915527344,32.939998626708984,32.439998626708984,32.66999816894531,7106700
2004-12-20,18.3115234375,32.38999938964844,32.790000915527344,32.189998626708984,32.54999923706055,4484700
2004-12-21,18.424591064453125,32.59000015258789,32.7400016784668,32.400001525878906,32.56999969482422,4235000
2004-12-22,18.385019302368164,32.52000045776367,32.959999084472656,32.29999923706055,32.66999816894531,4385200
2004-12-23,18.277597427368164,32.33000183105469,32.7400016784668,32.119998931884766,32.54999923706055,2824000
2004-12-27,18.175844192504883,32.150001525878906,32.52000045776367,32.119998931884766,32.400001525878906,2417700
2004-12-28,18.351097106933594,32.459999084472656,32.5099983215332,32.220001220703125,32.279998779296875,3283700
2004-12-29,18.39068031311035,32.529998779296875,32.59000015258789,32.220001220703125,32.470001220703125,3127200
2004-12-30,18.30586814880371,32.380001068115234,32.689998626708984,32.34000015258789,32.5,2828000
2004-12-31,18.12495994567871,32.060001373291016,32.45000076293945,32.04999923706055,32.400001525878906,2933300
2005-01-03,17.98927116394043,31.81999969482422,32.22999954223633,31.540000915527344,31.600000381469727,4906300
2005-01-04,18.136272430419922,32.08000183105469,32.310001373291016,31.739999771118164,31.739999771118164,5435100
2005-01-05,17.99492835998535,31.829999923706055,32.27000045776367,31.829999923706055,32.08000183105469,4008100
2005-01-06,18.136272430419922,32.08000183105469,32.209999084472656,31.799999237060547,31.84000015258789,3671000
2005-01-07,18.01754379272461,31.8700008392334,32.18000030517578,31.729999542236328,32.029998779296875,3902200
2005-01-10,17.904476165771484,31.670000076293945,31.860000610351562,31.520000457763672,31.670000076293945,3455100
2005-01-11,17.582225799560547,31.100000381469727,31.670000076293945,31.049999237060547,31.43000030517578,5045300
2005-01-12,17.71790885925293,31.34000015258789,31.350000381469727,30.959999084472656,31.219999313354492,4194300
2005-01-13,17.4635009765625,30.889999389648438,31.309999465942383,30.84000015258789,31.239999771118164,3731800
2005-01-14,17.70095443725586,31.309999465942383,31.360000610351562,30.809999465942383,30.84000015258789,3919700
2005-01-18,17.864900588989258,31.600000381469727,31.690000534057617,31.079999923706055,31.200000762939453,3642900
2005-01-19,17.876211166381836,31.6200008392334,32.0,31.559999465942383,31.700000762939453,4444300
2005-01-20,17.78009796142578,31.450000762939453,31.770000457763672,31.1299991607666,31.56999969482422,4047900
2005-01-21,17.66702651977539,31.25,31.600000381469727,31.1299991607666,31.450000762939453,4085500
2005-01-24,17.944047927856445,31.739999771118164,31.889999389648438,31.43000030517578,31.579999923706055,5401900
2005-01-25,18.05711555480957,31.940000534057617,32.09000015258789,31.899999618530273,31.989999771118164,4957200
2005-01-26,18.08538818359375,31.989999771118164,32.25,31.8700008392334,31.93000030517578,4675000
2005-01-27,18.15888214111328,32.119998931884766,32.38999938964844,31.940000534057617,32.0,6036000
2005-01-28,18.091041564941406,32.0,32.2400016784668,31.200000762939453,31.850000381469727,7837700
2005-01-31,18.3115234375,32.38999938964844,32.5,32.099998474121094,32.099998474121094,5815000
2005-02-01,18.07973289489746,31.979999542236328,32.189998626708984,31.90999984741211,32.04999923706055,5949100
2005-02-02,17.96101188659668,31.770000457763672,32.02000045776367,31.559999465942383,31.8799991607666,6577700
2005-02-03,18.12495994567871,32.060001373291016,32.099998474121094,31.399999618530273,31.600000381469727,3694200
2005-02-04,18.413288116455078,32.56999969482422,32.599998474121094,31.799999237060547,31.81999969482422,5137300
2005-02-07,18.53200340270996,32.779998779296875,32.849998474121094,32.380001068115234,32.380001068115234,5516100
2005-02-08,18.32847785949707,32.41999816894531,32.849998474121094,32.380001068115234,32.720001220703125,5179300
2005-02-09,18.07407569885254,31.969999313354492,32.47999954223633,31.959999084472656,32.400001525878906,4515400
2005-02-10,18.147565841674805,32.099998474121094,32.209999084472656,31.860000610351562,32.099998474121094,3584700
2005-02-11,18.232378005981445,32.25,32.4900016784668,31.790000915527344,31.899999618530273,5341200
2005-02-14,18.435894012451172,32.61000061035156,32.70000076293945,32.209999084472656,32.25,3492800
2005-02-15,18.746837615966797,33.15999984741211,33.18000030517578,32.599998474121094,32.599998474121094,5985100
2005-02-16,18.43024444580078,32.599998474121094,32.97999954223633,32.41999816894531,32.900001525878906,4746300
2005-02-17,18.254989624023438,32.290000915527344,32.5,32.209999084472656,32.4900016784668,3469500
2005-02-18,18.277597427368164,32.33000183105469,32.5,32.06999969482422,32.150001525878906,3830000
2005-02-22,18.06277084350586,31.950000762939453,32.45000076293945,31.950000762939453,32.310001373291016,3677400
2005-02-23,18.339792251586914,32.439998626708984,32.4900016784668,32.02000045776367,32.04999923706055,4308500
2005-02-24,18.458515167236328,32.650001525878906,32.709999084472656,32.25,32.439998626708984,2794400
2005-02-25,18.645076751708984,32.97999954223633,32.97999954223633,32.31999969482422,32.45000076293945,3328000
2005-02-28,18.701622009277344,33.08000183105469,33.25,32.849998474121094,32.97999954223633,4742800
2005-03-01,18.842947006225586,33.33000183105469,33.41999816894531,33.02000045776367,33.02000045776367,3378000
2005-03-02,18.814678192138672,33.279998779296875,33.81999969482422,33.040000915527344,33.040000915527344,4198400
2005-03-03,18.88817596435547,33.40999984741211,33.599998474121094,33.0,33.279998779296875,3323400
2005-03-04,19.199113845825195,33.959999084472656,34.22999954223633,33.5,33.599998474121094,4868200
2005-03-07,19.340457916259766,34.209999084472656,34.560001373291016,34.16999816894531,34.29999923706055,3978100
2005-03-08,18.92774772644043,33.47999954223633,34.0,32.91999816894531,34.0,8239500
2005-03-09,18.39068031311035,32.529998779296875,32.9900016784668,32.33000183105469,32.650001525878906,9408500
2005-03-10,18.515043258666992,32.75,32.790000915527344,32.5099983215332,32.63999938964844,5558500
2005-03-11,18.424591064453125,32.59000015258789,32.91999816894531,32.5099983215332,32.75,3468000
2005-03-14,18.633773803710938,32.959999084472656,33.0,32.540000915527344,32.540000915527344,4486700
2005-03-15,18.334136962890625,32.43000030517578,33.06999969482422,32.290000915527344,33.0099983215332,3970100
2005-03-16,18.27195167541504,32.31999969482422,32.47999954223633,32.04999923706055,32.29999923706055,3382300
2005-03-17,17.977970123291016,31.799999237060547,32.31999969482422,31.68000030517578,32.29999923706055,5287800
2005-03-18,18.034502029418945,31.899999618530273,31.950000762939453,31.299999237060547,31.829999923706055,8967600
2005-03-21,17.910127639770508,31.68000030517578,31.8700008392334,31.520000457763672,31.75,3022700
2005-03-22,17.78009796142578,31.450000762939453,31.90999984741211,31.43000030517578,31.68000030517578,4669700
2005-03-23,17.78009796142578,31.450000762939453,31.780000686645508,31.3799991607666,31.549999237060547,5302400
2005-03-24,17.853595733642578,31.579999923706055,31.790000915527344,31.450000762939453,31.559999465942383,3292600
2005-03-28,17.8253231048584,31.530000686645508,31.760000228881836,31.399999618530273,31.40999984741211,3355000
2005-03-29,17.53700065612793,31.020000457763672,31.420000076293945,30.959999084472656,31.34000015258789,5404500
2005-03-30,17.893169403076172,31.649999618530273,31.68000030517578,30.979999542236328,30.979999542236328,4418700
2005-03-31,17.60484504699707,31.139999389648438,31.600000381469727,31.09000015258789,31.600000381469727,5400600
2005-04-01,17.525693893432617,31.0,31.520000457763672,30.8799991607666,31.200000762939453,4399000
2005-04-04,17.520038604736328,30.989999771118164,31.139999389648438,30.649999618530273,31.06999969482422,5859300
2005-04-05,17.64441680908203,31.209999084472656,31.290000915527344,30.809999465942383,30.8700008392334,3643200
2005-04-06,17.802709579467773,31.489999771118164,31.700000762939453,31.0,31.1299991607666,4360500
2005-04-07,17.791412353515625,31.469999313354492,31.59000015258789,31.149999618530273,31.389999389648438,3916100
2005-04-08,17.60484504699707,31.139999389648438,31.780000686645508,31.110000610351562,31.479999542236328,3420500
2005-04-11,17.412616729736328,30.799999237060547,31.040000915527344,30.520000457763672,30.979999542236328,4897000
2005-04-12,17.46915626525879,30.899999618530273,31.049999237060547,30.309999465942383,30.600000381469727,5528000
2005-04-13,17.650070190429688,31.219999313354492,31.90999984741211,31.200000762939453,31.420000076293945,9357800
2005-04-14,17.390016555786133,30.760000228881836,31.34000015258789,30.739999771118164,31.329999923706055,4586400
2005-04-15,17.12995719909668,30.299999237060547,30.690000534057617,30.149999618530273,30.6200008392334,6510900
2005-04-18,17.01688575744629,30.100000381469727,30.219999313354492,29.3700008392334,30.149999618530273,8465100
2005-04-19,17.062105178833008,30.18000030517578,30.25,29.8799991607666,30.100000381469727,5122100
2005-04-20,16.926427841186523,29.940000534057617,30.280000686645508,29.700000762939453,30.09000015258789,5267800
2005-04-21,16.875547409057617,29.850000381469727,30.5,29.510000228881836,30.270000457763672,6525200
2005-04-22,16.994264602661133,30.059999465942383,30.649999618530273,29.75,30.5,8272000
2005-04-25,17.118650436401367,30.280000686645508,30.469999313354492,29.700000762939453,29.959999084472656,5169900
2005-04-26,16.960346221923828,30.0,30.270000457763672,29.93000030517578,30.149999618530273,4676400
2005-04-27,17.05080795288086,30.15999984741211,30.399999618530273,29.790000915527344,29.860000610351562,4795900
2005-04-28,16.739870071411133,29.610000610351562,30.149999618530273,29.610000610351562,29.850000381469727,5318400
2005-04-29,16.57026481628418,29.309999465942383,29.790000915527344,29.110000610351562,29.610000610351562,7557600
2005-05-02,16.71725082397461,29.56999969482422,29.600000381469727,29.1200008392334,29.1200008392334,5036000
2005-05-03,16.8472900390625,29.799999237060547,30.0,29.600000381469727,29.719999313354492,6839500
2005-05-04,17.033842086791992,30.1299991607666,30.260000228881836,29.729999542236328,29.790000915527344,4829400
2005-05-05,16.926427841186523,29.940000534057617,30.280000686645508,29.760000228881836,30.190000534057617,4703100
2005-05-06,16.609844207763672,29.3799991607666,30.049999237060547,29.3700008392334,29.959999084472656,6281100
2005-05-09,17.028188705444336,30.1200008392334,30.149999618530273,29.600000381469727,29.700000762939453,6065900
2005-05-10,17.01688575744629,30.100000381469727,30.31999969482422,29.799999237060547,29.950000762939453,4499200
2005-05-11,16.875547409057617,29.850000381469727,30.149999618530273,29.700000762939453,30.010000228881836,5780300
2005-05-12,16.835973739624023,29.780000686645508,30.09000015258789,29.770000457763672,29.989999771118164,4864400
2005-05-13,16.76248550415039,29.649999618530273,29.829999923706055,29.5,29.639999389648438,4465000
2005-05-16,16.89250946044922,29.8799991607666,30.0,29.600000381469727,29.700000762939453,3861600
2005-05-17,16.94339370727539,29.969999313354492,30.059999465942383,29.649999618530273,29.889999389648438,3429800
2005-05-18,17.288249969482422,30.579999923706055,30.65999984741211,30.079999923706055,30.149999618530273,5199100
2005-05-19,17.50874137878418,30.969999313354492,31.030000686645508,30.649999618530273,30.81999969482422,5007900
2005-05-20,17.491771697998047,30.940000534057617,31.139999389648438,30.729999542236328,30.899999618530273,4019500
2005-05-23,17.70660972595215,31.31999969482422,31.5,30.850000381469727,30.850000381469727,4464600
2005-05-24,17.45219612121582,30.8700008392334,31.290000915527344,30.65999984741211,31.190000534057617,5179200
2005-05-25,17.4635009765625,30.889999389648438,31.0,30.770000457763672,30.8700008392334,3762400
2005-05-26,17.797060012817383,31.479999542236328,31.489999771118164,30.959999084472656,31.0,5047200
2005-05-27,17.67268180847168,31.260000228881836,31.399999618530273,31.170000076293945,31.399999618530273,2932100
2005-05-31,17.491771697998047,30.940000534057617,31.15999984741211,30.93000030517578,31.15999984741211,5551600
2005-06-01,17.53700065612793,31.020000457763672,31.149999618530273,30.690000534057617,30.84000015258789,4223500
2005-06-02,17.593530654907227,31.1200008392334,31.209999084472656,30.799999237060547,30.889999389648438,3165300
2005-06-03,17.24867057800293,30.510000228881836,31.079999923706055,30.469999313354492,31.040000915527344,3814500
2005-06-06,17.192142486572266,30.40999984741211,30.450000762939453,30.200000762939453,30.40999984741211,4064100
2005-06-07,16.71725082397461,29.56999969482422,30.489999771118164,29.31999969482422,30.350000381469727,11748800
2005-06-08,16.525026321411133,29.229999542236328,29.65999984741211,29.18000030517578,29.56999969482422,11257000
2005-06-09,16.38370132446289,28.979999542236328,29.270000457763672,28.75,29.229999542236328,8293800
2005-06-10,16.69463539123535,29.530000686645508,29.540000915527344,28.979999542236328,29.100000381469727,7988200
2005-06-13,16.457197189331055,29.110000610351562,29.450000762939453,28.90999984741211,29.09000015258789,8162400
2005-06-14,16.564613342285156,29.299999237060547,29.559999465942383,29.149999618530273,29.149999618530273,4898000
2005-06-15,16.366735458374023,28.950000762939453,29.3799991607666,28.799999237060547,29.299999237060547,6803600
2005-06-16,16.468502044677734,29.1299991607666,29.190000534057617,28.93000030517578,29.010000228881836,4905600
2005-06-17,16.395000457763672,29.0,29.399999618530273,28.979999542236328,29.399999618530273,7370600
2005-06-20,16.428922653198242,29.059999465942383,29.15999984741211,28.799999237060547,28.850000381469727,3777600
2005-06-21,16.417613983154297,29.040000915527344,29.18000030517578,28.84000015258789,28.959999084472656,5860600
2005-06-22,16.406312942504883,29.020000457763672,29.290000915527344,28.959999084472656,29.260000228881836,4283800
2005-06-23,16.151906967163086,28.56999969482422,29.100000381469727,28.559999465942383,28.950000762939453,6860300
2005-06-24,15.987957000732422,28.280000686645508,28.68000030517578,28.219999313354492,28.56999969482422,7044000
2005-06-27,15.9201078414917,28.15999984741211,28.459999084472656,28.1299991607666,28.200000762939453,3512800
2005-06-28,15.965347290039062,28.239999771118164,28.479999542236328,28.1200008392334,28.15999984741211,5123800
2005-06-29,15.778777122497559,27.90999984741211,28.440000534057617,27.8799991607666,28.299999237060547,6386100
2005-06-30,15.688323974609375,27.75,28.200000762939453,27.739999771118164,28.049999237060547,8062100
2005-07-01,15.795741081237793,27.940000534057617,28.1299991607666,27.719999313354492,27.809999465942383,4486700
2005-07-05,15.812697410583496,27.969999313354492,28.09000015258789,27.709999084472656,27.81999969482422,4017200
2005-07-06,15.660058975219727,27.700000762939453,27.989999771118164,27.610000610351562,27.969999313354492,4709800
2005-07-07,15.82966136932373,28.0,28.059999465942383,27.360000610351562,27.540000915527344,6099500
2005-07-08,16.197134017944336,28.649999618530273,28.8700008392334,27.780000686645508,28.0,9319200
2005-07-11,16.3780460357666,28.969999313354492,29.059999465942383,28.75,28.8799991607666,5937800
2005-07-12,16.48545265197754,29.15999984741211,29.25,29.0,29.219999313354492,5273900
2005-07-13,16.728557586669922,29.59000015258789,29.6200008392334,29.15999984741211,29.170000076293945,6471900
2005-07-14,16.734210968017578,29.600000381469727,29.940000534057617,29.540000915527344,29.610000610351562,9087000
2005-07-15,17.520038604736328,30.989999771118164,31.06999969482422,29.600000381469727,29.920000076293945,14489100
2005-07-18,17.46915626525879,30.899999618530273,30.969999313354492,30.59000015258789,30.81999969482422,5227500
2005-07-19,17.44089698791504,30.850000381469727,30.959999084472656,30.739999771118164,30.889999389648438,4759700
2005-07-20,17.46915626525879,30.899999618530273,30.989999771118164,30.59000015258789,30.68000030517578,4812400
2005-07-21,17.401325225830078,30.780000686645508,31.25,30.270000457763672,30.5,5540800
2005-07-22,17.491771697998047,30.940000534057617,30.969999313354492,30.510000228881836,30.549999237060547,5200800
2005-07-25,17.310863494873047,30.6200008392334,30.799999237060547,30.489999771118164,30.639999389648438,4333900
2005-07-26,17.16387367248535,30.360000610351562,30.770000457763672,30.299999237060547,30.6299991607666,5244400
2005-07-27,17.005571365356445,30.079999923706055,30.43000030517578,29.969999313354492,30.350000381469727,6752800
2005-07-28,17.118650436401367,30.280000686645508,30.440000534057617,30.100000381469727,30.100000381469727,4683900
2005-07-29,17.62179946899414,31.170000076293945,31.18000030517578,30.5,30.5,7402200
2005-08-01,17.627458572387695,31.18000030517578,31.329999923706055,30.25,30.25,5361800
2005-08-02,17.797060012817383,31.479999542236328,31.579999923706055,31.219999313354492,31.31999969482422,5378200
2005-08-03,17.876211166381836,31.6200008392334,31.739999771118164,31.200000762939453,31.309999465942383,6199500
2005-08-04,17.63876724243164,31.200000762939453,31.649999618530273,31.09000015258789,31.549999237060547,4514900
2005-08-05,17.695293426513672,31.299999237060547,31.5,31.100000381469727,31.100000381469727,5058400
2005-08-08,18.17019271850586,32.13999938964844,32.380001068115234,31.75,31.760000228881836,10226400
2005-08-09,18.339792251586914,32.439998626708984,32.45000076293945,32.040000915527344,32.290000915527344,5902700
2005-08-10,18.486778259277344,32.70000076293945,32.970001220703125,32.25,32.459999084472656,8547300
2005-08-11,19.61181640625,34.689998626708984,34.70000076293945,32.849998474121094,32.95000076293945,17421600
2005-08-12,18.797719955444336,33.25,33.959999084472656,33.06999969482422,33.7400016784668,12759300
2005-08-15,18.99559211730957,33.599998474121094,33.63999938964844,32.619998931884766,32.630001068115234,6665400
2005-08-16,18.75249481201172,33.16999816894531,33.720001220703125,33.040000915527344,33.5,7406200
2005-08-17,19.148237228393555,33.869998931884766,34.18000030517578,32.97999954223633,33.02000045776367,11185600
2005-08-18,18.87687110900879,33.38999938964844,33.63999938964844,33.04999923706055,33.599998474121094,6848900
2005-08-19,18.8712158203125,33.380001068115234,33.54999923706055,33.220001220703125,33.2599983215332,5510600
2005-08-22,18.820327758789062,33.290000915527344,33.45000076293945,33.04999923706055,33.369998931884766,4519900
2005-08-23,18.67899513244629,33.040000915527344,33.22999954223633,32.849998474121094,33.189998626708984,5803400
2005-08-24,18.645076751708984,32.97999954223633,33.2599983215332,32.7599983215332,33.0,7465400
2005-08-25,18.82599449157715,33.29999923706055,33.4900016784668,32.900001525878906,32.900001525878906,9425800
2005-08-26,18.92774772644043,33.47999954223633,33.599998474121094,32.97999954223633,33.09000015258789,7884300
2005-08-29,18.75249481201172,33.16999816894531,33.45000076293945,32.77000045776367,33.150001525878906,6764400
2005-08-30,18.317180633544922,32.400001525878906,33.099998474121094,32.209999084472656,33.099998474121094,8607700
2005-08-31,18.34544563293457,32.45000076293945,32.75,32.029998779296875,32.560001373291016,6655300
2005-09-01,17.836627960205078,31.549999237060547,32.369998931884766,31.530000686645508,32.29999923706055,8614600
2005-09-02,18.034502029418945,31.899999618530273,32.0099983215332,31.719999313354492,31.81999969482422,5643600
2005-09-06,18.464157104492188,32.65999984741211,32.91999816894531,32.38999938964844,32.529998779296875,6878500
2005-09-07,19.05213165283203,33.70000076293945,33.869998931884766,33.0099983215332,33.04999923706055,12166600
2005-09-08,18.865568161010742,33.369998931884766,33.65999984741211,33.18000030517578,33.470001220703125,6233500
2005-09-09,19.30087661743164,34.13999938964844,34.41999816894531,33.290000915527344,33.380001068115234,12547900
2005-09-12,19.108661651611328,33.79999923706055,34.16999816894531,33.709999084472656,33.90999984741211,6572300
2005-09-13,18.72422981262207,33.119998931884766,33.880001068115234,33.119998931884766,33.75,6922500
2005-09-14,18.294559478759766,32.36000061035156,33.310001373291016,32.310001373291016,33.29999923706055,7436000
2005-09-15,18.91078758239746,33.45000076293945,33.5,32.36000061035156,32.36000061035156,9369100
2005-09-16,19.357412338256836,34.2400016784668,35.029998779296875,33.54999923706055,33.72999954223633,25124600
2005-09-19,18.939058303833008,33.5,34.029998779296875,33.470001220703125,33.77000045776367,7524400
2005-09-20,18.441545486450195,32.619998931884766,33.86000061035156,32.5,33.5,7783700
2005-09-21,17.763139724731445,31.420000076293945,32.619998931884766,31.309999465942383,32.4900016784668,13572300
2005-09-22,18.70726203918457,33.09000015258789,33.150001525878906,31.329999923706055,31.420000076293945,12830500
2005-09-23,18.452863693237305,32.63999938964844,33.59000015258789,32.54999923706055,33.0,8232500
2005-09-26,18.803377151489258,33.2599983215332,33.7599983215332,32.95000076293945,32.95000076293945,8828200
2005-09-27,18.662038803100586,33.0099983215332,33.29999923706055,32.97999954223633,33.20000076293945,9808500
2005-09-28,18.71291732788086,33.099998474121094,33.95000076293945,33.099998474121094,33.45000076293945,6425800
2005-09-29,18.92774772644043,33.47999954223633,33.56999969482422,33.0,33.060001373291016,5636000
2005-09-30,18.933399200439453,33.4900016784668,33.650001525878906,33.119998931884766,33.4900016784668,7138400
2005-10-03,19.148237228393555,33.869998931884766,33.9900016784668,33.400001525878906,33.400001525878906,5742600
2005-10-04,18.588546752929688,32.880001068115234,33.54999923706055,32.81999969482422,33.45000076293945,9187500
2005-10-05,18.57158088684082,32.849998474121094,33.13999938964844,32.619998931884766,32.75,7328600
2005-10-06,18.503742218017578,32.72999954223633,33.18000030517578,32.5,32.86000061035156,8038000
2005-10-07,18.215417861938477,32.220001220703125,32.77000045776367,32.09000015258789,32.7599983215332,5966800
2005-10-10,18.28325843811035,32.34000015258789,32.470001220703125,32.18000030517578,32.470001220703125,5460200
2005-10-11,18.28325843811035,32.34000015258789,33.38999938964844,32.31999969482422,33.04999923706055,7477900
2005-10-12,17.904476165771484,31.670000076293945,32.5,31.6200008392334,32.25,6891500
2005-10-13,18.119308471679688,32.04999923706055,32.709999084472656,31.770000457763672,32.369998931884766,10285200
2005-10-14,18.27195167541504,32.31999969482422,32.36000061035156,32.0099983215332,32.150001525878906,6701900
2005-10-17,18.486778259277344,32.70000076293945,32.709999084472656,32.31999969482422,32.31999969482422,4939800
2005-10-18,18.356752395629883,32.470001220703125,32.869998931884766,32.29999923706055,32.79999923706055,4710200
2005-10-19,19.046476364135742,33.689998626708984,34.02000045776367,32.459999084472656,32.70000076293945,8869200
2005-10-20,18.317180633544922,32.400001525878906,33.459999084472656,32.0099983215332,33.45000076293945,10984400
2005-10-21,18.362401962280273,32.47999954223633,32.88999938964844,31.81999969482422,31.81999969482422,11964400
2005-10-24,18.72422981262207,33.119998931884766,33.13999938964844,32.369998931884766,32.650001525878906,6886400
2005-10-25,18.656383514404297,33.0,33.40999984741211,32.650001525878906,33.04999923706055,6204400
2005-10-26,18.266298294067383,32.310001373291016,33.040000915527344,32.310001373291016,33.0,4660600
2005-10-27,17.836627960205078,31.549999237060547,32.380001068115234,31.479999542236328,32.29999923706055,6098100
2005-10-28,18.254989624023438,32.290000915527344,32.290000915527344,31.549999237060547,31.84000015258789,6599100
2005-10-31,17.864900588989258,31.600000381469727,32.779998779296875,31.549999237060547,32.290000915527344,18254300
2005-11-01,17.96101188659668,31.770000457763672,32.72999954223633,31.610000610351562,32.72999954223633,17401100
2005-11-02,18.238025665283203,32.2599983215332,32.459999084472656,31.93000030517578,32.20000076293945,7612400
2005-11-03,18.78641128540039,33.22999954223633,33.31999969482422,32.349998474121094,32.45000076293945,10297500
2005-11-04,18.899478912353516,33.43000030517578,33.47999954223633,33.029998779296875,33.279998779296875,6116900
2005-11-07,19.05213165283203,33.70000076293945,33.810001373291016,33.09000015258789,33.25,12334000
2005-11-08,19.221731185913086,34.0,34.04999923706055,33.33000183105469,33.70000076293945,9653000
2005-11-09,18.842947006225586,33.33000183105469,34.18000030517578,33.279998779296875,34.0,6877100
2005-11-10,19.171802520751953,33.22999954223633,33.279998779296875,32.709999084472656,32.95000076293945,6847600
2005-11-11,19.500659942626953,33.79999923706055,33.88999938964844,33.029998779296875,33.349998474121094,6682400
2005-11-14,19.575666427612305,33.93000030517578,34.25,33.75,33.79999923706055,7199800
2005-11-15,19.21796226501465,33.310001373291016,34.04999923706055,33.15999984741211,33.81999969482422,8585100
2005-11-16,18.923721313476562,32.79999923706055,33.599998474121094,32.72999954223633,33.36000061035156,6758100
2005-11-17,19.148733139038086,33.189998626708984,33.36000061035156,32.880001068115234,33.08000183105469,5802400
2005-11-18,19.091035842895508,33.09000015258789,33.54999923706055,32.939998626708984,33.54999923706055,7016200
2005-11-21,19.079492568969727,33.06999969482422,33.16999816894531,32.81999969482422,33.02000045776367,4801300
2005-11-22,19.03333854675293,32.9900016784668,33.08000183105469,32.79999923706055,33.02000045776367,4723500
2005-11-23,19.4487361907959,33.709999084472656,33.880001068115234,33.0099983215332,33.040000915527344,6450800
2005-11-25,19.30450439453125,33.459999084472656,33.779998779296875,33.459999084472656,33.77000045776367,2311200
2005-11-28,19.587202072143555,33.95000076293945,34.099998474121094,33.52000045776367,33.630001068115234,6393500
2005-11-29,19.575666427612305,33.93000030517578,34.58000183105469,33.880001068115234,34.2400016784668,6594800
2005-11-30,19.52950096130371,33.849998474121094,34.7599983215332,33.84000015258789,34.13999938964844,8158600
2005-12-01,20.38338279724121,35.33000183105469,35.380001068115234,34.060001373291016,34.22999954223633,13905500
2005-12-02,20.141069412231445,34.90999984741211,35.25,34.75,35.04999923706055,8186900
2005-12-05,19.94490623474121,34.56999969482422,34.90999984741211,34.400001525878906,34.7400016784668,6958700
2005-12-06,20.285306930541992,35.15999984741211,35.2599983215332,34.779998779296875,34.83000183105469,8155500
2005-12-07,20.342998504638672,35.2599983215332,35.27000045776367,34.810001373291016,35.0,6290600
2005-12-08,20.089143753051758,34.81999969482422,35.36000061035156,34.70000076293945,35.119998931884766,5474600
2005-12-09,20.100685119628906,34.84000015258789,35.220001220703125,34.099998474121094,35.099998474121094,4617000
2005-12-12,19.8872127532959,34.470001220703125,34.84000015258789,34.34000015258789,34.84000015258789,3962900
2005-12-13,20.34877586364746,35.27000045776367,35.540000915527344,34.349998474121094,34.349998474121094,5928000
2005-12-14,20.481470108032227,35.5,35.650001525878906,35.11000061035156,35.16999816894531,4990100
2005-12-15,20.181447982788086,34.97999954223633,35.689998626708984,34.849998474121094,35.5,5615400
2005-12-16,20.048763275146484,34.75,35.119998931884766,34.689998626708984,34.9900016784668,7956600
2005-12-19,19.67374610900879,34.099998474121094,34.93000030517578,34.06999969482422,34.65999984741211,3801800
2005-12-20,19.702590942382812,34.150001525878906,34.349998474121094,33.79999923706055,34.0,4172500
2005-12-21,19.869905471801758,34.439998626708984,34.75,34.20000076293945,34.20000076293945,4031000
2005-12-22,19.95067596435547,34.58000183105469,34.68000030517578,34.11000061035156,34.5,3326600
2005-12-23,19.933368682861328,34.54999923706055,34.70000076293945,34.33000183105469,34.70000076293945,1930300
2005-12-27,19.67374610900879,34.099998474121094,34.720001220703125,34.0099983215332,34.56999969482422,3039700
2005-12-28,19.72567367553711,34.189998626708984,34.38999938964844,34.029998779296875,34.099998474121094,2212000
2005-12-29,19.696819305419922,34.13999938964844,34.290000915527344,34.0099983215332,34.04999923706055,2530600
2005-12-30,19.454504013061523,33.720001220703125,34.290000915527344,33.58000183105469,34.099998474121094,4219600
2006-01-03,19.339115142822266,33.52000045776367,34.290000915527344,33.20000076293945,34.290000915527344,9250100
2006-01-04,19.512205123901367,33.81999969482422,33.849998474121094,33.41999816894531,33.43000030517578,5990200
2006-01-05,19.53528594970703,33.86000061035156,34.20000076293945,33.72999954223633,33.81999969482422,6245200
2006-01-06,19.650671005249023,34.060001373291016,34.29999923706055,33.810001373291016,34.22999954223633,5877100
2006-01-09,20.025686264038086,34.709999084472656,34.7400016784668,33.9900016784668,34.0,4659900
2006-01-10,20.04298973083496,34.7400016784668,34.849998474121094,34.540000915527344,34.61000061035156,7021800
2006-01-11,20.3891544342041,35.34000015258789,35.36000061035156,34.79999923706055,34.81999969482422,8209000
2006-01-12,20.071836471557617,34.790000915527344,35.31999969482422,34.7400016784668,35.25,11593600
2006-01-13,19.8872127532959,34.470001220703125,34.7400016784668,34.349998474121094,34.650001525878906,4807700
2006-01-17,19.956453323364258,34.59000015258789,35.15999984741211,34.52000045776367,34.720001220703125,5499100
2006-01-18,20.18722915649414,34.9900016784668,35.439998626708984,34.40999984741211,34.58000183105469,10550100
2006-01-19,20.308387756347656,35.20000076293945,35.369998931884766,35.0,35.29999923706055,9093800
2006-01-20,20.68916130065918,35.86000061035156,35.90999984741211,35.09000015258789,35.20000076293945,11436800
2006-01-23,20.60262107849121,35.709999084472656,36.09000015258789,35.27000045776367,35.86000061035156,6944500
2006-01-24,20.68338394165039,35.849998474121094,36.310001373291016,35.66999816894531,35.939998626708984,9685600
2006-01-25,20.285306930541992,35.15999984741211,36.13999938964844,34.54999923706055,36.0,21016500
2006-01-26,20.158370971679688,34.939998626708984,35.70000076293945,34.75,35.5,12358000
2006-01-27,20.221843719482422,35.04999923706055,35.2400016784668,34.91999816894531,34.939998626708984,7355400
2006-01-30,20.204530715942383,35.02000045776367,35.06999969482422,34.83000183105469,34.900001525878906,8004200
2006-01-31,20.198762893676758,35.0099983215332,35.25,34.900001525878906,35.040000915527344,6988200
2006-02-01,20.57953643798828,35.66999816894531,35.709999084472656,34.9900016784668,35.0099983215332,7186600
2006-02-02,20.45262336730957,35.45000076293945,35.810001373291016,35.16999816894531,35.33000183105469,5409500
2006-02-03,20.75262451171875,35.970001220703125,36.08000183105469,35.439998626708984,35.45000076293945,6852900
2006-02-06,20.844940185546875,36.130001068115234,36.439998626708984,35.900001525878906,36.0,7163500
2006-02-07,20.879541397094727,36.189998626708984,36.5099983215332,36.060001373291016,36.29999923706055,4868600
2006-02-08,20.977636337280273,36.36000061035156,36.75,36.2599983215332,36.599998474121094,6444300
2006-02-09,20.94302749633789,36.29999923706055,36.4900016784668,36.220001220703125,36.310001373291016,4889600
2006-02-10,20.960329055786133,36.33000183105469,36.459999084472656,36.11000061035156,36.27000045776367,5741200
2006-02-13,20.977636337280273,36.36000061035156,36.59000015258789,36.15999984741211,36.40999984741211,3421100
2006-02-14,20.9834041595459,36.369998931884766,36.54999923706055,36.06999969482422,36.36000061035156,5392300
2006-02-15,20.77570152282715,36.0099983215332,36.27000045776367,35.75,36.2599983215332,7669400
2006-02-16,20.9834041595459,36.369998931884766,36.38999938964844,35.86000061035156,35.9900016784668,3963500
2006-02-17,20.804553985595703,36.060001373291016,36.439998626708984,36.0099983215332,36.369998931884766,4802300
2006-02-21,20.57377052307129,35.65999984741211,36.0,35.349998474121094,35.880001068115234,5250300
2006-02-22,20.741090774536133,35.95000076293945,36.08000183105469,35.720001220703125,35.75,4323400
2006-02-23,20.53338623046875,35.59000015258789,35.9900016784668,35.5,35.75,3751800
2006-02-24,20.3891544342041,35.34000015258789,35.52000045776367,35.189998626708984,35.4900016784668,4802800
2006-02-27,20.337234497070312,35.25,35.529998779296875,35.11000061035156,35.29999923706055,4262100
2006-02-28,20.141069412231445,34.90999984741211,35.470001220703125,34.88999938964844,35.29999923706055,5522700
2006-03-01,20.15260887145996,34.93000030517578,35.18000030517578,34.43000030517578,35.0,5910300
2006-03-02,20.158370971679688,34.939998626708984,34.9900016784668,34.689998626708984,34.93000030517578,4566200
2006-03-03,20.106447219848633,34.849998474121094,35.060001373291016,34.63999938964844,34.75,5270700
2006-03-06,20.00260353088379,34.66999816894531,34.959999084472656,34.56999969482422,34.61000061035156,4145000
2006-03-07,19.985292434692383,34.63999938964844,34.779998779296875,34.43000030517578,34.54999923706055,7942300
2006-03-08,20.008373260498047,34.68000030517578,34.900001525878906,34.650001525878906,34.66999816894531,6588600
2006-03-09,19.921831130981445,34.529998779296875,34.72999954223633,34.38999938964844,34.619998931884766,5009600
2006-03-10,19.991065979003906,34.650001525878906,35.0099983215332,34.540000915527344,34.599998474121094,3991100
2006-03-13,19.800670623779297,34.31999969482422,34.70000076293945,34.11000061035156,34.529998779296875,6117300
2006-03-14,19.76605224609375,34.2599983215332,34.40999984741211,34.119998931884766,34.16999816894531,5652900
2006-03-15,20.060293197631836,34.77000045776367,34.83000183105469,34.189998626708984,34.209999084472656,5235500
2006-03-16,20.227609634399414,35.060001373291016,35.13999938964844,34.70000076293945,34.70000076293945,5637800
2006-03-17,20.250690460205078,35.099998474121094,35.25,35.0,35.2400016784668,5983900
2006-03-20,20.037220001220703,34.72999954223633,35.06999969482422,34.66999816894531,34.939998626708984,3983900
2006-03-21,20.135303497314453,34.900001525878906,35.13999938964844,34.66999816894531,34.66999816894531,5700400
2006-03-22,20.07761001586914,34.79999923706055,35.130001068115234,34.619998931884766,35.029998779296875,4218100
2006-03-23,19.92759132385254,34.540000915527344,34.810001373291016,34.36000061035156,34.810001373291016,4451300
2006-03-24,20.019908905029297,34.70000076293945,34.86000061035156,34.400001525878906,34.540000915527344,3230600
2006-03-27,19.933368682861328,34.54999923706055,34.650001525878906,34.369998931884766,34.41999816894531,3338600
2006-03-28,19.794912338256836,34.310001373291016,34.77000045776367,34.279998779296875,34.36000061035156,4430800
2006-03-29,19.96221351623535,34.599998474121094,34.650001525878906,34.15999984741211,34.20000076293945,2583800
2006-03-30,19.933368682861328,34.54999923706055,34.79999923706055,34.18000030517578,34.40999984741211,4039100
2006-03-31,19.823747634887695,34.36000061035156,34.630001068115234,34.2599983215332,34.40999984741211,4020100
2006-04-03,20.037220001220703,34.72999954223633,34.90999984741211,34.43000030517578,34.45000076293945,5750000
2006-04-04,19.996829986572266,34.65999984741211,34.90999984741211,34.56999969482422,34.880001068115234,4283000
2006-04-05,20.083377838134766,34.810001373291016,34.88999938964844,34.43000030517578,34.58000183105469,5667500
2006-04-06,19.96221351623535,34.599998474121094,34.90999984741211,34.470001220703125,34.470001220703125,4033800
2006-04-07,20.123762130737305,34.880001068115234,34.9900016784668,34.47999954223633,34.630001068115234,4716800
2006-04-10,20.39492416381836,35.349998474121094,35.45000076293945,34.95000076293945,35.0,6109500
2006-04-11,20.51031494140625,35.54999923706055,35.56999969482422,35.189998626708984,35.38999938964844,5525900
2006-04-12,20.302614212036133,35.189998626708984,35.40999984741211,34.970001220703125,35.369998931884766,6314200
2006-04-13,20.106447219848633,34.849998474121094,35.4900016784668,34.70000076293945,35.4900016784668,10711400
2006-04-17,19.800670623779297,34.31999969482422,34.83000183105469,34.04999923706055,34.779998779296875,6301700
2006-04-18,19.892982482910156,34.47999954223633,34.68000030517578,34.11000061035156,34.31999969482422,5441100
2006-04-19,19.933368682861328,34.54999923706055,34.849998474121094,34.33000183105469,34.33000183105469,3408600
2006-04-20,20.23914909362793,35.08000183105469,35.11000061035156,34.54999923706055,34.54999923706055,5006100
2006-04-21,19.96221351623535,34.599998474121094,35.0,34.36000061035156,34.880001068115234,6320500
2006-04-24,19.76605224609375,34.2599983215332,34.45000076293945,34.08000183105469,34.349998474121094,5687200
2006-04-25,19.52950096130371,33.849998474121094,34.16999816894531,33.810001373291016,34.060001373291016,7113900
2006-04-26,19.67951774597168,34.11000061035156,34.130001068115234,33.709999084472656,33.900001525878906,4218300
2006-04-27,19.973758697509766,34.619998931884766,34.650001525878906,33.849998474121094,33.849998474121094,4864300
2006-04-28,19.94490623474121,34.56999969482422,34.720001220703125,34.29999923706055,34.599998474121094,4714000
2006-05-01,19.829517364501953,34.369998931884766,34.75,34.310001373291016,34.63999938964844,4054700
2006-05-02,19.85259246826172,34.40999984741211,34.529998779296875,34.220001220703125,34.400001525878906,3975400
2006-05-03,20.11222267150879,34.86000061035156,34.880001068115234,34.31999969482422,34.47999954223633,4472600
2006-05-04,20.106447219848633,34.849998474121094,35.08000183105469,34.79999923706055,34.849998474121094,4646200
2006-05-05,20.31415367126465,35.209999084472656,35.25,34.849998474121094,34.880001068115234,6408400
2006-05-08,20.417999267578125,35.38999938964844,35.38999938964844,35.20000076293945,35.209999084472656,4038800
2006-05-09,20.671857833862305,35.83000183105469,35.93000030517578,35.56999969482422,35.70000076293945,5933100
2006-05-10,20.746858596801758,35.959999084472656,35.9900016784668,35.689998626708984,35.7599983215332,4813600
2006-05-11,20.39492416381836,35.349998474121094,35.959999084472656,35.220001220703125,35.95000076293945,4927600
2006-05-12,20.123762130737305,34.880001068115234,35.52000045776367,34.869998931884766,35.369998931884766,5397100
2006-05-15,20.17569351196289,34.970001220703125,35.0,34.61000061035156,34.880001068115234,4066000
2006-05-16,20.019908905029297,34.70000076293945,35.119998931884766,34.66999816894531,35.04999923706055,3320100
2006-05-17,19.93914222717285,34.560001373291016,34.7599983215332,34.43000030517578,34.529998779296875,6572400
2006-05-18,19.869905471801758,34.439998626708984,34.970001220703125,34.40999984741211,34.83000183105469,5374800
2006-05-19,19.702590942382812,34.150001525878906,34.720001220703125,33.970001220703125,34.650001525878906,6252800
2006-05-22,19.63335609436035,34.029998779296875,34.13999938964844,33.5099983215332,34.08000183105469,7387900
2006-05-23,19.34488296508789,33.529998779296875,34.130001068115234,33.529998779296875,34.029998779296875,5207900
2006-05-24,19.01026725769043,32.95000076293945,33.68000030517578,32.790000915527344,33.630001068115234,9722100
2006-05-25,19.189115524291992,33.2599983215332,33.279998779296875,32.880001068115234,33.13999938964844,7128000
2006-05-26,18.992944717407227,32.91999816894531,33.349998474121094,32.880001068115234,33.349998474121094,6168500
2006-05-30,18.877565383911133,32.720001220703125,33.08000183105469,32.619998931884766,32.79999923706055,4502700
2006-05-31,19.13719367980957,33.16999816894531,33.279998779296875,32.720001220703125,32.779998779296875,6087800
2006-06-01,19.431428909301758,33.68000030517578,33.7400016784668,32.959999084472656,32.970001220703125,6745800
2006-06-02,19.333351135253906,33.5099983215332,33.779998779296875,33.25,33.54999923706055,4423400
2006-06-05,19.125648498535156,33.150001525878906,33.560001373291016,33.08000183105469,33.5099983215332,4387300
2006-06-06,19.21796226501465,33.310001373291016,33.54999923706055,32.810001373291016,33.25,5780300
2006-06-07,19.22372817993164,33.31999969482422,33.77000045776367,33.29999923706055,33.5,5070600
2006-06-08,19.437196731567383,33.689998626708984,33.7400016784668,32.97999954223633,33.56999969482422,8470300
2006-06-09,19.25834846496582,33.380001068115234,33.880001068115234,33.380001068115234,33.650001525878906,4131600
2006-06-12,18.998722076416016,32.93000030517578,33.619998931884766,32.83000183105469,33.5,5335000
2006-06-13,18.427539825439453,31.940000534057617,33.470001220703125,31.729999542236328,33.470001220703125,7657900
2006-06-14,18.95256233215332,32.849998474121094,32.959999084472656,31.969999313354492,32.0,7856300
2006-06-15,19.24104118347168,33.349998474121094,33.529998779296875,32.63999938964844,32.90999984741211,6635500
2006-06-16,19.119884490966797,33.13999938964844,33.349998474121094,32.939998626708984,33.310001373291016,6044900
2006-06-19,18.95256233215332,32.849998474121094,33.25,32.7599983215332,33.11000061035156,4129400
2006-06-20,19.01603126525879,32.959999084472656,33.11000061035156,32.70000076293945,33.0,5100900
2006-06-21,19.269887924194336,33.400001525878906,33.540000915527344,32.849998474121094,32.849998474121094,6911000
2006-06-22,18.77947998046875,32.54999923706055,33.400001525878906,32.47999954223633,33.20000076293945,5239700
2006-06-23,18.808334350585938,32.599998474121094,33.0099983215332,32.5,32.54999923706055,3769400
2006-06-26,18.842945098876953,32.65999984741211,32.79999923706055,32.43000030517578,32.599998474121094,3812300
2006-06-27,18.756406784057617,32.5099983215332,32.790000915527344,32.4900016784668,32.5,4593800
2006-06-28,18.44485855102539,31.969999313354492,32.59000015258789,31.90999984741211,32.5,8569800
2006-06-29,19.362194061279297,33.560001373291016,33.689998626708984,32.400001525878906,32.400001525878906,9137200
2006-06-30,19.38527488708496,33.599998474121094,34.599998474121094,33.56999969482422,33.810001373291016,7905700
2006-07-03,19.598745346069336,33.970001220703125,34.0,33.56999969482422,33.70000076293945,1764400
2006-07-05,19.477577209472656,33.7599983215332,33.880001068115234,33.29999923706055,33.45000076293945,4384600
2006-07-06,19.437196731567383,33.689998626708984,33.84000015258789,33.43000030517578,33.720001220703125,3668100
2006-07-07,19.14296531677246,33.18000030517578,33.709999084472656,33.09000015258789,33.52000045776367,4125300
2006-07-10,19.431428909301758,33.68000030517578,33.88999938964844,33.38999938964844,33.5,3825300
2006-07-11,19.77759552001953,34.279998779296875,34.33000183105469,33.29999923706055,33.790000915527344,5715000
2006-07-12,19.506431579589844,33.810001373291016,34.45000076293945,33.65999984741211,34.380001068115234,5317000
2006-07-13,19.13719367980957,33.16999816894531,33.68000030517578,33.08000183105469,33.54999923706055,4478800
2006-07-14,19.062185287475586,33.040000915527344,33.130001068115234,32.75,32.959999084472656,5022400
2006-07-17,20.031450271606445,34.720001220703125,34.959999084472656,33.790000915527344,34.0,12845000
2006-07-18,20.083377838134766,34.810001373291016,35.15999984741211,34.56999969482422,35.0,8332100
2006-07-19,20.24492645263672,35.09000015258789,35.20000076293945,34.70000076293945,34.810001373291016,6201000
2006-07-20,20.00260353088379,34.66999816894531,35.0,34.52000045776367,34.90999984741211,4997000
2006-07-21,20.019908905029297,34.70000076293945,34.75,34.45000076293945,34.720001220703125,5696300
2006-07-24,20.100685119628906,34.84000015258789,34.959999084472656,34.56999969482422,34.689998626708984,4144800
2006-07-25,20.05452537536621,34.7599983215332,35.34000015258789,34.650001525878906,35.0,8185500
2006-07-26,19.87567710876465,34.45000076293945,34.77000045776367,34.38999938964844,34.4900016784668,6801400
2006-07-27,20.037220001220703,34.72999954223633,34.95000076293945,34.45000076293945,34.70000076293945,5281300
2006-07-28,20.360313415527344,35.290000915527344,35.400001525878906,34.619998931884766,34.79999923706055,5034200
2006-07-31,20.417999267578125,35.38999938964844,35.5,35.130001068115234,35.369998931884766,4098700
2006-08-01,20.23914909362793,35.08000183105469,35.22999954223633,34.849998474121094,35.20000076293945,3914700
2006-08-02,20.53338623046875,35.59000015258789,35.70000076293945,34.97999954223633,35.5,5352000
2006-08-03,20.677627563476562,35.84000015258789,36.0,35.150001525878906,35.349998474121094,5452000
2006-08-04,20.429536819458008,35.40999984741211,36.060001373291016,35.22999954223633,35.97999954223633,5142900
2006-08-07,20.498777389526367,35.529998779296875,35.560001373291016,35.209999084472656,35.25,2857600
2006-08-08,20.285306930541992,35.15999984741211,35.68000030517578,34.95000076293945,35.529998779296875,8325100
2006-08-09,19.823747634887695,34.36000061035156,35.52000045776367,34.2599983215332,35.5,8927200
2006-08-10,20.117990493774414,34.869998931884766,35.08000183105469,34.220001220703125,34.22999954223633,4501900
2006-08-11,20.014144897460938,34.689998626708984,34.959999084472656,34.5,34.869998931884766,2507100
2006-08-14,20.031450271606445,34.720001220703125,35.099998474121094,34.65999984741211,35.04999923706055,3550700
2006-08-15,20.481470108032227,35.5,35.56999969482422,34.93000030517578,35.18000030517578,4611900
2006-08-16,20.75262451171875,35.970001220703125,35.9900016784668,35.43000030517578,35.59000015258789,4412800
2006-08-17,20.908409118652344,36.2400016784668,36.25,35.91999816894531,36.0,4143700
2006-08-18,20.873788833618164,36.18000030517578,36.2400016784668,35.90999984741211,36.2400016784668,3286900
2006-08-21,20.60262107849121,35.709999084472656,36.099998474121094,35.619998931884766,36.099998474121094,3379700
2006-08-22,20.539154052734375,35.599998474121094,36.0099983215332,35.43000030517578,35.709999084472656,3346300
2006-08-23,20.53338623046875,35.59000015258789,35.7400016784668,35.2599983215332,35.560001373291016,3893500
2006-08-24,20.700702667236328,35.880001068115234,35.880001068115234,35.15999984741211,35.59000015258789,4326000
2006-08-25,20.32569694519043,35.22999954223633,35.689998626708984,35.15999984741211,35.619998931884766,3064800
2006-08-28,20.66031837463379,35.810001373291016,35.93000030517578,35.13999938964844,35.150001525878906,3714000
2006-08-29,20.816099166870117,36.08000183105469,36.150001525878906,35.72999954223633,35.810001373291016,2968300
2006-08-30,20.856475830078125,36.150001525878906,36.20000076293945,35.79999923706055,36.16999816894531,2957000
2006-08-31,20.712247848510742,35.900001525878906,36.189998626708984,35.77000045776367,36.15999984741211,2544900
2006-09-01,21.20840835571289,36.7599983215332,36.79999923706055,36.0099983215332,36.25,6925900
2006-09-05,21.14495086669922,36.650001525878906,36.7599983215332,36.41999816894531,36.54999923706055,3903900
2006-09-06,20.896865844726562,36.220001220703125,36.58000183105469,36.16999816894531,36.349998474121094,5244800
2006-09-07,21.069942474365234,36.52000045776367,36.61000061035156,36.04999923706055,36.119998931884766,4125400
2006-09-08,21.635345458984375,37.5,37.5099983215332,36.349998474121094,36.689998626708984,8451700
2006-09-11,21.41610336303711,37.119998931884766,37.75,37.099998474121094,37.599998474121094,11202700
2006-09-12,22.03920555114746,38.20000076293945,38.290000915527344,37.349998474121094,37.400001525878906,19393300
2006-09-13,21.831504821777344,37.84000015258789,38.09000015258789,37.79999923706055,37.79999923706055,12759300
2006-09-14,21.53727912902832,37.33000183105469,37.83000183105469,37.029998779296875,37.650001525878906,9699600
2006-09-15,21.768049240112305,37.72999954223633,37.83000183105469,37.27000045776367,37.54999923706055,13112200
2006-09-18,21.589200973510742,37.41999816894531,37.75,37.29999923706055,37.72999954223633,4902800
2006-09-19,21.68151092529297,37.58000183105469,37.70000076293945,37.33000183105469,37.529998779296875,5353200
2006-09-20,21.796890258789062,37.779998779296875,37.93000030517578,37.619998931884766,37.779998779296875,6323500
2006-09-21,22.11998176574707,38.34000015258789,38.41999816894531,37.79999923706055,37.880001068115234,8466200
2006-09-22,22.044971466064453,38.209999084472656,38.529998779296875,38.06999969482422,38.290000915527344,5591100
2006-09-25,22.414213180541992,38.849998474121094,38.959999084472656,38.08000183105469,38.20000076293945,15575300
2006-09-26,22.535381317138672,39.060001373291016,39.09000015258789,38.54999923706055,38.61000061035156,7559900
2006-09-27,22.973857879638672,39.81999969482422,40.060001373291016,39.43000030517578,39.43000030517578,14464200
2006-09-28,22.841175079345703,39.59000015258789,39.93000030517578,39.22999954223633,39.7599983215332,7592700
2006-09-29,22.569995880126953,39.119998931884766,39.880001068115234,39.11000061035156,39.54999923706055,11915800
2006-10-02,22.795005798339844,39.5099983215332,39.77000045776367,38.95000076293945,39.119998931884766,14210800
2006-10-03,22.89308738708496,39.68000030517578,40.04999923706055,39.619998931884766,39.619998931884766,38317900
2006-10-04,23.077699661254883,40.0,40.09000015258789,39.70000076293945,39.83000183105469,53013400
2006-10-05,22.96232032775879,39.79999923706055,40.04999923706055,39.66999816894531,39.959999084472656,86981300
2006-10-06,23.14116096496582,40.11000061035156,40.279998779296875,39.47999954223633,39.959999084472656,21206500
2006-10-09,23.406570434570312,40.56999969482422,40.70000076293945,40.0,40.150001525878906,14783200
2006-10-10,23.562332153320312,40.84000015258789,40.880001068115234,40.45000076293945,40.5,8072100
2006-10-11,23.79888153076172,41.25,41.279998779296875,40.599998474121094,40.61000061035156,10757300
2006-10-12,24.36428451538086,42.22999954223633,42.459999084472656,41.79999923706055,41.900001525878906,19023900
2006-10-13,24.295055389404297,42.11000061035156,42.220001220703125,41.849998474121094,41.900001525878906,24260200
2006-10-16,24.300823211669922,42.119998931884766,42.27000045776367,41.709999084472656,41.93000030517578,12451400
2006-10-17,24.000822067260742,41.599998474121094,41.970001220703125,41.459999084472656,41.84000015258789,9875900
2006-10-18,23.925798416137695,41.470001220703125,42.09000015258789,41.22999954223633,41.9900016784668,15383300
2006-10-19,23.52195930480957,40.77000045776367,41.470001220703125,40.0,41.43000030517578,20300800
2006-10-20,23.925798416137695,41.470001220703125,41.470001220703125,40.779998779296875,41.099998474121094,12769900
2006-10-23,24.31236457824707,42.13999938964844,42.36000061035156,41.349998474121094,41.369998931884766,12637000
2006-10-24,24.375831604003906,42.25,42.459999084472656,41.84000015258789,41.900001525878906,11380200
2006-10-25,24.231599807739258,42.0,42.47999954223633,41.689998626708984,42.2400016784668,8889400
2006-10-26,24.295055389404297,42.11000061035156,42.150001525878906,41.61000061035156,41.91999816894531,6373100
2006-10-27,23.925798416137695,41.470001220703125,41.93000030517578,41.40999984741211,41.81999969482422,7309000
2006-10-30,24.185440063476562,41.91999816894531,41.959999084472656,41.220001220703125,41.47999954223633,8921300
2006-10-31,24.185440063476562,41.91999816894531,42.2400016784668,41.599998474121094,42.18000030517578,10009500
2006-11-01,24.150819778442383,41.86000061035156,42.150001525878906,41.7599983215332,42.150001525878906,6753600
2006-11-02,24.260446548461914,42.04999923706055,42.099998474121094,41.619998931884766,41.72999954223633,8055200
2006-11-03,23.793123245239258,41.2400016784668,42.099998474121094,41.209999084472656,42.04999923706055,7381900
2006-11-06,24.133514404296875,41.83000183105469,41.900001525878906,41.2400016784668,41.54999923706055,7915600
2006-11-07,24.041200637817383,41.66999816894531,42.08000183105469,41.65999984741211,41.83000183105469,16560500
2006-11-08,24.248897552490234,42.029998779296875,42.25,41.349998474121094,41.619998931884766,7647600
2006-11-09,24.28351402282715,42.09000015258789,42.119998931884766,41.86000061035156,42.029998779296875,7620300
2006-11-10,24.214292526245117,41.970001220703125,42.220001220703125,41.970001220703125,42.099998474121094,8642600
2006-11-13,24.533443450927734,41.5099983215332,41.599998474121094,40.849998474121094,41.20000076293945,10226300
2006-11-14,24.39159393310547,41.27000045776367,41.63999938964844,40.880001068115234,41.599998474121094,8263400
2006-11-15,24.29112434387207,41.099998474121094,41.70000076293945,40.9900016784668,41.18000030517578,10242900
2006-11-16,24.628000259399414,41.66999816894531,41.790000915527344,41.060001373291016,41.29999923706055,7781900
2006-11-17,24.716659545898438,41.81999969482422,41.81999969482422,41.279998779296875,41.66999816894531,6196800
2006-11-20,24.758026123046875,41.88999938964844,42.0,41.650001525878906,41.779998779296875,7821800
2006-11-21,24.8585147857666,42.060001373291016,42.25,41.90999984741211,41.97999954223633,8403500
2006-11-22,24.91169548034668,42.150001525878906,42.25,41.75,42.060001373291016,4708400
2006-11-24,24.75212860107422,41.880001068115234,42.2599983215332,41.66999816894531,41.869998931884766,1877600
2006-11-27,24.29112434387207,41.099998474121094,42.06999969482422,41.04999923706055,42.0,7251700
2006-11-28,24.46843147277832,41.400001525878906,41.470001220703125,40.790000915527344,41.0,6660800
2006-11-29,24.73439598083496,41.849998474121094,41.939998626708984,41.470001220703125,41.54999923706055,7239100
2006-11-30,24.805309295654297,41.970001220703125,42.119998931884766,41.54999923706055,41.939998626708984,6392200
2006-12-01,24.870330810546875,42.08000183105469,42.2599983215332,41.70000076293945,42.18000030517578,6326900
2006-12-04,25.118547439575195,42.5,42.66999816894531,42.0,42.04999923706055,5170900
2006-12-05,25.266313552856445,42.75,43.43000030517578,42.5099983215332,42.7400016784668,6714000
2006-12-06,25.390426635742188,42.959999084472656,43.0,42.540000915527344,42.95000076293945,5631500
2006-12-07,25.579551696777344,43.279998779296875,43.43000030517578,42.959999084472656,43.0,5775800
2006-12-08,25.863245010375977,43.7599983215332,43.88999938964844,43.25,43.52000045776367,7236300
2006-12-11,25.756866455078125,43.58000183105469,43.790000915527344,43.369998931884766,43.5,4611700
2006-12-12,25.437705993652344,43.040000915527344,43.58000183105469,42.810001373291016,43.4900016784668,5350600
2006-12-13,25.76276397705078,43.59000015258789,43.68000030517578,43.150001525878906,43.20000076293945,5026700
2006-12-14,25.821880340576172,43.689998626708984,43.939998626708984,43.380001068115234,43.5099983215332,4642600
2006-12-15,25.656389236450195,43.40999984741211,43.95000076293945,43.119998931884766,43.689998626708984,7394700
2006-12-18,25.697755813598633,43.47999954223633,43.75,43.25,43.34000015258789,5196400
2006-12-19,25.99917221069336,43.9900016784668,44.0,43.2400016784668,43.47999954223633,5906800
2006-12-20,25.922351837158203,43.86000061035156,44.2400016784668,43.7400016784668,44.0,5868000
2006-12-21,25.92825698852539,43.869998931884766,44.20000076293945,43.72999954223633,44.0,5511700
2006-12-22,25.750951766967773,43.56999969482422,43.97999954223633,43.52000045776367,43.869998931884766,3559600
2006-12-26,25.89280128479004,43.810001373291016,43.91999816894531,43.5,43.65999984741211,2226100
2006-12-27,26.200130462646484,44.33000183105469,44.36000061035156,43.81999969482422,43.95000076293945,3802900
2006-12-28,26.217864990234375,44.36000061035156,44.630001068115234,44.02000045776367,44.34000015258789,3414800
2006-12-29,26.200130462646484,44.33000183105469,44.68000030517578,44.099998474121094,44.16999816894531,3300500
2007-01-03,25.92825698852539,43.869998931884766,44.380001068115234,43.5,43.650001525878906,7579100
2007-01-04,25.733224868774414,43.540000915527344,43.86000061035156,42.869998931884766,43.75,9776100
2007-01-05,25.733224868774414,43.540000915527344,43.81999969482422,43.34000015258789,43.400001525878906,5701000
2007-01-08,25.833694458007812,43.709999084472656,43.849998474121094,43.25,43.5,4538500
2007-01-09,25.880977630615234,43.790000915527344,44.150001525878906,43.59000015258789,43.86000061035156,6832800
2007-01-10,26.158756256103516,44.2599983215332,44.290000915527344,43.459999084472656,43.779998779296875,6374800
2007-01-11,26.306514739990234,44.5099983215332,44.599998474121094,44.11000061035156,44.220001220703125,5626900
2007-01-12,26.135116577148438,44.220001220703125,44.68000030517578,44.09000015258789,44.66999816894531,7103000
2007-01-16,26.341976165771484,44.56999969482422,44.650001525878906,44.16999816894531,44.36000061035156,5377700
2007-01-17,26.513376235961914,44.86000061035156,45.060001373291016,44.38999938964844,44.56999969482422,9439700
2007-01-18,26.353792190551758,44.59000015258789,44.9900016784668,44.52000045776367,44.869998931884766,4690400
2007-01-19,26.48381996154785,44.810001373291016,44.900001525878906,44.29999923706055,44.66999816894531,5116900
2007-01-22,26.211938858032227,44.349998474121094,44.79999923706055,44.20000076293945,44.79999923706055,4918000
2007-01-23,26.507461547851562,44.849998474121094,45.0,44.400001525878906,44.54999923706055,6140200
2007-01-24,26.099651336669922,44.15999984741211,44.47999954223633,44.040000915527344,44.45000076293945,11019000
2007-01-25,25.414066314697266,43.0,44.13999938964844,42.86000061035156,43.97999954223633,10630200
2007-01-26,25.37270736694336,42.93000030517578,43.09000015258789,42.540000915527344,43.02000045776367,8542300
2007-01-29,25.550003051757812,43.22999954223633,43.650001525878906,42.75,42.779998779296875,8262100
2007-01-30,25.86916160583496,43.77000045776367,43.849998474121094,43.47999954223633,43.47999954223633,5818200
2007-01-31,26.211938858032227,44.349998474121094,44.439998626708984,43.650001525878906,43.77000045776367,7350900
2007-02-01,26.288782119750977,44.47999954223633,44.52000045776367,44.20000076293945,44.2599983215332,6086700
2007-02-02,26.324243545532227,44.540000915527344,44.7400016784668,44.41999816894531,44.47999954223633,4724100
2007-02-05,26.31832504272461,44.529998779296875,44.709999084472656,44.29999923706055,44.459999084472656,3520900
2007-02-06,26.460176467895508,44.77000045776367,44.86000061035156,44.43000030517578,44.70000076293945,4016600
2007-02-07,26.43062400817871,44.720001220703125,44.880001068115234,44.459999084472656,44.75,3362000
2007-02-08,26.211938858032227,44.349998474121094,44.84000015258789,44.13999938964844,44.72999954223633,6018400
2007-02-09,26.3360652923584,44.560001373291016,44.900001525878906,44.41999816894531,44.470001220703125,4946700
2007-02-12,26.436532974243164,44.72999954223633,44.900001525878906,44.400001525878906,44.5,5649800
2007-02-13,26.53702163696289,44.900001525878906,44.970001220703125,44.709999084472656,44.849998474121094,5110800
2007-02-14,26.60793113708496,45.02000045776367,45.04999923706055,44.709999084472656,44.95000076293945,5361000
2007-02-15,26.584291458129883,44.97999954223633,45.2400016784668,44.84000015258789,44.900001525878906,4127300
2007-02-16,26.785245895385742,45.31999969482422,45.380001068115234,44.86000061035156,45.0,6806600
2007-02-20,27.06892204284668,45.79999923706055,45.900001525878906,45.04999923706055,45.16999816894531,7022100
2007-02-21,27.169410705566406,45.970001220703125,46.119998931884766,45.7400016784668,45.7400016784668,5621200
2007-02-22,27.216690063476562,46.04999923706055,46.09000015258789,45.810001373291016,45.849998474121094,4804000
2007-02-23,27.193052291870117,46.0099983215332,46.209999084472656,45.83000183105469,46.04999923706055,3857700
2007-02-26,27.06892204284668,45.79999923706055,46.150001525878906,45.7599983215332,46.0,5905200
2007-02-27,26.276968002319336,44.459999084472656,45.75,44.0,45.540000915527344,9690200
2007-02-28,25.821880340576172,43.689998626708984,44.560001373291016,43.380001068115234,44.560001373291016,11700600
2007-03-01,26.064186096191406,44.099998474121094,44.439998626708984,42.939998626708984,43.4900016784668,10729800
2007-03-02,25.8100528717041,43.66999816894531,44.470001220703125,43.630001068115234,44.099998474121094,6448300
2007-03-05,25.36086654663086,42.90999984741211,43.72999954223633,42.849998474121094,43.459999084472656,6868500
2007-03-06,25.473167419433594,43.099998474121094,43.25,42.310001373291016,43.16999816894531,7306100
2007-03-07,25.473167419433594,43.099998474121094,43.2599983215332,42.650001525878906,42.91999816894531,5990100
2007-03-08,25.79231071472168,43.63999938964844,44.15999984741211,43.400001525878906,44.0,6853100
2007-03-09,26.0937442779541,44.150001525878906,44.4900016784668,43.779998779296875,43.79999923706055,6217700
2007-03-12,26.401077270507812,44.66999816894531,44.88999938964844,44.09000015258789,44.099998474121094,7331500
2007-03-13,25.697755813598633,43.47999954223633,44.630001068115234,43.43000030517578,44.619998931884766,8612900
2007-03-14,25.798233032226562,43.650001525878906,43.869998931884766,43.060001373291016,43.56999969482422,6574100
2007-03-15,25.69184684753418,43.470001220703125,43.75,43.400001525878906,43.5,5665500
2007-03-16,25.697755813598633,43.47999954223633,43.72999954223633,42.5,42.5,9813600
2007-03-19,25.92825698852539,43.869998931884766,44.2400016784668,43.650001525878906,43.650001525878906,4978200
2007-03-20,26.18830680847168,44.310001373291016,44.349998474121094,43.7400016784668,43.95000076293945,3929600
2007-03-21,26.365615844726562,44.61000061035156,44.70000076293945,43.81999969482422,44.27000045776367,4548900
2007-03-22,26.294689178466797,44.4900016784668,44.66999816894531,44.369998931884766,44.54999923706055,6240800
2007-03-23,26.625669479370117,45.04999923706055,45.13999938964844,44.34000015258789,45.0,6040700
2007-03-26,26.667030334472656,45.119998931884766,45.4900016784668,44.650001525878906,45.4900016784668,5300500
2007-03-27,26.6197509765625,45.040000915527344,45.189998626708984,44.81999969482422,44.869998931884766,4722700
2007-03-28,26.495641708374023,44.83000183105469,45.040000915527344,44.459999084472656,44.849998474121094,5982800
2007-03-29,26.5192813873291,44.869998931884766,45.29999923706055,44.65999984741211,45.290000915527344,5264800
2007-03-30,26.625669479370117,45.04999923706055,45.27000045776367,44.709999084472656,44.95000076293945,4770700
2007-04-02,26.48972511291504,44.81999969482422,45.13999938964844,44.2599983215332,44.279998779296875,4659500
2007-04-03,26.749778747558594,45.2599983215332,45.349998474121094,44.939998626708984,45.0,5775600
2007-04-04,26.732057571411133,45.22999954223633,45.4900016784668,45.040000915527344,45.040000915527344,3213000
2007-04-05,27.057109832763672,45.779998779296875,45.810001373291016,45.130001068115234,45.2400016784668,4870000
2007-04-09,27.476743698120117,46.4900016784668,46.630001068115234,45.810001373291016,45.95000076293945,7927500
2007-04-10,27.370357513427734,46.310001373291016,46.41999816894531,46.060001373291016,46.27000045776367,5558300
2007-04-11,27.44719123840332,46.439998626708984,46.7400016784668,46.2400016784668,46.310001373291016,8634100
2007-04-12,27.559484481811523,46.630001068115234,47.0,46.150001525878906,46.4900016784668,5691700
2007-04-13,28.15642547607422,47.63999938964844,47.91999816894531,46.869998931884766,47.20000076293945,9533300
2007-04-16,28.428285598754883,48.099998474121094,48.099998474121094,47.41999816894531,47.65999984741211,9647200
2007-04-17,28.966115951538086,49.0099983215332,49.130001068115234,48.04999923706055,48.04999923706055,14330000
2007-04-18,28.8892822265625,48.880001068115234,48.959999084472656,48.56999969482422,48.72999954223633,6733000
2007-04-19,28.830196380615234,48.779998779296875,49.0,48.31999969482422,49.0,6564200
2007-04-20,28.581972122192383,48.36000061035156,49.70000076293945,47.66999816894531,49.630001068115234,12582100
2007-04-23,28.747440338134766,48.63999938964844,48.79999923706055,48.22999954223633,48.400001525878906,6815100
2007-04-24,28.646976470947266,48.470001220703125,48.65999984741211,48.130001068115234,48.439998626708984,6624200
2007-04-25,28.741527557373047,48.630001068115234,48.95000076293945,48.31999969482422,48.709999084472656,6984800
2007-04-26,29.096149444580078,49.22999954223633,49.40999984741211,48.72999954223633,48.779998779296875,6849500
2007-04-27,28.93065071105957,48.95000076293945,49.099998474121094,48.70000076293945,48.79999923706055,4018000
2007-04-30,28.53467559814453,48.279998779296875,48.900001525878906,48.2599983215332,48.849998474121094,8216000
2007-05-01,29.0429630279541,49.13999938964844,49.20000076293945,48.209999084472656,48.209999084472656,6510400
2007-05-02,29.563060760498047,50.02000045776367,50.060001373291016,49.25,49.33000183105469,9376900
2007-05-03,29.4980525970459,49.90999984741211,50.02000045776367,49.58000183105469,50.0,7951100
2007-05-04,29.503955841064453,49.91999816894531,50.0099983215332,49.54999923706055,49.970001220703125,4896500
2007-05-07,29.25572395324707,49.5,50.0,49.41999816894531,49.91999816894531,8175600
2007-05-08,29.149335861206055,49.31999969482422,49.849998474121094,49.29999923706055,49.45000076293945,4710500
2007-05-09,29.456666946411133,49.84000015258789,49.95000076293945,49.25,49.38999938964844,6302700
2007-05-10,29.551240921020508,50.0,50.119998931884766,49.630001068115234,49.709999084472656,12465900
2007-05-11,29.935392379760742,50.650001525878906,50.7599983215332,49.58000183105469,49.79999923706055,10294800
2007-05-14,29.923585891723633,50.630001068115234,50.849998474121094,50.47999954223633,50.599998474121094,7406000
2007-05-15,30.301847457885742,51.27000045776367,51.880001068115234,50.630001068115234,50.7599983215332,9826300
2007-05-16,30.71555519104004,51.970001220703125,52.09000015258789,50.7400016784668,51.290000915527344,11052900
2007-05-17,30.8869571685791,52.2599983215332,52.27000045776367,51.5099983215332,51.599998474121094,13334500
2007-05-18,30.928329467773438,52.33000183105469,52.41999816894531,51.81999969482422,52.41999816894531,13455300
2007-05-21,30.89286994934082,52.27000045776367,52.33000183105469,51.9900016784668,52.33000183105469,11852000
2007-05-22,31.02880096435547,52.5,52.58000183105469,51.95000076293945,52.130001068115234,9919600
2007-05-23,30.47913932800293,51.56999969482422,52.5,51.349998474121094,52.349998474121094,7066400
2007-05-24,30.118621826171875,50.959999084472656,52.06999969482422,50.7400016784668,51.790000915527344,8137100
2007-05-25,30.08316421508789,50.900001525878906,51.290000915527344,50.72999954223633,50.939998626708984,4974500
2007-05-29,29.91176986694336,50.61000061035156,50.91999816894531,50.13999938964844,50.91999816894531,6444300
2007-05-30,29.687175750732422,50.22999954223633,50.52000045776367,49.790000915527344,50.43000030517578,8187000
2007-05-31,29.876300811767578,50.54999923706055,50.83000183105469,50.29999923706055,50.650001525878906,7874100
2007-06-01,30.11271858215332,50.95000076293945,51.22999954223633,50.54999923706055,50.560001373291016,3883200
2007-06-04,30.201353073120117,51.099998474121094,51.209999084472656,50.45000076293945,50.95000076293945,4921300
2007-06-05,30.053607940673828,50.849998474121094,51.20000076293945,50.43000030517578,51.099998474121094,6008300
2007-06-06,29.92949867248535,50.63999938964844,50.880001068115234,50.470001220703125,50.849998474121094,7469600
2007-06-07,29.67535972595215,50.209999084472656,51.47999954223633,50.209999084472656,50.68000030517578,8293000
2007-06-08,30.38458824157715,51.40999984741211,51.47999954223633,50.560001373291016,50.9900016784668,11979600
2007-06-11,30.29003143310547,51.25,51.619998931884766,50.97999954223633,51.470001220703125,6096600
2007-06-12,30.425962448120117,51.47999954223633,52.099998474121094,51.349998474121094,51.41999816894531,8642100
2007-06-13,30.845584869384766,52.189998626708984,52.220001220703125,51.25,51.400001525878906,7453100
2007-06-14,30.88104820251465,52.25,52.529998779296875,51.77000045776367,52.099998474121094,5096100
2007-06-15,30.833759307861328,52.16999816894531,52.599998474121094,52.130001068115234,52.4900016784668,6414900
2007-06-18,30.969707489013672,52.400001525878906,52.5099983215332,51.689998626708984,52.06999969482422,5850500
2007-06-19,31.016984939575195,52.47999954223633,52.880001068115234,52.189998626708984,52.25,6007300
2007-06-20,30.337297439575195,51.33000183105469,52.470001220703125,51.29999923706055,52.40999984741211,7595500
2007-06-21,30.183639526367188,51.06999969482422,51.369998931884766,50.63999938964844,51.31999969482422,4973700
2007-06-22,29.79947280883789,50.41999816894531,51.09000015258789,50.02000045776367,50.959999084472656,10489500
2007-06-25,30.31956672668457,51.29999923706055,51.849998474121094,50.189998626708984,50.599998474121094,10828900
2007-06-26,30.58552360534668,51.75,51.939998626708984,51.20000076293945,51.5,8576900
2007-06-27,30.343215942382812,51.34000015258789,51.65999984741211,51.189998626708984,51.54999923706055,8439800
2007-06-28,30.053607940673828,50.849998474121094,51.470001220703125,50.790000915527344,51.36000061035156,5495800
2007-06-29,30.00041389465332,50.7599983215332,51.369998931884766,50.470001220703125,51.220001220703125,6572000
2007-07-02,30.36684799194336,51.380001068115234,51.400001525878906,50.810001373291016,51.189998626708984,11794500
2007-07-03,30.37867546081543,51.400001525878906,52.060001373291016,51.34000015258789,51.439998626708984,4829700
2007-07-05,30.266368865966797,51.209999084472656,51.869998931884766,51.099998474121094,51.400001525878906,6198900
2007-07-06,30.39639663696289,51.43000030517578,51.619998931884766,51.0,51.349998474121094,5881800
2007-07-09,30.22500991821289,51.13999938964844,51.45000076293945,50.810001373291016,51.439998626708984,5002700
2007-07-10,29.75218391418457,50.34000015258789,51.11000061035156,50.25,50.880001068115234,6506400
2007-07-11,29.97677230834961,50.720001220703125,50.880001068115234,50.22999954223633,50.22999954223633,4307600
2007-07-12,30.526418685913086,51.650001525878906,51.65999984741211,50.5,51.0,6588100
2007-07-13,30.680084228515625,51.90999984741211,52.5,51.400001525878906,51.72999954223633,6972200
2007-07-16,30.792396545410156,52.099998474121094,52.56999969482422,51.81999969482422,52.56999969482422,6155500
2007-07-17,30.827844619750977,52.15999984741211,52.400001525878906,52.0,52.02000045776367,5487100
2007-07-18,30.85149574279785,52.20000076293945,52.84000015258789,51.91999816894531,52.22999954223633,5086900
2007-07-19,31.12928581237793,52.66999816894531,52.72999954223633,52.15999984741211,52.689998626708984,3352500
2007-07-20,30.786487579345703,52.09000015258789,53.220001220703125,51.95000076293945,52.72999954223633,7519200
2007-07-23,31.02880096435547,52.5,52.869998931884766,51.88999938964844,52.650001525878906,5430000
2007-07-24,30.467315673828125,51.54999923706055,52.779998779296875,51.4900016784668,51.70000076293945,7149500
2007-07-25,30.118621826171875,50.959999084472656,52.0,50.790000915527344,51.61000061035156,8704500
2007-07-26,29.25572395324707,49.5,51.040000915527344,48.86000061035156,50.650001525878906,17238600
2007-07-27,28.818359375,48.7599983215332,49.529998779296875,48.470001220703125,49.20000076293945,11279000
2007-07-30,28.599674224853516,48.38999938964844,48.91999816894531,48.04999923706055,48.810001373291016,8493700
2007-07-31,28.2923583984375,47.869998931884766,48.900001525878906,47.86000061035156,48.45000076293945,8498400
2007-08-01,28.52876853942871,48.27000045776367,48.369998931884766,47.5,47.68000030517578,12486900
2007-08-02,28.954288482666016,48.9900016784668,49.279998779296875,48.06999969482422,48.08000183105469,12158900
2007-08-03,28.676513671875,48.52000045776367,49.40999984741211,48.459999084472656,49.040000915527344,7738200
2007-08-06,29.23207664489746,49.459999084472656,49.529998779296875,48.2599983215332,48.27000045776367,9994700
2007-08-07,29.39166259765625,49.72999954223633,50.29999923706055,49.0,49.0,7281700
2007-08-08,29.722640991210938,50.290000915527344,51.0,48.31999969482422,49.7599983215332,10242300
2007-08-09,29.509859085083008,49.93000030517578,51.880001068115234,49.0099983215332,49.5,13259000
2007-08-10,29.202526092529297,49.40999984741211,49.93000030517578,48.59000015258789,49.650001525878906,8513100
2007-08-13,28.788818359375,48.709999084472656,49.9900016784668,48.599998474121094,49.689998626708984,6793800
2007-08-14,28.369190216064453,48.0,48.709999084472656,47.380001068115234,48.61000061035156,10058200
2007-08-15,28.109134674072266,47.560001373291016,48.75,47.5,48.20000076293945,8208200
2007-08-16,28.410560607910156,48.06999969482422,48.349998474121094,46.63999938964844,46.849998474121094,10930100
2007-08-17,28.115062713623047,47.56999969482422,49.20000076293945,47.33000183105469,49.15999984741211,12152000
2007-08-20,28.54058265686035,48.290000915527344,48.720001220703125,47.65999984741211,47.72999954223633,5143600
2007-08-21,28.646976470947266,48.470001220703125,48.84000015258789,48.060001373291016,48.52000045776367,5581100
2007-08-22,29.172990798950195,49.36000061035156,49.45000076293945,48.560001373291016,48.619998931884766,6384800
2007-08-23,29.462581634521484,49.849998474121094,50.029998779296875,49.5,49.66999816894531,6666200
2007-08-24,29.622150421142578,50.119998931884766,50.459999084472656,49.630001068115234,49.88999938964844,5848300
2007-08-27,29.237993240356445,49.470001220703125,50.560001373291016,49.38999938964844,50.0,4535200
2007-08-28,28.747440338134766,48.63999938964844,49.59000015258789,48.5,49.59000015258789,5773500
2007-08-29,29.072498321533203,49.189998626708984,49.310001373291016,48.16999816894531,48.70000076293945,6750400
2007-08-30,28.859739303588867,48.83000183105469,49.209999084472656,48.630001068115234,48.77000045776367,4129700
2007-08-31,29.107969284057617,49.25,49.540000915527344,49.119998931884766,49.279998779296875,4083600
2007-09-04,29.350284576416016,49.65999984741211,49.790000915527344,49.06999969482422,49.130001068115234,5795100
2007-09-05,29.10206413269043,49.2400016784668,50.0,48.97999954223633,49.369998931884766,4145500
2007-09-06,29.409387588500977,49.7599983215332,49.869998931884766,48.810001373291016,49.20000076293945,5867600
2007-09-07,29.10206413269043,49.2400016784668,49.58000183105469,49.0,49.5,5818900
2007-09-10,29.639890670776367,50.150001525878906,50.619998931884766,49.4900016784668,49.4900016784668,8932700
2007-09-11,30.59144401550293,51.7599983215332,52.540000915527344,50.93000030517578,51.0099983215332,17275900
2007-09-12,30.260465621948242,51.20000076293945,51.95000076293945,51.15999984741211,51.880001068115234,7697100
2007-09-13,32.09264373779297,54.29999923706055,54.68000030517578,52.65999984741211,52.689998626708984,20106400
2007-09-14,32.77232360839844,55.45000076293945,55.5099983215332,53.11000061035156,53.900001525878906,15606300
2007-09-17,32.2935905456543,54.63999938964844,55.439998626708984,54.13999938964844,55.29999923706055,11722300
2007-09-18,32.51817321777344,55.02000045776367,55.189998626708984,54.61000061035156,54.970001220703125,11114400
2007-09-19,32.748687744140625,55.40999984741211,55.72999954223633,54.75,54.849998474121094,11841900
2007-09-20,32.429534912109375,54.869998931884766,55.630001068115234,54.790000915527344,55.400001525878906,8232600
2007-09-21,32.38814926147461,54.79999923706055,55.47999954223633,54.70000076293945,55.47999954223633,10275600
2007-09-24,32.482730865478516,54.959999084472656,55.400001525878906,54.709999084472656,54.880001068115234,4712800
2007-09-25,32.003990173339844,54.150001525878906,54.900001525878906,53.88999938964844,54.79999923706055,13574500
2007-09-26,32.38814926147461,54.79999923706055,54.91999816894531,54.20000076293945,54.349998474121094,7709300
2007-09-27,32.24630355834961,54.560001373291016,54.95000076293945,54.060001373291016,54.83000183105469,6750300
2007-09-28,32.19312286376953,54.470001220703125,54.900001525878906,54.11000061035156,54.459999084472656,7248000
2007-10-01,33.103302001953125,56.0099983215332,56.220001220703125,54.66999816894531,54.75,8244300
2007-10-02,33.067840576171875,55.95000076293945,56.439998626708984,55.68000030517578,56.36000061035156,7950600
2007-10-03,33.16239547729492,56.11000061035156,56.2400016784668,55.540000915527344,55.95000076293945,5764200
2007-10-04,33.12102508544922,56.040000915527344,56.38999938964844,55.849998474121094,56.220001220703125,4871400
2007-10-05,33.31606674194336,56.369998931884766,56.560001373291016,55.93000030517578,56.06999969482422,6022800
2007-10-08,33.61157989501953,56.869998931884766,56.95000076293945,56.02000045776367,56.11000061035156,4218900
2007-10-09,33.91300582885742,57.380001068115234,57.459999084472656,56.70000076293945,57.02000045776367,6463400
2007-10-10,33.70612716674805,57.029998779296875,57.529998779296875,56.279998779296875,57.16999816894531,6543900
2007-10-11,33.24515151977539,56.25,57.41999816894531,55.95000076293945,57.310001373291016,7967400
2007-10-12,33.700225830078125,57.02000045776367,57.36000061035156,56.18000030517578,56.849998474121094,12560300
2007-10-15,33.209686279296875,56.189998626708984,57.349998474121094,55.93000030517578,57.290000915527344,9406200
2007-10-16,33.57612609863281,56.810001373291016,57.04999923706055,56.040000915527344,56.25,9601700
2007-10-17,33.66476058959961,56.959999084472656,57.290000915527344,56.45000076293945,57.220001220703125,5481800
2007-10-18,33.56431198120117,56.790000915527344,57.099998474121094,56.66999816894531,56.88999938964844,3710400
2007-10-19,33.345611572265625,56.41999816894531,57.06999969482422,56.31999969482422,56.349998474121094,8936500
2007-10-22,33.109195709228516,56.02000045776367,56.2599983215332,55.61000061035156,56.029998779296875,11976700
2007-10-23,33.67066955566406,56.970001220703125,56.970001220703125,55.689998626708984,56.20000076293945,8997200
2007-10-24,33.77706527709961,57.150001525878906,57.25,56.22999954223633,56.880001068115234,8250200
2007-10-25,34.320804595947266,58.06999969482422,58.279998779296875,56.939998626708984,57.150001525878906,7870900
2007-10-26,34.55720901489258,58.470001220703125,58.560001373291016,57.599998474121094,58.130001068115234,5832200
2007-10-29,34.976863861083984,59.18000030517578,59.529998779296875,58.41999816894531,58.41999816894531,6293800
2007-10-30,34.976863861083984,59.18000030517578,59.5099983215332,58.619998931884766,58.83000183105469,4553700
2007-10-31,35.31372833251953,59.75,59.849998474121094,58.83000183105469,59.22999954223633,7662000
2007-11-01,34.87044143676758,59.0,59.709999084472656,58.84000015258789,59.349998474121094,6922800
2007-11-02,34.88227081298828,59.02000045776367,59.45000076293945,58.5,59.20000076293945,7664700
2007-11-05,35.26643753051758,59.66999816894531,59.88999938964844,58.7599983215332,59.0,7026200
2007-11-06,35.307830810546875,59.7400016784668,59.91999816894531,59.38999938964844,59.709999084472656,7524500
2007-11-07,34.504032135009766,58.380001068115234,59.86000061035156,58.25,59.56999969482422,9703100
2007-11-08,35.08914566040039,59.369998931884766,59.59000015258789,58.810001373291016,59.209999084472656,17443800
2007-11-09,34.4626579284668,58.310001373291016,59.27000045776367,58.099998474121094,59.0,10049800
2007-11-12,34.59858322143555,58.540000915527344,59.25,58.5099983215332,59.25,16654300
2007-11-13,34.634986877441406,57.099998474121094,58.5,56.77000045776367,58.5,16885600
2007-11-14,34.39235305786133,56.70000076293945,57.70000076293945,56.58000183105469,57.560001373291016,8255100
2007-11-15,34.68351364135742,57.18000030517578,57.29999923706055,56.2400016784668,56.59000015258789,8701800
2007-11-16,35.25975036621094,58.130001068115234,58.34000015258789,57.4900016784668,57.4900016784668,12450900
2007-11-19,35.54483413696289,58.599998474121094,58.95000076293945,57.880001068115234,57.880001068115234,10722600
2007-11-20,35.47205352783203,58.47999954223633,58.810001373291016,57.900001525878906,58.599998474121094,9414700
2007-11-21,34.77449417114258,57.33000183105469,58.400001525878906,57.31999969482422,58.11000061035156,9121100
2007-11-23,35.01106262207031,57.720001220703125,58.0,57.29999923706055,57.81999969482422,4688500
2007-11-26,34.46513748168945,56.81999969482422,57.84000015258789,56.75,57.84000015258789,10468900
2007-11-27,34.85334396362305,57.459999084472656,57.779998779296875,56.88999938964844,57.0,7532200
2007-11-28,35.16269302368164,57.970001220703125,58.20000076293945,57.41999816894531,57.599998474121094,10942200
2007-11-29,35.3931999206543,58.349998474121094,58.400001525878906,57.56999969482422,57.66999816894531,6500000
2007-11-30,35.465965270996094,58.470001220703125,59.599998474121094,58.20000076293945,59.0,11931700
2007-12-03,36.29091262817383,59.83000183105469,60.349998474121094,58.099998474121094,58.45000076293945,10450500
2007-12-04,36.4122314453125,60.029998779296875,60.470001220703125,59.45000076293945,59.59000015258789,9330500
2007-12-05,36.096805572509766,59.5099983215332,59.86000061035156,59.060001373291016,59.439998626708984,9485400
2007-12-06,36.563865661621094,60.279998779296875,60.38999938964844,59.08000183105469,59.810001373291016,6427700
2007-12-07,36.49108123779297,60.15999984741211,60.77000045776367,59.939998626708984,60.45000076293945,6121900
2007-12-10,37.54650115966797,61.900001525878906,62.13999938964844,60.70000076293945,61.0,8786700
2007-12-11,38.292572021484375,63.130001068115234,63.4900016784668,61.75,61.849998474121094,12972200
2007-12-12,37.400936126708984,61.65999984741211,63.689998626708984,61.099998474121094,63.599998474121094,10201300
2007-12-13,37.30994415283203,61.5099983215332,62.25,61.099998474121094,61.47999954223633,7731800
2007-12-14,37.0976448059082,61.15999984741211,62.0,61.11000061035156,61.209999084472656,6799200
2007-12-17,36.24845504760742,59.7599983215332,61.0,59.709999084472656,61.0,7289000
2007-12-18,36.29091262817383,59.83000183105469,60.4900016784668,59.529998779296875,60.29999923706055,7369900
2007-12-19,35.696475982666016,58.849998474121094,60.099998474121094,58.75,59.959999084472656,6180600
2007-12-20,35.66007614135742,58.790000915527344,59.15999984741211,58.22999954223633,59.15999984741211,6540100
2007-12-21,36.4122314453125,60.029998779296875,60.25,59.0,59.20000076293945,9803500
2007-12-24,36.58207321166992,60.310001373291016,60.4900016784668,60.0,60.15999984741211,2926200
2007-12-26,36.321231842041016,59.880001068115234,60.5,59.810001373291016,60.0099983215332,3314100
2007-12-27,35.9027099609375,59.189998626708984,59.91999816894531,59.15999984741211,59.63999938964844,4189400
2007-12-28,36.09074783325195,59.5,59.790000915527344,59.16999816894531,59.7599983215332,5471700
2007-12-31,35.732872009277344,58.90999984741211,59.939998626708984,58.83000183105469,59.720001220703125,4346000
2008-01-02,35.241546630859375,58.099998474121094,59.47999954223633,57.88999938964844,59.47999954223633,7858300
2008-01-03,35.13844680786133,57.93000030517578,58.79999923706055,57.7400016784668,58.400001525878906,6514700
2008-01-04,34.60465621948242,57.04999923706055,57.470001220703125,56.43000030517578,57.33000183105469,9687500
2008-01-07,35.19908142089844,58.029998779296875,58.25,56.869998931884766,57.36000061035156,10784500
2008-01-08,34.62286376953125,57.08000183105469,58.63999938964844,56.959999084472656,58.439998626708984,10080800
2008-01-09,34.859405517578125,57.470001220703125,57.529998779296875,56.099998474121094,57.060001373291016,11600400
2008-01-10,35.284000396728516,58.16999816894531,58.4900016784668,56.959999084472656,57.689998626708984,10767000
2008-01-11,32.94873046875,54.31999969482422,56.900001525878906,53.31999969482422,56.900001525878906,33215200
2008-01-14,33.336944580078125,54.959999084472656,55.310001373291016,53.720001220703125,54.88999938964844,12932700
2008-01-15,32.60905075073242,53.7599983215332,55.189998626708984,53.439998626708984,54.38999938964844,10107000
2008-01-16,31.790185928344727,52.40999984741211,53.83000183105469,52.220001220703125,53.40999984741211,13246000
2008-01-17,31.52935218811035,51.97999954223633,53.040000915527344,51.91999816894531,52.66999816894531,12878400
2008-01-18,31.784130096435547,52.400001525878906,53.290000915527344,52.2599983215332,52.45000076293945,11754400
2008-01-22,31.814455032348633,52.45000076293945,52.619998931884766,49.369998931884766,49.369998931884766,16883500
2008-01-23,32.15412139892578,53.0099983215332,53.04999923706055,50.88999938964844,51.63999938964844,19158300
2008-01-24,32.7546272277832,54.0,54.189998626708984,52.9900016784668,53.79999923706055,10305400
2008-01-25,32.81528091430664,54.099998474121094,54.75,53.9900016784668,54.459999084472656,12779800
2008-01-28,30.97739028930664,51.06999969482422,51.43000030517578,49.36000061035156,51.099998474121094,49724500
2008-01-29,30.783281326293945,50.75,51.43000030517578,50.06999969482422,51.43000030517578,20685000
2008-01-30,30.940996170043945,51.0099983215332,51.779998779296875,50.79999923706055,50.84000015258789,13593900
2008-01-31,32.49987030029297,53.58000183105469,53.58000183105469,50.11000061035156,50.25,18338600
2008-02-01,32.888065338134766,54.220001220703125,54.369998931884766,52.849998474121094,53.66999816894531,11656900
2008-02-04,32.681846618652344,53.880001068115234,54.290000915527344,53.29999923706055,54.22999954223633,6079100
2008-02-05,32.657562255859375,53.84000015258789,54.5,52.880001068115234,53.369998931884766,13425000
2008-02-06,32.59084701538086,53.72999954223633,54.189998626708984,53.529998779296875,54.189998626708984,11636200
2008-02-07,33.033634185791016,54.459999084472656,54.86000061035156,53.29999923706055,53.369998931884766,11229000
2008-02-08,33.749385833740234,55.63999938964844,56.40999984741211,54.810001373291016,54.900001525878906,12940600
2008-02-11,33.95562744140625,55.97999954223633,56.34000015258789,55.189998626708984,55.72999954223633,5904900
2008-02-12,34.19219207763672,56.369998931884766,56.81999969482422,55.91999816894531,56.349998474121094,9506600
2008-02-13,34.35595703125,56.63999938964844,57.06999969482422,55.849998474121094,57.06999969482422,7739000
2008-02-14,33.713008880615234,55.58000183105469,56.77000045776367,55.5,56.77000045776367,5610900
2008-02-15,33.54315185546875,55.29999923706055,55.470001220703125,54.84000015258789,55.349998474121094,6972300
2008-02-19,33.7675895690918,55.66999816894531,55.9900016784668,55.5,55.81999969482422,7853300
2008-02-20,34.08908462524414,56.20000076293945,56.400001525878906,55.0099983215332,55.27000045776367,8007600
2008-02-21,33.50070571899414,55.22999954223633,56.349998474121094,55.119998931884766,56.279998779296875,5764400
2008-02-22,33.77971267700195,55.689998626708984,55.689998626708984,54.38999938964844,55.349998474121094,5963300
2008-02-25,33.998085021972656,56.04999923706055,56.15999984741211,55.119998931884766,55.61000061035156,5236600
2008-02-26,34.24070739746094,56.45000076293945,56.81999969482422,55.68000030517578,55.68000030517578,9346700
2008-02-27,33.56135940551758,55.33000183105469,57.0,55.099998474121094,56.220001220703125,13814900
2008-02-28,33.356773376464844,54.619998931884766,55.099998474121094,54.29999923706055,55.0,6969500
2008-02-29,33.04530334472656,54.11000061035156,54.7599983215332,53.939998626708984,54.29999923706055,7461200
2008-03-03,32.46514892578125,53.15999984741211,54.7400016784668,52.66999816894531,53.97999954223633,7495800
2008-03-04,32.75217819213867,53.630001068115234,53.630001068115234,52.619998931884766,52.900001525878906,7887800
2008-03-05,32.941490173339844,53.939998626708984,54.16999816894531,53.27000045776367,53.83000183105469,7087700
2008-03-06,32.391868591308594,53.040000915527344,54.20000076293945,53.0,53.63999938964844,6526200
2008-03-07,31.921621322631836,52.27000045776367,52.779998779296875,52.0,52.54999923706055,8053000
2008-03-10,32.85599899291992,53.79999923706055,54.72999954223633,52.93000030517578,54.650001525878906,17599500
2008-03-11,33.13081359863281,54.25,54.79999923706055,53.45000076293945,54.79999923706055,9330900
2008-03-12,32.79493713378906,53.70000076293945,54.630001068115234,53.599998474121094,54.470001220703125,7407900
2008-03-13,33.52166748046875,54.88999938964844,55.119998931884766,53.400001525878906,53.400001525878906,11973500
2008-03-14,33.45448303222656,54.779998779296875,55.18000030517578,53.75,55.18000030517578,10275000
2008-03-17,33.14913558959961,54.279998779296875,54.79999923706055,53.0099983215332,53.369998931884766,10530900
2008-03-18,33.49724197387695,54.849998474121094,55.47999954223633,54.0099983215332,54.849998474121094,10415700
2008-03-19,32.7704963684082,53.65999984741211,55.4900016784668,53.59000015258789,55.0099983215332,8740500
2008-03-20,33.23462677001953,54.41999816894531,54.7599983215332,53.70000076293945,53.95000076293945,13075600
2008-03-24,34.059085845947266,55.77000045776367,56.0,54.400001525878906,54.58000183105469,7874100
2008-03-25,34.32170486450195,56.20000076293945,56.5099983215332,55.36000061035156,55.66999816894531,7557800
2008-03-26,33.955265045166016,55.599998474121094,56.29999923706055,55.20000076293945,55.83000183105469,5240900
2008-03-27,33.8636589050293,55.45000076293945,56.220001220703125,55.41999816894531,55.83000183105469,8198700
2008-03-28,33.88197326660156,55.47999954223633,55.939998626708984,55.22999954223633,55.689998626708984,4778800
2008-03-31,34.059085845947266,55.77000045776367,56.0,55.560001373291016,55.560001373291016,6452300
2008-04-01,34.755279541015625,56.90999984741211,57.04999923706055,56.0,56.040000915527344,13339900
2008-04-02,34.60261154174805,56.65999984741211,57.2400016784668,56.369998931884766,57.04999923706055,8375000
2008-04-03,34.34611511230469,56.2400016784668,56.849998474121094,55.77000045776367,56.439998626708984,6786400
2008-04-04,34.0285530090332,55.720001220703125,56.33000183105469,55.400001525878906,56.220001220703125,7419700
2008-04-07,33.98579025268555,55.650001525878906,56.2400016784668,55.45000076293945,56.02000045776367,6744800
2008-04-08,34.12016677856445,55.869998931884766,56.029998779296875,55.400001525878906,55.41999816894531,4893900
2008-04-09,34.040771484375,55.7400016784668,56.099998474121094,55.38999938964844,55.790000915527344,7686800
2008-04-10,34.107933044433594,55.849998474121094,56.209999084472656,55.59000015258789,55.59000015258789,6762800
2008-04-11,33.8331184387207,55.400001525878906,55.849998474121094,55.13999938964844,55.40999984741211,5331500
2008-04-14,33.918617248535156,55.540000915527344,55.810001373291016,55.22999954223633,55.4900016784668,3883200
2008-04-15,34.17512512207031,55.959999084472656,56.13999938964844,55.66999816894531,55.790000915527344,6655700
2008-04-16,34.92018127441406,57.18000030517578,57.20000076293945,55.70000076293945,56.310001373291016,7441300
2008-04-17,35.01179885864258,57.33000183105469,57.41999816894531,56.86000061035156,57.11000061035156,5394100
2008-04-18,35.60417556762695,58.29999923706055,58.470001220703125,57.54999923706055,57.560001373291016,6762700
2008-04-21,35.83013153076172,58.66999816894531,58.68000030517578,58.04999923706055,58.59000015258789,6179000
2008-04-22,35.63470458984375,58.349998474121094,58.77000045776367,57.41999816894531,57.939998626708984,10915900
2008-04-23,35.84234619140625,58.689998626708984,59.439998626708984,58.099998474121094,58.40999984741211,8813400
2008-04-24,36.38587188720703,59.58000183105469,59.880001068115234,58.290000915527344,58.650001525878906,7197200
2008-04-25,36.440826416015625,59.66999816894531,59.97999954223633,59.2599983215332,59.75,7969600
2008-04-28,36.39198303222656,59.59000015258789,59.9900016784668,59.20000076293945,59.75,7705100
2008-04-29,36.76450729370117,60.20000076293945,60.5,59.150001525878906,59.150001525878906,7821800
2008-04-30,36.38587188720703,59.58000183105469,60.599998474121094,59.540000915527344,60.0,8486600
2008-05-01,37.2042236328125,60.91999816894531,60.93000030517578,59.349998474121094,59.540000915527344,6954300
2008-05-02,37.22254180908203,60.95000076293945,61.2400016784668,60.79999923706055,60.900001525878906,7353400
2008-05-05,37.17369079589844,60.869998931884766,60.9900016784668,60.29999923706055,60.959999084472656,5311900
2008-05-06,36.94161605834961,60.4900016784668,60.70000076293945,60.09000015258789,60.61000061035156,5146500
2008-05-07,36.26373291015625,59.380001068115234,60.689998626708984,59.25,60.400001525878906,6222700
2008-05-08,36.501914978027344,59.77000045776367,59.79999923706055,58.790000915527344,59.72999954223633,7987700
2008-05-09,36.178253173828125,59.2400016784668,59.58000183105469,59.060001373291016,59.060001373291016,5219400
2008-05-12,37.17369079589844,60.869998931884766,61.040000915527344,59.29999923706055,59.29999923706055,6268300
2008-05-13,37.35688781738281,61.16999816894531,61.7599983215332,60.7599983215332,60.900001525878906,6601200
2008-05-14,36.91108322143555,60.439998626708984,61.5,60.27000045776367,61.349998474121094,8562500
2008-05-15,37.16758346557617,60.86000061035156,60.880001068115234,59.65999984741211,60.400001525878906,6108400
2008-05-16,36.96603775024414,60.529998779296875,60.95000076293945,60.27000045776367,60.869998931884766,5691000
2008-05-19,36.91720199584961,60.45000076293945,60.869998931884766,60.400001525878906,60.7599983215332,4924600
2008-05-20,36.44694519042969,59.68000030517578,60.45000076293945,59.13999938964844,60.279998779296875,8618600
2008-05-21,35.89731979370117,58.779998779296875,59.959999084472656,58.40999984741211,59.77000045776367,7842600
2008-05-22,35.74462890625,58.529998779296875,59.2599983215332,58.41999816894531,58.75,5111000
2008-05-23,35.25605773925781,57.72999954223633,58.369998931884766,57.310001373291016,58.369998931884766,5778800
2008-05-27,35.488128662109375,58.11000061035156,58.459999084472656,57.54999923706055,57.869998931884766,5896100
2008-05-28,35.84234619140625,58.689998626708984,59.04999923706055,58.349998474121094,58.369998931884766,5481600
2008-05-29,36.3248176574707,59.47999954223633,59.84000015258789,58.619998931884766,58.70000076293945,4506500
2008-05-30,36.22710418701172,59.31999969482422,59.63999938964844,58.79999923706055,59.540000915527344,5132200
2008-06-02,35.75685119628906,58.54999923706055,59.189998626708984,58.06999969482422,59.119998931884766,4930300
2008-06-03,35.152252197265625,57.560001373291016,58.90999984741211,57.209999084472656,58.70000076293945,9189000
2008-06-04,35.40875244140625,57.97999954223633,58.619998931884766,57.43000030517578,57.43000030517578,7601500
2008-06-05,35.68227767944336,58.04999923706055,58.5,57.77000045776367,57.959999084472656,7715900
2008-06-06,35.006134033203125,56.95000076293945,57.81999969482422,56.84000015258789,57.70000076293945,7365800
2008-06-09,36.4567756652832,59.310001373291016,59.560001373291016,58.0,58.369998931884766,11668400
2008-06-10,36.739532470703125,59.77000045776367,60.40999984741211,59.0099983215332,59.0099983215332,9083100
2008-06-11,36.112548828125,58.75,59.77000045776367,58.63999938964844,59.77000045776367,6613400
2008-06-12,36.4752082824707,59.34000015258789,59.849998474121094,58.91999816894531,58.97999954223633,6261300
2008-06-13,36.85017776489258,59.95000076293945,60.33000183105469,59.400001525878906,59.61000061035156,5033700
2008-06-16,36.844017028808594,59.939998626708984,60.29999923706055,59.38999938964844,59.439998626708984,4520700
2008-06-17,36.395301818847656,59.209999084472656,60.33000183105469,59.06999969482422,60.27000045776367,5305400
2008-06-18,35.7806282043457,58.209999084472656,59.400001525878906,58.04999923706055,58.95000076293945,6248700
2008-06-19,36.01420974731445,58.59000015258789,58.970001220703125,57.869998931884766,58.06999969482422,6060400
2008-06-20,35.2827262878418,57.400001525878906,58.5,57.349998474121094,58.2599983215332,10426900
2008-06-23,35.043006896972656,57.0099983215332,58.04999923706055,56.939998626708984,57.75,7033900
2008-06-24,35.049156188964844,57.02000045776367,57.810001373291016,56.08000183105469,57.54999923706055,9697500
2008-06-25,35.68227767944336,58.04999923706055,58.38999938964844,56.779998779296875,57.34000015258789,8294300
2008-06-26,34.69879150390625,56.45000076293945,58.099998474121094,56.40999984741211,57.47999954223633,10465900
2008-06-27,34.729522705078125,56.5,57.189998626708984,55.16999816894531,56.630001068115234,14277700
2008-06-30,34.55740737915039,56.220001220703125,57.43000030517578,55.52000045776367,56.70000076293945,12268500
2008-07-01,35.21511459350586,57.290000915527344,57.349998474121094,55.70000076293945,55.869998931884766,12089100
2008-07-02,35.30116653442383,57.43000030517578,58.43000030517578,57.18000030517578,57.400001525878906,9864800
2008-07-03,35.15365982055664,57.189998626708984,57.880001068115234,56.2599983215332,57.599998474121094,5833800
2008-07-07,35.25815200805664,57.36000061035156,58.0099983215332,56.63999938964844,57.41999816894531,8011800
2008-07-08,35.971187591552734,58.52000045776367,58.65999984741211,57.33000183105469,57.70000076293945,9710800
2008-07-09,36.41990661621094,59.25,59.5,58.279998779296875,58.70000076293945,10559700
2008-07-10,35.922000885009766,58.439998626708984,59.29999923706055,58.13999938964844,59.13999938964844,8735000
2008-07-11,35.23356628417969,57.31999969482422,58.36000061035156,57.189998626708984,57.880001068115234,9801500
2008-07-14,35.70685577392578,58.09000015258789,58.5,57.5099983215332,57.90999984741211,7040200
2008-07-15,35.995765686035156,58.560001373291016,59.459999084472656,57.33000183105469,57.52000045776367,9576300
2008-07-16,36.979251861572266,60.15999984741211,60.34000015258789,58.20000076293945,58.52000045776367,10214600
2008-07-17,37.10833740234375,60.369998931884766,60.97999954223633,59.0099983215332,59.79999923706055,9482400
2008-07-18,37.151371002197266,60.439998626708984,61.0,59.90999984741211,60.40999984741211,7258000
2008-07-21,36.727230072021484,59.75,60.900001525878906,59.189998626708984,60.36000061035156,8614800
2008-07-22,36.954681396484375,60.119998931884766,60.599998474121094,59.5,59.5,9622000
2008-07-23,36.67190933227539,59.65999984741211,61.209999084472656,58.52000045776367,61.20000076293945,15047600
2008-07-24,35.87896728515625,58.369998931884766,59.25,58.0,58.70000076293945,8440300
2008-07-25,36.051082611083984,58.650001525878906,59.9900016784668,58.349998474121094,58.59000015258789,7949000
2008-07-28,35.52246856689453,57.790000915527344,59.08000183105469,57.70000076293945,58.70000076293945,7273300
2008-07-29,36.69649887084961,59.70000076293945,60.0,57.970001220703125,58.29999923706055,10151700
2008-07-30,37.157527923583984,60.45000076293945,60.779998779296875,59.900001525878906,60.04999923706055,7740100
2008-07-31,36.7518196105957,59.790000915527344,60.97999954223633,59.689998626708984,60.20000076293945,6960100
2008-08-01,36.739532470703125,59.77000045776367,60.5099983215332,59.439998626708984,59.83000183105469,7167600
2008-08-04,37.21898651123047,60.54999923706055,60.959999084472656,59.77000045776367,59.84000015258789,6068600
2008-08-05,38.31312561035156,62.33000183105469,62.40999984741211,60.68000030517578,60.790000915527344,13334700
2008-08-06,38.19633102416992,62.13999938964844,62.41999816894531,61.41999816894531,61.900001525878906,9689800
2008-08-07,38.02421188354492,61.86000061035156,63.060001373291016,61.310001373291016,61.900001525878906,12579200
2008-08-08,40.36615753173828,65.66999816894531,66.23999786376953,61.54999923706055,62.38999938964844,27536700
2008-08-11,40.538272857666016,65.94999694824219,67.0,64.7699966430664,65.04000091552734,14801100
2008-08-12,39.3027458190918,63.939998626708984,65.43000030517578,63.619998931884766,65.20999908447266,13159200
2008-08-13,38.5897216796875,62.779998779296875,64.08999633789062,61.939998626708984,64.01000213623047,12390700
2008-08-14,39.0937614440918,63.599998474121094,64.29000091552734,62.0,62.650001525878906,9297900
2008-08-15,39.11220932006836,63.630001068115234,64.3499984741211,63.22999954223633,64.12999725341797,5169800
2008-08-18,38.9032096862793,63.290000915527344,64.2300033569336,63.040000915527344,63.88999938964844,6953500
2008-08-19,38.39302062988281,62.459999084472656,63.02000045776367,62.25,63.0,5645300
2008-08-20,38.37458419799805,62.43000030517578,62.66999816894531,61.959999084472656,62.63999938964844,4626500
2008-08-21,38.30082702636719,62.310001373291016,62.849998474121094,61.900001525878906,61.93000030517578,5135300
2008-08-22,38.98311996459961,63.41999816894531,63.900001525878906,62.689998626708984,62.689998626708984,5611000
2008-08-25,38.15945816040039,62.08000183105469,63.209999084472656,61.900001525878906,63.209999084472656,5997600
2008-08-26,38.19017791748047,62.130001068115234,62.27000045776367,61.209999084472656,62.06999969482422,5547000
2008-08-27,38.15945816040039,62.08000183105469,62.59000015258789,61.369998931884766,62.59000015258789,4890800
2008-08-28,38.89226150512695,62.88999938964844,62.95000076293945,61.709999084472656,62.34000015258789,5762500
2008-08-29,38.34188461303711,62.0,62.939998626708984,61.810001373291016,62.7599983215332,5955700
2008-09-02,38.90463638305664,62.90999984741211,64.29000091552734,62.38999938964844,62.38999938964844,9658900
2008-09-03,38.168724060058594,61.720001220703125,63.150001525878906,61.20000076293945,63.130001068115234,10104800
2008-09-04,37.117408752441406,60.02000045776367,61.540000915527344,59.959999084472656,61.5099983215332,7760100
2008-09-05,37.29056930541992,60.29999923706055,60.470001220703125,59.560001373291016,59.790000915527344,8913000
2008-09-08,38.60161590576172,62.41999816894531,62.5,60.93000030517578,61.2599983215332,10431000
2008-09-09,39.07780456542969,63.189998626708984,64.6500015258789,62.9900016784668,63.0,14469800
2008-09-10,39.083984375,63.20000076293945,63.77000045776367,62.59000015258789,63.380001068115234,8683800
2008-09-11,39.925010681152344,64.55999755859375,64.63999938964844,62.2599983215332,62.560001373291016,13363300
2008-09-12,39.61581802368164,64.05999755859375,64.87000274658203,63.56999969482422,64.12000274658203,9374700
2008-09-15,39.405555725097656,63.720001220703125,64.87000274658203,63.08000183105469,63.72999954223633,11333200
2008-09-16,39.758052825927734,64.29000091552734,65.08000183105469,63.11000061035156,63.4900016784668,15780900
2008-09-17,38.66345977783203,62.52000045776367,64.81999969482422,62.38999938964844,63.869998931884766,13401200
2008-09-18,39.55398941040039,63.959999084472656,64.2300033569336,62.09000015258789,63.380001068115234,13208400
2008-09-19,39.566349029541016,63.97999954223633,65.47000122070312,63.599998474121094,64.66000366210938,13907400
2008-09-22,38.69438552856445,62.56999969482422,64.76000213623047,62.220001220703125,63.58000183105469,12146400
2008-09-23,38.20584487915039,61.779998779296875,64.5,61.310001373291016,62.630001068115234,11455600
2008-09-24,37.9893798828125,61.43000030517578,62.650001525878906,60.70000076293945,62.0,8890200
2008-09-25,38.508846282958984,62.27000045776367,62.70000076293945,61.790000915527344,61.790000915527344,8920800
2008-09-26,39.083984375,63.20000076293945,63.34000015258789,62.04999923706055,62.04999923706055,8277400
2008-09-29,37.2039909362793,60.15999984741211,63.47999954223633,59.86000061035156,63.09000015258789,12665100
2008-09-30,38.15635299682617,61.70000076293945,61.72999954223633,59.880001068115234,61.290000915527344,12966800
2008-10-01,39.36845397949219,63.65999984741211,64.0199966430664,60.86000061035156,61.18000030517578,12381800
2008-10-02,38.267662048339844,61.880001068115234,63.900001525878906,61.16999816894531,63.63999938964844,10905400
2008-10-03,37.24728775024414,60.22999954223633,62.959999084472656,60.02000045776367,62.900001525878906,11059100
2008-10-06,35.342567443847656,57.150001525878906,59.84000015258789,55.45000076293945,58.9900016784668,16078600
2008-10-07,33.99441146850586,54.970001220703125,58.939998626708984,52.72999954223633,58.939998626708984,15343700
2008-10-08,33.02968215942383,53.40999984741211,55.83000183105469,53.25,53.2599983215332,20739700
2008-10-09,32.20718002319336,52.08000183105469,55.709999084472656,52.08000183105469,55.0,17219700
2008-10-10,32.99257278442383,53.349998474121094,57.779998779296875,45.790000915527344,50.040000915527344,33087500
2008-10-13,35.40439987182617,57.25,57.619998931884766,54.75,55.31999969482422,14492500
2008-10-14,34.64374923706055,56.02000045776367,59.84000015258789,54.63999938964844,59.31999969482422,17389100
2008-10-15,31.879430770874023,51.54999923706055,56.08000183105469,51.31999969482422,54.97999954223633,13075100
2008-10-16,33.67901611328125,54.459999084472656,55.27000045776367,50.79999923706055,52.02000045776367,17272200
2008-10-17,33.27085494995117,53.79999923706055,56.130001068115234,52.599998474121094,53.5,11572900
2008-10-20,35.150840759277344,56.84000015258789,56.86000061035156,54.279998779296875,54.869998931884766,8881100
2008-10-21,34.09336471557617,55.130001068115234,57.91999816894531,54.7599983215332,56.400001525878906,10833400
2008-10-22,33.50585174560547,54.18000030517578,56.18000030517578,53.599998474121094,55.15999984741211,17950300
2008-10-23,34.37165069580078,55.58000183105469,56.310001373291016,52.56999969482422,55.38999938964844,13355600
2008-10-24,32.813228607177734,53.060001373291016,54.54999923706055,51.70000076293945,52.40999984741211,13436300
2008-10-27,32.00926971435547,51.7599983215332,54.310001373291016,51.63999938964844,53.470001220703125,12073500
2008-10-28,35.01477813720703,56.619998931884766,56.72999954223633,52.22999954223633,52.7599983215332,13517600
2008-10-29,35.361114501953125,57.18000030517578,59.939998626708984,56.0099983215332,56.619998931884766,17848100
2008-10-30,35.787818908691406,57.869998931884766,59.5,56.849998474121094,58.959999084472656,11118200
2008-10-31,35.82491683959961,57.93000030517578,58.290000915527344,56.439998626708984,57.880001068115234,11162900
2008-11-03,35.26834487915039,57.029998779296875,58.93000030517578,56.59000015258789,58.40999984741211,7761600
2008-11-04,35.73215866088867,57.779998779296875,58.2400016784668,56.38999938964844,57.77000045776367,10601300
2008-11-05,34.631378173828125,56.0,58.060001373291016,55.75,57.52000045776367,8465100
2008-11-06,33.49966812133789,54.16999816894531,56.849998474121094,53.439998626708984,55.5,11095900
2008-11-07,34.30363464355469,55.470001220703125,55.849998474121094,53.93000030517578,53.93000030517578,8600900
2008-11-10,34.928218841552734,56.47999954223633,58.099998474121094,55.900001525878906,57.150001525878906,8925000
2008-11-11,34.81071090698242,56.290000915527344,57.0099983215332,55.619998931884766,56.38999938964844,9076000
2008-11-12,33.40690231323242,54.02000045776367,56.25,53.75,55.40999984741211,10940200
2008-11-13,34.785980224609375,56.25,56.29999923706055,52.0,54.150001525878906,15680700
2008-11-14,34.71176528930664,56.130001068115234,58.29999923706055,54.630001068115234,55.33000183105469,12851700
2008-11-17,34.39019012451172,55.61000061035156,57.11000061035156,55.5,55.900001525878906,11272300
2008-11-18,34.94676208496094,56.5099983215332,57.22999954223633,54.79999923706055,55.02000045776367,12905200
2008-11-19,34.285072326660156,55.439998626708984,57.939998626708984,55.2599983215332,56.25,16144600
2008-11-20,32.720462799072266,52.90999984741211,56.29999923706055,52.58000183105469,54.72999954223633,15883200
2008-11-21,34.105712890625,55.150001525878906,55.209999084472656,51.150001525878906,53.68000030517578,20692500
2008-11-24,34.328346252441406,55.5099983215332,56.5,55.0,55.540000915527344,13472900
2008-11-25,35.13230514526367,56.810001373291016,57.11000061035156,54.83000183105469,56.5,14759300
2008-11-26,36.124305725097656,57.900001525878906,58.04999923706055,55.29999923706055,55.65999984741211,9377800
2008-11-28,36.654624938964844,58.75,58.97999954223633,57.060001373291016,57.630001068115234,3916400
2008-12-01,35.04494094848633,56.16999816894531,58.7400016784668,55.9900016784668,58.06999969482422,11077100
2008-12-02,35.59398651123047,57.04999923706055,57.75,55.439998626708984,56.869998931884766,10215700
2008-12-03,37.15374755859375,59.54999923706055,59.83000183105469,56.5,56.7599983215332,13454300
2008-12-04,37.9586067199707,60.84000015258789,62.08000183105469,58.77000045776367,59.2400016784668,16996200
2008-12-05,39.13154602050781,62.720001220703125,62.86000061035156,58.54999923706055,60.099998474121094,17843400
2008-12-08,38.00851058959961,60.91999816894531,63.9900016784668,60.400001525878906,63.349998474121094,16959100
2008-12-09,37.23486328125,59.68000030517578,60.970001220703125,59.029998779296875,60.619998931884766,13459500
2008-12-10,38.47019577026367,61.65999984741211,61.93000030517578,59.7599983215332,60.220001220703125,11410900
2008-12-11,37.97731018066406,60.869998931884766,62.45000076293945,60.619998931884766,61.099998474121094,11650300
2008-12-12,37.80261993408203,60.59000015258789,61.18000030517578,59.52000045776367,59.619998931884766,9827700
2008-12-15,37.865013122558594,60.689998626708984,61.22999954223633,60.0,60.689998626708984,7964700
2008-12-16,39.25634002685547,62.91999816894531,63.0,60.90999984741211,61.13999938964844,13487700
2008-12-17,39.07539367675781,62.630001068115234,63.59000015258789,62.18000030517578,62.61000061035156,10869400
2008-12-18,38.23935317993164,61.290000915527344,63.02000045776367,60.900001525878906,63.02000045776367,11393600
2008-12-19,37.6341667175293,60.31999969482422,62.16999816894531,60.15999984741211,61.779998779296875,15966600
2008-12-22,38.30799865722656,61.400001525878906,61.400001525878906,60.06999969482422,60.31999969482422,9064900
2008-12-23,37.84006118774414,60.650001525878906,62.18000030517578,60.5099983215332,61.58000183105469,7178800
2008-12-24,38.23311996459961,61.279998779296875,61.65999984741211,60.75,61.22999954223633,2574800
2008-12-26,38.09585952758789,61.060001373291016,61.56999969482422,60.83000183105469,61.5,2410100
2008-12-29,37.671607971191406,60.380001068115234,61.369998931884766,59.790000915527344,60.9900016784668,5785900
2008-12-30,38.520111083984375,61.7400016784668,61.75,60.400001525878906,60.869998931884766,5801000
2008-12-31,38.80088424682617,62.189998626708984,62.38999938964844,61.31999969482422,61.63999938964844,6230500
2009-01-02,39.77417755126953,63.75,64.12999725341797,62.20000076293945,62.380001068115234,8652700
2009-01-05,39.65563201904297,63.560001373291016,63.84000015258789,62.88999938964844,63.2599983215332,7692900
2009-01-06,38.76967239379883,62.13999938964844,64.45999908447266,61.83000183105469,63.9900016784668,10855700
2009-01-07,38.208160400390625,61.2400016784668,62.56999969482422,60.84000015258789,61.93000030517578,7910400
2009-01-08,37.75895690917969,60.52000045776367,60.83000183105469,59.70000076293945,60.83000183105469,9382300
2009-01-09,37.47819137573242,60.06999969482422,60.95000076293945,59.849998474121094,60.709999084472656,7150700
2009-01-12,37.53434371948242,60.15999984741211,61.22999954223633,59.75,60.099998474121094,8682900
2009-01-13,37.01026916503906,59.31999969482422,60.79999923706055,58.81999969482422,60.310001373291016,9082600
2009-01-14,35.76868438720703,57.33000183105469,58.619998931884766,56.40999984741211,58.5099983215332,15340200
2009-01-15,36.174217224121094,57.97999954223633,58.59000015258789,56.54999923706055,57.20000076293945,12166300
2009-01-16,37.2286262512207,59.66999816894531,59.97999954223633,58.540000915527344,58.7400016784668,12445800
2009-01-20,35.60647201538086,57.06999969482422,59.79999923706055,56.90999984741211,59.59000015258789,11930300
2009-01-21,36.623435974121094,58.70000076293945,58.939998626708984,57.15999984741211,57.97999954223633,10261400
2009-01-22,36.635921478271484,58.720001220703125,59.470001220703125,57.689998626708984,58.06999969482422,10969400
2009-01-23,36.19919204711914,58.02000045776367,58.720001220703125,56.75,57.2400016784668,10266100
2009-01-26,36.43627166748047,58.400001525878906,58.66999816894531,56.45000076293945,57.22999954223633,14106700
2009-01-27,36.511131286621094,58.52000045776367,59.220001220703125,58.29999923706055,58.79999923706055,9992800
2009-01-28,36.93540573120117,59.20000076293945,59.70000076293945,58.310001373291016,59.70000076293945,11110700
2009-01-29,36.2740364074707,58.13999938964844,59.060001373291016,58.02000045776367,58.779998779296875,9559400
2009-01-30,36.19919204711914,58.02000045776367,58.72999954223633,57.369998931884766,58.5,9660800
2009-02-02,36.124305725097656,57.900001525878906,58.439998626708984,57.45000076293945,57.619998931884766,7652100
2009-02-03,36.73573303222656,58.880001068115234,59.150001525878906,57.189998626708984,58.290000915527344,8104300
2009-02-04,36.09934997558594,57.86000061035156,59.77000045776367,57.5,59.16999816894531,9266600
2009-02-05,36.41130828857422,58.36000061035156,58.58000183105469,57.06999969482422,57.5,11066500
2009-02-06,36.47367858886719,58.459999084472656,59.33000183105469,58.119998931884766,58.119998931884766,10788700
2009-02-09,36.823089599609375,59.02000045776367,59.43000030517578,58.04999923706055,59.029998779296875,12359600
2009-02-10,35.73747634887695,57.279998779296875,59.02000045776367,56.880001068115234,59.0,13322500
2009-02-11,35.612709045410156,57.08000183105469,57.849998474121094,56.630001068115234,57.4900016784668,9579700
2009-02-12,35.537837982177734,56.959999084472656,57.04999923706055,55.630001068115234,56.790000915527344,12798000
2009-02-13,35.44425582885742,56.810001373291016,57.59000015258789,56.689998626708984,57.060001373291016,6976700
2009-02-17,34.73923110961914,55.68000030517578,56.40999984741211,55.2599983215332,55.900001525878906,9744100
2009-02-18,35.1946907043457,56.40999984741211,56.560001373291016,55.54999923706055,56.0,9489500
2009-02-19,34.508392333984375,55.310001373291016,57.11000061035156,55.310001373291016,55.91999816894531,9524500
2009-02-20,34.04669189453125,54.56999969482422,55.22999954223633,54.04999923706055,54.880001068115234,13541100
2009-02-23,33.60995864868164,53.869998931884766,55.38999938964844,53.689998626708984,54.75,10856700
2009-02-24,34.16522979736328,54.7599983215332,54.939998626708984,53.91999816894531,54.220001220703125,10903500
2009-02-25,33.87199783325195,54.290000915527344,55.150001525878906,53.91999816894531,54.400001525878906,11531100
2009-02-26,32.870765686035156,52.20000076293945,54.689998626708984,52.060001373291016,54.52000045776367,10170800
2009-02-27,32.902259826660156,52.25,52.91999816894531,51.5,51.56999969482422,13381500
2009-03-02,32.65035629272461,51.849998474121094,52.630001068115234,51.279998779296875,51.79999923706055,13245200
2009-03-03,33.01560592651367,52.43000030517578,53.56999969482422,52.13999938964844,52.13999938964844,14878300
2009-03-04,33.46898651123047,53.150001525878906,53.70000076293945,52.290000915527344,53.099998474121094,11618400
2009-03-05,32.026947021484375,50.86000061035156,52.5,50.439998626708984,52.36000061035156,15550300
2009-03-06,32.820369720458984,52.119998931884766,52.189998626708984,50.900001525878906,51.2400016784668,18185800
2009-03-09,32.946346282958984,52.31999969482422,53.459999084472656,51.310001373291016,51.689998626708984,17924500
2009-03-10,33.122642517089844,52.599998474121094,53.5,52.06999969482422,52.83000183105469,17334300
2009-03-11,32.13400650024414,51.029998779296875,52.939998626708984,50.689998626708984,52.5099983215332,16622700
2009-03-12,32.85186767578125,52.16999816894531,52.43000030517578,50.5099983215332,51.38999938964844,15302200
2009-03-13,32.98410415649414,52.380001068115234,52.970001220703125,51.869998931884766,52.66999816894531,11354900
2009-03-16,32.54960632324219,51.689998626708984,52.93000030517578,51.54999923706055,52.650001525878906,9883400
2009-03-17,33.77754211425781,53.63999938964844,53.70000076293945,51.36000061035156,51.70000076293945,13657500
2009-03-18,34.89842224121094,55.41999816894531,55.54999923706055,53.41999816894531,53.439998626708984,12896800
2009-03-19,34.45133972167969,54.709999084472656,55.84000015258789,54.29999923706055,55.58000183105469,10356000
2009-03-20,33.50046920776367,53.20000076293945,55.22999954223633,52.939998626708984,54.47999954223633,13789400
2009-03-23,34.734703063964844,55.15999984741211,55.16999816894531,53.099998474121094,53.970001220703125,10846700
2009-03-24,33.72716522216797,53.560001373291016,55.0,53.380001068115234,55.0,9836100
2009-03-25,34.64024353027344,55.0099983215332,55.040000915527344,53.25,54.060001373291016,10880900
2009-03-26,35.30143356323242,56.060001373291016,56.09000015258789,54.779998779296875,55.4900016784668,11095700
2009-03-27,34.64024353027344,55.0099983215332,55.900001525878906,54.84000015258789,55.459999084472656,6636500
2009-03-30,33.95386505126953,53.91999816894531,54.16999816894531,53.029998779296875,54.0,8702800
2009-03-31,34.36317443847656,54.56999969482422,55.349998474121094,54.27000045776367,54.29999923706055,9044500
2009-04-01,34.78507995605469,55.2400016784668,55.33000183105469,53.869998931884766,54.29999923706055,8279200
2009-04-02,35.48405075073242,56.349998474121094,57.060001373291016,55.630001068115234,55.939998626708984,8797600
2009-04-03,35.66666793823242,56.63999938964844,56.63999938964844,55.560001373291016,56.20000076293945,7175700
2009-04-06,35.225860595703125,55.939998626708984,56.61000061035156,55.599998474121094,56.470001220703125,6494800
2009-04-07,34.88583755493164,55.400001525878906,55.77000045776367,54.599998474121094,55.63999938964844,7128900
2009-04-08,34.98657989501953,55.560001373291016,55.83000183105469,55.04999923706055,55.459999084472656,5825800
2009-04-09,35.68556213378906,56.66999816894531,57.27000045776367,56.15999984741211,56.290000915527344,7291800
2009-04-13,35.33292770385742,56.11000061035156,56.65999984741211,55.900001525878906,56.34000015258789,5506400
2009-04-14,34.520606994628906,54.81999969482422,55.900001525878906,54.52000045776367,55.79999923706055,8601200
2009-04-15,33.97275924682617,53.95000076293945,54.18000030517578,53.029998779296875,54.04999923706055,12180300
2009-04-16,34.44504165649414,54.70000076293945,54.849998474121094,53.79999923706055,54.150001525878906,8563500
2009-04-17,35.3203239440918,56.09000015258789,56.40999984741211,54.79999923706055,55.09000015258789,11687400
2009-04-20,34.841766357421875,55.33000183105469,55.790000915527344,55.13999938964844,55.5099983215332,7181800
2009-04-21,35.030677795410156,55.630001068115234,56.150001525878906,54.95000076293945,55.54999923706055,8925900
2009-04-22,34.161651611328125,54.25,56.5099983215332,54.20000076293945,55.779998779296875,12701000
2009-04-23,34.82285690307617,55.29999923706055,55.5,54.0099983215332,54.75,9877400
2009-04-24,34.19944381713867,54.310001373291016,55.45000076293945,54.04999923706055,55.16999816894531,9941100
2009-04-27,34.31279373168945,54.4900016784668,54.88999938964844,53.77000045776367,53.900001525878906,8146900
2009-04-28,34.337974548339844,54.529998779296875,55.33000183105469,54.0,54.04999923706055,7438000
2009-04-29,34.26240539550781,54.40999984741211,55.18000030517578,54.20000076293945,55.09000015258789,8888000
2009-04-30,33.55713653564453,53.290000915527344,55.2400016784668,53.099998474121094,54.709999084472656,11167400
2009-05-01,32.99671173095703,52.400001525878906,53.209999084472656,51.7599983215332,53.209999084472656,11163900
2009-05-04,33.22969436645508,52.77000045776367,53.970001220703125,52.5,52.88999938964844,12988600
2009-05-05,33.475276947021484,53.15999984741211,53.650001525878906,52.970001220703125,53.0,12381900
2009-05-06,33.809017181396484,53.689998626708984,54.599998474121094,53.38999938964844,53.54999923706055,12329300
2009-05-07,33.62010955810547,53.38999938964844,54.369998931884766,52.939998626708984,54.02000045776367,11227100
2009-05-08,34.58357238769531,54.91999816894531,55.45000076293945,54.5099983215332,55.099998474121094,13643700
2009-05-11,34.25612258911133,54.400001525878906,54.83000183105469,54.040000915527344,54.83000183105469,9664600
2009-05-12,33.98533248901367,53.970001220703125,54.810001373291016,53.25,54.7400016784668,8466800
2009-05-13,33.683074951171875,53.4900016784668,53.91999816894531,53.13999938964844,53.52000045776367,8666900
2009-05-14,33.733463287353516,53.56999969482422,54.119998931884766,53.2400016784668,53.36000061035156,8224700
2009-05-15,33.66419219970703,53.459999084472656,54.540000915527344,53.040000915527344,53.470001220703125,8267800
2009-05-18,34.13018035888672,54.20000076293945,54.27000045776367,53.040000915527344,53.5099983215332,8250700
2009-05-19,33.9223747253418,53.869998931884766,54.459999084472656,53.720001220703125,54.34000015258789,6328800
2009-05-20,35.421085357666016,56.25,57.0,55.02000045776367,55.18000030517578,15246900
2009-05-21,35.06844711303711,55.689998626708984,56.25,55.220001220703125,55.68000030517578,10264600
2009-05-22,35.94374465942383,57.08000183105469,57.689998626708984,55.689998626708984,55.91999816894531,10726600
2009-05-26,37.05202865600586,58.84000015258789,58.91999816894531,56.779998779296875,56.970001220703125,12256200
2009-05-27,36.40971755981445,57.81999969482422,58.95000076293945,57.77000045776367,58.68000030517578,10434900
2009-05-28,36.604942321777344,58.130001068115234,58.599998474121094,57.400001525878906,57.88999938964844,8402400
2009-05-29,37.146484375,58.9900016784668,59.029998779296875,57.689998626708984,58.279998779296875,8060100
2009-06-01,37.68803024291992,59.849998474121094,59.9900016784668,58.91999816894531,59.18000030517578,7746100
2009-06-02,38.02177810668945,60.380001068115234,60.77000045776367,59.47999954223633,59.56999969482422,9332000
2009-06-03,38.405906677246094,60.9900016784668,61.0099983215332,59.75,59.849998474121094,10424500
2009-06-04,38.247161865234375,60.2400016784668,60.650001525878906,59.79999923706055,60.650001525878906,10236900
2009-06-05,38.01225662231445,59.869998931884766,60.4900016784668,59.349998474121094,60.400001525878906,10285700
2009-06-08,37.28209686279297,58.720001220703125,59.18000030517578,57.75,58.58000183105469,14756100
2009-06-09,37.510677337646484,59.08000183105469,59.54999923706055,58.75,59.02000045776367,7947200
2009-06-10,37.053531646728516,58.36000061035156,59.619998931884766,57.869998931884766,59.599998474121094,9999800
2009-06-11,36.61544418334961,57.66999816894531,58.709999084472656,57.630001068115234,58.31999969482422,9316200
2009-06-12,37.053531646728516,58.36000061035156,58.47999954223633,57.5,57.720001220703125,7063000
2009-06-15,36.68528747558594,57.779998779296875,58.150001525878906,57.2400016784668,58.099998474121094,7538200
2009-06-16,36.234500885009766,57.06999969482422,57.90999984741211,56.81999969482422,57.90999984741211,8714200
2009-06-17,36.42495346069336,57.369998931884766,58.119998931884766,57.209999084472656,57.209999084472656,7216600
2009-06-18,36.92654800415039,58.15999984741211,58.81999969482422,57.209999084472656,57.54999923706055,6944300
2009-06-19,36.932899475097656,58.16999816894531,58.83000183105469,58.0,58.40999984741211,9602400
2009-06-22,36.31703186035156,57.20000076293945,58.02000045776367,57.130001068115234,57.79999923706055,7651100
2009-06-23,36.03767395019531,56.7599983215332,57.61000061035156,56.63999938964844,57.540000915527344,7329300
2009-06-24,35.7456169128418,56.29999923706055,57.099998474121094,56.040000915527344,57.06999969482422,7297500
2009-06-25,36.482112884521484,57.459999084472656,57.70000076293945,56.150001525878906,56.209999084472656,7841400
2009-06-26,36.19004821777344,57.0,57.400001525878906,56.75,57.38999938964844,8195100
2009-06-29,36.336082458496094,57.22999954223633,57.349998474121094,56.599998474121094,57.189998626708984,6641600
2009-06-30,36.50116729736328,57.4900016784668,58.13999938964844,57.209999084472656,57.29999923706055,7334500
2009-07-01,36.96464157104492,58.220001220703125,58.54999923706055,57.650001525878906,57.650001525878906,5733500
2009-07-02,36.47576141357422,57.45000076293945,57.83000183105469,57.25,57.689998626708984,6970800
2009-07-06,36.81861877441406,57.9900016784668,58.2400016784668,56.79999923706055,57.08000183105469,7533100
2009-07-07,36.063053131103516,56.79999923706055,58.0,56.75,58.0,8192600
2009-07-08,36.2154426574707,57.040000915527344,57.189998626708984,56.439998626708984,57.099998474121094,10771500
2009-07-09,36.04404067993164,56.77000045776367,57.290000915527344,56.279998779296875,57.25,7793600
2009-07-10,36.2218017578125,57.04999923706055,57.720001220703125,56.560001373291016,56.560001373291016,6739400
2009-07-13,36.361473083496094,57.27000045776367,57.529998779296875,56.560001373291016,57.06999969482422,7057400
2009-07-14,36.482112884521484,57.459999084472656,57.52000045776367,56.86000061035156,57.2400016784668,6670400
2009-07-15,36.2408447265625,57.08000183105469,57.4900016784668,56.709999084472656,57.47999954223633,11899500
2009-07-16,36.3297233581543,57.220001220703125,57.33000183105469,56.91999816894531,57.189998626708984,10080300
2009-07-17,36.723388671875,57.84000015258789,58.04999923706055,57.2599983215332,57.34000015258789,9767400
2009-07-20,37.00273513793945,58.279998779296875,58.5,57.97999954223633,58.220001220703125,8093200
2009-07-21,37.22495651245117,58.630001068115234,58.66999816894531,57.90999984741211,58.52000045776367,7748400
2009-07-22,37.3455924987793,58.81999969482422,59.59000015258789,58.47999954223633,58.529998779296875,9146200
2009-07-23,35.61227798461914,56.09000015258789,57.189998626708984,55.619998931884766,56.9900016784668,34243500
2009-07-24,35.605918884277344,56.08000183105469,56.470001220703125,55.75,56.38999938964844,12337100
2009-07-27,35.536102294921875,55.970001220703125,56.310001373291016,55.70000076293945,56.220001220703125,7792100
2009-07-28,35.853553771972656,56.470001220703125,56.70000076293945,55.79999923706055,55.900001525878906,8744700
2009-07-29,35.81544876098633,56.40999984741211,56.959999084472656,56.20000076293945,56.25,8002500
2009-07-30,35.29482650756836,55.59000015258789,56.689998626708984,55.54999923706055,56.61000061035156,13845700
2009-07-31,34.95832824707031,55.060001373291016,55.790000915527344,54.91999816894531,55.5,13519700
2009-08-03,35.00276565551758,55.130001068115234,55.38999938964844,54.68000030517578,55.11000061035156,10607000
2009-08-04,34.926578521728516,55.0099983215332,55.4900016784668,54.90999984741211,55.31999969482422,11782200
2009-08-05,34.97736740112305,55.09000015258789,55.2400016784668,54.79999923706055,55.130001068115234,9426200
2009-08-06,34.81863021850586,54.84000015258789,55.25,54.66999816894531,55.20000076293945,10248700
2009-08-07,35.047203063964844,55.20000076293945,55.400001525878906,54.790000915527344,55.08000183105469,8137200
2009-08-10,35.7265625,56.27000045776367,56.4900016784668,55.75,55.79999923706055,11008600
2009-08-11,35.567840576171875,56.02000045776367,56.369998931884766,55.849998474121094,56.060001373291016,8713800
2009-08-12,35.7202262878418,56.2599983215332,56.630001068115234,55.7599983215332,55.90999984741211,7223000
2009-08-13,35.415462493896484,55.779998779296875,56.650001525878906,55.560001373291016,56.45000076293945,9925900
2009-08-14,35.091651916503906,55.27000045776367,55.79999923706055,54.83000183105469,55.689998626708984,7705200
2009-08-17,34.602779388427734,54.5,55.2400016784668,54.5,54.77000045776367,10440700
2009-08-18,35.08530807495117,55.2599983215332,55.27000045776367,54.43000030517578,54.56999969482422,10305500
2009-08-19,35.332916259765625,55.650001525878906,55.9900016784668,55.11000061035156,55.209999084472656,7963800
2009-08-20,35.644012451171875,56.13999938964844,56.25,55.650001525878906,55.7599983215332,5522000
2009-08-21,35.7265625,56.27000045776367,56.619998931884766,56.04999923706055,56.5,7671200
2009-08-24,35.49799728393555,55.90999984741211,56.380001068115234,55.70000076293945,56.380001068115234,6638900
2009-08-25,35.84084701538086,56.45000076293945,56.75,56.150001525878906,56.18000030517578,7442300
2009-08-26,36.19004821777344,57.0,57.220001220703125,56.29999923706055,56.470001220703125,8253300
2009-08-27,36.2916374206543,57.15999984741211,57.18000030517578,56.59000015258789,57.060001373291016,8462900
2009-08-28,35.913726806640625,56.06999969482422,57.04999923706055,55.7599983215332,57.02000045776367,8683600
2009-08-31,36.02260971069336,56.2400016784668,56.2400016784668,55.650001525878906,55.75,7888500
2009-09-01,35.6383056640625,55.63999938964844,56.400001525878906,55.459999084472656,56.04999923706055,7785000
2009-09-02,35.465389251708984,55.369998931884766,55.70000076293945,54.689998626708984,55.63999938964844,6959000
2009-09-03,35.59347915649414,55.56999969482422,55.599998474121094,55.060001373291016,55.54999923706055,5680000
2009-09-04,35.95856857299805,56.13999938964844,56.2400016784668,55.400001525878906,55.599998474121094,4877700
2009-09-08,36.009796142578125,56.220001220703125,56.619998931884766,56.0,56.400001525878906,7479600
2009-09-09,35.28601837158203,55.09000015258789,55.52000045776367,54.689998626708984,55.119998931884766,17822200
2009-09-10,35.13230514526367,54.849998474121094,55.38999938964844,54.75,55.25,12450400
2009-09-11,34.83767318725586,54.38999938964844,55.119998931884766,54.22999954223633,55.11000061035156,12205600
2009-09-14,34.73518753051758,54.22999954223633,54.34000015258789,53.880001068115234,54.099998474121094,10273400
2009-09-15,35.2155647277832,54.97999954223633,55.290000915527344,54.16999816894531,54.59000015258789,14272000
2009-09-16,36.16994094848633,56.470001220703125,56.63999938964844,55.0,55.290000915527344,17384000
2009-09-17,36.163536071777344,56.459999084472656,56.72999954223633,56.04999923706055,56.40999984741211,9719900
2009-09-18,36.509403228759766,57.0,57.0,56.29999923706055,56.599998474121094,14364400
2009-09-21,35.95856857299805,56.13999938964844,56.75,55.83000183105469,56.540000915527344,9820100
2009-09-22,35.74720001220703,55.810001373291016,56.5,55.58000183105469,56.5,8013300
2009-09-23,35.57426834106445,55.540000915527344,56.27000045776367,55.5,55.880001068115234,8589400
2009-09-24,35.94574737548828,56.119998931884766,56.38999938964844,55.540000915527344,55.68000030517578,9271400
2009-09-25,36.477378845214844,56.95000076293945,57.459999084472656,56.41999816894531,56.47999954223633,11279900
2009-09-28,36.618309020996094,57.16999816894531,57.66999816894531,57.08000183105469,57.2400016784668,7784200
2009-09-29,36.618309020996094,57.16999816894531,57.65999984741211,57.04999923706055,57.18000030517578,7542100
2009-09-30,36.55426025390625,57.06999969482422,57.33000183105469,56.220001220703125,56.959999084472656,9826300
2009-10-01,36.34288024902344,56.7400016784668,57.13999938964844,56.459999084472656,56.9900016784668,10006000
2009-10-02,36.32365417480469,56.709999084472656,57.18000030517578,56.09000015258789,56.27000045776367,8862000
2009-10-05,36.259613037109375,56.61000061035156,57.0,56.290000915527344,56.900001525878906,8040800
2009-10-06,36.7912483215332,57.439998626708984,57.63999938964844,56.720001220703125,56.720001220703125,7164800
2009-10-07,36.59910202026367,57.13999938964844,57.560001373291016,56.720001220703125,57.22999954223633,7284400
2009-10-08,36.426143646240234,56.869998931884766,57.619998931884766,56.810001373291016,57.470001220703125,8713600
2009-10-09,36.31725311279297,56.70000076293945,56.77000045776367,56.029998779296875,56.540000915527344,10227800
2009-10-12,36.30445098876953,56.68000030517578,57.540000915527344,56.56999969482422,56.93000030517578,8550100
2009-10-13,36.54142761230469,57.04999923706055,57.29999923706055,56.68000030517578,56.709999084472656,6164500
2009-10-14,36.82968521118164,57.5,57.93000030517578,57.38999938964844,57.400001525878906,7580200
2009-10-15,37.27803039550781,58.20000076293945,58.25,57.27000045776367,57.27000045776367,8141000
2009-10-16,37.649532318115234,58.779998779296875,59.22999954223633,58.060001373291016,58.08000183105469,9980400
2009-10-19,37.969791412353516,59.279998779296875,59.45000076293945,58.81999969482422,58.970001220703125,7560600
2009-10-20,37.73920440673828,58.91999816894531,59.650001525878906,58.619998931884766,59.599998474121094,7608600
2009-10-21,37.36130142211914,58.33000183105469,59.11000061035156,58.0,58.79999923706055,9619500
2009-10-22,38.1107063293457,59.5,60.599998474121094,59.09000015258789,59.869998931884766,24641000
2009-10-23,38.065879821777344,59.43000030517578,59.61000061035156,59.02000045776367,59.5,7629500
2009-10-26,37.91854476928711,59.20000076293945,59.959999084472656,59.119998931884766,59.5099983215332,9020300
2009-10-27,37.80325698852539,59.02000045776367,59.279998779296875,58.439998626708984,59.220001220703125,8336600
2009-10-28,37.55984878540039,58.63999938964844,59.31999969482422,58.599998474121094,58.650001525878906,8752500
2009-10-29,37.8801155090332,59.13999938964844,59.220001220703125,58.599998474121094,58.97999954223633,6950800
2009-10-30,37.5406494140625,58.61000061035156,59.5,58.560001373291016,59.09000015258789,9878800
2009-11-02,37.892921447753906,59.15999984741211,59.540000915527344,58.599998474121094,58.84000015258789,7583300
2009-11-03,37.94416809082031,59.2400016784668,59.540000915527344,58.81999969482422,58.81999969482422,6562000
2009-11-04,38.61671447753906,60.290000915527344,60.849998474121094,59.20000076293945,59.5,12294800
2009-11-05,39.378929138183594,61.47999954223633,61.5,60.290000915527344,60.459999084472656,11000400
2009-11-06,39.532657623291016,61.720001220703125,62.18000030517578,61.029998779296875,61.04999923706055,10795100
2009-11-09,40.12192153930664,62.63999938964844,62.880001068115234,62.130001068115234,62.27000045776367,10517300
2009-11-10,39.89132308959961,62.279998779296875,62.7599983215332,61.97999954223633,62.4900016784668,7408400
2009-11-11,40.243614196777344,62.83000183105469,63.099998474121094,62.45000076293945,62.68000030517578,6643100
2009-11-12,39.820884704589844,62.16999816894531,62.810001373291016,61.9900016784668,62.720001220703125,6417500
2009-11-13,40.7240104675293,63.58000183105469,63.79999923706055,62.16999816894531,62.22999954223633,9692300
2009-11-16,41.33250045776367,64.52999877929688,64.75,63.709999084472656,63.91999816894531,12109900
2009-11-17,40.71760177612305,63.56999969482422,64.4800033569336,63.45000076293945,64.33999633789062,8589300
2009-11-18,40.980201721191406,63.97999954223633,63.97999954223633,63.220001220703125,63.61000061035156,6986500
2009-11-19,40.6151237487793,63.40999984741211,63.939998626708984,63.04999923706055,63.939998626708984,5848400
2009-11-20,40.973812103271484,63.970001220703125,64.19000244140625,63.25,63.36000061035156,8850700
2009-11-23,40.98662567138672,63.9900016784668,64.30000305175781,63.68000030517578,64.30000305175781,6871700
2009-11-24,41.13393783569336,64.22000122070312,64.29000091552734,63.27000045776367,64.01000213623047,8274400
2009-11-25,41.28126525878906,64.44999694824219,64.5999984741211,64.2699966430664,64.41000366210938,7602400
2009-11-27,41.08744430541992,63.599998474121094,63.86000061035156,62.97999954223633,62.97999954223633,3557900
2009-11-30,40.861328125,63.25,63.7599983215332,63.029998779296875,63.7599983215332,6566200
2009-12-01,41.04869079589844,63.540000915527344,64.05000305175781,63.5099983215332,63.63999938964844,9614400
2009-12-02,40.376808166503906,62.5,63.849998474121094,62.4900016784668,63.5,10518400
2009-12-03,40.03441619873047,61.970001220703125,62.849998474121094,61.95000076293945,62.630001068115234,10761500
2009-12-04,39.78892517089844,61.59000015258789,62.70000076293945,61.13999938964844,62.459999084472656,9497500
2009-12-07,40.00857925415039,61.93000030517578,62.2599983215332,61.290000915527344,61.65999984741211,9036800
2009-12-08,39.155818939208984,60.61000061035156,60.900001525878906,60.040000915527344,60.45000076293945,14696700
2009-12-09,39.14936065673828,60.599998474121094,61.029998779296875,60.33000183105469,60.72999954223633,10911800
2009-12-10,39.440086364746094,61.04999923706055,61.349998474121094,60.689998626708984,60.97999954223633,8035900
2009-12-11,39.83415222167969,61.65999984741211,61.90999984741211,61.189998626708984,61.369998931884766,5864400
2009-12-14,40.14423751831055,62.13999938964844,62.400001525878906,61.81999969482422,62.25,5632900
2009-12-15,40.05380630493164,62.0,62.43000030517578,61.88999938964844,62.2400016784668,4952700
2009-12-16,40.32513427734375,62.41999816894531,62.7400016784668,61.93000030517578,62.31999969482422,5647100
2009-12-17,40.00212097167969,61.91999816894531,62.47999954223633,61.91999816894531,62.2400016784668,5418500
2009-12-18,40.163631439208984,62.16999816894531,62.43000030517578,61.970001220703125,61.9900016784668,9854100
2009-12-21,40.48018264770508,62.65999984741211,63.08000183105469,62.13999938964844,62.2400016784668,4625700
2009-12-22,40.680450439453125,62.970001220703125,63.09000015258789,62.65999984741211,62.68000030517578,3418500
2009-12-23,40.932411193847656,63.36000061035156,63.68000030517578,62.56999969482422,62.970001220703125,5889700
2009-12-24,40.97117233276367,63.41999816894531,63.709999084472656,63.25,63.34000015258789,2577300
2009-12-28,41.09391403198242,63.61000061035156,63.70000076293945,63.150001525878906,63.43000030517578,2389400
2009-12-29,41.080997467041016,63.59000015258789,63.91999816894531,63.560001373291016,63.68000030517578,2628900
2009-12-30,40.628761291503906,62.88999938964844,63.650001525878906,62.810001373291016,63.45000076293945,6776100
2009-12-31,40.33806610107422,62.439998626708984,63.06999969482422,62.38999938964844,62.970001220703125,4495300
2010-01-04,40.55769729614258,62.779998779296875,63.06999969482422,62.310001373291016,62.630001068115234,5839300
2010-01-05,40.24761199951172,62.29999923706055,62.75,62.189998626708984,62.65999984741211,7099000
2010-01-06,39.698486328125,61.45000076293945,62.40999984741211,61.060001373291016,62.20000076293945,10551300
2010-01-07,39.989200592041016,61.900001525878906,62.34000015258789,61.11000061035156,61.25,7517700
2010-01-08,39.950443267822266,61.84000015258789,62.40999984741211,61.599998474121094,62.27000045776367,6107300
2010-01-11,40.260528564453125,62.31999969482422,62.43000030517578,61.849998474121094,62.02000045776367,6081300
2010-01-12,40.48018264770508,62.65999984741211,62.65999984741211,62.0,62.029998779296875,7199400
2010-01-13,40.434967041015625,62.59000015258789,63.290000915527344,62.560001373291016,62.86000061035156,8623000
2010-01-14,40.473724365234375,62.650001525878906,62.72999954223633,62.09000015258789,62.560001373291016,7095600
2010-01-15,40.23468017578125,62.279998779296875,62.97999954223633,62.04999923706055,62.66999816894531,9429100
2010-01-19,41.00993347167969,63.47999954223633,63.81999969482422,62.77000045776367,62.900001525878906,8551500
2010-01-20,40.706298828125,63.0099983215332,63.599998474121094,62.75,63.4900016784668,6996800
2010-01-21,40.82904052734375,63.20000076293945,63.599998474121094,62.79999923706055,62.970001220703125,11724100
2010-01-22,40.95176696777344,63.38999938964844,64.77999877929688,62.810001373291016,63.22999954223633,15645900
2010-01-25,40.757972717285156,63.09000015258789,63.599998474121094,62.91999816894531,63.34000015258789,6382200
2010-01-26,41.22310256958008,63.810001373291016,64.0,62.75,62.75,9292700
2010-01-27,41.17142105102539,63.72999954223633,64.0,63.29999923706055,63.66999816894531,8080800
2010-01-28,40.59000015258789,62.83000183105469,63.869998931884766,62.75,63.849998474121094,8560100
2010-01-29,40.33159255981445,62.43000030517578,63.220001220703125,62.38999938964844,62.81999969482422,7589600
2010-02-01,41.27478790283203,63.88999938964844,63.970001220703125,62.83000183105469,62.83000183105469,8062700
2010-02-02,41.365234375,64.02999877929688,64.05000305175781,63.349998474121094,63.869998931884766,7271400
2010-02-03,42.12755584716797,65.20999908447266,65.75,64.61000061035156,64.62999725341797,13695300
2010-02-04,41.38462448120117,64.05999755859375,65.2699966430664,64.0199966430664,65.19000244140625,10868400
2010-02-05,40.93886947631836,63.369998931884766,64.33999633789062,62.630001068115234,64.06999969482422,14007600
2010-02-08,40.64815902709961,62.91999816894531,63.79999923706055,62.91999816894531,63.47999954223633,6975100
2010-02-09,41.06806564331055,63.56999969482422,63.849998474121094,62.77000045776367,63.150001525878906,10131500
2010-02-10,40.861328125,63.25,63.83000183105469,62.970001220703125,63.540000915527344,6161300
2010-02-11,41.2101936340332,63.790000915527344,63.84000015258789,62.540000915527344,63.25,7478900
2010-02-12,41.080997467041016,63.59000015258789,63.88999938964844,63.189998626708984,63.209999084472656,6749800
2010-02-16,41.352317810058594,64.01000213623047,64.18000030517578,63.279998779296875,63.5,7090200
2010-02-17,41.51383590698242,64.26000213623047,64.3499984741211,63.77000045776367,64.20999908447266,5424600
2010-02-18,41.655948638916016,64.4800033569336,64.62000274658203,64.0,64.11000061035156,4975800
2010-02-19,41.823917388916016,64.73999786376953,64.88999938964844,64.30000305175781,64.45999908447266,5622600
2010-02-22,41.84331130981445,64.7699966430664,64.93000030517578,64.62999725341797,64.93000030517578,4274900
2010-02-23,41.90790939331055,64.87000274658203,65.05000305175781,64.69999694824219,64.77999877929688,7485700
2010-02-24,42.159854888916016,65.26000213623047,65.55000305175781,64.7699966430664,64.95999908447266,7579700
2010-02-25,41.94486618041992,64.37999725341797,64.63999938964844,63.7599983215332,64.29000091552734,8500000
2010-02-26,41.59954833984375,63.849998474121094,64.7300033569336,63.849998474121094,64.45999908447266,8288400
2010-03-01,41.68424606323242,63.97999954223633,64.13999938964844,63.66999816894531,63.97999954223633,6320300
2010-03-02,41.742881774902344,64.06999969482422,64.41999816894531,63.90999984741211,64.41999816894531,6271700
2010-03-03,41.45623016357422,63.630001068115234,64.33999633789062,63.45000076293945,64.25,6396100
2010-03-04,41.32591247558594,63.43000030517578,63.790000915527344,63.29999923706055,63.790000915527344,5958200
2010-03-05,41.48226547241211,63.66999816894531,63.7599983215332,63.25,63.720001220703125,8154600
2010-03-08,42.42699432373047,65.12000274658203,65.54000091552734,64.2300033569336,64.41000366210938,11825600
2010-03-09,42.41394805908203,65.0999984741211,65.5,64.83999633789062,64.98999786376953,7126900
2010-03-10,42.3097038269043,64.94000244140625,65.23999786376953,64.7300033569336,65.0199966430664,6900200
2010-03-11,42.48563003540039,65.20999908447266,65.20999908447266,64.66999816894531,64.80000305175781,4350400
2010-03-12,42.694114685058594,65.52999877929688,65.9800033569336,65.36000061035156,65.45999908447266,6601700
2010-03-15,42.95471954345703,65.93000030517578,66.19000244140625,65.69000244140625,65.69999694824219,5715100
2010-03-16,43.045928955078125,66.06999969482422,66.23999786376953,65.80000305175781,66.22000122070312,5705600
2010-03-17,43.247894287109375,66.37999725341797,66.44000244140625,65.87000274658203,66.2300033569336,4818800
2010-03-18,43.443355560302734,66.68000030517578,66.73999786376953,66.36000061035156,66.47000122070312,6206700
2010-03-19,43.34562683105469,66.52999877929688,66.91000366210938,66.0,66.52999877929688,10230100
2010-03-22,43.65835952758789,67.01000213623047,67.25,65.9000015258789,66.06999969482422,7386400
2010-03-23,43.87987518310547,67.3499984741211,67.3499984741211,66.83000183105469,67.13999938964844,8057700
2010-03-24,43.52153778076172,66.80000305175781,67.19000244140625,66.58000183105469,66.98999786376953,6363700
2010-03-25,43.586692810058594,66.9000015258789,67.44000244140625,66.83999633789062,67.12999725341797,5705600
2010-03-26,43.821231842041016,67.26000213623047,67.44999694824219,66.93000030517578,67.08999633789062,5984100
2010-03-29,43.697444915771484,67.06999969482422,67.4800033569336,66.58999633789062,67.45999908447266,6522600
2010-03-30,43.808197021484375,67.23999786376953,67.48999786376953,66.91999816894531,67.11000061035156,5093500
2010-03-31,43.46942138671875,66.72000122070312,67.38999938964844,66.62999725341797,67.1500015258789,5765600
2010-04-01,44.02969741821289,67.58000183105469,67.70999908447266,67.05999755859375,67.05999755859375,5474200
2010-04-05,44.322906494140625,68.02999877929688,68.19999694824219,67.76000213623047,67.76000213623047,4875200
2010-04-06,44.17957305908203,67.80999755859375,67.95999908447266,67.6500015258789,67.7699966430664,3318300
2010-04-07,44.10789489746094,67.69999694824219,68.12999725341797,67.26000213623047,67.80000305175781,6623700
2010-04-08,44.798519134521484,68.76000213623047,69.02999877929688,67.87000274658203,67.9000015258789,7141000
2010-04-09,44.74638748168945,68.68000030517578,68.7699966430664,68.13999938964844,68.66000366210938,5622100
2010-04-12,44.64867401123047,68.52999877929688,68.8499984741211,68.37000274658203,68.7699966430664,4025000
2010-04-13,44.90275192260742,68.91999816894531,69.05000305175781,68.30999755859375,68.68000030517578,5652600
2010-04-14,45.228519439697266,69.41999816894531,69.52999877929688,69.05000305175781,69.18000030517578,6193000
2010-04-15,45.05910873413086,69.16000366210938,69.48999786376953,68.97000122070312,69.30999755859375,4767200
2010-04-16,44.97441482543945,69.02999877929688,69.27999877929688,68.33000183105469,69.11000061035156,7876100
2010-04-19,45.55428695678711,69.91999816894531,69.97000122070312,68.98999786376953,69.0,7157900
2010-04-20,45.82790756225586,70.33999633789062,70.58999633789062,69.94999694824219,69.9800033569336,7340300
2010-04-21,45.84093475341797,70.36000061035156,71.19000244140625,70.05000305175781,70.62000274658203,10738100
2010-04-22,46.2774658203125,71.02999877929688,71.47000122070312,70.12000274658203,70.25,7139600
2010-04-23,46.355648040771484,71.1500015258789,71.3499984741211,70.75,71.22000122070312,5923700
2010-04-26,46.270957946777344,71.0199966430664,71.41999816894531,70.7300033569336,71.30000305175781,6035600
2010-04-27,45.951698303222656,70.52999877929688,71.33000183105469,70.4000015258789,70.70999908447266,8154400
2010-04-28,45.82790756225586,70.33999633789062,70.7300033569336,69.76000213623047,70.4800033569336,7589400
2010-04-29,46.59669876098633,71.5199966430664,71.69999694824219,70.58000183105469,70.58000183105469,7357400
2010-04-30,45.990779876708984,70.58999633789062,71.70999908447266,70.38999938964844,71.52999877929688,6966600
2010-05-03,46.531558990478516,71.41999816894531,71.83999633789062,70.6500015258789,70.87999725341797,5990600
2010-05-04,46.02336883544922,70.63999938964844,71.30000305175781,70.30000305175781,71.1500015258789,7240200
2010-05-05,46.03639602661133,70.66000366210938,71.05999755859375,70.12999725341797,70.4000015258789,9577700
2010-05-06,45.228519439697266,69.41999816894531,71.48999786376953,67.48999786376953,70.44999694824219,16489600
2010-05-07,44.30988311767578,68.01000213623047,69.31999969482422,67.41999816894531,69.0199966430664,15280700
2010-05-10,45.98429489135742,70.58000183105469,71.05000305175781,69.75,70.06999969482422,10903300
2010-05-11,45.919132232666016,70.4800033569336,71.0999984741211,70.12999725341797,70.16999816894531,6709900
2010-05-12,46.04291534423828,70.66999816894531,70.94000244140625,70.1500015258789,70.7300033569336,5655500
2010-05-13,45.932159423828125,70.5,71.30000305175781,70.44999694824219,70.70999908447266,5734000
2010-05-14,45.33926773071289,69.58999633789062,70.44999694824219,69.0999984741211,70.27999877929688,9111400
2010-05-17,45.697635650634766,70.13999938964844,70.25,69.3499984741211,69.81999969482422,7467000
2010-05-18,45.61943054199219,70.0199966430664,70.80999755859375,69.83999633789062,70.52999877929688,6897800
2010-05-19,45.215476989746094,69.4000015258789,69.94999694824219,68.9000015258789,69.66000366210938,7814300
2010-05-20,44.08183670043945,67.66000366210938,69.36000061035156,67.62999725341797,68.54000091552734,13571000
2010-05-21,44.21214294433594,67.86000061035156,68.04000091552734,65.55000305175781,67.06999969482422,12614800
2010-05-24,44.08183670043945,67.66000366210938,68.51000213623047,67.26000213623047,67.83999633789062,6733300
2010-05-25,44.19911575317383,67.83999633789062,67.83999633789062,66.19999694824219,66.58999633789062,9257900
2010-05-26,43.00682830810547,66.01000213623047,68.05999755859375,66.0,67.88999938964844,11525200
2010-05-27,44.14999771118164,67.19999694824219,67.19999694824219,66.0199966430664,66.41000366210938,9728000
2010-05-28,43.933197021484375,66.87000274658203,67.62999725341797,66.75,67.23999786376953,7164800
2010-06-01,43.598121643066406,66.36000061035156,67.30999755859375,66.04000091552734,66.2300033569336,5367700
2010-06-02,44.524497985839844,67.7699966430664,67.80000305175781,66.19999694824219,66.52999877929688,5750400
2010-06-03,44.57703399658203,67.8499984741211,68.25,67.44000244140625,67.80000305175781,4402500
2010-06-04,43.82150650024414,66.69999694824219,68.08999633789062,66.5199966430664,66.81999969482422,7558000
2010-06-07,43.85436248779297,66.75,67.81999969482422,66.25,66.63999938964844,9808400
2010-06-08,44.925270080566406,68.37999725341797,68.44999694824219,65.80999755859375,67.16000366210938,13565800
2010-06-09,44.8464241027832,68.26000213623047,68.9000015258789,68.04000091552734,68.68000030517578,8921800
2010-06-10,45.57569122314453,69.37000274658203,69.41000366210938,68.70999908447266,68.9800033569336,6743600
2010-06-11,45.6873779296875,69.54000091552734,69.55000305175781,68.75,68.86000061035156,5367100
2010-06-14,45.529701232910156,69.30000305175781,69.9800033569336,69.30000305175781,69.94999694824219,4525300
2010-06-15,46.25239181518555,70.4000015258789,70.48999786376953,69.8499984741211,69.94000244140625,6419900
2010-06-16,46.18010711669922,70.29000091552734,70.5,70.01000213623047,70.05999755859375,4548500
2010-06-17,46.022430419921875,70.05000305175781,70.58000183105469,69.37999725341797,70.55000305175781,7014900
2010-06-18,45.91073989868164,69.87999725341797,70.43000030517578,69.80999755859375,70.25,8817900
2010-06-21,45.937034606933594,69.91999816894531,70.5,69.7699966430664,70.2699966430664,5203100
2010-06-22,45.0960807800293,68.63999938964844,70.37000274658203,68.55000305175781,70.01000213623047,5487700
2010-06-23,45.089515686035156,68.62999725341797,69.30000305175781,68.47000122070312,68.81999969482422,5443200
2010-06-24,44.49820327758789,67.7300033569336,68.54000091552734,67.61000061035156,68.43000030517578,5942800
2010-06-25,44.294532775878906,67.41999816894531,68.29000091552734,67.37000274658203,67.70999908447266,8041700
2010-06-28,44.23540115356445,67.33000183105469,67.88999938964844,67.25,67.58000183105469,4427700
2010-06-29,43.66383361816406,66.45999908447266,66.79000091552734,66.08999633789062,66.61000061035156,8715200
2010-06-30,43.27621078491211,65.87000274658203,66.83999633789062,65.80000305175781,66.29000091552734,7204900
2010-07-01,43.82807159423828,66.70999908447266,66.9000015258789,65.30999755859375,66.72000122070312,10924400
2010-07-02,43.453590393066406,66.13999938964844,67.0,65.95999908447266,66.75,5280600
2010-07-06,43.433876037597656,66.11000061035156,67.0999984741211,65.62999725341797,66.5199966430664,5940700
2010-07-07,44.22227096557617,67.30999755859375,67.37000274658203,66.0,66.08999633789062,6623200
2010-07-08,45.34575653076172,69.0199966430664,69.1500015258789,67.55000305175781,67.80000305175781,7871200
2010-07-09,45.477142333984375,69.22000122070312,69.33000183105469,68.75,69.08000183105469,4513000
2010-07-12,45.95018768310547,69.94000244140625,70.0,68.95999908447266,68.95999908447266,5420800
2010-07-13,46.54145431518555,70.83999633789062,71.06999969482422,70.12000274658203,70.44000244140625,6072100
2010-07-14,46.58089065551758,70.9000015258789,70.9800033569336,70.16000366210938,70.5,4476100
2010-07-15,46.86338806152344,71.33000183105469,71.45999908447266,70.43000030517578,70.9000015258789,5470100
2010-07-16,45.95018768310547,69.94000244140625,71.27999877929688,69.86000061035156,71.16000366210938,5981000
2010-07-19,45.930477142333984,69.91000366210938,70.37999725341797,69.44999694824219,69.97000122070312,5072700
2010-07-20,46.56117248535156,70.87000274658203,70.95999908447266,69.44000244140625,69.47000122070312,5474300
2010-07-21,46.06186294555664,70.11000061035156,71.0,69.6500015258789,70.93000030517578,5734400
2010-07-22,46.90938949584961,71.4000015258789,71.54000091552734,70.51000213623047,70.51000213623047,6717900
2010-07-23,45.92390441894531,69.9000015258789,71.16999816894531,68.94000244140625,70.76000213623047,12238900
2010-07-26,46.56117248535156,70.87000274658203,70.87000274658203,69.9000015258789,70.04000091552734,5525400
2010-07-27,46.25239181518555,70.4000015258789,71.02999877929688,69.98999786376953,71.02999877929688,6214900
2010-07-28,45.838470458984375,69.7699966430664,70.37999725341797,69.37000274658203,70.20999908447266,6708400
2010-07-29,45.582252502441406,69.37999725341797,70.25,68.9000015258789,70.19999694824219,5131700
2010-07-30,45.812191009521484,69.7300033569336,69.9800033569336,68.58999633789062,68.91999816894531,5990300
2010-08-02,46.153831481933594,70.25,70.5,69.93000030517578,70.5,5873100
2010-08-03,46.285240173339844,70.44999694824219,70.83999633789062,70.05999755859375,70.20999908447266,4946000
2010-08-04,46.44290542602539,70.69000244140625,70.94999694824219,70.20999908447266,70.37999725341797,4567100
2010-08-05,46.285240173339844,70.44999694824219,70.5,69.83999633789062,70.5,5441500
2010-08-06,47.13276672363281,71.73999786376953,71.80000305175781,70.0199966430664,70.16000366210938,6775300
2010-08-09,47.90801239013672,72.91999816894531,73.33999633789062,72.3499984741211,72.41000366210938,8921200
2010-08-10,47.85542297363281,72.83999633789062,72.9800033569336,71.97000122070312,72.5,5689700
2010-08-11,47.02106475830078,71.56999969482422,72.31999969482422,71.5,72.01000213623047,5478000
2010-08-12,47.34299087524414,72.05999755859375,72.1500015258789,71.04000091552734,71.04000091552734,5641400
2010-08-13,47.23130798339844,71.88999938964844,72.47000122070312,71.69000244140625,71.69000244140625,5937300
2010-08-16,47.16560745239258,71.79000091552734,72.12000274658203,71.54000091552734,71.76000213623047,4935700
2010-08-17,48.1051139831543,73.22000122070312,73.63999938964844,71.73999786376953,72.08000183105469,7392900
2010-08-18,48.124820709228516,73.25,73.81999969482422,72.80000305175781,73.2300033569336,6030800
2010-08-19,47.940860748291016,72.97000122070312,73.4000015258789,72.44999694824219,73.1500015258789,6950500
2010-08-20,48.01313018798828,73.08000183105469,73.19999694824219,72.68000030517578,72.87000274658203,5566300
2010-08-23,48.1839485168457,73.33999633789062,73.94000244140625,73.33000183105469,73.52999877929688,5404300
2010-08-24,47.776615142822266,72.72000122070312,73.0999984741211,72.19000244140625,72.75,5846200
2010-08-25,48.08539581298828,73.19000244140625,73.44999694824219,72.30000305175781,72.30000305175781,6704600
2010-08-26,48.06568145751953,73.16000366210938,73.76000213623047,73.11000061035156,73.69000244140625,5215600
2010-08-27,48.61099624633789,73.98999786376953,74.06999969482422,72.86000061035156,73.47000122070312,6592900
2010-08-30,48.14765930175781,72.73999786376953,73.47000122070312,72.73999786376953,73.30999755859375,4192900
2010-08-31,48.35945510864258,73.05999755859375,73.31999969482422,72.55000305175781,72.55999755859375,5598100
2010-09-01,49.339107513427734,74.54000091552734,74.5999984741211,73.72000122070312,73.91999816894531,6746800
2010-09-02,49.65681457519531,75.0199966430664,75.05999755859375,74.29000091552734,74.75,5885200
2010-09-03,49.703155517578125,75.08999633789062,75.3499984741211,74.41999816894531,74.9000015258789,7328100
2010-09-07,50.17311477661133,75.80000305175781,75.9800033569336,74.93000030517578,74.97000122070312,7188700
2010-09-08,50.35845947265625,76.08000183105469,76.26000213623047,75.75,75.94000244140625,6808700
2010-09-09,49.22658920288086,74.37000274658203,76.08000183105469,73.66000366210938,74.33999633789062,14615200
2010-09-10,49.65020751953125,75.01000213623047,75.12999725341797,74.18000030517578,74.19000244140625,7483900
2010-09-13,49.35896301269531,74.56999969482422,75.33999633789062,74.01000213623047,75.25,7851500
2010-09-14,48.94194412231445,73.94000244140625,74.56999969482422,73.80999755859375,74.47000122070312,6543500
2010-09-15,49.45161819458008,74.70999908447266,74.83000183105469,73.70999908447266,73.72000122070312,4549400
2010-09-16,49.511207580566406,74.80000305175781,74.9000015258789,74.3499984741211,74.62000274658203,5073300
2010-09-17,49.1934928894043,74.31999969482422,74.79000091552734,74.12999725341797,74.5999984741211,7933500
2010-09-20,49.71638107299805,75.11000061035156,75.3499984741211,74.30000305175781,74.31999969482422,4211200
2010-09-21,49.98115539550781,75.51000213623047,75.75,74.87999725341797,75.31999969482422,5297300
2010-09-22,49.729637145996094,75.12999725341797,75.77999877929688,75.0,75.36000061035156,5141600
2010-09-23,49.40529251098633,74.63999938964844,75.43000030517578,74.58000183105469,75.16000366210938,5921600
2010-09-24,49.70976638793945,75.0999984741211,75.44000244140625,74.94000244140625,75.4000015258789,5843400
2010-09-27,49.48471450805664,74.76000213623047,75.38999938964844,74.75,75.2300033569336,5957400
2010-09-28,49.39866638183594,74.62999725341797,74.95999908447266,74.22000122070312,74.95999908447266,7047500
2010-09-29,49.27951431274414,74.44999694824219,74.75,74.30000305175781,74.56999969482422,4668100
2010-09-30,49.31922912597656,74.51000213623047,74.97000122070312,73.87000274658203,74.5199966430664,7237700
2010-10-01,49.59064483642578,74.91999816894531,75.19999694824219,74.54000091552734,75.04000091552734,7192400
2010-10-04,49.6104850769043,74.94999694824219,75.12999725341797,74.4000015258789,74.91000366210938,3900300
2010-10-05,50.18635940551758,75.81999969482422,75.95999908447266,75.25,75.38999938964844,5680000
2010-10-06,50.01424026489258,75.55999755859375,75.94999694824219,75.4000015258789,75.79000091552734,4732700
2010-10-07,50.21281814575195,75.86000061035156,75.98999786376953,75.51000213623047,75.51000213623047,4477200
2010-10-08,50.37168502807617,76.0999984741211,76.30999755859375,75.63999938964844,75.91000366210938,4118200
2010-10-11,50.03410720825195,75.58999633789062,76.25,75.2699966430664,76.01000213623047,3653400
2010-10-12,50.02749252319336,75.58000183105469,75.81999969482422,74.87999725341797,75.70999908447266,4703500
2010-10-13,50.14000701904297,75.75,76.06999969482422,75.41000366210938,75.88999938964844,4370700
2010-10-14,50.993900299072266,77.04000091552734,77.08999633789062,75.66999816894531,75.7699966430664,6616400
2010-10-15,51.28513717651367,77.4800033569336,77.7699966430664,76.93000030517578,77.47000122070312,6259200
2010-10-18,51.179229736328125,77.31999969482422,77.94000244140625,77.16000366210938,77.54000091552734,5375200
2010-10-19,50.96078109741211,76.98999786376953,77.62000274658203,76.68000030517578,77.08000183105469,5226000
2010-10-20,51.23879623413086,77.41000366210938,78.13999938964844,77.16999816894531,77.2699966430664,6420300
2010-10-21,51.92059326171875,78.44000244140625,79.4800033569336,78.2699966430664,78.44000244140625,7697000
2010-10-22,51.99337387084961,78.55000305175781,78.75,77.8499984741211,78.05000305175781,4224000
2010-10-25,52.092647552490234,78.69999694824219,79.25,78.62999725341797,78.98999786376953,4103000
2010-10-26,52.13236999511719,78.76000213623047,79.0,78.58000183105469,78.58999633789062,4030200
2010-10-27,51.28513717651367,77.4800033569336,78.62000274658203,77.0,78.45999908447266,8459200
2010-10-28,51.28513717651367,77.4800033569336,77.7699966430664,77.12000274658203,77.72000122070312,5346300
2010-10-29,51.477073669433594,77.7699966430664,79.9000015258789,77.4000015258789,77.5999984741211,4335000
2010-11-01,51.54986572265625,77.87999725341797,78.62999725341797,77.37000274658203,78.05999755859375,4957800
2010-11-02,51.894100189208984,78.4000015258789,78.76000213623047,78.2699966430664,78.38999938964844,3701400
2010-11-03,51.960269927978516,78.5,78.70999908447266,77.81999969482422,78.41000366210938,4060500
2010-11-04,52.410377502441406,79.18000030517578,79.47000122070312,78.83999633789062,79.12000274658203,5607000
2010-11-05,52.489810943603516,79.30000305175781,79.38999938964844,78.80000305175781,79.38999938964844,5243200
2010-11-08,52.49644088745117,79.30999755859375,79.4000015258789,78.69999694824219,78.94000244140625,4865700
2010-11-09,52.3574333190918,79.0999984741211,79.25,78.70999908447266,79.19000244140625,4534300
2010-11-10,52.62218475341797,79.5,79.58000183105469,78.66000366210938,79.06999969482422,4009900
2010-11-11,52.75457763671875,79.69999694824219,79.8499984741211,79.31999969482422,79.36000061035156,4438900
2010-11-12,52.19194412231445,78.8499984741211,79.44999694824219,78.13999938964844,79.30000305175781,4946900
2010-11-15,52.33757019042969,79.06999969482422,79.37999725341797,78.7699966430664,78.9800033569336,3741600
2010-11-16,51.245418548583984,77.41999816894531,78.63999938964844,77.12000274658203,78.5999984741211,6751400
2010-11-17,51.874202728271484,78.37000274658203,78.5199966430664,77.43000030517578,77.43000030517578,5272800
2010-11-18,52.30447769165039,79.0199966430664,79.4800033569336,78.62999725341797,78.62999725341797,11083200
2010-11-19,52.71487045288086,79.63999938964844,79.66000366210938,78.76000213623047,79.12000274658203,10866000
2010-11-22,52.63541030883789,79.5199966430664,79.52999877929688,79.05999755859375,79.37000274658203,10939500
2010-11-23,52.2978515625,79.01000213623047,79.19999694824219,78.44000244140625,79.05000305175781,5460400
2010-11-24,52.60894012451172,79.4800033569336,79.66999816894531,79.25,79.37000274658203,4465100
2010-11-26,51.98675537109375,78.54000091552734,79.2699966430664,78.54000091552734,79.23999786376953,2576700
2010-11-29,52.20689010620117,78.26000213623047,78.47000122070312,77.1500015258789,77.94000244140625,4977600
2010-11-30,52.23358154296875,78.30000305175781,78.7300033569336,77.5,77.76000213623047,5558300
2010-12-01,52.89400863647461,79.29000091552734,79.58000183105469,79.0999984741211,79.13999938964844,5323300
2010-12-02,52.95402908325195,79.37999725341797,79.6500015258789,79.22000122070312,79.47000122070312,4994400
2010-12-03,53.207542419433594,79.76000213623047,79.79000091552734,79.05000305175781,79.30999755859375,3611200
2010-12-06,53.087459564208984,79.58000183105469,79.94000244140625,79.4000015258789,79.69000244140625,3113700
2010-12-07,53.5944709777832,80.33999633789062,80.94000244140625,79.9000015258789,79.95999908447266,7729000
2010-12-08,52.527099609375,78.73999786376953,78.94999694824219,78.12000274658203,78.83000183105469,9359700
2010-12-09,51.77329635620117,77.61000061035156,79.20999908447266,77.44999694824219,79.19999694824219,10593300
2010-12-10,51.73992919921875,77.55999755859375,77.83999633789062,77.31999969482422,77.6500015258789,5321100
2010-12-13,51.43974304199219,77.11000061035156,77.76000213623047,77.08000183105469,77.73999786376953,6926500
2010-12-14,51.43974304199219,77.11000061035156,77.37000274658203,76.91000366210938,77.05000305175781,6040400
2010-12-15,51.35301208496094,76.9800033569336,77.44999694824219,76.91000366210938,77.2300033569336,6125800
2010-12-16,51.17290115356445,76.70999908447266,77.19000244140625,76.52999877929688,77.19000244140625,6483700
2010-12-17,51.23959732055664,76.80999755859375,76.95999908447266,76.62000274658203,76.70999908447266,8998800
2010-12-20,51.3129768371582,76.91999816894531,77.05999755859375,76.81999969482422,76.94999694824219,4759200
2010-12-21,51.27294921875,76.86000061035156,77.13999938964844,76.51000213623047,77.13999938964844,4286100
2010-12-22,51.37302780151367,77.01000213623047,77.37000274658203,76.91000366210938,77.04000091552734,3518100
2010-12-23,51.33967971801758,76.95999908447266,77.11000061035156,76.76000213623047,77.01000213623047,2862600
2010-12-27,50.98609161376953,76.43000030517578,76.75,76.2300033569336,76.7300033569336,2612600
2010-12-28,50.98609161376953,76.43000030517578,76.61000061035156,75.94000244140625,76.44000244140625,2962900
2010-12-29,51.35968017578125,76.98999786376953,77.5,76.62999725341797,76.75,3583900
2010-12-30,51.20625686645508,76.76000213623047,77.05000305175781,76.5199966430664,76.86000061035156,2565000
2010-12-31,51.20625686645508,76.76000213623047,76.86000061035156,76.33999633789062,76.70999908447266,2485100
2011-01-03,51.09950637817383,76.5999984741211,77.58999633789062,76.5999984741211,77.0999984741211,8019700
2011-01-04,49.571876525878906,74.30999755859375,75.91000366210938,74.11000061035156,75.73999786376953,36471600
2011-01-05,49.80536651611328,74.66000366210938,74.9000015258789,74.30999755859375,74.68000030517578,17904000
2011-01-06,49.50516891479492,74.20999908447266,74.94000244140625,74.08000183105469,74.9000015258789,11717100
2011-01-07,49.611900329589844,74.37000274658203,74.58000183105469,73.58999633789062,74.3499984741211,11271900
2011-01-10,49.07155227661133,73.55999755859375,74.45999908447266,73.5199966430664,74.25,11338600
2011-01-11,49.29835510253906,73.9000015258789,74.48999786376953,73.56999969482422,73.83999633789062,8658800
2011-01-12,49.09821319580078,73.5999984741211,74.37000274658203,73.45999908447266,74.37000274658203,10378500
2011-01-13,48.477813720703125,72.66999816894531,73.55000305175781,72.45999908447266,73.44000244140625,14512600
2011-01-14,49.40508270263672,74.05999755859375,74.12000274658203,72.13999938964844,72.4000015258789,10570000
2011-01-18,49.81869888305664,74.68000030517578,75.36000061035156,74.30999755859375,74.6500015258789,11228500
2011-01-19,50.265663146972656,75.3499984741211,75.44000244140625,74.75,75.0999984741211,10696700
2011-01-20,50.13890075683594,75.16000366210938,75.73999786376953,74.68000030517578,75.38999938964844,8290300
2011-01-21,50.038841247558594,75.01000213623047,75.75,74.63999938964844,75.75,9825900
2011-01-24,50.28565979003906,75.37999725341797,75.8499984741211,74.1500015258789,74.25,16395500
2011-01-25,50.35238265991211,75.4800033569336,75.68000030517578,75.0,75.54000091552734,6959800
2011-01-26,50.14557647705078,75.16999816894531,75.70999908447266,75.1500015258789,75.58999633789062,6669000
2011-01-27,49.59855270385742,74.3499984741211,75.44999694824219,74.33999633789062,75.43000030517578,7610900
2011-01-28,48.8847541809082,73.27999877929688,74.7300033569336,73.05000305175781,74.37000274658203,9083500
2011-01-31,49.144935607910156,73.66999816894531,73.9800033569336,73.3499984741211,73.80000305175781,6372400
2011-02-01,49.011512756347656,73.47000122070312,74.26000213623047,73.19999694824219,74.22000122070312,8468900
2011-02-02,49.124908447265625,73.63999938964844,73.76000213623047,73.08000183105469,73.48999786376953,5841900
2011-02-03,49.251651763916016,73.83000183105469,74.2699966430664,73.80999755859375,73.83999633789062,11126100
2011-02-04,49.398414611816406,74.05000305175781,74.5,73.63999938964844,73.7300033569336,9699700
2011-02-07,48.9981803894043,73.44999694824219,74.3499984741211,73.30000305175781,74.12999725341797,11618600
2011-02-08,50.27233123779297,75.36000061035156,75.97000122070312,74.19999694824219,74.37000274658203,11855200
2011-02-09,50.65256881713867,75.93000030517578,75.98999786376953,75.18000030517578,75.5,5845000
2011-02-10,50.53915023803711,75.76000213623047,76.31999969482422,75.52999877929688,75.9800033569336,5437100
2011-02-11,50.79266357421875,76.13999938964844,76.2300033569336,75.51000213623047,75.80000305175781,4597900
2011-02-14,50.859371185302734,76.23999786376953,76.44999694824219,75.83000183105469,76.06999969482422,4512800
2011-02-15,50.7993278503418,76.1500015258789,76.33999633789062,75.80000305175781,75.87000274658203,3823000
2011-02-16,50.71261215209961,76.0199966430664,76.33999633789062,75.76000213623047,76.27999877929688,4058200
2011-02-17,50.68593978881836,75.9800033569336,76.12999725341797,75.69999694824219,75.91000366210938,4338400
2011-02-18,50.78597640991211,76.12999725341797,76.31999969482422,75.37000274658203,76.08000183105469,5446900
2011-02-22,50.499122619628906,75.69999694824219,76.44000244140625,75.5199966430664,75.94999694824219,7034000
2011-02-23,50.15892028808594,75.19000244140625,76.44999694824219,74.58999633789062,75.97000122070312,7034000
2011-02-24,50.17224884033203,75.20999908447266,75.33000183105469,74.55000305175781,74.9800033569336,7297100
2011-02-25,50.064640045166016,74.44000244140625,75.33999633789062,74.41999816894531,74.9000015258789,6499000
2011-02-28,50.89863586425781,75.68000030517578,75.87000274658203,74.51000213623047,74.51000213623047,11324600
2011-03-01,50.367279052734375,74.88999938964844,75.91000366210938,74.70999908447266,75.70999908447266,9067200
2011-03-02,50.23280334472656,74.69000244140625,74.80000305175781,73.63999938964844,74.66000366210938,7835300
2011-03-03,51.275245666503906,76.23999786376953,76.62999725341797,75.16999816894531,75.26000213623047,7390100
2011-03-04,51.13399887084961,76.02999877929688,76.5999984741211,75.55999755859375,76.11000061035156,5416400
2011-03-07,51.308876037597656,76.29000091552734,77.23999786376953,75.94000244140625,76.37999725341797,7954100
2011-03-08,50.804466247558594,75.54000091552734,76.05000305175781,74.97000122070312,75.7300033569336,8950300
2011-03-09,50.96586608886719,75.77999877929688,76.0,75.19999694824219,75.68000030517578,5337800
2011-03-10,51.5711669921875,76.68000030517578,77.25,75.29000091552734,75.63999938964844,8157900
2011-03-11,51.604793548583984,76.7300033569336,77.04000091552734,76.0,76.36000061035156,4448900
2011-03-14,50.891883850097656,75.66999816894531,76.41000366210938,75.45999908447266,76.0999984741211,7988500
2011-03-15,50.521995544433594,75.12000274658203,75.66999816894531,74.33999633789062,74.5,6933600
2011-03-16,49.35175323486328,73.37999725341797,74.75,73.16999816894531,74.73999786376953,10583900
2011-03-17,49.36518478393555,73.4000015258789,74.19000244140625,73.12000274658203,74.12999725341797,6126100
2011-03-18,49.089447021484375,72.98999786376953,73.79000091552734,72.88999938964844,73.4800033569336,9184100
2011-03-21,49.60731506347656,73.76000213623047,74.2300033569336,73.37999725341797,73.5,5353700
2011-03-22,49.681304931640625,73.87000274658203,74.30000305175781,73.52999877929688,74.0,4498800
2011-03-23,50.12517166137695,74.52999877929688,74.6500015258789,73.66999816894531,73.75,5057900
2011-03-24,50.394195556640625,74.93000030517578,75.0,74.48999786376953,74.5999984741211,4306800
2011-03-25,50.60940933227539,75.25,75.75,74.76000213623047,75.0,4652000
2011-03-28,50.44125747680664,75.0,75.62999725341797,75.0,75.55000305175781,3081600
2011-03-29,50.69012451171875,75.37000274658203,75.44999694824219,74.87000274658203,74.87000274658203,3008700
2011-03-30,50.98603439331055,75.80999755859375,76.04000091552734,75.45999908447266,75.5,3479500
2011-03-31,51.174346923828125,76.08999633789062,76.44999694824219,75.76000213623047,75.83999633789062,4505700
2011-04-01,51.10710525512695,75.98999786376953,76.5,75.87000274658203,76.30000305175781,3889000
2011-04-04,51.37611770629883,76.38999938964844,76.5,76.13999938964844,76.30999755859375,3283100
2011-04-05,51.51734161376953,76.5999984741211,76.73999786376953,75.97000122070312,76.26000213623047,4274100
2011-04-06,51.59806442260742,76.72000122070312,76.91000366210938,76.45999908447266,76.77999877929688,5657400
2011-04-07,51.12055587768555,76.01000213623047,76.73999786376953,75.66000366210938,76.33999633789062,5414400
2011-04-08,51.14071273803711,76.04000091552734,76.37999725341797,75.77999877929688,76.25,3693100
2011-04-11,51.281951904296875,76.25,76.5,76.0,76.16000366210938,3940500
2011-04-12,51.55769729614258,76.66000366210938,76.95999908447266,75.83000183105469,75.83000183105469,4769000
2011-04-13,51.7123908996582,76.88999938964844,77.45999908447266,76.5,76.97000122070312,4862700
2011-04-14,51.83345031738281,77.06999969482422,77.22000122070312,76.44999694824219,76.72000122070312,3488700
2011-04-15,52.041934967041016,77.37999725341797,77.54000091552734,76.66000366210938,77.29000091552734,4605700
2011-04-18,51.786380767822266,77.0,77.36000061035156,76.4000015258789,76.88999938964844,4937700
2011-04-19,51.51734161376953,76.5999984741211,77.0,76.43000030517578,76.87999725341797,4810600
2011-04-20,52.72795486450195,78.4000015258789,78.41000366210938,77.16999816894531,77.18000030517578,7964800
2011-04-21,51.72585678100586,76.91000366210938,77.69000244140625,76.5,77.4000015258789,9424100
2011-04-25,51.873802185058594,77.12999725341797,77.25,76.54000091552734,77.1500015258789,3831600
2011-04-26,51.74602508544922,76.94000244140625,77.33999633789062,76.55000305175781,77.19999694824219,4900000
2011-04-27,52.371482849121094,77.87000274658203,77.95999908447266,77.01000213623047,77.41000366210938,5745100
2011-04-28,52.479087829589844,78.02999877929688,78.44000244140625,77.5199966430664,78.0,3991900
2011-04-29,52.667415618896484,78.30999755859375,78.58999633789062,77.7699966430664,78.04000091552734,4500000
2011-05-02,52.88935852050781,78.63999938964844,78.93000030517578,78.3499984741211,78.4000015258789,4021700
2011-05-03,53.091129302978516,78.94000244140625,79.08999633789062,78.51000213623047,78.62999725341797,4446300
2011-05-04,53.178550720214844,79.06999969482422,79.30999755859375,78.81999969482422,78.91000366210938,5493400
2011-05-05,52.86247634887695,78.5999984741211,79.18000030517578,78.19999694824219,78.83999633789062,6407800
2011-05-06,52.92970657348633,78.69999694824219,79.37000274658203,78.6500015258789,78.83000183105469,6076200
2011-05-09,53.33998107910156,79.30999755859375,79.81999969482422,79.08000183105469,79.45999908447266,6284700
2011-05-10,53.60898208618164,79.70999908447266,79.8499984741211,79.2699966430664,79.5199966430664,4375800
2011-05-11,53.474483489990234,79.51000213623047,79.97000122070312,79.16999816894531,79.68000030517578,4304800
2011-05-12,54.2479133605957,80.66000366210938,80.70999908447266,79.11000061035156,79.30000305175781,6400000
2011-05-13,54.30171203613281,80.73999786376953,80.91000366210938,80.37999725341797,80.58999633789062,5220900
2011-05-16,54.57072067260742,81.13999938964844,81.25,80.44000244140625,80.44000244140625,6244100
2011-05-17,54.42950439453125,80.93000030517578,81.29000091552734,80.44000244140625,80.69999694824219,6471600
2011-05-18,54.81285858154297,81.5,81.5,80.7300033569336,80.9000015258789,4373100
2011-05-19,55.49212646484375,82.51000213623047,82.62999725341797,81.37000274658203,81.5999984741211,5909600
2011-05-20,55.371063232421875,82.33000183105469,82.8499984741211,81.98999786376953,82.79000091552734,4790700
2011-05-23,55.48540115356445,82.5,82.69999694824219,81.48999786376953,81.52999877929688,6550800
2011-05-24,55.5795783996582,82.63999938964844,83.08000183105469,82.41000366210938,82.6500015258789,6309900
2011-05-25,55.63337326049805,82.72000122070312,82.98999786376953,82.51000213623047,82.56999969482422,6589800
2011-05-26,55.438316345214844,82.43000030517578,82.97000122070312,82.19999694824219,82.87000274658203,7160900
2011-05-27,55.30280303955078,81.62000274658203,82.19999694824219,81.2699966430664,82.12999725341797,5443300
2011-05-31,55.248619079589844,81.54000091552734,82.25,81.27999877929688,82.12999725341797,7161400
2011-06-01,54.86918258666992,80.9800033569336,81.73999786376953,80.9800033569336,81.47000122070312,5700100
2011-06-02,54.71332550048828,80.75,81.2699966430664,80.45999908447266,80.94999694824219,4764400
2011-06-03,54.57102966308594,80.54000091552734,80.94999694824219,80.01000213623047,80.0999984741211,5752100
2011-06-06,54.67943572998047,80.69999694824219,81.47000122070312,80.43000030517578,80.5999984741211,6132800
2011-06-07,54.97758483886719,81.13999938964844,82.2300033569336,80.95999908447266,81.05000305175781,7248900
2011-06-08,54.984371185302734,81.1500015258789,81.5,80.0,80.18000030517578,7867600
2011-06-09,55.058902740478516,81.26000213623047,81.61000061035156,80.62000274658203,81.1500015258789,4540200
2011-06-10,54.449092864990234,80.36000061035156,81.37999725341797,80.27999877929688,81.20999908447266,5466200
2011-06-13,54.69977951049805,80.7300033569336,81.31999969482422,80.38999938964844,80.43000030517578,4376000
2011-06-14,55.2011833190918,81.47000122070312,81.8499984741211,80.80000305175781,81.05999755859375,5246300
2011-06-15,55.045345306396484,81.23999786376953,81.88999938964844,81.11000061035156,81.22000122070312,5353600
2011-06-16,55.43156051635742,81.80999755859375,81.93000030517578,80.9000015258789,81.37999725341797,5258800
2011-06-17,55.912628173828125,82.5199966430664,82.72000122070312,81.8499984741211,82.22000122070312,7279500
2011-06-20,56.02781677246094,82.69000244140625,82.97000122070312,82.11000061035156,82.31999969482422,4792800
2011-06-21,56.102333068847656,82.80000305175781,83.06999969482422,82.48999786376953,82.7699966430664,5818300
2011-06-22,56.00069808959961,82.6500015258789,83.08999633789062,82.4800033569336,82.8499984741211,4543200
2011-06-23,55.75679016113281,82.29000091552734,82.33999633789062,81.4000015258789,82.05999755859375,6677400
2011-06-24,55.4518928527832,81.83999633789062,82.6500015258789,81.72000122070312,82.29000091552734,6467700
2011-06-27,55.7771110534668,82.31999969482422,82.5,81.51000213623047,81.51000213623047,4528800
2011-06-28,57.15258026123047,84.3499984741211,84.41000366210938,82.41999816894531,82.45999908447266,8545100
2011-06-29,57.30162811279297,84.56999969482422,84.66000366210938,84.0999984741211,84.41000366210938,7181000
2011-06-30,57.13224792480469,84.31999969482422,84.91000366210938,84.23999786376953,84.69999694824219,4968000
2011-07-01,58.033409118652344,85.6500015258789,85.79000091552734,84.1500015258789,84.16000366210938,5829700
2011-07-05,58.026607513427734,85.63999938964844,85.98999786376953,85.33000183105469,85.41000366210938,5093000
2011-07-06,58.175682067871094,85.86000061035156,86.27999877929688,85.30000305175781,85.63999938964844,5810300
2011-07-07,58.31120681762695,86.05999755859375,86.29000091552734,85.66000366210938,86.0,6072300
2011-07-08,57.999534606933594,85.5999984741211,85.9000015258789,85.25,85.5999984741211,5200100
2011-07-11,57.830116271972656,85.3499984741211,85.86000061035156,85.0999984741211,85.31999969482422,5288300
2011-07-12,57.58622360229492,84.98999786376953,86.05000305175781,84.97000122070312,85.19999694824219,5498200
2011-07-13,57.565887451171875,84.95999908447266,85.76000213623047,84.80999755859375,85.25,6545200
2011-07-14,58.14182662963867,85.80999755859375,86.45999908447266,85.55999755859375,86.0199966430664,6764400
2011-07-15,57.918212890625,85.4800033569336,86.05000305175781,84.91999816894531,85.87999725341797,5892000
2011-07-18,57.8640022277832,85.4000015258789,85.93000030517578,85.1500015258789,85.4800033569336,5408100
2011-07-19,58.41285705566406,86.20999908447266,86.26000213623047,85.55999755859375,85.69999694824219,4672200
2011-07-20,58.45347595214844,86.2699966430664,86.58000183105469,85.9000015258789,86.22000122070312,4114100
2011-07-21,58.63642883300781,86.54000091552734,87.04000091552734,86.0199966430664,86.66999816894531,6107200
2011-07-22,60.00509262084961,88.55999755859375,89.56999969482422,88.44000244140625,88.5,11408600
2011-07-25,59.70697784423828,88.12000274658203,89.0,87.77999877929688,87.95999908447266,5346000
2011-07-26,59.63920974731445,88.0199966430664,88.44999694824219,87.83000183105469,88.05999755859375,4729100
2011-07-27,59.00909423828125,87.08999633789062,88.18000030517578,87.08000183105469,87.91999816894531,6668100
2011-07-28,58.79905700683594,86.77999877929688,87.7699966430664,86.66999816894531,86.98999786376953,4864300
2011-07-29,58.59577941894531,86.4800033569336,86.8499984741211,85.81999969482422,86.1500015258789,5707000
2011-08-01,58.5348014831543,86.38999938964844,87.48999786376953,85.5999984741211,87.48999786376953,4400300
2011-08-02,57.633636474609375,85.05999755859375,86.58000183105469,85.02999877929688,86.04000091552734,5604800
2011-08-03,57.9588623046875,85.54000091552734,85.80999755859375,85.0,85.11000061035156,7635100
2011-08-04,57.10514831542969,84.27999877929688,86.45999908447266,84.25,85.38999938964844,10708800
2011-08-05,57.64717102050781,85.08000183105469,85.52999877929688,82.75,84.70999908447266,12502600
2011-08-08,55.63481521606445,82.11000061035156,84.94000244140625,82.01000213623047,83.62999725341797,14499500
2011-08-09,58.24345016479492,85.95999908447266,86.02999877929688,82.56999969482422,83.45999908447266,15364200
2011-08-10,56.969627380371094,84.08000183105469,85.45999908447266,83.61000061035156,84.93000030517578,13493400
2011-08-11,58.460269927978516,86.27999877929688,86.97000122070312,84.44000244140625,84.7300033569336,11112100
2011-08-12,58.60934066772461,86.5,86.94000244140625,85.77999877929688,86.58999633789062,6531200
2011-08-15,58.82615280151367,86.81999969482422,86.87000274658203,85.76000213623047,86.81999969482422,6470400
2011-08-16,58.7244987487793,86.66999816894531,87.19000244140625,85.68000030517578,86.44999694824219,5627300
2011-08-17,59.28689956665039,87.5,87.51000213623047,86.44000244140625,87.13999938964844,5407500
2011-08-18,58.00629425048828,85.61000061035156,87.2699966430664,84.68000030517578,86.55999755859375,11373500
2011-08-19,59.10396194458008,87.2300033569336,88.43000030517578,85.81999969482422,85.81999969482422,11686500
2011-08-22,59.46304702758789,87.76000213623047,88.88999938964844,87.33000183105469,88.20999908447266,7087900
2011-08-23,60.66237258911133,89.52999877929688,89.55999755859375,87.75,87.76000213623047,6617100
2011-08-24,61.06886291503906,90.12999725341797,90.1500015258789,88.54000091552734,89.05999755859375,8174400
2011-08-25,60.10673141479492,88.70999908447266,90.45999908447266,88.36000061035156,90.05999755859375,8671900
2011-08-26,60.9333610534668,89.93000030517578,90.48999786376953,87.83000183105469,88.6500015258789,5958600
2011-08-29,61.516075134277344,90.79000091552734,90.81999969482422,90.06999969482422,90.5999984741211,6261700
2011-08-30,61.925350189208984,90.77999877929688,91.22000122070312,90.0999984741211,90.23999786376953,6311800
2011-08-31,61.67298889160156,90.41000366210938,91.19999694824219,90.0199966430664,91.05999755859375,9168400
2011-09-01,61.44103240966797,90.06999969482422,91.08999633789062,90.02999877929688,90.2699966430664,5475400
2011-09-02,60.77253723144531,89.08999633789062,89.93000030517578,89.01000213623047,89.45999908447266,5250800
2011-09-06,60.58837127685547,88.81999969482422,88.94999694824219,87.06999969482422,87.41999816894531,7198400
2011-09-07,60.90896987915039,89.29000091552734,89.4800033569336,88.62000274658203,89.4800033569336,7065300
2011-09-08,60.44511413574219,88.61000061035156,90.0,88.61000061035156,89.16000366210938,7330000
2011-09-09,58.003013610839844,85.02999877929688,86.45999908447266,83.6500015258789,86.29000091552734,18444800
2011-09-12,58.794307708740234,86.19000244140625,86.19999694824219,84.16000366210938,84.44000244140625,8271000
2011-09-13,58.74657440185547,86.12000274658203,86.30000305175781,85.16999816894531,86.16999816894531,6598700
2011-09-14,59.176326751708984,86.75,87.79000091552734,85.44000244140625,86.30000305175781,7666600
2011-09-15,60.07677459716797,88.06999969482422,88.23999786376953,87.37000274658203,87.55000305175781,6755100
2011-09-16,60.22683334350586,88.29000091552734,88.76000213623047,88.04000091552734,88.26000213623047,7594500
2011-09-19,60.581520080566406,88.80999755859375,89.22000122070312,87.54000091552734,87.61000061035156,6471600
2011-09-20,60.922611236572266,89.30999755859375,90.55999755859375,89.0,89.23999786376953,7942200
2011-09-21,59.70156478881836,87.5199966430664,89.72000122070312,87.4800033569336,89.26000213623047,5777500
2011-09-22,58.657894134521484,85.98999786376953,86.97000122070312,85.0999984741211,85.83999633789062,10785600
2011-09-23,59.59925842285156,87.37000274658203,87.8499984741211,85.75,86.0999984741211,7614900
2011-09-26,60.94308090209961,89.33999633789062,89.47000122070312,86.7300033569336,87.95999908447266,7515500
2011-09-27,61.21593475341797,89.73999786376953,91.0,89.4000015258789,90.23999786376953,8043200
2011-09-28,60.04945755004883,88.02999877929688,90.37999725341797,87.9800033569336,89.73999786376953,7027800
2011-09-29,60.561065673828125,88.77999877929688,89.81999969482422,87.37999725341797,89.44999694824219,8145900
2011-09-30,59.90618896484375,87.81999969482422,90.16999816894531,87.80999755859375,87.98999786376953,8776100
2011-10-03,58.678367614746094,86.0199966430664,87.77999877929688,86.0,87.43000030517578,9185600
2011-10-04,58.99213409423828,86.4800033569336,86.5999984741211,83.73999786376953,85.05999755859375,10700000
2011-10-05,58.54874038696289,85.83000183105469,86.7699966430664,84.9000015258789,86.66999816894531,7730400
2011-10-06,59.421878814697266,87.11000061035156,87.25,86.06999969482422,86.44999694824219,5861000
2011-10-07,59.483272552490234,87.19999694824219,87.97000122070312,86.58999633789062,87.29000091552734,5509200
2011-10-10,60.37690353393555,88.51000213623047,88.5199966430664,87.61000061035156,88.05000305175781,5136400
2011-10-11,60.94308090209961,89.33999633789062,89.88999938964844,88.66999816894531,88.83000183105469,6868200
2011-10-12,60.27457809448242,88.36000061035156,89.83000183105469,88.02999877929688,89.83000183105469,7847900
2011-10-13,60.922611236572266,89.30999755859375,89.94000244140625,88.27999877929688,88.38999938964844,4990800
2011-10-14,61.352359771728516,89.94000244140625,89.9800033569336,89.13999938964844,89.9800033569336,3702300
2011-10-17,60.4792366027832,88.66000366210938,89.9000015258789,88.51000213623047,89.41000366210938,4321700
2011-10-18,61.147708892822266,89.63999938964844,90.0,88.20999908447266,88.94999694824219,4864000
2011-10-19,61.13407516479492,89.62000274658203,90.62999725341797,89.30999755859375,89.91999816894531,5681700
2011-10-20,60.717960357666016,89.01000213623047,90.1500015258789,88.37999725341797,90.0,6969800
2011-10-21,62.97586441040039,92.31999969482422,92.44999694824219,91.08999633789062,91.22000122070312,12081700
2011-10-24,62.764408111572266,92.01000213623047,92.30999755859375,91.4000015258789,92.06999969482422,6653900
2011-10-25,62.60068130493164,91.7699966430664,92.86000061035156,91.44999694824219,91.86000061035156,6465700
2011-10-26,62.607513427734375,91.77999877929688,92.66999816894531,90.87000274658203,92.37999725341797,7046500
2011-10-27,63.787620544433594,93.51000213623047,93.83999633789062,92.01000213623047,93.30999755859375,7004300
2011-10-28,63.637550354003906,93.29000091552734,93.6500015258789,92.48999786376953,93.48999786376953,4942400
2011-10-31,63.337398529052734,92.8499984741211,93.68000030517578,92.77999877929688,92.77999877929688,4544600
2011-11-01,62.696205139160156,91.91000366210938,93.38999938964844,91.70999908447266,92.30999755859375,6503500
2011-11-02,63.1191520690918,92.52999877929688,92.83000183105469,91.66999816894531,92.33000183105469,5421700
2011-11-03,63.43975067138672,93.0,93.1500015258789,92.27999877929688,92.83000183105469,5245400
2011-11-04,63.99229049682617,93.80999755859375,93.83000183105469,92.30000305175781,92.83999633789062,5612500
2011-11-07,64.5448226928711,94.62000274658203,94.69999694824219,93.22000122070312,93.91999816894531,4646700
2011-11-08,64.53117370605469,94.5999984741211,95.44999694824219,93.83999633789062,94.95999908447266,7195500
2011-11-09,63.20100021362305,92.6500015258789,93.95999908447266,92.3499984741211,93.41000366210938,6666000
2011-11-10,63.61709976196289,93.26000213623047,93.48999786376953,92.58999633789062,93.27999877929688,4189400
2011-11-11,64.64031982421875,94.76000213623047,94.94999694824219,93.86000061035156,93.93000030517578,4425500
2011-11-14,64.16280364990234,94.05999755859375,94.80000305175781,93.86000061035156,94.3499984741211,3232200
2011-11-15,64.44251251220703,94.47000122070312,94.91000366210938,93.69999694824219,93.87000274658203,5577300
2011-11-16,63.542057037353516,93.1500015258789,94.33000183105469,93.06999969482422,93.91000366210938,3915600
2011-11-17,62.95541000366211,92.29000091552734,93.55000305175781,91.72000122070312,93.13999938964844,5435000
2011-11-18,63.262359619140625,92.73999786376953,93.0,92.19000244140625,92.55999755859375,4791500
2011-11-21,62.948585510253906,92.27999877929688,92.62000274658203,91.22000122070312,92.02999877929688,5869400
2011-11-22,63.20100021362305,92.6500015258789,93.13999938964844,91.80999755859375,91.9000015258789,4695700
2011-11-23,62.668941497802734,91.87000274658203,92.5,91.69999694824219,92.31999969482422,4555800
2011-11-25,62.82578659057617,92.0999984741211,92.44999694824219,91.80000305175781,91.87000274658203,2452400
2011-11-28,63.958160400390625,93.76000213623047,93.98999786376953,93.06999969482422,93.19000244140625,6101200
2011-11-29,64.23309326171875,93.45999908447266,93.79000091552734,93.11000061035156,93.54000091552734,5648300
2011-11-30,65.64886474609375,95.5199966430664,95.54000091552734,94.63999938964844,94.8499984741211,7683300
2011-12-01,65.63512420654297,95.5,95.87999725341797,95.22000122070312,95.44000244140625,4860300
2011-12-02,65.77259063720703,95.69999694824219,96.47000122070312,95.31999969482422,96.37000274658203,4023100
2011-12-05,65.53205108642578,95.3499984741211,96.58999633789062,95.08000183105469,96.41999816894531,5906900
2011-12-06,65.98564147949219,96.01000213623047,96.2699966430664,94.81999969482422,95.47000122070312,5346500
2011-12-07,66.28804779052734,96.44999694824219,96.6500015258789,95.5,95.83000183105469,5137800
2011-12-08,66.61105346679688,96.91999816894531,98.29000091552734,96.72000122070312,97.02999877929688,8123000
2011-12-09,67.37394714355469,98.02999877929688,98.43000030517578,97.62000274658203,97.66999816894531,5721200
2011-12-12,67.68323516845703,98.4800033569336,98.52999877929688,97.19999694824219,97.66999816894531,5804900
2011-12-13,67.35330963134766,98.0,98.94999694824219,97.76000213623047,98.73999786376953,6862400
2011-12-14,67.0853042602539,97.61000061035156,98.45999908447266,97.16000366210938,97.76000213623047,6347200
2011-12-15,67.44954681396484,98.13999938964844,98.77999877929688,97.86000061035156,98.51000213623047,5558600
2011-12-16,67.00279235839844,97.48999786376953,98.62000274658203,97.08000183105469,98.54000091552734,8867300
2011-12-19,66.83097076416016,97.23999786376953,98.37000274658203,96.9800033569336,97.91999816894531,5169500
2011-12-20,67.91690063476562,98.81999969482422,98.91999816894531,97.93000030517578,98.06999969482422,5981100
2011-12-21,68.17808532714844,99.19999694824219,99.5,98.69999694824219,98.9800033569336,5414500
2011-12-22,67.76567840576172,98.5999984741211,99.3499984741211,98.55000305175781,99.23999786376953,4752500
2011-12-23,68.83098602294922,100.1500015258789,100.1500015258789,98.76000213623047,98.83999633789062,3516800
2011-12-27,69.10589599609375,100.55000305175781,100.81999969482422,100.0,100.16999816894531,3052100
2011-12-28,68.43919372558594,99.58000183105469,100.75,99.45999908447266,100.7300033569336,3111600
2011-12-29,69.28459167480469,100.80999755859375,101.0,99.5999984741211,99.75,3986200
2011-12-30,68.95468139648438,100.33000183105469,100.81999969482422,100.05999755859375,100.43000030517578,2957200
2012-01-03,67.93063354492188,98.83999633789062,101.58999633789062,98.75,101.33000183105469,8895900
2012-01-04,68.30863952636719,99.38999938964844,100.30000305175781,98.76000213623047,99.11000061035156,6754700
2012-01-05,68.61106872558594,99.83000183105469,100.4000015258789,98.68000030517578,99.47000122070312,8163800
2012-01-06,69.14024353027344,100.5999984741211,100.7699966430664,99.87000274658203,100.08999633789062,6775300
2012-01-09,68.48046875,99.63999938964844,100.93000030517578,99.51000213623047,100.87999725341797,4433700
2012-01-10,68.52172088623047,99.69999694824219,100.44999694824219,99.3499984741211,100.23999786376953,5075400
2012-01-11,68.67977905273438,99.93000030517578,100.11000061035156,99.3499984741211,99.62000274658203,4622500
2012-01-12,69.11962127685547,100.56999969482422,100.6500015258789,100.06999969482422,100.37000274658203,4022700
2012-01-13,68.96843719482422,100.3499984741211,100.43000030517578,99.61000061035156,100.18000030517578,4134800
2012-01-17,69.10589599609375,100.55000305175781,101.19999694824219,100.05000305175781,100.58999633789062,4555800
2012-01-18,69.800048828125,101.55999755859375,101.87000274658203,100.73999786376953,100.9000015258789,4844500
2012-01-19,69.59386444091797,101.26000213623047,101.80000305175781,100.69999694824219,101.7699966430664,4763300
2012-01-20,69.9237289428711,101.73999786376953,102.22000122070312,101.2699966430664,101.38999938964844,5630400
2012-01-23,69.38079071044922,100.94999694824219,101.88999938964844,100.04000091552734,101.70999908447266,6059700
2012-01-24,67.86880493164062,98.75,101.0199966430664,98.41000366210938,101.0199966430664,11654100
2012-01-25,68.19867706298828,99.2300033569336,99.51000213623047,98.05000305175781,98.41000366210938,7544000
2012-01-26,68.16432189941406,99.18000030517578,99.70999908447266,98.69000244140625,99.54000091552734,4607100
2012-01-27,67.82754516601562,98.69000244140625,98.94000244140625,98.3499984741211,98.56999969482422,5135000
2012-01-30,67.82754516601562,98.69000244140625,98.80999755859375,97.69999694824219,98.04000091552734,6104900
2012-01-31,68.07496643066406,99.05000305175781,99.26000213623047,98.25,99.04000091552734,6574200
2012-02-01,67.62824249267578,98.4000015258789,99.48999786376953,98.36000061035156,99.45999908447266,6141300
2012-02-02,67.77945709228516,98.62000274658203,98.81999969482422,98.26000213623047,98.26000213623047,3984000
2012-02-03,68.73474884033203,100.01000213623047,100.2699966430664,99.04000091552734,99.18000030517578,5600900
2012-02-06,68.37737274169922,99.48999786376953,100.0,99.33999633789062,99.95999908447266,3486600
2012-02-07,69.35330200195312,100.91000366210938,101.18000030517578,99.55999755859375,99.56999969482422,6029900
2012-02-08,68.76225280761719,100.05000305175781,101.29000091552734,99.5999984741211,101.12000274658203,5433600
2012-02-09,68.72100067138672,99.98999786376953,100.45999908447266,99.69999694824219,100.05999755859375,3608800
2012-02-10,68.36360168457031,99.47000122070312,99.66000366210938,98.94000244140625,99.5199966430664,3874700
2012-02-13,68.4873046875,99.6500015258789,99.91999816894531,99.27999877929688,99.72000122070312,2971100
2012-02-14,68.4186019897461,99.55000305175781,99.63999938964844,98.94999694824219,99.51000213623047,3520800
2012-02-15,67.77256774902344,98.61000061035156,99.75,98.30999755859375,99.66000366210938,5260500
2012-02-16,68.21927642822266,99.26000213623047,99.44000244140625,98.36000061035156,98.36000061035156,3996300
2012-02-17,68.72100067138672,99.98999786376953,100.25,99.41000366210938,99.66000366210938,4931700
2012-02-21,69.06465148925781,100.48999786376953,100.75,100.0,100.12000274658203,4474800
2012-02-22,69.18148803710938,100.66000366210938,100.75,100.1500015258789,100.1500015258789,3918900
2012-02-23,69.28459167480469,100.80999755859375,101.04000091552734,100.4000015258789,100.80999755859375,4166500
2012-02-24,68.94781494140625,100.31999969482422,100.76000213623047,100.05000305175781,100.76000213623047,3661800
2012-02-27,68.9753189086914,100.36000061035156,100.75,99.5,100.02999877929688,4044500
2012-02-28,69.05833435058594,99.77999877929688,100.0999984741211,99.5,99.7699966430664,4365800
2012-02-29,68.71227264404297,99.27999877929688,99.87999725341797,99.26000213623047,99.86000061035156,5461000
2012-03-01,68.6915283203125,99.25,99.68000030517578,99.13999938964844,99.27999877929688,4086100
2012-03-02,68.86457061767578,99.5,99.63999938964844,98.95999908447266,99.2699966430664,4311700
2012-03-05,69.16905212402344,99.94000244140625,100.3499984741211,98.83999633789062,99.41999816894531,6313200
2012-03-06,69.13451385498047,99.88999938964844,100.19999694824219,99.0999984741211,99.18000030517578,6713900
2012-03-07,69.33521270751953,100.18000030517578,100.44000244140625,99.54000091552734,100.0,5873500
2012-03-08,67.10661315917969,96.95999908447266,97.6500015258789,96.45999908447266,97.0,16841200
2012-03-09,67.02357482910156,96.83999633789062,97.5999984741211,96.52999877929688,97.44999694824219,7808700
2012-03-12,66.89897155761719,96.66000366210938,97.4800033569336,96.58000183105469,97.05000305175781,4503100
2012-03-13,66.9820327758789,96.77999877929688,97.29000091552734,96.37000274658203,96.98999786376953,6350900
2012-03-14,67.33502197265625,97.29000091552734,97.44000244140625,96.68000030517578,96.69000244140625,7209100
2012-03-15,67.85409545898438,98.04000091552734,98.19000244140625,97.1500015258789,97.1500015258789,5768200
2012-03-16,67.59111022949219,97.66000366210938,98.55000305175781,97.56999969482422,98.41999816894531,7337000
2012-03-19,67.63953399658203,97.7300033569336,98.0999984741211,97.31999969482422,97.36000061035156,4634500
2012-03-20,67.58418273925781,97.6500015258789,97.8499984741211,97.06999969482422,97.45999908447266,4757100
2012-03-21,66.94050598144531,96.72000122070312,97.81999969482422,96.72000122070312,97.52999877929688,6038600
2012-03-22,66.30378723144531,95.80000305175781,96.4800033569336,95.7699966430664,96.12999725341797,7721200
2012-03-23,66.1307373046875,95.55000305175781,95.94000244140625,95.12999725341797,95.91000366210938,6041500
2012-03-26,67.113525390625,96.97000122070312,97.02999877929688,96.0999984741211,96.16000366210938,5644100
2012-03-27,67.36961364746094,97.33999633789062,97.83000183105469,97.06999969482422,97.29000091552734,4877500
2012-03-28,67.18968200683594,97.08000183105469,97.83999633789062,97.05999755859375,97.5199966430664,5055400
2012-03-29,67.5772476196289,97.63999938964844,97.69999694824219,96.93000030517578,96.94999694824219,4103600
2012-03-30,67.89559936523438,98.0999984741211,98.25,97.76000213623047,97.87999725341797,4429500
2012-04-02,68.07557678222656,98.36000061035156,98.80999755859375,97.68000030517578,97.81999969482422,4603000
2012-04-03,68.79534912109375,99.4000015258789,99.41000366210938,98.30000305175781,98.30999755859375,5422200
2012-04-04,67.46650695800781,97.4800033569336,98.56999969482422,97.1500015258789,98.25,7768300
2012-04-05,68.25553131103516,98.62000274658203,98.66000366210938,97.06999969482422,97.12999725341797,5469400
2012-04-09,68.43546295166016,98.87999725341797,99.5,97.63999938964844,97.73999786376953,6712700
2012-04-10,67.59801483154297,97.66999816894531,98.77999877929688,97.30999755859375,98.77999877929688,7581600
2012-04-11,68.21400451660156,98.55999755859375,98.7300033569336,97.5,98.29000091552734,6366600
2012-04-12,67.5772476196289,97.63999938964844,98.75,97.3499984741211,98.72000122070312,5763900
2012-04-13,67.113525390625,96.97000122070312,97.80000305175781,96.95999908447266,97.5199966430664,5223700
2012-04-16,66.84362030029297,96.58000183105469,97.9000015258789,96.31999969482422,97.08999633789062,6236300
2012-04-17,67.21044158935547,97.11000061035156,97.58000183105469,96.91000366210938,96.91999816894531,7592700
2012-04-18,67.36961364746094,97.33999633789062,97.9800033569336,97.0199966430664,97.0199966430664,5388700
2012-04-19,65.94387817382812,95.27999877929688,97.23999786376953,94.12999725341797,97.16000366210938,13939100
2012-04-20,66.40066528320312,95.94000244140625,97.7699966430664,95.6500015258789,96.91000366210938,11021200
2012-04-23,65.881591796875,95.19000244140625,95.93000030517578,94.8499984741211,95.77999877929688,5217500
2012-04-24,65.46632385253906,94.58999633789062,95.44999694824219,94.1500015258789,95.01000213623047,6223800
2012-04-25,65.90235900878906,95.22000122070312,95.23999786376953,94.77999877929688,95.1500015258789,5699600
2012-04-26,66.32453918457031,95.83000183105469,96.06999969482422,94.94000244140625,94.94000244140625,4741200
2012-04-27,67.39732360839844,97.37999725341797,97.52999877929688,95.80000305175781,96.2300033569336,7373300
2012-04-30,67.44573211669922,97.44999694824219,97.75,97.08999633789062,97.61000061035156,4507200
2012-05-01,67.2727279663086,97.19999694824219,98.01000213623047,97.12999725341797,97.2300033569336,5297900
2012-05-02,67.48725891113281,97.51000213623047,97.70999908447266,96.9000015258789,96.9000015258789,4348300
2012-05-03,67.16197204589844,97.04000091552734,97.58000183105469,96.79000091552734,97.47000122070312,3935200
2012-05-04,66.35221862792969,95.87000274658203,96.8499984741211,95.75,96.8499984741211,4688500
2012-05-07,66.10305786132812,95.51000213623047,96.02999877929688,95.19999694824219,95.7300033569336,5089700
2012-05-08,64.74654388427734,93.55000305175781,94.87000274658203,92.97000122070312,93.9000015258789,12379500
2012-05-09,63.62533187866211,91.93000030517578,93.08999633789062,91.55999755859375,92.98999786376953,8975700
2012-05-10,63.58380126953125,91.87000274658203,92.7300033569336,91.7300033569336,92.69999694824219,7129500
2012-05-11,63.604549407958984,91.9000015258789,92.5999984741211,91.66999816894531,91.69000244140625,5366500
2012-05-14,62.89860153198242,90.87999725341797,91.69000244140625,90.66000366210938,91.54000091552734,6050000
2012-05-15,62.988590240478516,91.01000213623047,91.73999786376953,90.8499984741211,90.98999786376953,4890300
2012-05-16,63.27927780151367,91.43000030517578,91.69000244140625,90.9800033569336,91.12000274658203,4949100
2012-05-17,62.02656173706055,89.62000274658203,91.58000183105469,89.5,91.27999877929688,9094100
2012-05-18,62.18574523925781,89.8499984741211,91.11000061035156,89.69000244140625,90.20999908447266,7990700
2012-05-21,63.168521881103516,91.2699966430664,91.31999969482422,89.88999938964844,90.01000213623047,6622500
2012-05-22,63.21696853637695,91.33999633789062,91.95999908447266,91.0,91.95999908447266,5063400
2012-05-23,63.313865661621094,91.4800033569336,91.56999969482422,90.66999816894531,90.97000122070312,4236500
2012-05-24,63.34848403930664,91.52999877929688,92.11000061035156,90.83000183105469,91.86000061035156,5010000
2012-05-25,63.01627731323242,91.05000305175781,91.80000305175781,90.80999755859375,91.6500015258789,3681300
2012-05-29,62.9124641418457,90.9000015258789,91.7300033569336,90.26000213623047,91.41000366210938,5380300
2012-05-30,62.36568832397461,90.11000061035156,90.5199966430664,89.8499984741211,90.4000015258789,5375600
2012-05-31,62.31686019897461,89.33999633789062,90.26000213623047,89.26000213623047,89.88999938964844,6816400
2012-06-01,60.48236083984375,86.70999908447266,88.12999725341797,86.5,87.47000122070312,10832500
2012-06-04,60.210323333740234,86.31999969482422,86.77999877929688,86.01000213623047,86.5999984741211,7035200
2012-06-05,60.740478515625,87.08000183105469,87.41000366210938,86.01000213623047,86.22000122070312,7237300
2012-06-06,61.842559814453125,88.66000366210938,88.66000366210938,87.44000244140625,87.91999816894531,5936000
2012-06-07,61.64720153808594,88.37999725341797,89.77999877929688,88.01000213623047,89.5999984741211,8321500
2012-06-08,61.207794189453125,87.75,88.2699966430664,85.91999816894531,86.4000015258789,12060100
2012-06-11,60.398651123046875,86.58999633789062,89.05000305175781,86.58999633789062,88.9800033569336,9511900
2012-06-12,61.0403938293457,87.51000213623047,87.58999633789062,86.66999816894531,87.0,7762000
2012-06-13,61.361270904541016,87.97000122070312,88.94000244140625,86.87999725341797,86.94999694824219,8838500
2012-06-14,62.5819091796875,89.72000122070312,89.91999816894531,88.12000274658203,88.48999786376953,7646300
2012-06-15,63.12598419189453,90.5,90.76000213623047,89.7300033569336,90.13999938964844,9516800
2012-06-18,62.94462585449219,90.23999786376953,90.62000274658203,89.91999816894531,90.5999984741211,6343400
2012-06-19,62.49821472167969,89.5999984741211,90.25,89.20999908447266,89.97000122070312,7601600
2012-06-20,61.8355712890625,88.6500015258789,89.66999816894531,88.16000366210938,89.58999633789062,7917500
2012-06-21,61.131046295166016,87.63999938964844,89.1500015258789,87.52999877929688,89.08999633789062,5762200
2012-06-22,61.626312255859375,88.3499984741211,88.58999633789062,87.9800033569336,88.19000244140625,5325400
2012-06-25,61.46590042114258,88.12000274658203,88.33000183105469,87.69999694824219,88.0,4524400
2012-06-26,62.14948654174805,89.0999984741211,89.43000030517578,88.55000305175781,88.56999969482422,4488500
2012-06-27,61.612396240234375,88.33000183105469,89.5,88.04000091552734,89.26000213623047,5940300
2012-06-28,61.507720947265625,88.18000030517578,88.26000213623047,87.37999725341797,88.0199966430664,4922600
2012-06-29,61.75187301635742,88.52999877929688,89.19000244140625,88.05999755859375,89.08000183105469,6364700
2012-07-02,61.43798065185547,88.08000183105469,88.41000366210938,87.6500015258789,88.41000366210938,5088100
2012-07-03,61.786720275878906,88.58000183105469,88.7300033569336,87.94999694824219,88.20999908447266,4597000
2012-07-05,62.28895950317383,89.30000305175781,89.9800033569336,88.69999694824219,88.79000091552734,5794300
2012-07-06,62.5400390625,89.66000366210938,89.93000030517578,89.11000061035156,89.22000122070312,4533200
2012-07-09,62.637718200683594,89.80000305175781,89.94999694824219,89.33000183105469,89.63999938964844,3785000
2012-07-10,62.95161056518555,90.25,90.87000274658203,89.6500015258789,90.02999877929688,6615500
2012-07-11,62.44940948486328,89.52999877929688,90.80999755859375,89.0,90.68000030517578,6230300
2012-07-12,64.12345886230469,91.93000030517578,92.5,89.19000244140625,89.2699966430664,11741900
2012-07-13,64.37454223632812,92.29000091552734,92.69000244140625,92.06999969482422,92.2699966430664,6163500
2012-07-16,63.92817306518555,91.6500015258789,92.2699966430664,91.5,92.1500015258789,3601300
2012-07-17,64.09554290771484,91.88999938964844,92.3499984741211,91.20999908447266,91.98999786376953,3753800
2012-07-18,64.32573699951172,92.22000122070312,92.2300033569336,91.0,91.44000244140625,5962700
2012-07-19,64.70242309570312,92.76000213623047,93.31999969482422,92.05000305175781,92.58999633789062,7430800
2012-07-20,63.879310607910156,91.58000183105469,92.29000091552734,91.4000015258789,92.08999633789062,7269800
2012-07-23,62.037841796875,88.94000244140625,89.8499984741211,88.25,89.22000122070312,12127900
2012-07-24,61.42402648925781,88.05999755859375,89.47000122070312,87.62000274658203,89.16000366210938,7036800
2012-07-25,61.41008377075195,88.04000091552734,88.45999908447266,87.83999633789062,88.36000061035156,4262200
2012-07-26,62.079708099365234,89.0,89.47000122070312,88.58999633789062,89.19000244140625,4517500
2012-07-27,62.21223831176758,89.19000244140625,89.69000244140625,88.6500015258789,89.33999633789062,5932500
2012-07-30,62.309879302978516,89.33000183105469,89.66999816894531,89.12000274658203,89.31999969482422,4431600
2012-07-31,62.33082580566406,89.36000061035156,89.76000213623047,88.80999755859375,89.11000061035156,4596900
2012-08-01,62.37962341308594,89.43000030517578,89.8499984741211,89.30000305175781,89.48999786376953,4133600
2012-08-02,62.49124526977539,89.58999633789062,89.69000244140625,88.55999755859375,89.06999969482422,4332700
2012-08-03,62.49124526977539,89.58999633789062,90.36000061035156,89.29000091552734,90.16999816894531,4873000
2012-08-06,62.56100082397461,89.69000244140625,90.43000030517578,89.5,89.7699966430664,3490200
2012-08-07,62.086666107177734,89.01000213623047,90.12000274658203,88.97000122070312,89.70999908447266,5341900
2012-08-08,61.05434036254883,87.52999877929688,87.9800033569336,86.1500015258789,86.87000274658203,14424800
2012-08-09,60.78927230834961,87.1500015258789,87.95999908447266,87.08999633789062,87.58000183105469,6023500
2012-08-10,61.521671295166016,88.19999694824219,88.2300033569336,87.19999694824219,87.25,5747400
2012-08-13,61.312435150146484,87.9000015258789,88.4800033569336,87.72000122070312,88.45999908447266,4308100
2012-08-14,61.46590042114258,88.12000274658203,88.27999877929688,87.91999816894531,88.06999969482422,3828200
2012-08-15,61.24964141845703,87.80999755859375,88.38999938964844,87.75,88.2699966430664,4346200
2012-08-16,61.005531311035156,87.45999908447266,88.05000305175781,87.44000244140625,87.94000244140625,5568000
2012-08-17,60.93577575683594,87.36000061035156,87.86000061035156,87.27999877929688,87.68000030517578,6704300
2012-08-20,61.50075912475586,88.16999816894531,88.22000122070312,87.16000366210938,87.16999816894531,4823500
2012-08-21,61.7448844909668,88.5199966430664,89.0,88.05000305175781,88.26000213623047,4414200
2012-08-22,61.76581954956055,88.55000305175781,88.80000305175781,88.26000213623047,88.62999725341797,4269000
2012-08-23,61.55656814575195,88.25,88.94999694824219,88.12999725341797,88.66000366210938,3005900
2012-08-24,62.02388381958008,88.91999816894531,89.0,88.0999984741211,88.20999908447266,3508000
2012-08-27,62.456363677978516,89.54000091552734,89.81999969482422,89.01000213623047,89.12999725341797,4313800
2012-08-28,62.17734146118164,89.13999938964844,89.75,88.95999908447266,89.44000244140625,4428700
2012-08-29,62.53312301635742,89.6500015258789,89.80999755859375,89.01000213623047,89.08999633789062,4292200
2012-08-30,62.357337951660156,88.69999694824219,89.0199966430664,88.5999984741211,88.83999633789062,4567900
2012-08-31,62.91270446777344,89.48999786376953,89.86000061035156,88.9000015258789,89.04000091552734,6063800
2012-09-04,62.60340118408203,89.05000305175781,89.51000213623047,88.70999908447266,89.51000213623047,4287000
2012-09-05,62.61042785644531,89.05999755859375,89.45999908447266,88.8499984741211,89.30000305175781,3597800
2012-09-06,63.742271423339844,90.66999816894531,90.79000091552734,89.55999755859375,89.58999633789062,5925100
2012-09-07,63.98831558227539,91.0199966430664,91.08000183105469,90.41999816894531,91.08000183105469,4889600
2012-09-10,64.18516540527344,91.30000305175781,91.5,90.9000015258789,90.94999694824219,5008200
2012-09-11,64.11490631103516,91.19999694824219,92.0999984741211,91.16999816894531,91.87000274658203,5595500
2012-09-12,63.84770584106445,90.81999969482422,91.6500015258789,90.61000061035156,91.47000122070312,5363400
2012-09-13,64.3750228881836,91.56999969482422,91.88999938964844,90.54000091552734,90.54000091552734,5666500
2012-09-14,64.4664077758789,91.69999694824219,92.12000274658203,91.47000122070312,91.87000274658203,6395000
2012-09-17,64.77572631835938,92.13999938964844,92.43000030517578,91.72000122070312,91.75,5294600
2012-09-18,65.43656158447266,93.08000183105469,93.0999984741211,92.0,92.04000091552734,5272900
2012-09-19,65.26078796386719,92.83000183105469,93.44999694824219,92.76000213623047,93.23999786376953,3979900
2012-09-20,65.48576354980469,93.1500015258789,93.19999694824219,92.75,92.77999877929688,3981400
2012-09-21,65.87942504882812,93.70999908447266,93.91000366210938,93.38999938964844,93.62999725341797,7247700
2012-09-24,65.87942504882812,93.70999908447266,93.91999816894531,93.16000366210938,93.33000183105469,3722000
2012-09-25,65.28187561035156,92.86000061035156,94.0,92.81999969482422,93.91000366210938,4714600
2012-09-26,65.52091217041016,93.19999694824219,93.3499984741211,92.87999725341797,92.88999938964844,4392000
2012-09-27,65.57011413574219,93.2699966430664,93.62999725341797,93.12000274658203,93.37999725341797,3840400
2012-09-28,64.50154876708984,91.75,92.01000213623047,90.4000015258789,92.01000213623047,9523600
2012-10-01,64.67027282714844,91.98999786376953,92.5,91.88999938964844,92.11000061035156,4939800
2012-10-02,63.92505645751953,90.93000030517578,92.2300033569336,90.72000122070312,92.16999816894531,5979500
2012-10-03,63.51729965209961,90.3499984741211,91.25,90.2699966430664,91.0999984741211,6337400
2012-10-04,63.995365142822266,91.02999877929688,91.19000244140625,90.58999633789062,90.9000015258789,4478300
2012-10-05,63.974273681640625,91.0,91.55999755859375,90.69999694824219,91.48999786376953,4166200
2012-10-08,64.35391235351562,91.54000091552734,91.6500015258789,90.80999755859375,90.97000122070312,3894900
2012-10-09,64.75460815429688,92.11000061035156,92.5999984741211,91.41999816894531,91.45999908447266,7048900
2012-10-10,64.95848083496094,92.4000015258789,93.37000274658203,92.36000061035156,92.94000244140625,6712100
2012-10-11,64.93035125732422,92.36000061035156,93.0,92.36000061035156,92.66000366210938,4274400
2012-10-12,65.03583526611328,92.51000213623047,92.69999694824219,92.3499984741211,92.56999969482422,3411100
2012-10-15,65.73180389404297,93.5,93.73999786376953,92.6500015258789,92.77999877929688,5630700
2012-10-16,66.14656829833984,94.08999633789062,94.08999633789062,93.63999938964844,93.97000122070312,4678900
2012-10-17,65.85835266113281,93.68000030517578,94.16000366210938,93.25,93.95999908447266,5623700
2012-10-18,65.28187561035156,92.86000061035156,93.75,92.61000061035156,93.66999816894531,6817600
2012-10-19,62.37140655517578,88.72000122070312,90.25,88.55000305175781,90.06999969482422,19495400
2012-10-22,62.18157196044922,88.44999694824219,89.08000183105469,87.8499984741211,88.86000061035156,8142400
2012-10-23,61.837093353271484,87.95999908447266,88.37999725341797,87.31999969482422,88.0199966430664,7763800
2012-10-24,61.359039306640625,87.27999877929688,88.44999694824219,87.08999633789062,88.44999694824219,6498000
2012-10-25,61.39420700073242,87.33000183105469,87.79000091552734,86.97000122070312,87.77999877929688,4978800
2012-10-26,60.95833969116211,86.70999908447266,87.55999755859375,86.62000274658203,87.45999908447266,7684500
2012-10-31,61.02162170410156,86.80000305175781,87.54000091552734,86.37000274658203,87.4800033569336,6899300
2012-11-01,61.02162170410156,86.80000305175781,87.0999984741211,86.4000015258789,87.0,7374900
2012-11-02,61.06379699707031,86.86000061035156,87.9000015258789,86.76000213623047,87.3499984741211,7908400
2012-11-05,61.485618591308594,87.45999908447266,87.62999725341797,86.69999694824219,86.97000122070312,5039100
2012-11-06,61.84415054321289,87.97000122070312,88.12999725341797,87.62999725341797,87.73999786376953,5581600
2012-11-07,61.06379699707031,86.86000061035156,87.9800033569336,86.69999694824219,87.80999755859375,5971900
2012-11-08,59.84757995605469,85.12999725341797,87.0,84.95999908447266,86.38999938964844,11398400
2012-11-09,59.57339859008789,84.73999786376953,85.0999984741211,84.05000305175781,84.47000122070312,11030400
2012-11-12,59.67182540893555,84.87999725341797,85.30000305175781,84.5999984741211,84.94999694824219,4101900
2012-11-13,59.503108978271484,84.63999938964844,85.27999877929688,84.5199966430664,84.76000213623047,4842300
2012-11-14,59.48904800415039,84.62000274658203,85.61000061035156,84.18000030517578,84.8499984741211,8157000
2012-11-15,59.08833312988281,84.05000305175781,84.73999786376953,83.61000061035156,84.38999938964844,7639100
2012-11-16,59.13753128051758,84.12000274658203,84.38999938964844,83.30999755859375,84.16999816894531,6909300
2012-11-19,59.78430938720703,85.04000091552734,85.05000305175781,84.37000274658203,84.54000091552734,5559800
2012-11-20,60.234222412109375,85.68000030517578,86.16999816894531,85.0999984741211,85.16999816894531,5822800
2012-11-21,60.46624755859375,86.01000213623047,86.26000213623047,85.29000091552734,86.05999755859375,3900700
2012-11-23,61.1973876953125,87.05000305175781,87.06999969482422,86.55999755859375,86.7699966430664,2474400
2012-11-26,60.6279296875,86.23999786376953,86.66999816894531,85.80000305175781,86.52999877929688,5619200
2012-11-27,60.402950286865234,85.91999816894531,86.45999908447266,85.81999969482422,86.23999786376953,4633200
2012-11-28,60.82476806640625,86.5199966430664,86.66000366210938,85.69000244140625,85.91000366210938,7155400
2012-11-29,61.349693298339844,86.48999786376953,86.9800033569336,86.0999984741211,86.44000244140625,4873900
2012-11-30,61.73980712890625,87.04000091552734,87.30999755859375,85.94999694824219,86.08000183105469,7369800
2012-12-03,61.75400161743164,87.05999755859375,87.43000030517578,86.76000213623047,87.41999816894531,6638100
2012-12-04,61.85330581665039,87.19999694824219,87.37999725341797,86.2699966430664,86.63999938964844,6109700
2012-12-05,61.690147399902344,86.97000122070312,87.97000122070312,86.7300033569336,87.43000030517578,5349700
2012-12-06,62.48458480834961,88.08999633789062,88.38999938964844,87.0999984741211,87.11000061035156,6580200
2012-12-07,62.76126480102539,88.4800033569336,89.13999938964844,88.19999694824219,89.08999633789062,8086500
2012-12-10,63.4209098815918,89.41000366210938,90.16999816894531,89.01000213623047,89.97000122070312,9276400
2012-12-11,63.56985855102539,89.62000274658203,89.80999755859375,89.0,89.76000213623047,7333000
2012-12-12,63.349945068359375,89.30999755859375,89.98999786376953,89.19999694824219,89.87000274658203,4219500
2012-12-13,63.25067138671875,89.16999816894531,89.7300033569336,88.93000030517578,89.2699966430664,4639700
2012-12-14,63.04498291015625,88.87999725341797,89.38999938964844,88.5,88.83999633789062,4364600
2012-12-17,63.77556610107422,89.91000366210938,89.93000030517578,89.01000213623047,89.13999938964844,5956500
2012-12-18,64.20826721191406,90.5199966430664,90.80000305175781,89.91999816894531,89.98999786376953,5340500
2012-12-19,63.63370895385742,89.70999908447266,90.8499984741211,89.69999694824219,90.7300033569336,5152900
2012-12-20,63.86781311035156,90.04000091552734,90.12000274658203,89.44999694824219,89.97000122070312,4298900
2012-12-21,63.96708679199219,90.18000030517578,90.19000244140625,89.11000061035156,89.6500015258789,10730000
2012-12-24,63.3358039855957,89.29000091552734,89.69000244140625,89.0999984741211,89.58999633789062,2375000
2012-12-26,62.945648193359375,88.73999786376953,89.37000274658203,88.38999938964844,89.12000274658203,3054000
2012-12-27,62.93147659301758,88.72000122070312,89.12999725341797,87.76000213623047,88.9000015258789,4576600
2012-12-28,62.12284469604492,87.58000183105469,88.54000091552734,87.47000122070312,88.23999786376953,3725600
2012-12-31,62.569698333740234,88.20999908447266,88.25,86.80999755859375,87.41999816894531,6236600
2013-01-02,63.92454147338867,90.12000274658203,90.3499984741211,89.33000183105469,89.4000015258789,7377200
2013-01-03,64.28630065917969,90.62999725341797,90.69999694824219,90.16000366210938,90.30999755859375,5473500
2013-01-04,63.733036041259766,89.8499984741211,90.79000091552734,89.66999816894531,90.62000274658203,5374100
2013-01-07,64.48487091064453,90.91000366210938,91.05000305175781,89.25,89.7699966430664,5820900
2013-01-08,64.50617980957031,90.94000244140625,90.95999908447266,89.97000122070312,90.54000091552734,6285200
2013-01-09,64.41397094726562,90.80999755859375,91.23999786376953,90.36000061035156,90.80000305175781,4822100
2013-01-10,64.83248138427734,91.4000015258789,91.63999938964844,91.02999877929688,91.3499984741211,4393300
2013-01-11,65.06654357910156,91.7300033569336,91.9800033569336,91.05000305175781,91.94000244140625,3692600
2013-01-14,64.92467498779297,91.52999877929688,92.12000274658203,91.43000030517578,91.76000213623047,3828100
2013-01-15,64.91050720214844,91.51000213623047,91.62999725341797,90.86000061035156,91.11000061035156,3910400
2013-01-16,64.61966705322266,91.0999984741211,91.31999969482422,90.91000366210938,91.12999725341797,2925800
2013-01-17,65.08784484863281,91.76000213623047,92.0999984741211,91.30999755859375,91.44999694824219,4044600
2013-01-18,65.4424819946289,92.26000213623047,92.30000305175781,91.8499984741211,92.06999969482422,5579900
2013-01-22,65.93193054199219,92.94999694824219,93.33000183105469,91.80999755859375,92.1500015258789,6967300
2013-01-23,66.30789184570312,93.4800033569336,93.75,92.25,93.44999694824219,9368000
2013-01-24,66.18728637695312,93.30999755859375,93.5999984741211,93.0199966430664,93.58000183105469,5157200
2013-01-25,66.47810363769531,93.72000122070312,93.94000244140625,93.27999877929688,93.30999755859375,5461600
2013-01-28,66.93209075927734,94.36000061035156,94.58000183105469,93.63999938964844,93.94000244140625,4564600
2013-01-29,67.32929992675781,94.91999816894531,94.98999786376953,94.05000305175781,94.1500015258789,4929700
2013-01-30,67.1519546508789,94.66999816894531,95.0999984741211,94.43000030517578,94.87999725341797,4657600
2013-01-31,67.59175872802734,95.29000091552734,95.29000091552734,94.45999908447266,94.5999984741211,5740500
2013-02-01,68.05992126464844,95.94999694824219,96.31999969482422,95.5,95.58000183105469,5481100
2013-02-04,67.10232543945312,94.5999984741211,95.79000091552734,94.5,95.4000015258789,5933300
2013-02-05,67.32221221923828,94.91000366210938,95.54000091552734,94.51000213623047,94.58999633789062,4952800
2013-02-06,67.43571472167969,95.06999969482422,95.33000183105469,94.41000366210938,94.48999786376953,4482700
2013-02-07,67.12359619140625,94.62999725341797,95.05999755859375,94.06999969482422,95.02999877929688,5619600
2013-02-08,67.29381561279297,94.87000274658203,95.4800033569336,94.36000061035156,94.38999938964844,5331600
2013-02-11,67.5066146850586,95.16999816894531,95.30999755859375,94.5999984741211,94.75,3557600
2013-02-12,67.45697784423828,95.0999984741211,95.33999633789062,94.80999755859375,95.05000305175781,4526900
2013-02-13,66.67671203613281,94.0,94.75,93.4800033569336,94.63999938964844,6663100
2013-02-14,66.3646240234375,93.55999755859375,93.88999938964844,93.19000244140625,93.86000061035156,5360900
2013-02-15,66.60579681396484,93.9000015258789,94.30999755859375,93.20999908447266,93.80999755859375,5094100
2013-02-19,66.57034301757812,93.8499984741211,94.48999786376953,93.7699966430664,94.13999938964844,4401900
2013-02-20,66.61286163330078,93.91000366210938,94.4800033569336,93.75,93.93000030517578,4023800
2013-02-21,66.77603149414062,94.13999938964844,94.44999694824219,93.30000305175781,93.44000244140625,4424600
2013-02-22,67.56340026855469,95.25,95.25,93.8499984741211,94.2699966430664,4421300
2013-02-25,68.19466400146484,96.13999938964844,96.77999877929688,95.26000213623047,95.37999725341797,9028000
2013-02-26,68.25142669677734,96.22000122070312,96.56999969482422,96.05000305175781,96.3499984741211,6451100
2013-02-27,68.45165252685547,95.7300033569336,95.94999694824219,95.11000061035156,95.36000061035156,4326800
2013-02-28,68.57318878173828,95.9000015258789,96.22000122070312,95.51000213623047,95.70999908447266,3967600
2013-03-01,68.4158935546875,95.68000030517578,95.81999969482422,94.95999908447266,95.68000030517578,3823200
2013-03-04,67.97970581054688,95.06999969482422,95.66999816894531,94.87000274658203,95.5999984741211,4636900
2013-03-05,68.50884246826172,95.80999755859375,96.0999984741211,95.33000183105469,95.54000091552734,5643000
2013-03-06,69.22384643554688,96.80999755859375,96.81999969482422,95.93000030517578,95.94999694824219,5052000
2013-03-07,69.42411041259766,97.08999633789062,97.16000366210938,96.63999938964844,96.63999938964844,4566400
2013-03-08,70.58245849609375,98.70999908447266,98.94999694824219,98.02999877929688,98.12999725341797,8838100
2013-03-11,70.71118927001953,98.88999938964844,98.88999938964844,98.27999877929688,98.45999908447266,4853400
2013-03-12,70.61824798583984,98.76000213623047,98.87000274658203,98.52999877929688,98.86000061035156,3856000
2013-03-13,71.06157684326172,99.37999725341797,99.47000122070312,98.54000091552734,98.73999786376953,3896600
2013-03-14,71.01152038574219,99.30999755859375,99.37999725341797,98.9000015258789,99.36000061035156,3649900
2013-03-15,71.26892852783203,99.66999816894531,99.69999694824219,98.81999969482422,98.97000122070312,6388000
2013-03-18,70.48237609863281,98.56999969482422,99.33999633789062,98.20999908447266,98.94999694824219,3934500
2013-03-19,70.36082458496094,98.4000015258789,98.98999786376953,98.19999694824219,98.77999877929688,4648500
2013-03-20,70.62539672851562,98.7699966430664,98.9000015258789,98.58999633789062,98.58999633789062,3534900
2013-03-21,70.45378875732422,98.52999877929688,98.87999725341797,98.41999816894531,98.5,3523400
2013-03-22,70.98287963867188,99.2699966430664,99.62000274658203,98.5199966430664,98.5199966430664,4160000
2013-03-25,70.24639892578125,98.23999786376953,99.5999984741211,98.12000274658203,99.45999908447266,4932500
2013-03-26,70.43233489990234,98.5,98.66999816894531,98.26000213623047,98.3499984741211,4434000
2013-03-27,70.71833801269531,98.9000015258789,99.29000091552734,98.18000030517578,98.19000244140625,4401700
2013-03-28,71.28323364257812,99.69000244140625,99.77999877929688,98.66999816894531,98.87999725341797,3954700
2013-04-01,70.82559967041016,99.05000305175781,99.68000030517578,98.8499984741211,99.41000366210938,3155800
2013-04-02,71.6908187866211,100.26000213623047,100.41999816894531,99.02999877929688,99.4000015258789,5136800
2013-04-03,70.96861267089844,99.25,100.5,99.05999755859375,100.20999908447266,4454400
2013-04-04,71.95539093017578,100.62999725341797,100.80999755859375,99.52999877929688,99.54000091552734,5860600
2013-04-05,72.52024841308594,101.41999816894531,101.47000122070312,99.80999755859375,100.16999816894531,5693000
2013-04-08,72.57745361328125,101.5,101.5,100.8499984741211,101.08000183105469,4163600
2013-04-09,72.26285552978516,101.05999755859375,101.5,100.56999969482422,101.5,3690400
2013-04-10,72.57034301757812,101.48999786376953,101.73999786376953,101.01000213623047,101.12000274658203,3159400
2013-04-11,72.92782592773438,101.98999786376953,102.47000122070312,101.33999633789062,101.33999633789062,4049400
2013-04-12,74.0719223022461,103.58999633789062,103.69999694824219,101.5,101.5,5714000
2013-04-15,73.04226684570312,102.1500015258789,103.44000244140625,102.12999725341797,103.13999938964844,5643600
2013-04-16,73.67863464355469,103.04000091552734,103.05000305175781,102.0199966430664,102.4000015258789,3199300
2013-04-17,73.32112121582031,102.54000091552734,103.11000061035156,102.0,102.55999755859375,4191500
2013-04-18,72.87064361572266,101.91000366210938,102.2300033569336,100.0999984741211,102.08000183105469,5696900
2013-04-19,71.44770050048828,99.91999816894531,101.44000244140625,99.44999694824219,100.58000183105469,8227700
2013-04-22,71.01866149902344,99.31999969482422,99.66000366210938,98.37999725341797,99.3499984741211,5620500
2013-04-23,71.33328247070312,99.76000213623047,100.23999786376953,99.20999908447266,99.2699966430664,5753500
2013-04-24,72.23426818847656,101.0199966430664,101.23999786376953,100.08999633789062,100.08999633789062,4593000
2013-04-25,72.17707824707031,100.94000244140625,101.62999725341797,100.8499984741211,101.2699966430664,3529400
2013-04-26,72.14128875732422,100.88999938964844,100.98999786376953,100.4000015258789,100.83000183105469,3113600
2013-04-29,73.06370544433594,102.18000030517578,102.5199966430664,101.1500015258789,101.55999755859375,3417700
2013-04-30,73.03511810302734,102.13999938964844,102.36000061035156,101.55999755859375,102.2699966430664,4205200
2013-05-01,72.49166107177734,101.37999725341797,102.44000244140625,101.33000183105469,101.9800033569336,2720100
2013-05-02,72.97789001464844,102.05999755859375,102.33999633789062,101.12000274658203,101.45999908447266,3821100
2013-05-03,73.59284973144531,102.91999816894531,103.33999633789062,102.55000305175781,102.91999816894531,4109400
2013-05-06,72.98503875732422,102.06999969482422,102.80000305175781,102.05000305175781,102.76000213623047,3314200
2013-05-07,73.14237976074219,102.29000091552734,102.5199966430664,101.79000091552734,102.08999633789062,4304200
2013-05-08,72.18419647216797,100.94999694824219,102.27999877929688,100.76000213623047,102.27999877929688,5228800
2013-05-09,71.28323364257812,99.69000244140625,101.2300033569336,99.45999908447266,100.77999877929688,10628500
2013-05-10,71.64788818359375,100.19999694824219,100.19999694824219,99.4000015258789,99.94999694824219,5036900
2013-05-13,71.776611328125,100.37999725341797,100.69999694824219,99.80000305175781,100.0199966430664,3154100
2013-05-14,72.36295318603516,101.19999694824219,101.48999786376953,100.44000244140625,100.4800033569336,3810800
2013-05-15,72.89924621582031,101.94999694824219,102.02999877929688,101.30000305175781,101.30000305175781,3402600
2013-05-16,72.30574035644531,101.12000274658203,101.77999877929688,100.83999633789062,101.58000183105469,4251800
2013-05-17,72.6061019897461,101.54000091552734,101.9000015258789,100.80000305175781,101.0999984741211,4015300
2013-05-20,72.6061019897461,101.54000091552734,101.94000244140625,101.23999786376953,101.23999786376953,2233100
2013-05-21,73.03511810302734,102.13999938964844,102.62000274658203,101.41999816894531,101.6500015258789,4078600
2013-05-22,72.74906158447266,101.73999786376953,102.4000015258789,101.41000366210938,102.18000030517578,4648200
2013-05-23,72.24138641357422,101.02999877929688,101.51000213623047,100.3499984741211,101.13999938964844,13743100
2013-05-24,71.71227264404297,100.29000091552734,100.66000366210938,99.7300033569336,100.66000366210938,13161000
2013-05-28,72.39154815673828,101.23999786376953,101.94000244140625,100.87999725341797,101.05999755859375,14083800
2013-05-29,70.82559967041016,99.05000305175781,100.63999938964844,98.27999877929688,100.63999938964844,8770700
2013-05-30,69.95359802246094,97.06999969482422,98.58999633789062,96.79000091552734,98.41999816894531,8028900
2013-05-31,69.59330749511719,96.56999969482422,97.70999908447266,96.55999755859375,96.88999938964844,5443400
2013-06-03,70.59497833251953,97.95999908447266,97.98999786376953,96.56999969482422,96.7699966430664,4224000
2013-06-04,70.89042663574219,98.37000274658203,98.68000030517578,97.63999938964844,98.01000213623047,4902300
2013-06-05,69.48519897460938,96.41999816894531,98.16000366210938,96.12000274658203,98.12999725341797,5394800
2013-06-06,69.67254638671875,96.68000030517578,96.83000183105469,95.16000366210938,96.38999938964844,5817300
2013-06-07,70.82559204101562,98.27999877929688,98.69000244140625,97.0,97.05999755859375,5036800
2013-06-10,71.7264404296875,99.52999877929688,100.18000030517578,99.12000274658203,99.80000305175781,5718400
2013-06-11,70.78958892822266,98.2300033569336,99.48999786376953,98.06999969482422,99.0199966430664,4812800
2013-06-12,70.79676055908203,98.23999786376953,99.0999984741211,98.06999969482422,98.73999786376953,4485200
2013-06-13,71.25801849365234,98.87999725341797,99.06999969482422,97.87000274658203,98.0999984741211,2927800
2013-06-14,70.92649841308594,98.41999816894531,99.41999816894531,98.2300033569336,98.83000183105469,3351100
2013-06-17,71.15709686279297,98.73999786376953,99.69000244140625,98.30000305175781,99.30000305175781,4884800
2013-06-18,71.88495635986328,99.75,100.04000091552734,98.94999694824219,98.9800033569336,3340100
2013-06-19,71.20755767822266,98.80999755859375,100.06999969482422,98.52999877929688,99.70999908447266,3518200
2013-06-20,69.75183868408203,96.79000091552734,98.68000030517578,96.62000274658203,98.37000274658203,5550100
2013-06-21,70.06890869140625,97.2300033569336,97.75,96.88999938964844,97.36000061035156,7227000
2013-06-24,70.11214447021484,97.29000091552734,97.70999908447266,96.0199966430664,96.54000091552734,4244500
2013-06-25,70.27790069580078,97.5199966430664,97.98999786376953,97.13999938964844,97.91000366210938,3211300
2013-06-26,71.22917938232422,98.83999633789062,99.13999938964844,98.04000091552734,98.36000061035156,3585500
2013-06-27,71.8128890991211,99.6500015258789,99.81999969482422,99.12999725341797,99.44999694824219,4497100
2013-06-28,71.34447479248047,99.0,100.11000061035156,98.93000030517578,99.51000213623047,5386400
2013-07-01,71.9354019165039,99.81999969482422,100.30000305175781,99.26000213623047,99.3499984741211,4053500
2013-07-02,72.01467895507812,99.93000030517578,100.5,99.38999938964844,99.81999969482422,3850500
2013-07-03,72.31734466552734,100.3499984741211,100.55999755859375,99.70999908447266,99.94999694824219,1676300
2013-07-05,71.96424865722656,99.86000061035156,100.83999633789062,99.25,100.69000244140625,3933900
2013-07-08,71.97864532470703,99.87999725341797,100.5,99.55000305175781,100.27999877929688,4064300
2013-07-09,72.05789947509766,99.98999786376953,100.37000274658203,99.19999694824219,100.23999786376953,4120100
2013-07-10,72.05072021484375,99.9800033569336,100.36000061035156,99.4000015258789,100.1500015258789,3532400
2013-07-11,72.63441467285156,100.79000091552734,100.95999908447266,99.76000213623047,100.75,4064100
2013-07-12,73.20375061035156,101.58000183105469,101.80999755859375,100.5,100.58999633789062,4766800
2013-07-15,72.6056137084961,100.75,101.7300033569336,100.69999694824219,101.5999984741211,4480700
2013-07-16,72.69930267333984,100.87999725341797,101.12000274658203,99.47000122070312,100.18000030517578,4406200
2013-07-17,72.13717651367188,100.0999984741211,100.3499984741211,99.30000305175781,100.05000305175781,5377400
2013-07-18,72.1948471069336,100.18000030517578,100.7699966430664,99.98999786376953,100.4800033569336,3401600
2013-07-19,72.25968933105469,100.2699966430664,100.41000366210938,99.52999877929688,100.19999694824219,4508300
2013-07-22,70.32115173339844,97.58000183105469,97.93000030517578,97.05999755859375,97.75,13209600
2013-07-23,69.73021697998047,96.76000213623047,97.72000122070312,96.68000030517578,97.55000305175781,6989300
2013-07-24,69.65815734863281,96.66000366210938,97.4000015258789,96.30000305175781,97.20999908447266,5197900
2013-07-25,70.25627899169922,97.48999786376953,97.58999633789062,96.55999755859375,96.66999816894531,4208100
2013-07-26,70.64543914794922,98.02999877929688,98.08000183105469,96.91999816894531,97.25,4561600
2013-07-29,70.53014373779297,97.87000274658203,98.02999877929688,97.38999938964844,97.95999908447266,3592500
2013-07-30,70.89042663574219,98.37000274658203,98.54000091552734,97.83999633789062,98.0,4127400
2013-07-31,70.68151092529297,98.08000183105469,98.54000091552734,97.62999725341797,98.31999969482422,5343000
2013-08-01,71.34447479248047,99.0,99.23999786376953,98.31999969482422,98.62000274658203,3954600
2013-08-02,71.4886245727539,99.19999694824219,99.19999694824219,98.44999694824219,98.80999755859375,3224300
2013-08-05,71.56790161132812,99.30999755859375,99.44000244140625,98.83000183105469,99.01000213623047,3326400
2013-08-06,71.1210708618164,98.69000244140625,99.4000015258789,98.37000274658203,99.33000183105469,3507200
2013-08-07,70.86164093017578,98.33000183105469,98.98999786376953,98.2699966430664,98.5999984741211,3256400
2013-08-08,70.65262603759766,98.04000091552734,98.98999786376953,97.44000244140625,98.63999938964844,4862300
2013-08-09,70.3499526977539,97.62000274658203,98.4000015258789,97.06999969482422,97.9000015258789,4041800
2013-08-12,69.9319839477539,97.04000091552734,97.80000305175781,97.0,97.48999786376953,3256800
2013-08-13,69.50679779052734,96.44999694824219,97.0999984741211,96.11000061035156,97.0199966430664,5188300
2013-08-14,69.26178741455078,96.11000061035156,96.37000274658203,95.63999938964844,96.23999786376953,5448700
2013-08-15,68.74291229248047,95.38999938964844,95.91000366210938,95.19000244140625,95.55000305175781,4207500
2013-08-16,68.48350524902344,95.02999877929688,95.5,95.01000213623047,95.19999694824219,3324000
2013-08-19,68.80780029296875,95.4800033569336,95.98999786376953,95.05000305175781,95.12000274658203,3126200
2013-08-20,68.82215881347656,95.5,95.9000015258789,95.36000061035156,95.51000213623047,2827800
2013-08-21,68.54114532470703,95.11000061035156,95.81999969482422,95.11000061035156,95.41000366210938,3430600
2013-08-22,68.7933578491211,95.45999908447266,95.69000244140625,95.20999908447266,95.37000274658203,15364400
2013-08-23,68.5555648803711,95.12999725341797,95.68000030517578,94.91000366210938,95.56999969482422,12274200
2013-08-26,68.68528747558594,95.30999755859375,95.94000244140625,95.0999984741211,95.36000061035156,3060000
2013-08-27,68.34654998779297,94.83999633789062,95.19000244140625,94.01000213623047,94.86000061035156,4513100
2013-08-28,69.24014282226562,96.08000183105469,96.33000183105469,95.0,95.0,5482500
2013-08-29,68.91326141357422,94.86000061035156,95.9800033569336,94.69999694824219,95.6500015258789,4796600
2013-08-30,68.55001831054688,94.36000061035156,95.12999725341797,94.13999938964844,95.0,3993000
2013-09-03,68.66625213623047,94.5199966430664,95.27999877929688,94.12000274658203,95.0999984741211,3672100
2013-09-04,69.13119506835938,95.16000366210938,95.36000061035156,94.33999633789062,94.5,2898800
2013-09-05,69.49445343017578,95.66000366210938,96.45999908447266,95.08000183105469,95.33000183105469,4275300
2013-09-06,69.93030548095703,96.26000213623047,96.75,95.25,95.87000274658203,4485800
2013-09-09,70.0683364868164,96.44999694824219,96.79000091552734,96.20999908447266,96.22000122070312,3525200
2013-09-10,70.38800811767578,96.88999938964844,97.36000061035156,96.5,97.0999984741211,4984300
2013-09-11,70.80207824707031,97.45999908447266,97.45999908447266,96.37000274658203,96.66000366210938,3928600
2013-09-12,70.59866333007812,97.18000030517578,97.8499984741211,97.06999969482422,97.4800033569336,4277300
2013-09-13,70.72216796875,97.3499984741211,97.6500015258789,97.12999725341797,97.33999633789062,2668700
2013-09-16,70.98371887207031,97.70999908447266,98.16999816894531,97.4000015258789,97.87999725341797,3490900
2013-09-17,71.1362533569336,97.91999816894531,98.36000061035156,97.48999786376953,97.58000183105469,3256900
2013-09-18,71.7029037475586,98.69999694824219,98.98999786376953,97.63999938964844,97.87000274658203,4279600
2013-09-19,71.1362533569336,97.91999816894531,98.51000213623047,97.0,98.5,6430800
2013-09-20,70.39527130126953,96.9000015258789,98.05000305175781,96.9000015258789,97.69999694824219,8077000
2013-09-23,70.67133331298828,97.27999877929688,97.58000183105469,96.81999969482422,96.97000122070312,3301600
2013-09-24,71.03455352783203,97.77999877929688,98.5999984741211,96.86000061035156,97.13999938964844,4810300
2013-09-25,70.9183120727539,97.62000274658203,97.98999786376953,97.41000366210938,97.80000305175781,4053200
2013-09-26,71.33240509033203,98.19000244140625,98.31999969482422,97.79000091552734,97.88999938964844,3604900
2013-09-27,70.55511474609375,97.12000274658203,97.98999786376953,97.0,97.88999938964844,3533100
2013-09-30,69.89401245117188,96.20999908447266,96.69000244140625,95.11000061035156,96.45999908447266,4404500
2013-10-01,69.83588409423828,96.12999725341797,96.38999938964844,95.8499984741211,96.18000030517578,3240700
2013-10-02,69.2183837890625,95.27999877929688,95.87999725341797,94.01000213623047,95.58000183105469,7250300
2013-10-03,68.77521514892578,94.66999816894531,95.20999908447266,94.61000061035156,95.1500015258789,4855700
2013-10-04,68.7970199584961,94.69999694824219,94.80000305175781,94.4000015258789,94.61000061035156,3047700
2013-10-07,68.55001831054688,94.36000061035156,94.80000305175781,94.13999938964844,94.26000213623047,3037100
2013-10-08,68.24491119384766,93.94000244140625,94.58000183105469,93.94000244140625,94.2699966430664,3643900
2013-10-09,67.75818634033203,93.2699966430664,93.95999908447266,93.13999938964844,93.81999969482422,5159400
2013-10-10,68.608154296875,94.44000244140625,94.44000244140625,93.51000213623047,94.22000122070312,4531000
2013-10-11,68.8260726928711,94.73999786376953,94.80000305175781,94.33000183105469,94.69000244140625,4132600
2013-10-14,68.81155395507812,94.72000122070312,94.87999725341797,94.18000030517578,94.41000366210938,3429700
2013-10-15,68.14319610595703,93.80000305175781,94.19999694824219,93.44999694824219,93.98999786376953,5878900
2013-10-16,69.1747817993164,95.22000122070312,95.23999786376953,94.13999938964844,94.30000305175781,4708700
2013-10-17,69.35639190673828,95.47000122070312,95.5199966430664,94.6500015258789,95.19000244140625,3860500
2013-10-18,69.16024780273438,95.19999694824219,95.69999694824219,94.5199966430664,95.69999694824219,7286100
2013-10-21,68.71713256835938,94.58999633789062,94.8499984741211,93.23999786376953,93.69999694824219,9137700
2013-10-22,69.10214233398438,95.12000274658203,95.48999786376953,94.20999908447266,94.68000030517578,5144000
2013-10-23,68.44104766845703,94.20999908447266,95.19999694824219,93.93000030517578,95.08000183105469,4581200
2013-10-24,68.78248596191406,94.68000030517578,94.80999755859375,94.23999786376953,94.41000366210938,3640900
2013-10-25,68.85514831542969,94.77999877929688,94.94999694824219,94.36000061035156,94.77999877929688,3055900
2013-10-28,69.28376007080078,95.37000274658203,95.72000122070312,94.68000030517578,94.69000244140625,3836400
2013-10-29,69.77776336669922,96.05000305175781,96.0999984741211,95.30000305175781,95.62000274658203,3975100
2013-10-30,69.76322937011719,96.02999877929688,96.44999694824219,95.7300033569336,96.16999816894531,3404300
2013-10-31,70.11917877197266,96.5199966430664,96.69999694824219,96.11000061035156,96.19999694824219,4271300
2013-11-01,70.64225769042969,97.23999786376953,97.5,96.5199966430664,96.5199966430664,5127300
2013-11-04,70.693115234375,97.30999755859375,97.5,96.83000183105469,97.26000213623047,5023900
2013-11-05,70.76579284667969,97.41000366210938,97.75,97.0199966430664,97.37999725341797,4338200
2013-11-06,71.12174224853516,97.9000015258789,98.19000244140625,97.47000122070312,97.66000366210938,4365900
2013-11-07,70.61320495605469,97.19999694824219,98.08999633789062,96.77999877929688,97.95999908447266,4921000
2013-11-08,70.47517395019531,97.01000213623047,97.30000305175781,96.31999969482422,97.16999816894531,5052400
2013-11-11,70.53329467773438,97.08999633789062,97.48999786376953,96.80000305175781,96.83000183105469,2573800
2013-11-12,70.94740295410156,97.66000366210938,97.76000213623047,96.8499984741211,97.06999969482422,3845000
2013-11-13,71.27430725097656,98.11000061035156,98.12000274658203,97.30999755859375,97.47000122070312,4164800
2013-11-14,70.8747329711914,97.55999755859375,98.69999694824219,97.18000030517578,98.18000030517578,6594200
2013-11-15,70.40980529785156,96.91999816894531,97.70999908447266,96.4000015258789,97.44999694824219,7096800
2013-11-18,70.94012451171875,97.6500015258789,97.79000091552734,96.9000015258789,96.9000015258789,4966700
2013-11-19,71.17985534667969,97.9800033569336,98.29000091552734,97.36000061035156,97.5199966430664,3836600
2013-11-20,70.8602066040039,97.54000091552734,98.05000305175781,97.18000030517578,97.56999969482422,3815100
2013-11-21,70.97644805908203,97.69999694824219,98.08999633789062,97.58999633789062,97.80000305175781,12884800
2013-11-22,71.3905258178711,98.2699966430664,98.51000213623047,97.37000274658203,97.83999633789062,16495500
2013-11-25,71.86274719238281,98.91999816894531,99.2699966430664,98.6500015258789,98.75,20420800
2013-11-26,71.33968353271484,98.19999694824219,99.08999633789062,98.1500015258789,98.80000305175781,5517400
2013-11-27,71.09793090820312,97.05999755859375,97.66000366210938,96.94999694824219,97.62000274658203,3501500
2013-11-29,71.32504272460938,97.37000274658203,97.5999984741211,97.08000183105469,97.25,2920300
2013-12-02,70.69506072998047,96.51000213623047,97.29000091552734,96.33000183105469,97.29000091552734,4810000
2013-12-03,70.59984588623047,96.37999725341797,96.75,96.06999969482422,96.75,4851900
2013-12-04,70.10904693603516,95.70999908447266,96.12999725341797,95.36000061035156,95.66000366210938,4951300
2013-12-05,69.90396118164062,95.43000030517578,95.81999969482422,95.19999694824219,95.37000274658203,5076500
2013-12-06,70.90748596191406,96.80000305175781,96.94999694824219,95.9000015258789,95.94000244140625,5811200
2013-12-09,70.11637878417969,95.72000122070312,96.5,95.44999694824219,96.12999725341797,5056100
2013-12-10,69.90396118164062,95.43000030517578,95.69999694824219,95.06999969482422,95.69000244140625,4190600
2013-12-11,69.7793960571289,95.26000213623047,95.72000122070312,95.16999816894531,95.51000213623047,5194500
2013-12-12,68.9297103881836,94.0999984741211,95.68000030517578,94.04000091552734,95.4000015258789,5719900
2013-12-13,69.17877197265625,94.44000244140625,94.62000274658203,94.05000305175781,94.19000244140625,3277500
2013-12-16,69.91858673095703,95.44999694824219,95.77999877929688,94.9000015258789,94.97000122070312,4868100
2013-12-17,69.1347885131836,94.37999725341797,95.58000183105469,94.2699966430664,95.44000244140625,4460300
2013-12-18,70.27018737792969,95.93000030517578,95.94999694824219,94.56999969482422,94.66000366210938,5526800
2013-12-19,69.69151306152344,95.13999938964844,96.30000305175781,94.93000030517578,95.87999725341797,5476500
2013-12-20,70.69506072998047,96.51000213623047,96.51000213623047,95.33999633789062,95.45999908447266,8039500
2013-12-23,70.54125213623047,96.30000305175781,96.94999694824219,96.05000305175781,96.72000122070312,3296300
2013-12-24,70.71702575683594,96.54000091552734,96.75,96.13999938964844,96.13999938964844,1155900
2013-12-26,70.93678283691406,96.83999633789062,96.91000366210938,96.62999725341797,96.7699966430664,1978300
2013-12-27,70.98808288574219,96.91000366210938,97.27999877929688,96.80000305175781,96.87000274658203,1987100
2013-12-30,71.06132507324219,97.01000213623047,97.1500015258789,96.79000091552734,96.87999725341797,2293000
2013-12-31,71.07598876953125,97.02999877929688,97.08000183105469,96.62999725341797,96.94999694824219,2560900
2014-01-02,70.62181854248047,96.41000366210938,97.02999877929688,96.26000213623047,96.80999755859375,2925800
2014-01-03,70.71702575683594,96.54000091552734,97.02999877929688,96.5,96.9000015258789,2965300
2014-01-06,70.21160888671875,95.8499984741211,96.62000274658203,95.5199966430664,96.62000274658203,5022700
2014-01-07,70.59984588623047,96.37999725341797,97.08000183105469,96.12999725341797,96.37999725341797,4881800
2014-01-08,69.88927459716797,95.41000366210938,95.70999908447266,95.0,95.55000305175781,7669800
2014-01-09,69.92591857910156,95.45999908447266,96.3499984741211,95.25,96.23999786376953,7709000
2014-01-10,70.17498016357422,95.80000305175781,96.22000122070312,95.63999938964844,95.83000183105469,5512200
2014-01-13,69.4644546508789,94.83000183105469,95.83000183105469,94.58999633789062,95.83000183105469,5753200
2014-01-14,69.75010681152344,95.22000122070312,95.4000015258789,94.80000305175781,94.80999755859375,3842200
2014-01-15,69.92591857910156,95.45999908447266,95.66999816894531,95.1500015258789,95.48999786376953,3560600
2014-01-16,70.36543273925781,96.05999755859375,96.30000305175781,95.19000244140625,95.4000015258789,5058000
2014-01-17,69.53768157958984,94.93000030517578,96.12999725341797,94.7699966430664,96.0199966430664,5975300
2014-01-21,69.64755249023438,95.08000183105469,95.95999908447266,95.01000213623047,95.36000061035156,6462700
2014-01-22,69.50108337402344,94.87999725341797,95.31999969482422,94.69000244140625,95.06999969482422,4976400
2014-01-23,69.82337188720703,95.31999969482422,95.94999694824219,94.5,94.55000305175781,7146000
2014-01-24,69.17141723632812,94.43000030517578,95.95999908447266,94.38999938964844,94.7300033569336,6944800
2014-01-27,68.90772247314453,94.06999969482422,94.68000030517578,93.91999816894531,94.29000091552734,6607600
2014-01-28,68.9883041381836,94.18000030517578,94.63999938964844,94.0999984741211,94.33000183105469,3682800
2014-01-29,68.23382568359375,93.1500015258789,94.30000305175781,92.87000274658203,93.95999908447266,8013500
2014-01-30,68.70994567871094,93.80000305175781,94.0,92.93000030517578,93.38999938964844,4987400
2014-01-31,68.98095703125,94.16999816894531,94.55000305175781,92.94999694824219,93.05000305175781,5972500
2014-02-03,68.1385726928711,93.0199966430664,94.73999786376953,92.91000366210938,94.54000091552734,6904700
2014-02-04,68.18986511230469,93.08999633789062,93.47000122070312,92.58999633789062,92.86000061035156,6300400
2014-02-05,68.54878997802734,93.58000183105469,93.83999633789062,92.22000122070312,92.80000305175781,4958900
2014-02-06,69.5450210571289,94.94000244140625,95.19000244140625,93.69000244140625,93.87000274658203,5356900
2014-02-07,70.26289367675781,95.91999816894531,95.94999694824219,94.62000274658203,95.08999633789062,6591200
2014-02-10,69.48641967773438,94.86000061035156,95.93000030517578,94.5199966430664,95.75,6968200
2014-02-11,69.83802032470703,95.33999633789062,95.83999633789062,94.83000183105469,95.05999755859375,5343500
2014-02-12,69.50839233398438,94.88999938964844,95.66999816894531,94.79000091552734,95.44000244140625,4268900
2014-02-13,69.92591857910156,95.45999908447266,95.58000183105469,94.5,94.69000244140625,3617900
2014-02-14,70.16032409667969,95.77999877929688,95.97000122070312,95.11000061035156,95.30000305175781,3532900
2014-02-18,70.33612060546875,96.0199966430664,96.56999969482422,95.54000091552734,96.02999877929688,5454200
2014-02-19,69.99185943603516,95.55000305175781,96.66000366210938,95.45999908447266,95.77999877929688,4505500
2014-02-20,70.13835144042969,95.75,96.11000061035156,95.48999786376953,95.66000366210938,2975000
2014-02-21,70.65110778808594,96.44999694824219,97.0,96.04000091552734,96.04000091552734,5284300
2014-02-24,70.68772888183594,96.5,96.94000244140625,96.23999786376953,96.43000030517578,4472200
2014-02-25,70.77564239501953,96.62000274658203,96.72000122070312,95.88999938964844,96.45999908447266,4233600
2014-02-26,70.24088287353516,95.88999938964844,96.73999786376953,95.70999908447266,96.62999725341797,4265900
2014-02-27,70.24089050292969,95.08000183105469,95.41000366210938,94.6500015258789,95.23999786376953,4179600
2014-02-28,70.29261779785156,95.1500015258789,95.45999908447266,94.86000061035156,95.11000061035156,5104700
2014-03-03,69.6794662475586,94.31999969482422,94.80000305175781,94.0,94.23999786376953,5149300
2014-03-04,70.16704559326172,94.9800033569336,95.2699966430664,94.86000061035156,95.25,4655200
2014-03-05,70.19656372070312,95.0199966430664,95.61000061035156,94.94000244140625,95.33999633789062,3913300
2014-03-06,70.61027526855469,95.58000183105469,95.66999816894531,94.75,95.05999755859375,4362900
2014-03-07,70.5511474609375,95.5,95.79000091552734,94.97000122070312,95.73999786376953,3724000
2014-03-10,70.32954406738281,95.19999694824219,95.68000030517578,94.97000122070312,95.26000213623047,4388900
2014-03-11,72.9742660522461,98.77999877929688,98.91999816894531,95.70999908447266,95.94000244140625,16354400
2014-03-12,72.92257690429688,98.70999908447266,99.06999969482422,98.1500015258789,98.41000366210938,6701700
2014-03-13,71.93267059326172,97.37000274658203,98.9000015258789,97.01000213623047,98.9000015258789,5480200
2014-03-14,72.0877914428711,97.58000183105469,97.88999938964844,97.01000213623047,97.33000183105469,5510700
2014-03-17,72.1025619506836,97.5999984741211,98.19999694824219,97.45999908447266,98.13999938964844,5554300
2014-03-18,71.88832092285156,97.30999755859375,97.98999786376953,97.22000122070312,97.80000305175781,3269500
2014-03-19,70.99443817138672,96.0999984741211,97.29000091552734,95.77999877929688,97.2699966430664,5556900
2014-03-20,71.36382293701172,96.5999984741211,96.94999694824219,95.80999755859375,95.94000244140625,4242600
2014-03-21,70.52901458740234,95.47000122070312,97.4000015258789,95.47000122070312,97.22000122070312,12625800
2014-03-24,71.05352020263672,96.18000030517578,96.73999786376953,95.98999786376953,96.08999633789062,6393000
2014-03-25,70.85408782958984,95.91000366210938,96.48999786376953,95.83000183105469,96.44000244140625,4929800
2014-03-26,70.8023681640625,95.83999633789062,96.56999969482422,95.83999633789062,96.04000091552734,4127000
2014-03-27,71.03878784179688,96.16000366210938,96.36000061035156,95.5199966430664,95.7699966430664,3756000
2014-03-28,71.83660888671875,97.23999786376953,97.44000244140625,96.20999908447266,96.2699966430664,4344100
2014-03-31,72.42022705078125,98.02999877929688,98.44999694824219,97.30000305175781,97.44000244140625,4853300
2014-04-01,72.32420349121094,97.9000015258789,98.5199966430664,97.62999725341797,98.0999984741211,4494000
2014-04-02,72.09518432617188,97.58999633789062,98.2300033569336,97.33999633789062,98.1500015258789,3701200
2014-04-03,72.14691162109375,97.66000366210938,98.11000061035156,97.3499984741211,98.02999877929688,2575700
2014-04-04,72.3020248413086,97.87000274658203,98.41999816894531,97.38999938964844,97.7699966430664,5409000
2014-04-07,71.66670227050781,97.01000213623047,98.23999786376953,96.56999969482422,97.58000183105469,5994600
2014-04-08,72.45719909667969,98.08000183105469,98.22000122070312,96.5199966430664,96.9800033569336,5579500
2014-04-09,72.65663146972656,98.3499984741211,98.54000091552734,97.9000015258789,98.08000183105469,3669500
2014-04-10,73.45448303222656,99.43000030517578,99.8499984741211,98.16000366210938,98.55000305175781,8873000
2014-04-11,73.3510971069336,99.29000091552734,99.7300033569336,99.05999755859375,99.1500015258789,6553600
2014-04-14,73.95683288574219,100.11000061035156,100.16000366210938,99.31999969482422,99.66000366210938,6155900
2014-04-15,74.48873138427734,100.83000183105469,100.94000244140625,100.06999969482422,100.69999694824219,5882400
2014-04-16,74.48873138427734,100.83000183105469,101.12000274658203,100.48999786376953,101.0,3532700
2014-04-17,74.06025695800781,100.25,101.0,100.25,100.7300033569336,4545200
2014-04-21,73.63179016113281,99.66999816894531,100.38999938964844,99.25,99.80000305175781,6357000
2014-04-22,73.37322235107422,99.31999969482422,100.2699966430664,98.88999938964844,100.0199966430664,8934300
2014-04-23,73.23287200927734,99.12999725341797,99.98999786376953,99.01000213623047,99.3499984741211,4179100
2014-04-24,73.75739288330078,99.83999633789062,100.0999984741211,99.12999725341797,99.5199966430664,4764900
2014-04-25,74.4148941040039,100.7300033569336,100.75,99.38999938964844,99.8499984741211,5047100
2014-04-28,74.1045913696289,100.30999755859375,101.18000030517578,99.6500015258789,100.9800033569336,7444500
2014-04-29,74.98368835449219,101.5,101.77999877929688,99.80999755859375,100.20999908447266,6626100
2014-04-30,74.8950424194336,101.37999725341797,101.76000213623047,101.04000091552734,101.55000305175781,4519800
2014-05-01,74.58480072021484,100.95999908447266,101.04000091552734,100.33000183105469,100.68000030517578,3531400
2014-05-02,74.9319839477539,101.43000030517578,102.27999877929688,100.98999786376953,101.11000061035156,4934000
2014-05-05,74.71775817871094,101.13999938964844,101.37999725341797,100.58999633789062,101.37999725341797,3483500
2014-05-06,74.57737731933594,100.94999694824219,101.30000305175781,100.80000305175781,101.05999755859375,3075100
2014-05-07,75.32354736328125,101.95999908447266,102.11000061035156,100.94999694824219,101.26000213623047,4322600
2014-05-08,75.31615447998047,101.94999694824219,102.18000030517578,101.43000030517578,102.0,3384500
2014-05-09,76.04011535644531,102.93000030517578,102.94999694824219,101.81999969482422,101.8499984741211,3649400
2014-05-12,75.98839569091797,102.86000061035156,103.33000183105469,102.79000091552734,102.94999694824219,3817400
2014-05-13,76.48339080810547,103.52999877929688,103.62000274658203,102.5,103.31999969482422,3955400
2014-05-14,76.114013671875,103.02999877929688,103.77999877929688,102.54000091552734,103.69000244140625,3826300
2014-05-15,75.72248077392578,102.5,103.0,102.1500015258789,102.77999877929688,3810800
2014-05-16,76.19524383544922,103.13999938964844,103.38999938964844,102.3499984741211,102.55000305175781,5081000
2014-05-19,75.41960144042969,102.08999633789062,102.83000183105469,101.73999786376953,102.80999755859375,3859800
2014-05-20,75.005859375,101.52999877929688,102.44000244140625,101.44000244140625,102.05000305175781,3123700
2014-05-21,75.76676940917969,102.55999755859375,102.58000183105469,101.55000305175781,101.70999908447266,2735600
2014-05-22,75.68551635742188,102.44999694824219,102.9800033569336,102.2300033569336,102.6500015258789,3376000
2014-05-23,75.35308837890625,102.0,102.8499984741211,101.7699966430664,102.5199966430664,4174300
2014-05-27,75.61904907226562,102.36000061035156,102.9000015258789,102.06999969482422,102.19999694824219,5093200
2014-05-28,74.8359603881836,101.30000305175781,102.04000091552734,100.87000274658203,101.83999633789062,8930700
2014-05-29,75.46895599365234,101.33999633789062,101.48999786376953,100.87000274658203,101.2699966430664,4123700
2014-05-30,75.53599548339844,101.43000030517578,101.45999908447266,100.70999908447266,101.25,4232800
2014-06-02,75.98281860351562,102.02999877929688,102.5,101.31999969482422,101.38999938964844,3001400
2014-06-03,75.55087280273438,101.44999694824219,102.0,101.41000366210938,101.63999938964844,3363500
2014-06-04,76.28813171386719,102.44000244140625,102.47000122070312,101.2699966430664,101.36000061035156,3589200
2014-06-05,76.29559326171875,102.44999694824219,102.5999984741211,101.75,102.33999633789062,2407800
2014-06-06,75.93069458007812,101.95999908447266,102.62000274658203,101.77999877929688,102.41000366210938,2955500
2014-06-09,75.49874877929688,101.37999725341797,102.0,101.18000030517578,101.58999633789062,3802600
2014-06-10,75.12641143798828,100.87999725341797,101.61000061035156,100.68000030517578,101.61000061035156,5961200
2014-06-11,74.78382110595703,100.41999816894531,100.95999908447266,100.33000183105469,100.73999786376953,6606100
2014-06-12,74.29230499267578,99.76000213623047,101.01000213623047,99.54000091552734,100.41000366210938,5609100
2014-06-13,74.83598327636719,100.48999786376953,100.58999633789062,99.41000366210938,99.41000366210938,4014600
2014-06-16,75.29024505615234,101.0999984741211,101.16999816894531,100.23999786376953,100.41999816894531,4038600
2014-06-17,75.41682434082031,101.2699966430664,101.83999633789062,100.81999969482422,100.91000366210938,6479700
2014-06-18,75.47643280029297,101.3499984741211,101.79000091552734,100.91000366210938,101.73999786376953,5441200
2014-06-19,75.89344024658203,101.91000366210938,102.02999877929688,101.04000091552734,101.04000091552734,3372200
2014-06-20,75.90089416503906,101.91999816894531,102.30000305175781,101.66000366210938,102.19999694824219,5418100
2014-06-23,75.89344024658203,101.91000366210938,101.98999786376953,101.51000213623047,101.63999938964844,2919000
2014-06-24,75.56576538085938,101.47000122070312,102.18000030517578,101.41000366210938,101.83999633789062,4586400
2014-06-25,75.67005920410156,101.61000061035156,101.9000015258789,101.02999877929688,101.08999633789062,3662000
2014-06-26,75.59555053710938,101.51000213623047,101.88999938964844,101.06999969482422,101.61000061035156,2783200
2014-06-27,75.55833435058594,101.45999908447266,101.66999816894531,101.1500015258789,101.25,2785500
2014-06-30,75.02214813232422,100.73999786376953,101.4800033569336,100.5,101.2699966430664,4265700
2014-07-01,75.21575164794922,101.0,101.36000061035156,100.23999786376953,100.43000030517578,3787700
2014-07-02,74.8657455444336,100.52999877929688,101.08000183105469,100.3499984741211,101.0199966430664,3216700
2014-07-03,75.20088958740234,100.9800033569336,101.31999969482422,100.73999786376953,101.31999969482422,2295800
2014-07-07,74.59765625,100.16999816894531,100.75,99.81999969482422,100.75,3951700
2014-07-08,74.53807067871094,100.08999633789062,100.56999969482422,99.7300033569336,99.79000091552734,3115100
2014-07-09,75.26789093017578,101.06999969482422,101.25,100.26000213623047,100.30000305175781,5604900
2014-07-10,74.9029769897461,100.58000183105469,101.05000305175781,100.16000366210938,100.22000122070312,3274900
2014-07-11,74.74659729003906,100.37000274658203,100.80999755859375,100.02999877929688,100.66000366210938,2812500
2014-07-14,74.821044921875,100.47000122070312,100.7300033569336,100.30000305175781,100.69000244140625,4159900
2014-07-15,74.69447326660156,100.30000305175781,100.37000274658203,99.86000061035156,100.31999969482422,3787000
2014-07-16,73.9273910522461,99.2699966430664,99.80000305175781,98.76000213623047,99.6500015258789,7128700
2014-07-17,73.25715637207031,98.37000274658203,99.08999633789062,98.3499984741211,98.95999908447266,4099100
2014-07-18,73.7188720703125,98.98999786376953,99.08999633789062,98.12999725341797,98.63999938964844,4044900
2014-07-21,72.64651489257812,97.55000305175781,98.62999725341797,97.55000305175781,98.5199966430664,6510600
2014-07-22,71.69327545166016,96.2699966430664,96.8499984741211,95.0999984741211,95.38999938964844,12398100
2014-07-23,71.00814819335938,95.3499984741211,95.81999969482422,94.81999969482422,95.51000213623047,9483200
2014-07-24,71.00814819335938,95.3499984741211,95.62000274658203,95.2699966430664,95.4800033569336,7781700
2014-07-25,71.2837142944336,95.72000122070312,95.8499984741211,95.31999969482422,95.36000061035156,4992500
2014-07-28,71.328369140625,95.77999877929688,95.97000122070312,95.38999938964844,95.5,4863100
2014-07-29,71.358154296875,95.81999969482422,96.41999816894531,95.70999908447266,95.88999938964844,6712700
2014-07-30,71.45496368408203,95.94999694824219,96.33999633789062,95.56999969482422,96.19000244140625,6049800
2014-07-31,70.4197998046875,94.55999755859375,95.36000061035156,94.55999755859375,95.22000122070312,6826000
2014-08-01,70.22621154785156,94.30000305175781,94.7300033569336,94.19999694824219,94.30000305175781,4576400
2014-08-04,70.23365783691406,94.30999755859375,94.3499984741211,93.5199966430664,94.30000305175781,7652700
2014-08-05,69.57829284667969,93.43000030517578,94.30000305175781,93.3499984741211,94.0,5494800
2014-08-06,69.60810089111328,93.47000122070312,93.94999694824219,93.36000061035156,93.38999938964844,3728000
2014-08-07,69.48896026611328,93.30999755859375,94.0,93.23999786376953,93.81999969482422,3261100
2014-08-08,69.66767120361328,93.55000305175781,93.83999633789062,92.91999816894531,93.06999969482422,6505900
2014-08-11,69.65276336669922,93.52999877929688,93.91999816894531,93.45999908447266,93.7300033569336,4288400
2014-08-12,69.67510986328125,93.55999755859375,93.6500015258789,93.1500015258789,93.43000030517578,3235900
2014-08-13,69.97300720214844,93.95999908447266,94.31999969482422,93.55000305175781,93.75,3595800
2014-08-14,69.74960327148438,93.66000366210938,93.88999938964844,93.26000213623047,93.6500015258789,5644500
2014-08-15,69.84638977050781,93.79000091552734,94.47000122070312,93.41000366210938,94.06999969482422,4281300
2014-08-18,70.18898010253906,94.25,94.73999786376953,93.93000030517578,94.1500015258789,4398800
2014-08-19,70.33790588378906,94.44999694824219,94.75,94.26000213623047,94.5999984741211,3331700
2014-08-20,70.14427185058594,94.19000244140625,94.66000366210938,94.0,94.44999694824219,4150400
2014-08-21,70.39746856689453,94.52999877929688,94.76000213623047,94.23999786376953,94.30999755859375,5981600
2014-08-22,70.33790588378906,94.44999694824219,94.86000061035156,94.2699966430664,94.52999877929688,3586900
2014-08-25,70.33047485351562,94.44000244140625,95.37000274658203,94.41000366210938,94.8499984741211,4614300
2014-08-26,70.084716796875,94.11000061035156,94.79000091552734,94.05000305175781,94.38999938964844,6392400
2014-08-27,70.48686981201172,94.6500015258789,94.68000030517578,93.5999984741211,94.2300033569336,9027300
2014-08-28,70.71220397949219,94.13999938964844,94.76000213623047,93.51000213623047,93.6500015258789,5492400
2014-08-29,70.39669799804688,93.72000122070312,94.19999694824219,93.51000213623047,94.19999694824219,4635100
2014-09-02,69.70565795898438,92.80000305175781,93.69999694824219,92.69000244140625,93.23999786376953,6727100
2014-09-03,69.96107482910156,93.13999938964844,93.48999786376953,93.04000091552734,93.2699966430664,4855300
2014-09-04,69.8634262084961,93.01000213623047,93.2300033569336,92.80000305175781,93.0199966430664,4849800
2014-09-05,69.90846252441406,93.06999969482422,93.12000274658203,92.80000305175781,93.0999984741211,4004600
2014-09-08,69.48030090332031,92.5,92.81999969482422,92.19999694824219,92.80000305175781,5251900
2014-09-09,68.42118835449219,91.08999633789062,92.69999694824219,90.95999908447266,92.5999984741211,9795200
2014-09-10,69.85588836669922,93.0,93.05999755859375,90.52999877929688,90.83999633789062,12031400
2014-09-11,69.82583618164062,92.95999908447266,93.29000091552734,92.41999816894531,92.94000244140625,5960100
2014-09-12,70.11126708984375,93.33999633789062,93.83999633789062,92.81999969482422,92.94000244140625,7791300
2014-09-15,70.20894622802734,93.47000122070312,93.91000366210938,93.25,93.26000213623047,6255000
2014-09-16,70.41925811767578,93.75,94.11000061035156,93.25,93.2699966430664,5826200
2014-09-17,70.25399780273438,93.52999877929688,93.83000183105469,93.18000030517578,93.68000030517578,5738600
2014-09-18,70.2164535522461,93.4800033569336,93.9000015258789,93.26000213623047,93.43000030517578,5488900
2014-09-19,70.87745666503906,94.36000061035156,94.93000030517578,93.80000305175781,93.94999694824219,9043100
2014-09-22,70.55445861816406,93.93000030517578,94.47000122070312,93.81999969482422,94.12000274658203,4875700
2014-09-23,70.23896789550781,93.51000213623047,94.1500015258789,93.44000244140625,93.69999694824219,4702700
2014-09-24,71.3581771850586,95.0,95.31999969482422,93.66000366210938,93.69999694824219,7817900
2014-09-25,70.72720336914062,94.16000366210938,95.30999755859375,94.05999755859375,94.94000244140625,4569100
2014-09-26,71.13285064697266,94.69999694824219,94.87999725341797,94.0199966430664,94.05000305175781,3454400
2014-09-29,72.27457427978516,96.22000122070312,97.30000305175781,93.9800033569336,94.26000213623047,16489100
2014-09-30,71.21544647216797,94.80999755859375,96.36000061035156,94.33999633789062,96.2300033569336,10036400
2014-10-01,70.74974060058594,94.19000244140625,95.08000183105469,94.01000213623047,94.37000274658203,5334600
2014-10-02,70.69718170166016,94.12000274658203,94.5999984741211,94.0,94.02999877929688,4116000
2014-10-03,71.25301361083984,94.86000061035156,95.29000091552734,94.51000213623047,95.29000091552734,3948600
2014-10-06,70.48685455322266,93.83999633789062,94.43000030517578,93.69000244140625,94.36000061035156,4278600
2014-10-07,69.71318054199219,92.80999755859375,93.54000091552734,92.80000305175781,93.51000213623047,6093800
2014-10-08,70.47933959960938,93.83000183105469,93.94999694824219,92.80999755859375,93.08000183105469,5586600
2014-10-09,69.64557647705078,92.72000122070312,94.0,92.70999908447266,93.7699966430664,5068600
2014-10-10,69.33007049560547,92.30000305175781,93.44999694824219,92.30000305175781,92.76000213623047,5844900
2014-10-13,68.15081024169922,90.7300033569336,92.41999816894531,90.66000366210938,92.12999725341797,6173800
2014-10-14,68.42874908447266,91.0999984741211,91.73999786376953,90.62999725341797,90.80999755859375,5539500
2014-10-15,67.93299102783203,90.44000244140625,90.9800033569336,89.56999969482422,90.48999786376953,10468500
2014-10-16,67.53486633300781,89.91000366210938,90.29000091552734,89.33999633789062,89.38999938964844,7526400
2014-10-17,68.3836669921875,91.04000091552734,91.13999938964844,89.63999938964844,90.41000366210938,7074500
2014-10-20,68.79679107666016,91.58999633789062,91.58999633789062,90.70999908447266,90.95999908447266,5403200
2014-10-21,68.36116027832031,91.01000213623047,91.44999694824219,89.69999694824219,89.94999694824219,11422200
2014-10-22,68.30854034423828,90.94000244140625,91.51000213623047,90.5999984741211,90.69999694824219,6455600
2014-10-23,68.36863708496094,91.0199966430664,92.0999984741211,90.87999725341797,91.83999633789062,5966700
2014-10-24,68.8569107055664,91.66999816894531,91.79000091552734,90.55000305175781,90.69999694824219,5256600
2014-10-27,69.11225891113281,92.01000213623047,92.08999633789062,91.5,91.5199966430664,4071100
2014-10-28,69.55543518066406,92.5999984741211,92.5999984741211,91.69000244140625,92.4800033569336,5083000
2014-10-29,69.65309143066406,92.7300033569336,93.12000274658203,92.0,92.6500015258789,5295900
2014-10-30,70.14134216308594,93.37999725341797,93.38999938964844,92.48999786376953,92.56999969482422,3965500
2014-10-31,70.40422058105469,93.7300033569336,94.01000213623047,92.83000183105469,93.9000015258789,6795900
2014-11-03,70.31405639648438,93.61000061035156,93.77999877929688,93.0199966430664,93.77999877929688,4064900
2014-11-04,70.96009063720703,94.47000122070312,94.62999725341797,93.7699966430664,93.93000030517578,5802200
2014-11-05,71.0877685546875,94.63999938964844,95.06999969482422,94.38999938964844,95.0,4123800
2014-11-06,71.10279083251953,94.66000366210938,94.93000030517578,94.41999816894531,94.73999786376953,3597300
2014-11-07,71.43330383300781,95.0999984741211,95.0999984741211,94.05999755859375,94.4000015258789,4674600
2014-11-10,71.44080352783203,95.11000061035156,95.69000244140625,94.9800033569336,95.55999755859375,5123900
2014-11-11,71.46332550048828,95.13999938964844,95.41999816894531,94.93000030517578,95.22000122070312,3429000
2014-11-12,71.60606384277344,95.33000183105469,95.37999725341797,94.83000183105469,94.93000030517578,2725700
2014-11-13,71.7187271118164,95.4800033569336,96.22000122070312,95.18000030517578,95.5,4099800
2014-11-14,72.26705932617188,96.20999908447266,97.18000030517578,95.2699966430664,95.37999725341797,7793400
2014-11-17,72.0867691040039,95.97000122070312,96.08000183105469,95.5999984741211,96.05999755859375,3596500
2014-11-18,72.41728973388672,96.41000366210938,96.94999694824219,95.37000274658203,96.04000091552734,6258600
2014-11-19,72.52993774414062,96.55999755859375,97.30000305175781,96.43000030517578,96.73999786376953,6631300
2014-11-20,72.59004974365234,96.63999938964844,97.30000305175781,96.5,96.54000091552734,4551900
2014-11-21,72.62006378173828,96.68000030517578,97.5,96.41999816894531,97.47000122070312,5483700
2014-11-24,72.98815155029297,97.16999816894531,97.41999816894531,96.52999877929688,96.83000183105469,5222900
2014-11-25,72.86045837402344,97.0,97.33999633789062,96.8499984741211,97.19999694824219,5369000
2014-11-26,72.91350555419922,96.22000122070312,96.38999938964844,95.91999816894531,96.36000061035156,3667800
2014-11-28,73.3605728149414,96.80999755859375,97.4000015258789,95.97000122070312,95.9800033569336,3442900
2014-12-01,72.58006286621094,95.77999877929688,96.94000244140625,95.63999938964844,96.1500015258789,5273700
2014-12-02,72.07235717773438,95.11000061035156,97.0,94.76000213623047,95.20999908447266,10389700
2014-12-03,72.3678970336914,95.5,95.56999969482422,94.77999877929688,94.80000305175781,5316700
2014-12-04,72.48915100097656,95.66000366210938,95.98999786376953,95.13999938964844,95.38999938964844,5149300
2014-12-05,72.981689453125,96.30999755859375,96.61000061035156,95.6500015258789,95.77999877929688,6209300
2014-12-08,70.17791748046875,92.61000061035156,97.5,92.2300033569336,93.41000366210938,11792700
2014-12-09,69.2306900024414,91.36000061035156,92.0,91.01000213623047,91.30000305175781,10066800
2014-12-10,68.20012664794922,90.0,91.29000091552734,89.51000213623047,91.04000091552734,12020800
2014-12-11,68.9351577758789,90.97000122070312,91.1500015258789,90.0199966430664,90.08999633789062,8972700
2014-12-12,68.66993713378906,90.62000274658203,91.38999938964844,90.43000030517578,90.66000366210938,8691000
2014-12-15,67.03312683105469,88.45999908447266,91.0999984741211,88.25,90.95999908447266,10121600
2014-12-16,67.23013305664062,88.72000122070312,90.75,87.62000274658203,88.06999969482422,15106700
2014-12-17,69.4504623413086,91.6500015258789,92.05000305175781,88.5,88.93000030517578,14010000
2014-12-18,70.98117065429688,93.66999816894531,93.73999786376953,91.6500015258789,92.27999877929688,11277100
2014-12-19,70.64016723632812,93.22000122070312,94.31999969482422,92.94999694824219,93.51000213623047,10284300
2014-12-22,71.14785766601562,93.88999938964844,94.0199966430664,93.02999877929688,93.27999877929688,5342200
2014-12-23,71.3979263305664,94.22000122070312,94.81999969482422,94.01000213623047,94.36000061035156,3590000
2014-12-24,71.10242462158203,93.83000183105469,94.54000091552734,93.73999786376953,94.22000122070312,1729700
2014-12-26,71.82227325439453,94.77999877929688,94.93000030517578,93.94999694824219,94.0999984741211,3884300
2014-12-29,72.01930236816406,95.04000091552734,95.45999908447266,94.2699966430664,94.31999969482422,4183200
2014-12-30,71.42066955566406,94.25,95.0,94.06999969482422,94.8499984741211,3257700
2014-12-31,71.00389099121094,93.69999694824219,94.80000305175781,93.56999969482422,93.75,4589300
2015-01-02,70.67046356201172,93.26000213623047,95.0,93.05000305175781,94.12999725341797,6019700
2015-01-05,69.88995361328125,92.2300033569336,93.68000030517578,92.22000122070312,93.30000305175781,6211900
2015-01-06,70.018798828125,92.4000015258789,93.80999755859375,91.87999725341797,92.66999816894531,6484100
2015-01-07,71.23883056640625,94.01000213623047,94.05000305175781,92.86000061035156,93.26000213623047,6400300
2015-01-08,71.50402069091797,94.36000061035156,94.9800033569336,94.05000305175781,94.2300033569336,5476700
2015-01-09,70.63259887695312,93.20999908447266,93.97000122070312,92.77999877929688,93.97000122070312,4283300
2015-01-12,70.48103332519531,93.01000213623047,93.80999755859375,92.5999984741211,93.52999877929688,3989600
2015-01-13,70.3446273803711,92.83000183105469,94.44000244140625,92.41999816894531,93.94999694824219,5971200
2015-01-14,69.36710357666016,91.54000091552734,92.05000305175781,91.12000274658203,91.44999694824219,7745500
2015-01-15,69.24583435058594,91.37999725341797,92.3499984741211,90.97000122070312,91.97000122070312,5737500
2015-01-16,69.32919311523438,91.48999786376953,91.69000244140625,90.73999786376953,91.05000305175781,6927000
2015-01-20,68.80632781982422,90.80000305175781,91.87999725341797,90.2300033569336,91.63999938964844,6967300
2015-01-21,68.45775604248047,90.33999633789062,90.45999908447266,89.54000091552734,90.16000366210938,8682200
2015-01-22,68.8745346069336,90.88999938964844,90.97000122070312,89.83999633789062,90.62000274658203,7536400
2015-01-23,67.86669921875,89.55999755859375,91.63999938964844,89.43000030517578,90.91999816894531,11496000
2015-01-26,68.70780944824219,90.66999816894531,90.69999694824219,89.29000091552734,89.38999938964844,7753300
2015-01-27,67.874267578125,89.56999969482422,90.30999755859375,89.55999755859375,89.95999908447266,6640800
2015-01-28,67.275634765625,88.77999877929688,89.81999969482422,88.7699966430664,89.73999786376953,6921300
2015-01-29,70.67804718017578,93.2699966430664,93.5,91.26000213623047,91.5,19146900
2015-01-30,70.0490951538086,92.44000244140625,93.30000305175781,92.30999755859375,92.6500015258789,12385400
2015-02-02,70.10214233398438,92.51000213623047,92.66000366210938,91.43000030517578,92.05000305175781,6751400
2015-02-03,71.17060852050781,93.91999816894531,93.9800033569336,92.44999694824219,92.63999938964844,7373000
2015-02-04,71.26911163330078,94.05000305175781,94.43000030517578,93.5,93.5,6464800
2015-02-05,71.48885345458984,94.33999633789062,94.83000183105469,94.0,94.0999984741211,5564100
2015-02-06,71.22364807128906,93.98999786376953,94.4800033569336,93.6500015258789,94.1500015258789,4662700
2015-02-09,70.26127624511719,92.72000122070312,93.44999694824219,92.54000091552734,93.30000305175781,8203000
2015-02-10,71.24638366699219,94.0199966430664,94.2300033569336,92.97000122070312,93.33000183105469,4697600
2015-02-11,71.39035034179688,94.20999908447266,94.33000183105469,93.30000305175781,94.16000366210938,5153900
2015-02-12,72.05718231201172,95.08999633789062,95.5999984741211,93.7699966430664,94.05000305175781,7910100
2015-02-13,72.4815444946289,95.6500015258789,95.8499984741211,94.93000030517578,95.4000015258789,6762200
2015-02-17,71.4964599609375,94.3499984741211,95.38999938964844,94.08999633789062,95.12000274658203,5972000
2015-02-18,71.67073059082031,94.58000183105469,94.79000091552734,94.0,94.2300033569336,5617500
2015-02-19,71.37522888183594,94.19000244140625,94.55000305175781,93.73999786376953,94.5,6312200
2015-02-20,71.37522888183594,94.19000244140625,94.48999786376953,93.55999755859375,94.16000366210938,8155000
2015-02-23,71.46614074707031,94.30999755859375,94.41000366210938,93.94999694824219,94.12000274658203,5682000
2015-02-24,71.97386932373047,94.9800033569336,95.33000183105469,93.69000244140625,94.08000183105469,5643600
2015-02-25,74.7624740600586,98.66000366210938,99.30999755859375,94.86000061035156,94.91000366210938,16751600
2015-02-26,76.06189727783203,99.51000213623047,99.87999725341797,97.0,97.43000030517578,16098800
2015-02-27,75.59561920166016,98.9000015258789,99.30000305175781,98.48999786376953,99.16999816894531,7552500
2015-03-02,76.43643951416016,100.0,101.08999633789062,98.30999755859375,98.9000015258789,12363300
2015-03-03,76.23770141601562,99.73999786376953,100.44000244140625,99.55000305175781,99.97000122070312,8149700
2015-03-04,76.62752532958984,100.25,100.4800033569336,99.18000030517578,99.80999755859375,9179400
2015-03-05,75.75615692138672,99.11000061035156,99.91999816894531,98.45999908447266,99.01000213623047,9438800
2015-03-06,74.2426986694336,97.12999725341797,98.98999786376953,96.95999908447266,98.2699966430664,9677900
2015-03-09,74.6860122680664,97.70999908447266,98.25,96.80999755859375,96.80999755859375,8460300
2015-03-10,73.60064697265625,96.29000091552734,97.12000274658203,96.0999984741211,96.91000366210938,7838900
2015-03-11,72.58404541015625,94.95999908447266,96.7699966430664,94.94000244140625,96.30000305175781,9391100
2015-03-12,73.5700912475586,96.25,96.44000244140625,95.27999877929688,95.41999816894531,8765100
2015-03-13,73.64649963378906,96.3499984741211,97.05000305175781,95.75,96.23999786376953,5152800
2015-03-16,74.25798797607422,97.1500015258789,97.47000122070312,96.73999786376953,96.93000030517578,4772200
2015-03-17,73.5089111328125,96.16999816894531,97.1500015258789,95.98999786376953,96.9000015258789,4530700
2015-03-18,74.14334869384766,97.0,97.23999786376953,95.33000183105469,96.01000213623047,5831000
2015-03-19,73.36367797851562,95.9800033569336,97.01000213623047,95.9800033569336,96.86000061035156,3615400
2015-03-20,74.18154907226562,97.05000305175781,97.72000122070312,96.12000274658203,96.31999969482422,10014000
2015-03-23,75.38160705566406,98.62000274658203,99.12000274658203,96.80000305175781,96.80000305175781,9232000
2015-03-24,75.9472427368164,99.36000061035156,99.83999633789062,98.06999969482422,98.45999908447266,7549900
2015-03-25,75.01472473144531,98.13999938964844,99.61000061035156,98.11000061035156,99.02999877929688,6030500
2015-03-26,74.63255310058594,97.63999938964844,97.97000122070312,96.19999694824219,97.5999984741211,10445800
2015-03-27,74.11276245117188,96.95999908447266,97.8499984741211,96.7699966430664,97.36000061035156,4642400
2015-03-30,74.81596374511719,97.87999725341797,98.31999969482422,97.37000274658203,97.43000030517578,4074500
2015-03-31,74.47968292236328,97.44000244140625,98.43000030517578,97.44000244140625,97.81999969482422,5617000
2015-04-01,73.60064697265625,96.29000091552734,97.0199966430664,96.0,96.80999755859375,7484800
2015-04-02,73.2490234375,95.83000183105469,96.23999786376953,94.70999908447266,95.95999908447266,6614300
2015-04-06,73.59298706054688,96.27999877929688,96.81999969482422,95.44999694824219,95.75,4501300
2015-04-07,73.64649963378906,96.3499984741211,96.79000091552734,96.0999984741211,96.23999786376953,4443700
2015-04-08,74.0286865234375,96.8499984741211,97.5,95.9800033569336,96.7300033569336,4445200
2015-04-09,73.79937744140625,96.55000305175781,97.43000030517578,96.20999908447266,96.8499984741211,4790000
2015-04-10,74.75483703613281,97.80000305175781,97.94999694824219,96.55999755859375,96.9000015258789,5937800
2015-04-13,74.47968292236328,97.44000244140625,97.75,97.06999969482422,97.41000366210938,5197900
2015-04-14,74.586669921875,97.58000183105469,97.73999786376953,96.97000122070312,97.16000366210938,4961100
2015-04-15,73.71531677246094,96.44000244140625,97.55000305175781,96.27999877929688,97.0,6604400
2015-04-16,73.09615325927734,95.62999725341797,97.44000244140625,95.51000213623047,96.37000274658203,5071700
2015-04-17,72.52289581298828,94.87999725341797,95.3499984741211,94.45999908447266,95.12999725341797,6933600
2015-04-20,73.51657104492188,96.18000030517578,96.26000213623047,95.0,95.0,4382400
2015-04-21,72.51522064208984,94.87000274658203,96.55000305175781,94.54000091552734,96.19000244140625,5981700
2015-04-22,74.78538513183594,97.83999633789062,99.3499984741211,96.23999786376953,97.0,19254300
2015-04-23,74.14334869384766,97.0,97.5199966430664,96.55999755859375,97.44000244140625,6336500
2015-04-24,75.47333526611328,98.73999786376953,99.08000183105469,96.83999633789062,96.98999786376953,7741300
2015-04-27,73.71531677246094,96.44000244140625,98.94000244140625,96.26000213623047,98.73999786376953,7282700
2015-04-28,74.01338195800781,96.83000183105469,96.88999938964844,95.77999877929688,96.2699966430664,4357400
2015-04-29,74.15864562988281,97.0199966430664,97.66999816894531,96.06999969482422,96.58000183105469,5697200
2015-04-30,73.79937744140625,96.55000305175781,97.37000274658203,96.41000366210938,96.6500015258789,8300300
2015-05-01,74.75483703613281,97.80000305175781,97.97000122070312,96.7300033569336,96.7300033569336,6280300
2015-05-04,73.47834014892578,96.12999725341797,98.62999725341797,96.05000305175781,96.56999969482422,8426300
2015-05-05,73.47834014892578,96.12999725341797,96.47000122070312,95.56999969482422,96.38999938964844,7637000
2015-05-06,73.67706298828125,96.38999938964844,96.66000366210938,95.87999725341797,96.0999984741211,6614500
2015-05-07,73.97518920898438,96.77999877929688,97.33000183105469,96.12000274658203,96.2699966430664,5018900
2015-05-08,75.08352661132812,98.2300033569336,99.1500015258789,97.79000091552734,98.19000244140625,7543100
2015-05-11,74.53314971923828,97.51000213623047,98.38999938964844,97.1500015258789,98.06999969482422,4123700
2015-05-12,74.86947631835938,97.94999694824219,98.3499984741211,96.91999816894531,97.38999938964844,4848100
2015-05-13,74.41085815429688,97.3499984741211,98.48999786376953,97.27999877929688,98.06999969482422,6526900
2015-05-14,74.6860122680664,97.70999908447266,97.87000274658203,97.27999877929688,97.66000366210938,4744000
2015-05-15,74.93827056884766,98.04000091552734,99.04000091552734,97.54000091552734,97.73999786376953,7607200
2015-05-18,74.9229736328125,98.0199966430664,98.25,97.62000274658203,97.97000122070312,4100800
2015-05-19,76.9561767578125,100.68000030517578,101.08000183105469,97.6500015258789,98.08999633789062,10809200
2015-05-20,76.5205078125,100.11000061035156,100.9800033569336,99.41999816894531,100.87999725341797,6185100
2015-05-21,75.8860855102539,99.27999877929688,99.95999908447266,99.05999755859375,99.88999938964844,4729500
2015-05-22,75.66441345214844,98.98999786376953,99.4800033569336,98.83999633789062,99.1500015258789,4559500
2015-05-26,75.25930786132812,98.45999908447266,99.19999694824219,98.04000091552734,98.8499984741211,7123100
2015-05-27,75.41219329833984,98.66000366210938,99.22000122070312,98.19999694824219,98.97000122070312,8129500
2015-05-28,74.38674926757812,96.4800033569336,98.20999908447266,96.19999694824219,98.0,10204000
2015-05-29,73.96269226074219,95.93000030517578,97.7699966430664,95.83999633789062,97.58999633789062,6439100
2015-06-01,74.18629455566406,96.22000122070312,96.91000366210938,95.83999633789062,95.83999633789062,4919200
2015-06-02,74.2402572631836,96.29000091552734,96.97000122070312,95.80999755859375,96.30000305175781,4430300
2015-06-03,74.41758728027344,96.5199966430664,97.06999969482422,95.97000122070312,96.37999725341797,4165700
2015-06-04,74.25566864013672,96.30999755859375,96.97000122070312,96.01000213623047,96.30000305175781,4702800
2015-06-05,73.66199493408203,95.54000091552734,96.08999633789062,95.47000122070312,95.93000030517578,3959300
2015-06-08,73.49237823486328,95.31999969482422,96.04000091552734,95.25,96.0,4594600
2015-06-09,73.03749084472656,94.7300033569336,95.55999755859375,94.48999786376953,95.5199966430664,7770900
2015-06-10,73.47695922851562,95.30000305175781,95.62999725341797,94.80999755859375,95.0199966430664,4828600
2015-06-11,73.7005386352539,95.58999633789062,96.33000183105469,95.5,95.5,4203900
2015-06-12,73.29190826416016,95.05999755859375,95.55000305175781,95.0,95.41999816894531,3702400
2015-06-15,72.70594024658203,94.30000305175781,95.0,94.0199966430664,94.73999786376953,5861800
2015-06-16,72.96038818359375,94.62999725341797,94.66999816894531,94.0999984741211,94.25,3094800
2015-06-17,73.4152603149414,95.22000122070312,95.5199966430664,94.54000091552734,94.54000091552734,3941000
2015-06-18,74.1477279663086,96.16999816894531,96.62999725341797,95.27999877929688,95.69000244140625,5101000
2015-06-19,74.07835388183594,96.08000183105469,97.13999938964844,95.9800033569336,96.38999938964844,8279300
2015-06-22,74.68744659423828,96.87000274658203,97.02999877929688,96.13999938964844,96.30999755859375,3893300
2015-06-23,74.92642974853516,97.18000030517578,97.95999908447266,97.12000274658203,97.58999633789062,4541700
2015-06-24,74.51009368896484,96.63999938964844,97.44999694824219,96.63999938964844,96.75,3927100
2015-06-25,73.85477447509766,95.79000091552734,96.91000366210938,95.77999877929688,96.69999694824219,4322300
2015-06-26,75.01126098632812,97.29000091552734,97.3499984741211,95.93000030517578,96.12999725341797,6039500
2015-06-29,73.58491516113281,95.44000244140625,97.2300033569336,95.41999816894531,96.62000274658203,8412800
2015-06-30,73.29960632324219,95.06999969482422,96.30000305175781,94.54000091552734,95.93000030517578,6656000
2015-07-01,73.83161926269531,95.76000213623047,95.81999969482422,94.7300033569336,95.0999984741211,4446200
2015-07-02,74.1477279663086,96.16999816894531,96.5999984741211,95.58000183105469,96.12999725341797,3250900
2015-07-06,73.74681091308594,95.6500015258789,96.27999877929688,95.25,95.88999938964844,3852500
2015-07-07,74.54094696044922,96.68000030517578,96.77999877929688,95.23999786376953,95.93000030517578,4794400
2015-07-08,73.8932876586914,95.83999633789062,96.58999633789062,95.6500015258789,95.6500015258789,4914300
2015-07-09,74.39447784423828,96.48999786376953,97.2699966430664,96.44000244140625,96.63999938964844,5482500
2015-07-10,75.28883361816406,97.6500015258789,97.77999877929688,96.94999694824219,97.25,5179200
2015-07-13,75.89021301269531,98.43000030517578,98.51000213623047,97.69999694824219,98.0,4578700
2015-07-14,76.16004943847656,98.77999877929688,99.05000305175781,97.95999908447266,98.12000274658203,5746100
2015-07-15,76.38365936279297,99.06999969482422,99.62999725341797,97.8499984741211,98.1500015258789,7572500
2015-07-16,75.45074462890625,97.86000061035156,99.11000061035156,97.20999908447266,99.11000061035156,7696200
2015-07-17,75.17317199707031,97.5,98.22000122070312,97.0,97.69999694824219,6429800
2015-07-20,75.16544342041016,97.48999786376953,98.20999908447266,97.4000015258789,97.77999877929688,4947000
2015-07-21,75.03437805175781,97.31999969482422,97.72000122070312,96.95999908447266,97.5999984741211,4206700
2015-07-22,75.23484802246094,97.58000183105469,98.25,97.43000030517578,97.70999908447266,5392600
2015-07-23,74.8570327758789,97.08999633789062,99.0,96.1500015258789,98.9000015258789,10380700
2015-07-24,74.0937728881836,96.0999984741211,97.41000366210938,96.08999633789062,97.41000366210938,5554600
2015-07-27,74.04753112792969,96.04000091552734,96.75,95.69999694824219,96.0,5818600
2015-07-28,75.04212951660156,97.33000183105469,97.41999816894531,96.31999969482422,96.4800033569336,4863000
2015-07-29,75.72059631347656,98.20999908447266,98.38999938964844,97.0,97.4800033569336,6006500
2015-07-30,76.46076965332031,99.16999816894531,99.33999633789062,97.58999633789062,97.58999633789062,5372500
2015-07-31,76.99275207519531,99.86000061035156,101.0999984741211,99.30000305175781,99.6500015258789,7647000
2015-08-03,76.65351867675781,99.41999816894531,100.18000030517578,99.0199966430664,100.0,4427300
2015-08-04,76.4376220703125,99.13999938964844,99.5199966430664,98.7699966430664,99.47000122070312,2842100
2015-08-05,76.94648742675781,99.80000305175781,100.13999938964844,99.26000213623047,99.83000183105469,3560600
2015-08-06,76.59953308105469,99.3499984741211,100.18000030517578,99.20999908447266,99.72000122070312,6740200
2015-08-07,76.26802062988281,98.91999816894531,99.41999816894531,98.44999694824219,99.29000091552734,3463700
2015-08-10,76.63038635253906,99.38999938964844,99.94999694824219,98.87000274658203,99.48999786376953,3994500
2015-08-11,76.18321228027344,98.80999755859375,99.16000366210938,98.4000015258789,98.69000244140625,3585000
2015-08-12,75.7745590209961,98.27999877929688,98.43000030517578,97.2300033569336,98.2699966430664,4167100
2015-08-13,76.61495208740234,99.37000274658203,99.81999969482422,97.98999786376953,98.06999969482422,4636400
2015-08-14,76.53782653808594,99.2699966430664,99.55999755859375,98.72000122070312,99.05000305175781,3185600
2015-08-17,77.60958099365234,100.66000366210938,100.91000366210938,98.91999816894531,99.0,5204100
2015-08-18,77.68666076660156,100.76000213623047,101.44000244140625,100.0,100.0,4257300
2015-08-19,77.94881439208984,101.0999984741211,101.87999725341797,100.19000244140625,100.44999694824219,5989000
2015-08-20,76.91563415527344,99.76000213623047,101.0,99.73999786376953,100.7300033569336,6668000
2015-08-21,74.88789367675781,97.12999725341797,99.38999938964844,97.12999725341797,99.37999725341797,10980000
2015-08-24,71.60342407226562,92.87000274658203,95.87999725341797,87.5,91.58000183105469,15074800
2015-08-25,70.32353973388672,91.20999908447266,95.4800033569336,91.02999877929688,95.47000122070312,11468800
2015-08-26,73.36128234863281,95.1500015258789,95.19999694824219,91.47000122070312,92.93000030517578,16439800
2015-08-27,75.04212951660156,97.33000183105469,97.37000274658203,95.56999969482422,95.87999725341797,10187100
2015-08-28,74.86322021484375,96.25,96.66000366210938,95.79000091552734,96.05000305175781,5606000
2015-08-31,73.90653228759766,95.0199966430664,95.87999725341797,94.8499984741211,95.7699966430664,5086600
2015-09-01,72.70092010498047,93.47000122070312,94.27999877929688,92.5999984741211,92.7699966430664,7308400
2015-09-02,74.69989013671875,96.04000091552734,96.12000274658203,94.55000305175781,95.62999725341797,6908100
2015-09-03,74.67654418945312,96.01000213623047,97.43000030517578,95.58000183105469,96.80000305175781,6313900
2015-09-04,73.7742691040039,94.8499984741211,95.58000183105469,94.30999755859375,95.05000305175781,4429100
2015-09-08,75.27544403076172,96.77999877929688,96.87999725341797,95.48999786376953,96.30999755859375,5771100
2015-09-09,74.22541046142578,95.43000030517578,97.38999938964844,95.22000122070312,97.29000091552734,5129400
2015-09-10,74.08540344238281,95.25,95.8499984741211,94.75,94.95999908447266,6210800
2015-09-11,75.76544952392578,97.41000366210938,97.41999816894531,95.26000213623047,95.47000122070312,6656300
2015-09-14,75.4232177734375,96.97000122070312,97.66000366210938,96.62999725341797,97.36000061035156,4557200
2015-09-15,76.37214660644531,98.19000244140625,98.58999633789062,96.73999786376953,97.29000091552734,5142600
2015-09-16,76.76103973388672,98.69000244140625,98.73999786376953,97.52999877929688,98.6500015258789,5198700
2015-09-17,76.09989166259766,97.83999633789062,98.97000122070312,97.38999938964844,98.56999969482422,7955000
2015-09-18,75.4854507446289,97.05000305175781,97.69999694824219,96.25,96.81999969482422,10492700
2015-09-21,76.1465835571289,97.9000015258789,98.16999816894531,97.01000213623047,97.4800033569336,4543500
2015-09-22,75.60211181640625,97.19999694824219,98.08000183105469,96.70999908447266,97.12000274658203,6254500
2015-09-23,75.74209594726562,97.37999725341797,97.8499984741211,97.01000213623047,97.23999786376953,3035300
2015-09-24,75.672119140625,97.29000091552734,97.43000030517578,96.30000305175781,96.83000183105469,4138800
2015-09-25,75.90544128417969,97.58999633789062,98.69999694824219,97.45999908447266,97.88999938964844,4825800
2015-09-28,74.63762664794922,95.95999908447266,97.73999786376953,95.77999877929688,97.0,6609800
2015-09-29,75.81988525390625,97.4800033569336,97.79000091552734,96.80999755859375,97.45999908447266,6944800
2015-09-30,76.6365966796875,98.52999877929688,98.69999694824219,97.76000213623047,98.20999908447266,5517600
2015-10-01,76.8310317993164,98.77999877929688,99.0,97.66999816894531,98.5,4456600
2015-10-02,77.61662292480469,99.79000091552734,99.80999755859375,97.12999725341797,97.33000183105469,4400800
2015-10-05,78.68997955322266,101.16999816894531,101.63999938964844,100.19999694824219,100.2699966430664,6501600
2015-10-06,79.25778198242188,101.9000015258789,102.30000305175781,101.16000366210938,101.26000213623047,7252400
2015-10-07,79.15664672851562,101.7699966430664,101.9000015258789,100.33999633789062,100.75,6497100
2015-10-08,80.07445526123047,102.94999694824219,103.47000122070312,101.7699966430664,101.8499984741211,8218900
2015-10-09,79.92668914794922,102.76000213623047,103.44000244140625,102.2699966430664,103.0,5756600
2015-10-12,80.30001831054688,103.23999786376953,103.30999755859375,102.51000213623047,102.68000030517578,3448200
2015-10-13,80.40892028808594,103.37999725341797,103.51000213623047,102.62999725341797,102.8499984741211,4697300
2015-10-14,79.97333526611328,102.81999969482422,104.93000030517578,102.43000030517578,104.1500015258789,9093000
2015-10-15,80.62670135498047,103.66000366210938,105.19999694824219,101.5999984741211,102.56999969482422,10168300
2015-10-16,81.5289535522461,104.81999969482422,105.01000213623047,103.41000366210938,104.72000122070312,7168300
2015-10-19,81.27226257324219,104.48999786376953,105.1500015258789,104.1500015258789,104.23999786376953,7064300
2015-10-20,80.76667785644531,103.83999633789062,104.3499984741211,103.41999816894531,104.05000305175781,4872200
2015-10-21,79.75556182861328,102.54000091552734,104.25,102.08000183105469,103.9800033569336,7979600
2015-10-22,86.23463439941406,110.87000274658203,111.0,108.37999725341797,110.4000015258789,25286600
2015-10-23,87.57247161865234,112.58999633789062,112.87000274658203,111.0999984741211,111.18000030517578,11677300
2015-10-26,87.25355529785156,112.18000030517578,113.95999908447266,111.81999969482422,112.2300033569336,11478600
2015-10-27,86.83354949951172,111.63999938964844,112.3499984741211,110.58999633789062,112.2699966430664,10013300
2015-10-28,87.84467315673828,112.94000244140625,112.94999694824219,111.4000015258789,111.69000244140625,4390300
2015-10-29,87.59578704833984,112.62000274658203,112.94999694824219,111.88999938964844,112.66000366210938,3752600
2015-10-30,87.30796813964844,112.25,113.29000091552734,112.25,112.87999725341797,6409500
2015-11-02,87.1990966796875,112.11000061035156,112.83999633789062,111.2300033569336,112.45999908447266,5663000
2015-11-03,87.17576599121094,112.08000183105469,112.30999755859375,111.2699966430664,111.91999816894531,4584900
2015-11-04,87.42465209960938,112.4000015258789,112.52999877929688,111.30999755859375,112.19000244140625,6797100
2015-11-05,87.7746810913086,112.8499984741211,113.44999694824219,112.1500015258789,112.5999984741211,5059100
2015-11-06,88.13246154785156,113.30999755859375,113.44000244140625,112.16000366210938,112.4000015258789,4615600
2015-11-09,87.8369140625,112.93000030517578,113.4800033569336,112.4000015258789,113.44999694824219,8423800
2015-11-10,88.06243896484375,113.22000122070312,114.98999786376953,110.75,112.7699966430664,12716500
2015-11-11,88.55248260498047,113.8499984741211,114.43000030517578,113.54000091552734,113.66999816894531,8387800
2015-11-12,87.1990966796875,112.11000061035156,113.73999786376953,112.05999755859375,113.5,5893800
2015-11-13,85.53462219238281,109.97000122070312,112.36000061035156,109.91000366210938,111.8499984741211,8602400
2015-11-16,86.38240051269531,111.05999755859375,111.05999755859375,109.5999984741211,109.8499984741211,6731800
2015-11-17,86.28907012939453,110.94000244140625,111.81999969482422,110.45999908447266,111.04000091552734,6027600
2015-11-18,87.52578735351562,112.52999877929688,112.58999633789062,110.83999633789062,111.30000305175781,5194500
2015-11-19,88.12467956542969,113.30000305175781,113.70999908447266,112.30000305175781,112.52999877929688,5323500
2015-11-20,88.59912872314453,113.91000366210938,114.16999816894531,113.19000244140625,113.36000061035156,6659400
2015-11-23,89.03472137451172,114.47000122070312,114.9000015258789,113.91000366210938,114.01000213623047,4968400
2015-11-24,88.8869400024414,114.27999877929688,114.55999755859375,113.36000061035156,113.9000015258789,6047700
2015-11-25,88.98025512695312,114.4000015258789,114.91999816894531,113.94999694824219,114.2699966430664,7477200
2015-11-27,89.544677734375,114.2300033569336,114.38999938964844,113.52999877929688,113.70999908447266,2763700
2015-11-30,89.48979949951172,114.16000366210938,114.48999786376953,113.55999755859375,114.37999725341797,7872000
2015-12-01,89.71710968017578,114.44999694824219,114.93000030517578,113.79000091552734,114.5199966430664,5321900
2015-12-02,89.14488983154297,113.72000122070312,114.2699966430664,113.44999694824219,114.0999984741211,5692200
2015-12-03,88.88616943359375,113.38999938964844,114.44000244140625,112.91000366210938,113.61000061035156,6558600
2015-12-04,91.08892822265625,116.19999694824219,116.38999938964844,113.41999816894531,113.75,7778200
2015-12-07,91.26142120361328,116.41999816894531,116.51000213623047,115.75,115.80999755859375,4810700
2015-12-08,91.34764099121094,116.52999877929688,116.86000061035156,115.26000213623047,115.94999694824219,4814200
2015-12-09,91.38685607910156,116.58000183105469,117.30000305175781,115.9000015258789,116.20999908447266,7604700
2015-12-10,91.87285614013672,117.19999694824219,117.51000213623047,116.19999694824219,116.61000061035156,5299900
2015-12-11,90.9948959350586,116.08000183105469,116.61000061035156,115.62000274658203,115.86000061035156,5736400
2015-12-14,91.135986328125,116.26000213623047,117.06999969482422,114.6500015258789,116.16999816894531,7660700
2015-12-15,91.66121673583984,116.93000030517578,118.23999786376953,116.83999633789062,117.5,6118300
2015-12-16,92.37454223632812,117.83999633789062,118.75,116.48999786376953,117.48999786376953,6306300
2015-12-17,92.1080093383789,117.5,118.9000015258789,117.48999786376953,118.33999633789062,5275900
2015-12-18,91.44954681396484,116.66000366210938,117.27999877929688,115.88999938964844,116.73999786376953,11238900
2015-12-21,92.25694274902344,117.69000244140625,117.73999786376953,116.61000061035156,116.95999908447266,3344600
2015-12-22,92.2804946899414,117.72000122070312,118.04000091552734,116.63999938964844,117.95999908447266,4092000
2015-12-23,93.1270980834961,118.80000305175781,118.8499984741211,117.75,118.0199966430664,3641900
2015-12-24,92.94677734375,118.56999969482422,118.98999786376953,118.5,118.75,1659300
2015-12-28,93.087890625,118.75,118.9000015258789,118.05000305175781,118.0999984741211,2777200
2015-12-29,94.12261962890625,120.06999969482422,120.2300033569336,118.81999969482422,119.0,3213900
2015-12-30,93.62089538574219,119.43000030517578,119.98999786376953,119.2300033569336,119.63999938964844,2400800
2015-12-31,92.60972595214844,118.13999938964844,119.18000030517578,117.94000244140625,118.81999969482422,3723200
2016-01-04,92.17070770263672,117.58000183105469,117.7300033569336,115.87000274658203,117.25,9995000
2016-01-05,93.44062805175781,119.19999694824219,119.2300033569336,117.29000091552734,117.41000366210938,6314000
2016-01-06,92.81352996826172,118.4000015258789,119.2699966430664,117.80999755859375,118.0,6543800
2016-01-07,90.6656494140625,115.66000366210938,117.97000122070312,115.58999633789062,117.44000244140625,7477900
2016-01-08,90.52455139160156,115.4800033569336,117.47000122070312,115.26000213623047,115.75,6103400
2016-01-11,91.47306823730469,116.69000244140625,117.05999755859375,115.58000183105469,115.6500015258789,6392400
2016-01-12,92.06098937988281,117.44000244140625,117.73999786376953,116.16999816894531,117.02999877929688,5639700
2016-01-13,90.24236297607422,115.12000274658203,117.87000274658203,115.08000183105469,117.69000244140625,6986000
2016-01-14,91.41819763183594,116.62000274658203,117.12999725341797,113.0,115.58999633789062,9204500
2016-01-15,90.28938293457031,115.18000030517578,116.44999694824219,114.20999908447266,114.26000213623047,10201900
2016-01-19,92.1080093383789,117.5,117.70999908447266,115.95999908447266,116.62999725341797,9195300
2016-01-20,90.75968933105469,115.77999877929688,118.0,114.37999725341797,116.97000122070312,11905200
2016-01-21,92.37454223632812,117.83999633789062,118.44000244140625,115.79000091552734,116.51000213623047,9839100
2016-01-22,92.81352996826172,118.4000015258789,118.75,117.37000274658203,118.44000244140625,9016600
2016-01-25,93.44062805175781,119.19999694824219,121.9000015258789,118.19999694824219,121.8499984741211,15141500
2016-01-26,94.40485382080078,120.43000030517578,121.30000305175781,119.0,119.5999984741211,8326100
2016-01-27,94.74977111816406,120.87000274658203,121.62000274658203,119.83000183105469,120.87999725341797,7409000
2016-01-28,95.93341827392578,122.37999725341797,122.5999984741211,120.19999694824219,121.0999984741211,7460500
2016-01-29,97.0309066772461,123.77999877929688,124.3499984741211,122.75,122.7699966430664,10549900
2016-02-01,97.68155670166016,124.61000061035156,124.83000183105469,123.0199966430664,123.08000183105469,6189900
2016-02-02,97.16414642333984,123.94999694824219,124.33999633789062,123.0999984741211,124.05000305175781,7653000
2016-02-03,95.2201156616211,121.47000122070312,124.58000183105469,120.83999633789062,124.36000061035156,9327000
2016-02-04,94.58513641357422,120.66000366210938,121.23999786376953,118.72000122070312,121.04000091552734,7595000
2016-02-05,90.46184539794922,115.4000015258789,120.6500015258789,114.95999908447266,120.6500015258789,13261700
2016-02-08,90.97139739990234,116.05000305175781,116.36000061035156,112.70999908447266,114.05000305175781,11311500
2016-02-09,91.72390747070312,117.01000213623047,117.80000305175781,115.3499984741211,115.54000091552734,7525700
2016-02-10,92.13935852050781,117.54000091552734,118.52999877929688,117.26000213623047,118.0199966430664,5726300
2016-02-11,91.50442504882812,116.7300033569336,117.5,115.69000244140625,115.73999786376953,7568600
2016-02-12,92.44507598876953,117.93000030517578,118.33000183105469,116.0999984741211,116.72000122070312,8552800
2016-02-16,93.42498016357422,119.18000030517578,119.18000030517578,117.5999984741211,118.41999816894531,10835800
2016-02-17,93.00166320800781,118.63999938964844,119.4000015258789,116.72000122070312,119.18000030517578,12729000
2016-02-18,91.84934997558594,117.16999816894531,119.45999908447266,116.93000030517578,118.80999755859375,9707100
2016-02-19,91.34764099121094,116.52999877929688,117.3499984741211,115.80999755859375,117.0,10793700
2016-02-22,92.24127960205078,117.66999816894531,118.16000366210938,116.52999877929688,116.52999877929688,6223300
2016-02-23,91.63768005371094,116.9000015258789,118.1500015258789,116.8499984741211,117.3499984741211,5276700
2016-02-24,91.7630844116211,117.05999755859375,117.33000183105469,115.80000305175781,116.31999969482422,5349800
2016-02-25,92.79000854492188,118.37000274658203,118.5,117.16000366210938,117.43000030517578,6034000
2016-02-26,92.45828247070312,117.05999755859375,118.2699966430664,116.16999816894531,117.9800033569336,5193700
2016-02-29,92.56098175048828,117.19000244140625,118.37000274658203,116.70999908447266,116.80000305175781,6467700
2016-03-01,93.8720703125,118.8499984741211,119.19000244140625,117.7699966430664,117.91000366210938,4731500
2016-03-02,93.57984924316406,118.4800033569336,118.7300033569336,117.66000366210938,118.55999755859375,4267700
2016-03-03,92.1660385131836,116.69000244140625,117.4800033569336,115.31999969482422,117.4800033569336,9132000
2016-03-04,92.5530776977539,117.18000030517578,117.44999694824219,115.9000015258789,116.72000122070312,5857400
2016-03-07,92.52936553955078,117.1500015258789,117.56999969482422,116.12000274658203,117.02999877929688,5640700
2016-03-08,93.53246307373047,118.41999816894531,119.08000183105469,116.20999908447266,116.20999908447266,6236200
2016-03-09,94.49608612060547,119.63999938964844,120.19999694824219,118.45999908447266,119.23999786376953,6428200
2016-03-10,94.76459503173828,119.9800033569336,120.86000061035156,118.66000366210938,119.91000366210938,6171200
2016-03-11,96.0046615600586,121.55000305175781,122.01000213623047,120.36000061035156,120.48999786376953,7042300
2016-03-14,97.07095336914062,122.9000015258789,123.48999786376953,121.44999694824219,121.80999755859375,7912100
2016-03-15,97.48953247070312,123.43000030517578,123.76000213623047,122.20999908447266,122.30000305175781,5061400
2016-03-16,97.56063079833984,123.5199966430664,124.05999755859375,122.66999816894531,123.33000183105469,6716700
2016-03-17,97.27629852294922,123.16000366210938,123.8499984741211,123.11000061035156,123.2699966430664,6108700
2016-03-18,98.00292205810547,124.08000183105469,124.12000274658203,122.75,123.43000030517578,14783800
2016-03-21,97.7896728515625,123.80999755859375,124.5,123.05000305175781,123.66000366210938,4050100
2016-03-22,97.79759216308594,123.81999969482422,124.38999938964844,123.55999755859375,123.79000091552734,3494500
2016-03-23,98.08980560302734,124.19000244140625,125.0,123.86000061035156,124.0999984741211,4143600
2016-03-24,97.37895965576172,123.29000091552734,124.0,122.66000366210938,123.69000244140625,5796700
2016-03-28,97.2841796875,123.16999816894531,124.19999694824219,123.12000274658203,124.0,4784400
2016-03-29,97.91604614257812,123.97000122070312,124.56999969482422,123.33999633789062,123.43000030517578,7188200
2016-03-30,99.3851318359375,125.83000183105469,126.0999984741211,124.5999984741211,124.9000015258789,4853700
2016-03-31,99.26665496826172,125.68000030517578,126.95999908447266,125.61000061035156,126.1500015258789,7685900
2016-04-01,100.32503509521484,127.0199966430664,127.38999938964844,124.87000274658203,125.19000244140625,5212400
2016-04-04,100.75944519042969,127.56999969482422,127.87000274658203,126.87999725341797,127.05000305175781,4239300
2016-04-05,100.60939025878906,127.37999725341797,127.77999877929688,126.38999938964844,126.83999633789062,6282200
2016-04-06,100.71998596191406,127.5199966430664,127.69000244140625,126.83999633789062,127.47000122070312,5619900
2016-04-07,101.20967864990234,128.13999938964844,128.52000427246094,127.0199966430664,127.37000274658203,4720800
2016-04-08,101.06751251220703,127.95999908447266,128.74000549316406,127.27999877929688,128.27999877929688,3625600
2016-04-11,100.7515640258789,127.55999755859375,128.69000244140625,127.44999694824219,128.35000610351562,6973700
2016-04-12,100.79105377197266,127.61000061035156,128.27999877929688,126.88999938964844,128.0800018310547,5211400
2016-04-13,100.22235870361328,126.88999938964844,127.91999816894531,126.08000183105469,127.70999908447266,4985200
2016-04-14,100.71207427978516,127.51000213623047,128.08999633789062,127.04000091552734,127.13999938964844,4834800
2016-04-15,100.92533111572266,127.77999877929688,128.0399932861328,126.95999908447266,127.08000183105469,3103800
2016-04-18,101.77045440673828,128.85000610351562,128.91000366210938,127.68000030517578,127.77999877929688,4525600
2016-04-19,101.77833557128906,128.86000061035156,129.35000610351562,128.1199951171875,128.91000366210938,4606300
2016-04-20,101.53352355957031,128.5500030517578,129.8000030517578,128.50999450683594,129.30999755859375,5006700
2016-04-21,99.35358428955078,125.79000091552734,128.75,125.5999984741211,128.5500030517578,7947600
2016-04-22,99.12449645996094,125.5,128.39999389648438,125.36000061035156,128.1699981689453,9311300
2016-04-25,100.67259216308594,127.45999908447266,127.52999877929688,125.01000213623047,125.06999969482422,6979900
2016-04-26,100.87003326416016,127.70999908447266,128.33999633789062,127.02999877929688,127.41999816894531,4082300
2016-04-27,101.3360366821289,128.3000030517578,128.55999755859375,127.77999877929688,127.94000244140625,4436200
2016-04-28,101.03590393066406,127.91999816894531,128.85000610351562,127.44000244140625,127.86000061035156,3385800
2016-04-29,99.90641784667969,126.48999786376953,127.93000030517578,126.0999984741211,127.93000030517578,6276900
2016-05-02,101.25706481933594,128.1999969482422,128.22000122070312,126.5,126.6500015258789,4830800
2016-05-03,101.4150161743164,128.39999389648438,128.99000549316406,127.37999725341797,127.4000015258789,4048400
2016-05-04,102.14956665039062,129.3300018310547,130.42999267578125,127.56999969482422,127.56999969482422,6613700
2016-05-05,102.1100845336914,129.27999877929688,129.97999572753906,129.0,129.30999755859375,4519700
2016-05-06,103.13685607910156,130.5800018310547,130.5800018310547,128.58999633789062,129.3800048828125,4418400
2016-05-09,103.3343276977539,130.8300018310547,131.5,130.35000610351562,130.64999389648438,5006800
2016-05-10,103.94251251220703,131.60000610351562,131.9600067138672,130.85000610351562,130.85000610351562,4082600
2016-05-11,101.99951171875,129.13999938964844,131.6199951171875,129.13999938964844,131.24000549316406,6890200
2016-05-12,102.77354431152344,130.1199951171875,130.5399932861328,129.16000366210938,129.74000549316406,4286800
2016-05-13,101.75465393066406,128.8300018310547,130.16000366210938,128.7100067138672,129.74000549316406,6568700
2016-05-16,102.39440155029297,129.63999938964844,129.72999572753906,128.0500030517578,128.50999450683594,4343600
2016-05-17,100.854248046875,127.69000244140625,129.97000122070312,127.30000305175781,129.60000610351562,5826200
2016-05-18,99.6852798461914,126.20999908447266,127.47000122070312,125.7300033569336,127.05000305175781,7303200
2016-05-19,98.95861053466797,125.29000091552734,125.5999984741211,124.68000030517578,125.4800033569336,6255100
2016-05-20,96.8023681640625,122.55999755859375,125.0,122.13999938964844,124.73999786376953,9735900
2016-05-23,96.99983978271484,122.80999755859375,123.7300033569336,122.47000122070312,122.76000213623047,7081600
2016-05-24,97.90023803710938,123.94999694824219,124.7699966430664,123.01000213623047,123.38999938964844,4494100
2016-05-25,97.35526275634766,123.26000213623047,123.98999786376953,123.02999877929688,123.75,5307400
2016-05-26,97.77387237548828,123.79000091552734,123.9800033569336,123.2300033569336,123.37999725341797,3716300
2016-05-27,97.34734344482422,123.25,124.68000030517578,123.12000274658203,124.2699966430664,3222800
2016-05-31,96.40746307373047,122.05999755859375,123.41000366210938,121.62000274658203,123.30000305175781,7995200
2016-06-01,96.33638763427734,121.97000122070312,122.73999786376953,121.5,122.05999755859375,5057200
2016-06-02,96.40797424316406,121.16999816894531,121.51000213623047,120.55000305175781,120.69999694824219,4740200
2016-06-03,96.55118560791016,121.3499984741211,121.66999816894531,120.33999633789062,121.08999633789062,4643000
2016-06-06,97.06836700439453,122.0,122.16999816894531,121.20999908447266,121.79000091552734,4901700
2016-06-07,96.98880004882812,121.9000015258789,123.37999725341797,121.9000015258789,122.33999633789062,4562100
2016-06-08,97.15589141845703,122.11000061035156,122.48999786376953,120.88999938964844,121.9800033569336,3925900
2016-06-09,97.69695281982422,122.79000091552734,123.08999633789062,122.06999969482422,122.06999969482422,4583400
2016-06-10,97.35478210449219,122.36000061035156,122.66000366210938,121.61000061035156,121.80000305175781,4347400
2016-06-13,97.85606384277344,122.98999786376953,123.97000122070312,121.8499984741211,121.94999694824219,5436700
2016-06-14,97.4741439819336,122.51000213623047,123.19000244140625,121.93000030517578,122.54000091552734,6351400
2016-06-15,97.26728057861328,122.25,123.31999969482422,122.12999725341797,123.1500015258789,4168100
2016-06-16,97.44232177734375,122.47000122070312,122.62999725341797,120.94999694824219,121.83999633789062,3931800
2016-06-17,97.28318786621094,122.2699966430664,122.70999908447266,121.41999816894531,122.2300033569336,8331400
2016-06-20,98.19818115234375,123.41999816894531,124.08000183105469,123.2699966430664,123.31999969482422,5951000
2016-06-21,97.56961822509766,122.62999725341797,124.0,122.30999755859375,123.91999816894531,4749000
2016-06-22,95.97037506103516,120.62000274658203,121.44999694824219,120.05000305175781,121.30999755859375,6578900
2016-06-23,96.43980407714844,121.20999908447266,121.75,120.63999938964844,121.4800033569336,3832800
2016-06-24,95.03154754638672,119.44000244140625,121.11000061035156,118.29000091552734,118.76000213623047,6985900
2016-06-27,92.53319549560547,116.30000305175781,118.16000366210938,116.08000183105469,118.16000366210938,14150500
2016-06-28,94.28363037109375,118.5,118.63999938964844,116.83000183105469,117.19999694824219,6173000
2016-06-29,95.07130432128906,119.48999786376953,119.95999908447266,119.0,119.16000366210938,5020400
2016-06-30,95.74760437011719,120.33999633789062,120.44999694824219,119.30000305175781,119.68000030517578,4808100
2016-07-01,95.79533386230469,120.4000015258789,120.86000061035156,119.66000366210938,119.72000122070312,3798100
2016-07-05,96.08177947998047,120.76000213623047,120.80000305175781,120.0999984741211,120.12000274658203,5191100
2016-07-06,95.97834014892578,120.62999725341797,120.95999908447266,119.0,119.29000091552734,5102800
2016-07-07,96.20909118652344,120.91999816894531,121.23999786376953,120.41000366210938,120.88999938964844,3621300
2016-07-08,96.51936340332031,121.30999755859375,121.69000244140625,121.08000183105469,121.22000122070312,3809600
2016-07-11,97.06836700439453,122.0,122.12000274658203,121.45999908447266,121.69000244140625,4266300
2016-07-12,97.26728057861328,122.25,122.58999633789062,121.95999908447266,122.0,3742000
2016-07-13,97.72079467773438,122.81999969482422,123.0199966430664,122.16000366210938,122.36000061035156,3464200
2016-07-14,98.60397338867188,123.93000030517578,124.20999908447266,123.01000213623047,123.69999694824219,6011900
2016-07-15,98.3493423461914,123.61000061035156,124.44000244140625,123.38999938964844,124.41999816894531,3688400
2016-07-18,98.50052642822266,123.80000305175781,124.0,123.38999938964844,124.0,5254700
2016-07-19,100.64875030517578,126.5,126.5999984741211,123.75,124.08000183105469,6277700
2016-07-20,100.29865264892578,126.05999755859375,126.87000274658203,125.55999755859375,126.83999633789062,3353300
2016-07-21,101.18980407714844,127.18000030517578,127.2300033569336,125.93000030517578,126.41999816894531,3572100
2016-07-22,102.049072265625,128.25999450683594,128.60000610351562,127.29000091552734,127.29000091552734,4304200
2016-07-25,101.36485290527344,127.4000015258789,127.94999694824219,126.86000061035156,127.94999694824219,6210100
2016-07-26,96.8376235961914,121.70999908447266,124.3499984741211,120.97000122070312,123.5,14563700
2016-07-27,95.06334686279297,119.4800033569336,121.79000091552734,119.23999786376953,121.69000244140625,9939200
2016-07-28,95.01560974121094,119.41999816894531,120.18000030517578,118.36000061035156,119.58999633789062,6239400
2016-07-29,93.60730743408203,117.6500015258789,119.66000366210938,117.43000030517578,119.13999938964844,7460900
2016-08-01,93.89376068115234,118.01000213623047,118.38999938964844,117.73999786376953,117.87999725341797,4208800
2016-08-02,93.64710235595703,117.69999694824219,118.70999908447266,117.11000061035156,118.18000030517578,4504200
2016-08-03,93.50389099121094,117.5199966430664,118.0199966430664,117.13999938964844,117.7699966430664,4120000
2016-08-04,94.12450408935547,118.30000305175781,118.55000305175781,117.58000183105469,117.8499984741211,4313200
2016-08-05,94.8485336303711,119.20999908447266,119.44999694824219,118.5999984741211,118.77999877929688,3883800
2016-08-08,94.11653900146484,118.29000091552734,119.37000274658203,118.19999694824219,119.16999816894531,3589300
2016-08-09,94.13243103027344,118.30999755859375,119.12999725341797,117.5999984741211,117.9800033569336,3491700
2016-08-10,94.52230072021484,118.80000305175781,118.94000244140625,117.6500015258789,118.0,2941700
2016-08-11,94.98379516601562,119.37999725341797,119.75,118.8499984741211,118.87000274658203,3490200
2016-08-12,95.09516143798828,119.5199966430664,120.0199966430664,119.27999877929688,119.56999969482422,3015700
2016-08-15,94.2995376586914,118.5199966430664,119.25,118.5199966430664,119.0199966430664,3391600
2016-08-16,93.83806610107422,117.94000244140625,118.52999877929688,117.91999816894531,118.30999755859375,3333900
2016-08-17,93.16970825195312,117.0999984741211,117.9800033569336,116.5199966430664,117.9800033569336,5184900
2016-08-18,93.19358825683594,117.12999725341797,117.37000274658203,116.80000305175781,117.23999786376953,3710500
2016-08-19,91.50682830810547,115.01000213623047,116.80000305175781,115.0,116.80000305175781,7065700
2016-08-22,91.83302307128906,115.41999816894531,115.7300033569336,114.6500015258789,115.0,4484700
2016-08-23,91.65005493164062,115.19000244140625,116.12000274658203,115.05000305175781,115.91000366210938,4305400
2016-08-24,91.39543914794922,114.87000274658203,115.4000015258789,114.7300033569336,115.1500015258789,4135400
2016-08-25,91.84099578857422,115.43000030517578,115.77999877929688,114.87999725341797,115.0999984741211,6694100
2016-08-26,91.05329132080078,114.44000244140625,115.72000122070312,113.95999908447266,115.62999725341797,5294500
2016-08-29,91.82508850097656,115.41000366210938,115.6500015258789,114.5,114.5999984741211,4983000
2016-08-30,92.49861145019531,115.36000061035156,115.87000274658203,114.5999984741211,115.41000366210938,5085300
2016-08-31,92.73917388916016,115.66000366210938,116.0,115.19999694824219,115.51000213623047,5394700
2016-09-01,92.53070068359375,115.4000015258789,115.80999755859375,114.86000061035156,115.51000213623047,3966600
2016-09-02,92.87548828125,115.83000183105469,116.11000061035156,115.69999694824219,115.93000030517578,3410100
2016-09-06,94.01406860351562,117.25,119.23999786376953,116.91000366210938,117.08999633789062,6337900
2016-09-07,93.74943542480469,116.91999816894531,117.48999786376953,116.44000244140625,117.2699966430664,2647700
2016-09-08,93.14806365966797,116.16999816894531,117.11000061035156,116.04000091552734,116.81999969482422,3085600
2016-09-09,91.87319946289062,114.58000183105469,115.76000213623047,114.58000183105469,115.5999984741211,4961100
2016-09-12,92.97168731689453,115.94999694824219,116.18000030517578,114.12999725341797,114.47000122070312,5014000
2016-09-13,91.99346160888672,114.7300033569336,115.61000061035156,114.4800033569336,115.61000061035156,4162200
2016-09-14,92.35430145263672,115.18000030517578,115.66000366210938,114.81999969482422,115.0,4530700
2016-09-15,93.12403869628906,116.13999938964844,116.23999786376953,114.7699966430664,114.87999725341797,3671200
2016-09-16,92.43448638916016,115.27999877929688,116.26000213623047,114.83000183105469,115.68000030517578,9500500
2016-09-19,92.37834930419922,115.20999908447266,116.41000366210938,114.95999908447266,115.83000183105469,3741500
2016-09-20,93.37261199951172,116.44999694824219,116.62999725341797,115.5,115.72000122070312,3841800
2016-09-21,93.75749206542969,116.93000030517578,117.05000305175781,115.95999908447266,116.48999786376953,4528900
2016-09-22,94.10225677490234,117.36000061035156,117.94999694824219,117.27999877929688,117.45999908447266,3808800
2016-09-23,93.94994354248047,117.16999816894531,117.5199966430664,116.3499984741211,116.48999786376953,2776000
2016-09-26,93.4367446899414,116.52999877929688,116.94000244140625,116.27999877929688,116.80000305175781,3022400
2016-09-27,93.71739959716797,116.87999725341797,117.19999694824219,116.37000274658203,116.94999694824219,3745400
2016-09-28,92.35430145263672,115.18000030517578,116.52999877929688,114.45999908447266,116.37999725341797,5638900
2016-09-29,92.04155731201172,114.79000091552734,115.97000122070312,114.7300033569336,115.19999694824219,4924400
2016-09-30,92.49861145019531,115.36000061035156,115.70999908447266,114.69000244140625,114.69000244140625,4188700
2016-10-03,91.9212875366211,114.63999938964844,115.1500015258789,114.41000366210938,115.01000213623047,3085800
2016-10-04,91.0072250366211,113.5,115.51000213623047,113.41999816894531,114.98999786376953,4742900
2016-10-05,90.93505096435547,113.41000366210938,114.83000183105469,113.37999725341797,113.91000366210938,3720300
2016-10-06,91.34398651123047,113.91999816894531,114.22000122070312,112.4000015258789,113.25,3900000
2016-10-07,90.96712493896484,113.44999694824219,114.33999633789062,113.22000122070312,113.97000122070312,4153100
2016-10-10,91.97745513916016,114.70999908447266,114.98999786376953,114.16000366210938,114.20999908447266,3290300
2016-10-11,91.15155792236328,113.68000030517578,115.2300033569336,113.55999755859375,114.6500015258789,3943300
2016-10-12,91.97745513916016,114.70999908447266,115.2300033569336,113.54000091552734,113.5999984741211,3340200
2016-10-13,92.53872680664062,115.41000366210938,115.73999786376953,114.06999969482422,114.13999938964844,4464700
2016-10-14,91.48028564453125,114.08999633789062,115.11000061035156,114.06999969482422,114.9000015258789,5312500
2016-10-17,90.13322448730469,112.41000366210938,114.4000015258789,112.0999984741211,113.91000366210938,5655700
2016-10-18,89.20310974121094,111.25,113.08999633789062,111.2300033569336,112.88999938964844,6198400
2016-10-19,89.21115112304688,111.26000213623047,111.7699966430664,111.12000274658203,111.70999908447266,6433400
2016-10-20,88.6578598022461,110.56999969482422,111.30000305175781,110.33000183105469,111.30000305175781,7250700
2016-10-21,91.35202026367188,113.93000030517578,114.5,112.75,113.2699966430664,10108000
2016-10-24,91.0633544921875,113.56999969482422,114.5,112.63999938964844,114.25,6173500
2016-10-25,90.38176727294922,112.72000122070312,113.54000091552734,112.66999816894531,113.5,4879000
2016-10-26,89.89269256591797,112.11000061035156,112.69999694824219,111.4000015258789,112.2699966430664,3763100
2016-10-27,89.86865234375,112.08000183105469,112.48999786376953,111.77999877929688,112.16999816894531,2960700
2016-10-28,89.88465881347656,112.0999984741211,112.3499984741211,111.52999877929688,112.26000213623047,3304700
2016-10-31,90.26152038574219,112.56999969482422,112.7300033569336,111.79000091552734,112.45999908447266,4181600
2016-11-01,90.00492858886719,112.25,112.7699966430664,111.94999694824219,112.6500015258789,3935600
2016-11-02,90.11720275878906,112.38999938964844,112.7699966430664,111.81999969482422,112.0999984741211,3512500
2016-11-03,89.57998657226562,111.72000122070312,112.8499984741211,111.5199966430664,112.73999786376953,3890700
2016-11-04,89.0347671508789,111.04000091552734,112.0,110.83000183105469,111.98999786376953,3457400
2016-11-07,90.46195983886719,112.81999969482422,113.27999877929688,111.87999725341797,112.0,3842400
2016-11-08,91.49633026123047,114.11000061035156,114.25,113.0,113.01000213623047,3300200
2016-11-09,92.19393157958984,114.9800033569336,115.41999816894531,111.80000305175781,112.08999633789062,5099500
2016-11-10,91.81706237792969,114.51000213623047,115.04000091552734,113.77999877929688,115.02999877929688,4437700
2016-11-11,91.58452606201172,114.22000122070312,114.95999908447266,114.16999816894531,114.66999816894531,4331200
2016-11-14,94.503173828125,117.86000061035156,118.75,114.72000122070312,114.98999786376953,7093200
2016-11-15,94.87201690673828,118.31999969482422,118.4800033569336,117.0199966430664,117.58000183105469,4447900
2016-11-16,95.58563995361328,119.20999908447266,119.5999984741211,118.47000122070312,118.86000061035156,5371100
2016-11-17,95.778076171875,119.44999694824219,119.5,118.27999877929688,118.88999938964844,2836600
2016-11-18,96.2190933227539,120.0,120.23999786376953,118.91000366210938,119.26000213623047,3655400
2016-11-21,95.81817626953125,119.5,120.5,118.95999908447266,119.80000305175781,3603300
2016-11-22,95.97053527832031,119.69000244140625,120.29000091552734,118.87999725341797,119.5,3699100
2016-11-23,96.3313217163086,120.13999938964844,120.76000213623047,119.7300033569336,119.7300033569336,2860200
2016-11-25,96.748291015625,120.66000366210938,120.98999786376953,119.91999816894531,120.08000183105469,1709100
2016-11-28,97.67841339111328,121.81999969482422,121.87000274658203,120.2300033569336,120.37999725341797,5931700
2016-11-29,97.51679992675781,120.68000030517578,120.79000091552734,119.0199966430664,120.37999725341797,6370900
2016-11-30,96.37742614746094,119.2699966430664,120.48999786376953,119.2699966430664,120.22000122070312,5696100
2016-12-01,95.73098754882812,118.47000122070312,118.95999908447266,117.87000274658203,118.95999908447266,4445000
2016-12-02,95.54512023925781,118.23999786376953,118.5,117.70999908447266,118.0,3348700
2016-12-05,96.39359283447266,119.29000091552734,120.33999633789062,119.02999877929688,119.44999694824219,5191900
2016-12-06,96.36125946044922,119.25,119.6500015258789,118.5999984741211,119.29000091552734,3368000
2016-12-07,96.90269470214844,119.91999816894531,120.12999725341797,118.47000122070312,119.41000366210938,4059900
2016-12-08,97.3309555053711,120.44999694824219,121.1500015258789,119.5,120.05000305175781,3255100
2016-12-09,97.98548889160156,121.26000213623047,121.2699966430664,120.20999908447266,120.56999969482422,2623700
2016-12-12,98.3733139038086,121.73999786376953,122.25,121.26000213623047,121.56999969482422,4172000
2016-12-13,99.13292694091797,122.68000030517578,122.91999816894531,121.76000213623047,121.77999877929688,4308000
2016-12-14,99.26220703125,122.83999633789062,123.4000015258789,122.38999938964844,122.87000274658203,4967400
2016-12-15,98.87433624267578,122.36000061035156,123.36000061035156,121.7699966430664,122.97000122070312,4402800
2016-12-16,99.58541870117188,123.23999786376953,123.83999633789062,122.54000091552734,122.88999938964844,10793800
2016-12-19,99.38343048095703,122.98999786376953,123.66000366210938,122.7699966430664,123.2300033569336,3545500
2016-12-20,99.65817260742188,123.33000183105469,123.9000015258789,122.70999908447266,123.18000030517578,2768800
2016-12-21,99.53694152832031,123.18000030517578,123.76000213623047,123.0999984741211,123.1500015258789,2762800
2016-12-22,99.97330474853516,123.72000122070312,124.0,123.08999633789062,123.12000274658203,3037100
2016-12-23,99.50463104248047,123.13999938964844,123.83000183105469,123.06999969482422,123.37000274658203,2164100
2016-12-27,99.44807434082031,123.06999969482422,123.6500015258789,122.97000122070312,123.30000305175781,1919300
2016-12-28,99.13292694091797,122.68000030517578,123.3499984741211,122.61000061035156,122.93000030517578,1980200
2016-12-29,99.22181701660156,122.79000091552734,123.36000061035156,122.76000213623047,122.76000213623047,1943300
2016-12-30,98.357177734375,121.72000122070312,123.16000366210938,121.44000244140625,122.79000091552734,3574600
2017-01-03,96.6602554321289,119.62000274658203,122.0,118.95999908447266,121.86000061035156,5123800
2017-01-04,96.54712677001953,119.4800033569336,119.73999786376953,118.18000030517578,119.0,3780800
2017-01-05,96.72491455078125,119.69999694824219,120.19999694824219,119.0999984741211,119.33999633789062,4261100
2017-01-06,97.58145904541016,120.76000213623047,121.5,118.5199966430664,118.93000030517578,4089200
2017-01-09,97.31478118896484,120.43000030517578,121.05999755859375,120.33000183105469,120.76000213623047,3021800
2017-01-10,97.16934967041016,120.25,120.8499984741211,119.7300033569336,120.45999908447266,3108400
2017-01-11,97.67840576171875,120.87999725341797,121.5,120.62000274658203,120.93000030517578,3565200
2017-01-12,98.66423034667969,122.0999984741211,122.30999755859375,120.19999694824219,120.30000305175781,3480700
2017-01-13,98.17941284179688,121.5,122.23999786376953,121.0999984741211,122.23999786376953,2877400
2017-01-17,99.1894760131836,122.75,122.80000305175781,120.69999694824219,120.75,4077600
2017-01-18,99.15715789794922,122.70999908447266,123.0,121.80000305175781,122.80999755859375,3395000
2017-01-19,98.72888946533203,122.18000030517578,123.0,122.04000091552734,122.23999786376953,3155200
2017-01-20,98.79354858398438,122.26000213623047,122.94999694824219,122.0199966430664,122.26000213623047,4887100
2017-01-23,98.08244323730469,121.37999725341797,122.08000183105469,119.81999969482422,121.69000244140625,7022600
2017-01-24,97.81576538085938,121.05000305175781,122.05999755859375,120.5199966430664,121.97000122070312,3495200
2017-01-25,98.41376495361328,121.79000091552734,121.91999816894531,120.94999694824219,121.48999786376953,3968300
2017-01-26,98.48646545410156,121.87999725341797,122.37999725341797,121.76000213623047,121.86000061035156,2497300
2017-01-27,99.27838134765625,122.86000061035156,122.98999786376953,121.4800033569336,122.2699966430664,3592700
2017-01-30,99.40767669677734,123.0199966430664,123.20999908447266,122.30000305175781,122.80999755859375,3778000
2017-01-31,99.04405212402344,122.56999969482422,123.33999633789062,122.0999984741211,123.0199966430664,3733300
2017-02-01,98.9228286743164,122.41999816894531,122.5,121.69999694824219,121.9000015258789,3233400
2017-02-02,99.56925201416016,123.22000122070312,123.9800033569336,122.26000213623047,122.54000091552734,3236600
2017-02-03,100.39352416992188,124.23999786376953,124.51000213623047,123.27999877929688,123.30999755859375,3183000
2017-02-06,100.56317901611328,124.44999694824219,124.9000015258789,123.94999694824219,124.08999633789062,2760300
2017-02-07,100.67632293701172,124.58999633789062,125.41999816894531,124.58999633789062,124.94999694824219,2847200
2017-02-08,100.74095153808594,124.66999816894531,125.36000061035156,124.48999786376953,124.58000183105469,2835200
2017-02-09,100.58743286132812,124.4800033569336,125.0,124.36000061035156,124.66999816894531,2493600
2017-02-10,101.67022705078125,125.81999969482422,126.11000061035156,124.5199966430664,124.68000030517578,3681400
2017-02-13,101.44397735595703,125.54000091552734,126.68000030517578,125.48999786376953,126.0199966430664,2993800
2017-02-14,101.6621322631836,125.80999755859375,126.06999969482422,125.2699966430664,125.5,2663100
2017-02-15,102.20355987548828,126.4800033569336,126.79000091552734,125.44999694824219,125.66000366210938,2974900
2017-02-16,102.38131713867188,126.69999694824219,127.81999969482422,126.30999755859375,126.75,3006000
2017-02-17,103.27019500732422,127.80000305175781,127.87999725341797,126.68000030517578,126.77999877929688,3677400
2017-02-21,103.46411895751953,128.0399932861328,128.32000732421875,127.16000366210938,127.16000366210938,4495200
2017-02-22,103.31059265136719,127.8499984741211,128.11000061035156,126.4000015258789,127.5199966430664,3670700
2017-02-23,103.64997863769531,128.27000427246094,128.89999389648438,127.44000244140625,127.93000030517578,3178000
2017-02-24,103.9570541381836,128.64999389648438,128.74000549316406,127.75,128.36000061035156,3537200
2017-02-27,103.37095642089844,126.98999786376953,127.75,126.77999877929688,127.68000030517578,5184000
2017-02-28,103.90818786621094,127.6500015258789,127.93000030517578,126.58000183105469,127.08000183105469,4619300
2017-03-01,105.04781341552734,129.0500030517578,130.0,127.62000274658203,128.02000427246094,5471600
2017-03-02,104.38031005859375,128.22999572753906,129.80999755859375,128.14999389648438,129.0500030517578,6738100
2017-03-03,104.11167907714844,127.9000015258789,128.66000366210938,127.44000244140625,128.22999572753906,4067700
2017-03-06,104.21753692626953,128.02999877929688,128.33999633789062,127.4000015258789,127.9000015258789,3271500
2017-03-07,104.25010681152344,128.07000732421875,128.30999755859375,127.33999633789062,128.05999755859375,3332400
2017-03-08,104.266357421875,128.08999633789062,128.36000061035156,127.47000122070312,128.07000732421875,3571700
2017-03-09,104.30706787109375,128.13999938964844,128.72000122070312,127.69000244140625,127.94999694824219,3265700
2017-03-10,104.17681884765625,127.9800033569336,128.58999633789062,127.72000122070312,128.55999755859375,3178900
2017-03-13,103.87564849853516,127.61000061035156,128.27000427246094,127.3499984741211,128.00999450683594,3130800
2017-03-14,104.03030395507812,127.80000305175781,128.22999572753906,127.5,127.6500015258789,2492700
2017-03-15,104.0954360961914,127.87999725341797,128.3000030517578,127.47000122070312,128.2100067138672,3529300
2017-03-16,104.17681884765625,127.9800033569336,128.89999389648438,127.93000030517578,128.3000030517578,3945700
2017-03-17,104.71406555175781,128.63999938964844,129.97999572753906,128.4199981689453,128.57000732421875,12532700
2017-03-20,104.82803344726562,128.77999877929688,129.47999572753906,128.47000122070312,128.99000549316406,3415500
2017-03-21,104.61640930175781,128.52000427246094,129.75,128.17999267578125,129.22000122070312,4062400
2017-03-22,105.0885009765625,129.10000610351562,129.14999389648438,128.41000366210938,128.5800018310547,3174200
2017-03-23,105.00713348388672,129.0,129.58999633789062,128.80999755859375,129.13999938964844,2774500
2017-03-24,105.28386688232422,129.33999633789062,129.67999267578125,129.16000366210938,129.3800048828125,3568200
2017-03-27,105.40597534179688,129.49000549316406,129.82000732421875,129.02000427246094,129.0800018310547,2540400
2017-03-28,105.37342071533203,129.4499969482422,129.77000427246094,128.94000244140625,129.4600067138672,3487400
2017-03-29,104.87689208984375,128.83999633789062,129.6699981689453,128.6300048828125,129.0,3197800
2017-03-30,105.26761627197266,129.32000732421875,129.52999877929688,128.60000610351562,128.75,2018000
2017-03-31,105.50366973876953,129.61000061035156,130.19000244140625,129.3000030517578,129.38999938964844,3041700
2017-04-03,105.50366973876953,129.61000061035156,129.7100067138672,128.86000061035156,129.5,3287100
2017-04-04,105.24317932128906,129.2899932861328,129.52999877929688,128.64999389648438,129.13999938964844,3414000
2017-04-05,106.1548843383789,130.41000366210938,131.5800018310547,129.64999389648438,129.88999938964844,4052200
2017-04-06,105.94320678710938,130.14999389648438,130.66000366210938,129.9600067138672,130.30999755859375,3856900
2017-04-07,105.78857421875,129.9600067138672,130.39999389648438,129.6199951171875,130.02000427246094,2176600
2017-04-10,105.80484008789062,129.97999572753906,130.64999389648438,129.52000427246094,129.9499969482422,2709300
2017-04-11,106.79793548583984,131.1999969482422,131.24000549316406,129.8000030517578,130.6199951171875,3677600
2017-04-12,106.84677124023438,131.25999450683594,131.55999755859375,130.8699951171875,131.30999755859375,3195500
2017-04-13,106.43976593017578,130.75999450683594,131.13999938964844,130.57000732421875,131.0,2429200
2017-04-17,106.92005157470703,131.35000610351562,131.8699951171875,130.91000366210938,131.25,3236400
2017-04-18,107.6933364868164,132.3000030517578,132.8000030517578,131.8000030517578,132.00999450683594,3617400
2017-04-19,107.9701156616211,132.63999938964844,133.0,132.33999633789062,132.63999938964844,3132800
2017-04-20,108.48291778564453,133.27000427246094,133.44000244140625,132.63999938964844,132.64999389648438,2697300
2017-04-21,108.59687042236328,133.41000366210938,133.8800048828125,133.14999389648438,133.5500030517578,3466100
2017-04-24,109.26437377929688,134.22999572753906,134.75999450683594,133.25999450683594,134.24000549316406,5041000
2017-04-25,115.34502410888672,141.6999969482422,141.99000549316406,137.17999267578125,138.13999938964844,10893800
2017-04-26,114.64495849609375,140.83999633789062,142.0,140.33999633789062,141.6999969482422,7132200
2017-04-27,114.66940307617188,140.8699951171875,142.7899932861328,140.85000610351562,141.8800048828125,5183700
2017-04-28,113.90422058105469,139.92999267578125,140.75999450683594,139.77999877929688,140.38999938964844,4779900
2017-05-01,114.89735412597656,141.14999389648438,141.4499969482422,139.83999633789062,139.86000061035156,3747200
2017-05-02,114.96244812011719,141.22999572753906,141.80999755859375,140.72000122070312,140.97999572753906,3774100
2017-05-03,116.09390258789062,142.6199951171875,142.6999969482422,141.39999389648438,142.1999969482422,4278400
2017-05-04,116.76953887939453,143.4499969482422,143.6699981689453,142.25999450683594,142.6199951171875,4178800
2017-05-05,117.18463897705078,143.9600067138672,143.97999572753906,142.5800018310547,143.4199981689453,2452700
2017-05-08,117.41260528564453,144.24000549316406,144.5,143.66000366210938,143.92999267578125,2813000
2017-05-09,117.51033020019531,144.36000061035156,144.97999572753906,144.0,144.08999633789062,3053800
2017-05-10,117.64054870605469,144.52000427246094,144.63999938964844,143.72999572753906,143.86000061035156,2273300
2017-05-11,117.3881607055664,144.2100067138672,144.41000366210938,143.39999389648438,144.0800018310547,1941900
2017-05-12,118.32428741455078,145.36000061035156,145.5,144.4600067138672,144.5,2747900
2017-05-15,119.07315063476562,146.27999877929688,146.39999389648438,145.42999267578125,145.42999267578125,3332800
2017-05-16,119.89533996582031,147.2899932861328,147.6699981689453,146.27999877929688,146.5500030517578,3540900
2017-05-17,119.17900848388672,146.41000366210938,147.4600067138672,146.24000549316406,147.2899932861328,3875600
2017-05-18,119.66742706298828,147.00999450683594,147.24000549316406,145.80999755859375,146.41000366210938,2730900
2017-05-19,120.59536743164062,148.14999389648438,148.8300018310547,146.83999633789062,147.25,4071200
2017-05-22,120.62796020507812,148.19000244140625,148.8800048828125,147.92999267578125,148.3000030517578,3294500
2017-05-23,120.3267593383789,147.82000732421875,148.52999877929688,147.64999389648438,148.22000122070312,3262300
2017-05-24,121.69427490234375,149.5,149.99000549316406,147.0,147.94000244140625,3348900
2017-05-25,121.92221069335938,149.77999877929688,149.9499969482422,149.27000427246094,149.80999755859375,3408100
2017-05-26,121.9873046875,149.86000061035156,150.24000549316406,149.25,149.8699951171875,3258200
2017-05-30,122.0443115234375,149.92999267578125,150.3300018310547,149.52000427246094,149.9499969482422,3113900
2017-05-31,122.82575988769531,150.88999938964844,151.14999389648438,149.60000610351562,150.1199951171875,6415700
2017-06-01,124.82439422607422,152.38999938964844,152.38999938964844,150.35000610351562,150.7899932861328,4349800
2017-06-02,125.93014526367188,153.74000549316406,153.89999389648438,152.14999389648438,152.52000427246094,4316700
2017-06-05,125.15203857421875,152.7899932861328,153.66000366210938,152.75999450683594,153.6300048828125,2633700
2017-06-06,123.87423706054688,151.22999572753906,152.58999633789062,151.2100067138672,152.3699951171875,3661900
2017-06-07,124.45581817626953,151.94000244140625,152.00999450683594,150.72999572753906,151.22999572753906,2922900
2017-06-08,124.03804016113281,151.42999267578125,152.14999389648438,151.00999450683594,151.94000244140625,3709900
2017-06-09,124.07899475097656,151.47999572753906,152.0,150.89999389648438,151.8800048828125,4143100
2017-06-12,121.61347198486328,148.47000122070312,151.47999572753906,148.0399932861328,151.47999572753906,5902600
2017-06-13,122.71929931640625,149.82000732421875,150.25,148.6199951171875,148.86000061035156,4267700
2017-06-14,123.42366790771484,150.67999267578125,151.0800018310547,149.91000366210938,150.32000732421875,2675500
2017-06-15,123.82504272460938,151.1699981689453,151.52000427246094,149.64999389648438,149.89999389648438,2517500
2017-06-16,124.49674224853516,151.99000549316406,152.88999938964844,150.9199981689453,150.97999572753906,5443900
2017-06-19,125.43873596191406,153.13999938964844,153.17999267578125,151.83999633789062,152.38999938964844,3263800
2017-06-20,126.20050048828125,154.07000732421875,155.27999877929688,153.83999633789062,154.27000427246094,3614400
2017-06-21,125.92205047607422,153.72999572753906,154.4199981689453,153.61000061035156,154.17999267578125,2448500
2017-06-22,126.79843139648438,154.8000030517578,154.91000366210938,153.67999267578125,153.77999877929688,2003800
2017-06-23,126.6673812866211,154.63999938964844,155.4499969482422,154.42999267578125,155.0,2214700
2017-06-26,126.11038970947266,153.9600067138672,155.4600067138672,153.52000427246094,155.17999267578125,2360900
2017-06-27,125.91380310058594,153.72000122070312,154.82000732421875,153.4600067138672,154.0,2139000
2017-06-28,126.38893127441406,154.3000030517578,154.67999267578125,153.74000549316406,154.0399932861328,1302800
2017-06-29,125.4305648803711,153.1300048828125,154.5800018310547,152.14999389648438,154.5800018310547,1975900
2017-06-30,125.45515441894531,153.16000366210938,153.77000427246094,152.72000122070312,153.3000030517578,2508200
2017-07-03,124.91449737548828,152.5,153.8699951171875,152.47999572753906,153.44000244140625,1100700
2017-07-05,125.38138580322266,153.07000732421875,153.57000732421875,151.99000549316406,152.82000732421875,2497300
2017-07-06,125.39779663085938,153.08999633789062,153.4600067138672,152.3300018310547,152.6999969482422,2019800
2017-07-07,128.00254821777344,156.27000427246094,156.55999755859375,153.14999389648438,153.3699951171875,4117800
2017-07-10,127.38823699951172,155.52000427246094,156.52999877929688,155.16000366210938,156.27999877929688,2402200
2017-07-11,126.88856506347656,154.91000366210938,155.8800048828125,154.00999450683594,155.08999633789062,2008800
2017-07-12,128.2565155029297,156.5800018310547,156.75,155.27000427246094,155.41000366210938,2094900
2017-07-13,126.99504852294922,155.0399932861328,156.5399932861328,154.33999633789062,156.49000549316406,3169700
2017-07-14,127.19161987304688,155.27999877929688,155.5,154.72999572753906,154.99000549316406,2440200
2017-07-17,127.17527770996094,155.25999450683594,155.44000244140625,154.6999969482422,155.42999267578125,2408700
2017-07-18,126.11038970947266,153.9600067138672,155.27000427246094,153.3699951171875,155.0,3890300
2017-07-19,126.05308532714844,153.88999938964844,154.4600067138672,153.47999572753906,154.1300048828125,3072200
2017-07-20,126.31515502929688,154.2100067138672,155.22000122070312,153.5500030517578,154.02999877929688,2240200
2017-07-21,126.0776138305664,153.9199981689453,154.6999969482422,153.2899932861328,154.05999755859375,3522400
2017-07-24,124.38206481933594,151.85000610351562,154.22000122070312,151.77000427246094,154.0,5307400
2017-07-25,130.29603576660156,159.07000732421875,159.97999572753906,156.5399932861328,157.75,9511400
2017-07-26,128.19912719726562,156.50999450683594,159.0,155.67999267578125,158.75999450683594,4679000
2017-07-27,128.55953979492188,156.9499969482422,157.42999267578125,155.5399932861328,156.4199981689453,4624100
2017-07-28,127.65849304199219,155.85000610351562,156.66000366210938,155.07000732421875,156.36000061035156,3964500
2017-07-31,127.07698822021484,155.13999938964844,156.4199981689453,154.85000610351562,155.9199981689453,4272400
2017-08-01,126.1759262084961,154.0399932861328,155.89999389648438,153.7100067138672,154.97999572753906,4185100
2017-08-02,128.26466369628906,156.58999633789062,156.64999389648438,153.7100067138672,153.75999450683594,3326000
2017-08-03,126.73294067382812,154.72000122070312,156.77000427246094,154.41000366210938,156.55999755859375,3666100
2017-08-04,125.9957504272461,153.82000732421875,154.82000732421875,153.22999572753906,154.61000061035156,4435400
2017-08-07,126.93768310546875,154.97000122070312,155.38999938964844,154.0,154.13999938964844,3252100
2017-08-08,126.89676666259766,154.9199981689453,155.25,154.10000610351562,154.6699981689453,4234300
2017-08-09,126.89676666259766,154.9199981689453,155.67999267578125,154.35000610351562,155.3000030517578,3006500
2017-08-10,128.28924560546875,156.6199951171875,157.1999969482422,154.25,154.3300018310547,3874500
2017-08-11,128.8462371826172,157.3000030517578,158.39999389648438,156.6300048828125,156.8800048828125,2925000
2017-08-14,128.81346130371094,157.25999450683594,157.89999389648438,156.4600067138672,157.4499969482422,2809100
2017-08-15,129.10836791992188,157.6199951171875,158.5800018310547,157.33999633789062,157.83999633789062,2160100
2017-08-16,130.15682983398438,158.89999389648438,159.3800048828125,157.60000610351562,157.88999938964844,2921800
2017-08-17,129.32952880859375,157.88999938964844,159.52999877929688,157.80999755859375,158.75,3071600
2017-08-18,129.22300720214844,157.75999450683594,158.27999877929688,157.02000427246094,157.99000549316406,2595700
2017-08-21,129.7144317626953,158.36000061035156,158.63999938964844,157.5399932861328,158.1699981689453,2195100
2017-08-22,130.762939453125,159.63999938964844,159.94000244140625,158.38999938964844,158.5,2122600
2017-08-23,130.0830535888672,158.80999755859375,159.3699951171875,158.3800048828125,159.3000030517578,2190700
2017-08-24,129.75543212890625,158.41000366210938,159.67999267578125,158.3300018310547,159.11000061035156,1634800
2017-08-25,130.09127807617188,158.82000732421875,159.33999633789062,158.52999877929688,158.88999938964844,2019600
2017-08-28,130.7875213623047,159.6699981689453,159.9600067138672,158.66000366210938,159.0399932861328,2027300
2017-08-29,130.5499267578125,159.3800048828125,159.75999450683594,158.72999572753906,159.1999969482422,3283400
2017-08-30,131.44813537597656,159.52999877929688,159.63999938964844,158.32000732421875,158.39999389648438,2236500
2017-08-31,131.81068420410156,159.97000122070312,160.0,159.35000610351562,159.77000427246094,2717000
2017-09-01,131.67881774902344,159.80999755859375,160.1999969482422,159.5,159.8699951171875,1878300
2017-09-05,131.0938262939453,159.10000610351562,159.77999877929688,158.07000732421875,159.0,4000500
2017-09-06,130.36871337890625,158.22000122070312,159.3699951171875,158.22000122070312,159.22999572753906,4143300
2017-09-07,131.75299072265625,159.89999389648438,160.07000732421875,158.3300018310547,158.47000122070312,2965400
2017-09-08,131.596435546875,159.7100067138672,160.3800048828125,159.17999267578125,159.52999877929688,2984200
2017-09-11,133.09605407714844,161.52999877929688,161.72000122070312,159.9199981689453,160.0,2333600
2017-09-12,128.8114013671875,156.3300018310547,160.72000122070312,155.77000427246094,160.2100067138672,10324100
2017-09-13,129.3634490966797,157.0,157.77999877929688,156.0,156.74000549316406,4705600
2017-09-14,129.3634490966797,157.0,157.35000610351562,156.0500030517578,157.0,3109700
2017-09-15,129.2975616455078,156.9199981689453,158.0,156.8800048828125,157.7899932861328,7425100
2017-09-18,129.09974670410156,156.67999267578125,157.7899932861328,156.35000610351562,157.72000122070312,3831900
2017-09-19,129.71778869628906,157.42999267578125,157.89999389648438,156.3300018310547,157.27000427246094,3554600
2017-09-20,131.73648071289062,159.8800048828125,159.88999938964844,157.75999450683594,157.89999389648438,3641100
2017-09-21,131.03614807128906,159.02999877929688,160.08999633789062,158.50999450683594,159.8699951171875,2503400
2017-09-22,130.937255859375,158.91000366210938,159.74000549316406,158.55999755859375,158.8800048828125,2442700
2017-09-25,128.7537384033203,156.25999450683594,158.69000244140625,156.10000610351562,158.47000122070312,3661500
2017-09-26,126.3559799194336,153.35000610351562,156.83999633789062,153.27000427246094,156.25,6420000
2017-09-27,126.93272399902344,154.0500030517578,154.69000244140625,153.44000244140625,153.50999450683594,3915900
2017-09-28,129.76719665527344,157.49000549316406,158.30999755859375,155.47999572753906,156.16000366210938,4210200
2017-09-29,129.09974670410156,156.67999267578125,158.0399932861328,156.1199951171875,157.50999450683594,3670100
2017-10-02,129.33047485351562,156.9600067138672,157.17999267578125,155.8000030517578,156.0,2407000
2017-10-03,129.24810791015625,156.86000061035156,157.4600067138672,156.36000061035156,156.75,2188400
2017-10-04,129.53648376464844,157.2100067138672,157.4199981689453,156.64999389648438,156.8300018310547,1823100
2017-10-05,130.84661865234375,158.8000030517578,158.9199981689453,157.3000030517578,157.3000030517578,2796000
2017-10-06,131.50579833984375,159.60000610351562,160.1300048828125,158.5800018310547,158.5800018310547,3548500
2017-10-09,131.93429565429688,160.1199951171875,160.49000549316406,159.5,159.61000061035156,2120000
2017-10-10,132.3133087158203,160.5800018310547,161.5800018310547,159.58999633789062,159.69000244140625,2909600
2017-10-11,134.43092346191406,163.14999389648438,163.24000549316406,160.5800018310547,160.89999389648438,3572500
2017-10-12,135.05712890625,163.91000366210938,164.39999389648438,162.77000427246094,162.99000549316406,3023600
2017-10-13,136.2601318359375,165.3699951171875,165.50999450683594,164.0800018310547,164.4499969482422,2957400
2017-10-16,135.96347045898438,165.00999450683594,165.74000549316406,164.44000244140625,165.44000244140625,2132300
2017-10-17,136.28480529785156,165.39999389648438,166.02000427246094,164.75,164.9199981689453,2379700
2017-10-18,136.58970642089844,165.77000427246094,166.25,163.88999938964844,165.2899932861328,2798300
2017-10-19,137.19119262695312,166.5,166.9499969482422,164.9199981689453,165.82000732421875,2478100
2017-10-20,137.02639770507812,166.3000030517578,167.89999389648438,165.5,167.22999572753906,5577700
2017-10-23,134.58743286132812,163.33999633789062,166.10000610351562,163.08999633789062,166.10000610351562,6214800
2017-10-24,135.03240966796875,163.8800048828125,166.49000549316406,163.58999633789062,165.25999450683594,7855200
2017-10-25,134.78521728515625,163.5800018310547,165.1199951171875,163.0,163.41000366210938,3716200
2017-10-26,135.13954162597656,164.00999450683594,164.64999389648438,163.75,164.13999938964844,2934400
2017-10-27,136.276611328125,165.38999938964844,165.85000610351562,163.77000427246094,164.08999633789062,2298100
2017-10-30,136.96875,166.22999572753906,166.55999755859375,164.6699981689453,165.0,2051000
2017-10-31,137.52906799316406,166.91000366210938,167.41000366210938,166.1300048828125,166.25,2873000
2017-11-01,137.08407592773438,166.3699951171875,167.99000549316406,165.57000732421875,165.72000122070312,2186100
2017-11-02,138.50953674316406,168.10000610351562,168.47000122070312,166.5,166.99000549316406,2291000
2017-11-03,138.9627227783203,168.64999389648438,169.4499969482422,167.60000610351562,168.0,1959500
2017-11-06,140.1328125,170.07000732421875,170.4199981689453,168.60000610351562,168.89999389648438,3087700
2017-11-07,140.70953369140625,170.77000427246094,170.82000732421875,169.52000427246094,170.10000610351562,2506000
2017-11-08,140.15748596191406,170.10000610351562,170.9199981689453,169.4499969482422,170.1699981689453,2605000
2017-11-09,137.60317993164062,167.0,169.1999969482422,166.10000610351562,168.72000122070312,4219000
2017-11-10,136.4413604736328,165.58999633789062,166.8000030517578,163.52000427246094,166.39999389648438,4226800
2017-11-13,137.9080352783203,167.3699951171875,167.9499969482422,165.0800018310547,165.47000122070312,2605600
2017-11-14,138.51776123046875,168.11000061035156,168.4199981689453,166.57000732421875,166.83999633789062,2180900
2017-11-15,137.8668670654297,167.32000732421875,168.69000244140625,167.14999389648438,167.69000244140625,2019300
2017-11-16,138.50128173828125,168.08999633789062,168.88999938964844,167.52999877929688,167.67999267578125,2293400
2017-11-17,137.3724822998047,166.72000122070312,167.6999969482422,166.16000366210938,167.5399932861328,2221400
2017-11-20,137.54550170898438,166.92999267578125,167.85000610351562,166.75999450683594,167.3300018310547,2442300
2017-11-21,138.67434692382812,168.3000030517578,169.25999450683594,167.50999450683594,167.5500030517578,2653100
2017-11-22,139.29237365722656,169.0500030517578,170.35000610351562,168.6699981689453,169.27000427246094,2719200
2017-11-24,139.34173583984375,169.11000061035156,169.55999755859375,168.82000732421875,168.8800048828125,963200
2017-11-27,139.21817016601562,168.9600067138672,169.17999267578125,168.08999633789062,168.89999389648438,2082400
2017-11-28,141.17918395996094,171.33999633789062,171.3800048828125,169.0399932861328,169.22999572753906,2909900
2017-11-29,140.4293975830078,170.42999267578125,172.02000427246094,169.0500030517578,171.6999969482422,4590300
2017-11-30,142.54307556152344,171.97000122070312,173.1699981689453,169.33999633789062,170.24000549316406,6023700
2017-12-01,143.2890625,172.8699951171875,173.14999389648438,170.38999938964844,172.77000427246094,4279200
2017-12-04,141.44891357421875,170.64999389648438,173.47999572753906,170.42999267578125,173.27000427246094,3943100
2017-12-05,143.38851928710938,172.99000549316406,174.25,172.4600067138672,173.63999938964844,3228700
2017-12-06,143.79461669921875,173.47999572753906,174.44000244140625,173.0,173.47999572753906,2618700
2017-12-07,143.3222198486328,172.91000366210938,173.2899932861328,171.9199981689453,172.5500030517578,2284800
2017-12-08,143.52110290527344,173.14999389648438,173.5399932861328,172.50999450683594,173.0399932861328,2241100
2017-12-11,143.60403442382812,173.25,173.25,172.22000122070312,172.94000244140625,2340800
2017-12-12,142.7585906982422,172.22999572753906,173.1999969482422,171.85000610351562,173.0,2805900
2017-12-13,143.85264587402344,173.5500030517578,173.9600067138672,172.39999389648438,172.44000244140625,2554000
2017-12-14,143.5128631591797,173.13999938964844,174.0800018310547,172.8300018310547,173.66000366210938,2666900
2017-12-15,144.27540588378906,174.05999755859375,175.08999633789062,173.67999267578125,174.3000030517578,7435200
2017-12-18,144.39146423339844,174.1999969482422,175.77999877929688,174.11000061035156,174.8699951171875,2426300
2017-12-19,143.7200469970703,173.38999938964844,174.89999389648438,173.0800018310547,174.38999938964844,3122500
2017-12-20,142.70880126953125,172.1699981689453,173.8800048828125,171.7100067138672,173.8300018310547,2749400
2017-12-21,142.44358825683594,171.85000610351562,172.75,171.6699981689453,172.60000610351562,2343300
2017-12-22,142.08717346191406,171.4199981689453,172.0399932861328,170.5500030517578,171.82000732421875,3234100
2017-12-26,141.97946166992188,171.2899932861328,171.63999938964844,170.82000732421875,171.08999633789062,1280200
2017-12-27,143.12326049804688,172.6699981689453,172.74000549316406,170.85000610351562,171.3300018310547,1596800
2017-12-28,143.47967529296875,173.10000610351562,173.5500030517578,172.6199951171875,173.25999450683594,1800100
2017-12-29,142.66738891601562,172.1199951171875,172.97999572753906,171.9199981689453,172.97999572753906,2201800
2018-01-02,143.57916259765625,173.22000122070312,174.47999572753906,172.66000366210938,173.72999572753906,3696900
2018-01-03,142.97402954101562,172.49000549316406,173.63999938964844,172.0,173.22999572753906,3789600
2018-01-04,143.97705078125,173.6999969482422,174.1300048828125,172.72999572753906,173.24000549316406,2756400
2018-01-05,144.2671356201172,174.0500030517578,175.0,173.39999389648438,174.0,3737700
2018-01-08,144.16766357421875,173.92999267578125,174.2100067138672,172.92999267578125,173.74000549316406,2060800
2018-01-09,143.8444061279297,173.5399932861328,174.22999572753906,173.00999450683594,174.22999572753906,2674300
2018-01-10,143.819580078125,173.50999450683594,174.0,172.47000122070312,173.5,2172500
2018-01-11,143.7200469970703,173.38999938964844,174.5500030517578,172.10000610351562,173.55999755859375,3078000
2018-01-12,143.86927795410156,173.57000732421875,173.7899932861328,172.8800048828125,173.36000061035156,2901600
2018-01-16,143.9603729248047,173.67999267578125,174.41000366210938,172.8800048828125,173.6199951171875,3662600
2018-01-17,145.0379638671875,174.97999572753906,175.69000244140625,173.8800048828125,174.35000610351562,4129600
2018-01-18,144.6981658935547,174.57000732421875,175.4499969482422,173.89999389648438,175.19000244140625,2154800
2018-01-19,145.98291015625,176.1199951171875,176.63999938964844,174.3800048828125,174.99000549316406,3746300
2018-01-22,146.05751037597656,176.2100067138672,176.8300018310547,175.61000061035156,175.97000122070312,3217900
2018-01-23,146.55487060546875,176.80999755859375,177.75,174.85000610351562,175.57000732421875,3197600
2018-01-24,145.98291015625,176.1199951171875,177.3000030517578,175.25,177.3000030517578,2810800
2018-01-25,145.6016387939453,175.66000366210938,176.6199951171875,174.66000366210938,176.39999389648438,2815800
2018-01-26,147.83963012695312,178.36000061035156,178.39999389648438,175.00999450683594,175.6699981689453,3957700
2018-01-29,147.3505859375,177.77000427246094,178.6999969482422,177.24000549316406,178.3000030517578,6091900
2018-01-30,142.96580505371094,172.47999572753906,177.6699981689453,170.85000610351562,177.10000610351562,9613000
2018-01-31,141.85508728027344,171.13999938964844,174.3000030517578,170.27000427246094,173.60000610351562,7004200
2018-02-01,142.48500061035156,171.89999389648438,173.5399932861328,168.88999938964844,170.27000427246094,4751300
2018-02-02,140.39625549316406,169.3800048828125,172.72999572753906,168.99000549316406,170.8000030517578,4604500
2018-02-05,135.8125,163.85000610351562,169.4600067138672,153.86000061035156,168.61000061035156,7309300
2018-02-06,136.91493225097656,165.17999267578125,166.0500030517578,158.25,158.35000610351562,7020000
2018-02-07,137.354248046875,165.7100067138672,168.25999450683594,164.52000427246094,164.86000061035156,4974000
2018-02-08,131.76760864257812,158.97000122070312,165.72999572753906,158.75999450683594,165.69000244140625,5656000
2018-02-09,133.28440856933594,160.8000030517578,161.97999572753906,155.22999572753906,159.97999572753906,7187100
2018-02-12,135.8539581298828,163.89999389648438,165.88999938964844,161.5,162.3699951171875,5255900
2018-02-13,134.6106414794922,162.39999389648438,163.8300018310547,161.72000122070312,163.0,5406000
2018-02-14,132.61302185058594,159.99000549316406,162.02000427246094,159.67999267578125,161.44000244140625,5865600
2018-02-15,133.26783752441406,160.77999877929688,161.52000427246094,158.80999755859375,161.13999938964844,5012100
2018-02-16,130.7894744873047,157.7899932861328,159.89999389648438,157.75999450683594,159.47000122070312,7165800
2018-02-20,130.26730346679688,157.16000366210938,159.16000366210938,156.27999877929688,157.0,5211100
2018-02-21,131.49398803710938,158.63999938964844,161.32000732421875,157.60000610351562,157.75999450683594,7833400
2018-02-22,133.16842651367188,160.66000366210938,161.39999389648438,158.89999389648438,158.9499969482422,4398200
2018-02-23,135.15771484375,163.05999755859375,163.30999755859375,161.44000244140625,161.44000244140625,4272400
2018-02-26,135.58871459960938,163.5800018310547,164.75,162.3000030517578,164.0,4525200
2018-02-27,133.16842651367188,160.66000366210938,164.5,160.63999938964844,164.19000244140625,4907500
2018-02-28,131.57518005371094,157.74000549316406,161.2100067138672,157.72000122070312,160.42999267578125,6116800
2018-03-01,129.87355041503906,155.6999969482422,160.42999267578125,155.2100067138672,157.8000030517578,5609000
2018-03-02,123.67604064941406,148.27000427246094,150.4499969482422,146.83999633789062,148.91000366210938,11754300
2018-03-05,125.97824096679688,151.02999877929688,151.47999572753906,147.9199981689453,148.27999877929688,6397800
2018-03-06,126.12002563476562,151.1999969482422,151.7100067138672,150.1300048828125,151.25,5015400
2018-03-07,127.10433197021484,152.3800048828125,152.74000549316406,149.67999267578125,149.86000061035156,4492000
2018-03-08,128.82257080078125,154.44000244140625,154.61000061035156,152.64999389648438,152.72999572753906,4291400
2018-03-09,131.15814208984375,157.24000549316406,157.72999572753906,154.83999633789062,155.6199951171875,5076500
2018-03-12,131.57518005371094,157.74000549316406,159.4499969482422,157.50999450683594,157.74000549316406,4461500
2018-03-13,131.97557067871094,158.22000122070312,159.88999938964844,158.2100067138672,158.55999755859375,4333100
2018-03-14,131.9923095703125,158.24000549316406,159.50999450683594,157.24000549316406,159.0,3879000
2018-03-15,134.8032684326172,161.61000061035156,162.14999389648438,158.58999633789062,158.7100067138672,5925700
2018-03-16,135.42886352539062,162.36000061035156,163.22999572753906,161.5800018310547,161.8800048828125,14293800
2018-03-19,132.63453674316406,159.00999450683594,162.36000061035156,158.2100067138672,162.0,4307600
2018-03-20,132.9431915283203,159.3800048828125,160.6699981689453,159.25,159.75,3105100
2018-03-21,132.3425750732422,158.66000366210938,160.41000366210938,158.2899932861328,160.0,3871900
2018-03-22,130.99131774902344,157.0399932861328,159.1199951171875,156.85000610351562,157.85000610351562,3669400
2018-03-23,129.27297973632812,154.97999572753906,157.77999877929688,154.9199981689453,157.58999633789062,3447400
2018-03-26,131.80039978027344,158.00999450683594,158.1999969482422,156.2100067138672,156.2100067138672,3477000
2018-03-27,131.3583221435547,157.47999572753906,159.77000427246094,156.47000122070312,158.5,3519100
2018-03-28,132.13409423828125,158.41000366210938,159.75999450683594,157.82000732421875,157.83999633789062,3913200
2018-03-29,130.4407958984375,156.3800048828125,159.8300018310547,156.3800048828125,159.0,5289500
2018-04-02,131.5585174560547,157.72000122070312,160.16000366210938,155.25,158.27000427246094,6960100
2018-04-03,133.79400634765625,160.39999389648438,160.52999877929688,157.3000030517578,157.97999572753906,4719400
2018-04-04,134.9033660888672,161.72999572753906,162.14999389648438,157.8800048828125,158.5,4888000
2018-04-05,136.75511169433594,163.9499969482422,164.55999755859375,161.75,162.39999389648438,4503900
2018-04-06,134.5029754638672,161.25,163.77999877929688,160.91000366210938,162.4199981689453,4321900
2018-04-09,134.48629760742188,161.22999572753906,163.57000732421875,161.05999755859375,162.22000122070312,3581500
2018-04-10,135.7708282470703,162.77000427246094,163.9600067138672,162.0500030517578,162.8300018310547,3902600
2018-04-11,136.24630737304688,163.33999633789062,164.05999755859375,162.27999877929688,162.5,2711100
2018-04-12,134.8115997314453,161.6199951171875,165.39999389648438,161.5399932861328,163.58999633789062,5178900
2018-04-13,134.9033660888672,161.72999572753906,163.16000366210938,161.25999450683594,162.16000366210938,2452800
2018-04-16,134.8199920654297,161.6300048828125,162.44000244140625,160.86000061035156,161.3000030517578,3115200
2018-04-17,135.58737182617188,162.5500030517578,163.47999572753906,162.05999755859375,162.38999938964844,2861900
2018-04-18,134.9700927734375,161.80999755859375,163.30999755859375,161.74000549316406,162.58999633789062,2503100
2018-04-19,133.06825256347656,159.52999877929688,162.10000610351562,158.77999877929688,161.61000061035156,3276600
2018-04-20,132.4343719482422,158.77000427246094,160.72999572753906,158.50999450683594,159.3300018310547,3961200
2018-04-23,132.6178741455078,158.99000549316406,159.69000244140625,158.14999389648438,158.97000122070312,3051900
2018-04-24,131.22486877441406,157.32000732421875,159.8300018310547,156.75999450683594,159.75,2904400
2018-04-25,130.0737762451172,155.94000244140625,157.33999633789062,155.00999450683594,157.08999633789062,3710200
2018-04-26,132.5427703857422,158.89999389648438,159.4600067138672,155.64999389648438,156.4600067138672,3680600
2018-04-27,132.04232788085938,158.3000030517578,159.85000610351562,158.2100067138672,159.47999572753906,4141500
2018-04-30,139.66622924804688,167.44000244140625,167.9499969482422,163.75,164.69000244140625,12954700
2018-05-01,136.3297119140625,163.44000244140625,166.5,162.10000610351562,166.3800048828125,6560100
2018-05-02,134.02752685546875,160.67999267578125,163.1999969482422,160.44000244140625,162.14999389648438,4318400
2018-05-03,133.52706909179688,160.0800018310547,160.83999633789062,159.0800018310547,160.60000610351562,3450100
2018-05-04,137.65599060058594,165.02999877929688,165.4499969482422,159.89999389648438,159.9499969482422,4283600
2018-05-07,137.63095092773438,165.0,167.3000030517578,164.64999389648438,166.77000427246094,3379000
2018-05-08,137.43914794921875,164.77000427246094,165.58999633789062,163.75,164.44000244140625,2808100
2018-05-09,136.9970245361328,164.24000549316406,165.2100067138672,163.0500030517578,165.0,2762500
2018-05-10,137.68936157226562,165.07000732421875,165.63999938964844,164.30999755859375,164.4499969482422,1675100
2018-05-11,137.95626831054688,165.38999938964844,165.97999572753906,164.85000610351562,165.0,2258500
2018-05-14,137.39744567871094,164.72000122070312,165.97999572753906,164.32000732421875,165.64999389648438,2537300
2018-05-15,136.01275634765625,163.05999755859375,164.64999389648438,162.3300018310547,164.27000427246094,3471300
2018-05-16,135.8542938232422,162.8699951171875,163.94000244140625,161.74000549316406,163.24000549316406,2522000
2018-05-17,134.55300903320312,161.30999755859375,163.22999572753906,160.72999572753906,162.6300048828125,2975500
2018-05-18,134.2777557373047,160.97999572753906,162.83999633789062,160.5500030517578,161.67999267578125,2318000
2018-05-21,134.69483947753906,161.47999572753906,161.97000122070312,160.61000061035156,161.77999877929688,2424000
2018-05-22,133.0015869140625,159.4499969482422,162.08999633789062,159.16000366210938,162.05999755859375,3224000
2018-05-23,134.8115997314453,161.6199951171875,161.64999389648438,159.16000366210938,159.6999969482422,3835100
2018-05-24,135.4539337158203,162.38999938964844,162.60000610351562,160.44000244140625,161.11000061035156,3378000
2018-05-25,136.13787841796875,163.2100067138672,163.9499969482422,162.10000610351562,162.44000244140625,2582100
2018-05-29,133.9774627685547,160.6199951171875,162.72000122070312,160.2100067138672,162.42999267578125,3197100
2018-05-30,134.97842407226562,161.82000732421875,162.10000610351562,160.82000732421875,161.41000366210938,2396500
2018-05-31,133.4686737060547,160.00999450683594,161.6300048828125,159.94000244140625,161.17999267578125,4881100
2018-06-01,133.60299682617188,159.16000366210938,160.0500030517578,159.02000427246094,159.89999389648438,3203800
2018-06-04,134.49276733398438,160.22000122070312,160.49000549316406,159.5399932861328,160.0800018310547,3174600
2018-06-05,133.87156677246094,159.47999572753906,160.99000549316406,158.97999572753906,159.97000122070312,2952300
2018-06-06,136.30592346191406,162.3800048828125,162.38999938964844,159.3300018310547,159.7899932861328,3586200
2018-06-07,142.265869140625,169.47999572753906,170.0,163.69000244140625,163.75,8342500
2018-06-08,141.78736877441406,168.91000366210938,171.55999755859375,168.4600067138672,169.02000427246094,5056600
2018-06-11,139.75596618652344,166.49000549316406,169.0399932861328,166.25999450683594,169.0399932861328,3246500
2018-06-12,139.9574737548828,166.72999572753906,167.24000549316406,166.22999572753906,166.82000732421875,2985300
2018-06-13,139.83151245117188,166.5800018310547,167.61000061035156,166.5500030517578,166.99000549316406,3140500
2018-06-14,140.22608947753906,167.0500030517578,167.94000244140625,166.67999267578125,167.0399932861328,2390000
2018-06-15,139.7307891845703,166.4600067138672,166.60000610351562,164.58999633789062,166.10000610351562,7384400
2018-06-18,139.57969665527344,166.27999877929688,166.5800018310547,163.80999755859375,165.52999877929688,4297700
2018-06-19,138.4800262451172,164.97000122070312,165.50999450683594,164.24000549316406,164.6199951171875,3350400
2018-06-20,136.45701599121094,162.55999755859375,165.52999877929688,162.3699951171875,164.91000366210938,3649500
2018-06-21,134.75299072265625,160.52999877929688,163.60000610351562,159.5399932861328,163.2899932861328,4655800
2018-06-22,138.12750244140625,164.5500030517578,165.13999938964844,161.25999450683594,161.27000427246094,8703600
2018-06-25,134.1486053466797,159.80999755859375,163.0,158.9499969482422,163.0,6126800
2018-06-26,135.0719757080078,160.91000366210938,161.85000610351562,159.8000030517578,160.00999450683594,3375100
2018-06-27,132.14234924316406,157.4199981689453,160.49000549316406,157.3800048828125,159.0500030517578,4962100
2018-06-28,131.21900939941406,156.32000732421875,157.3300018310547,155.10000610351562,157.25,4136500
2018-06-29,131.52955627441406,156.69000244140625,157.9499969482422,156.07000732421875,156.75999450683594,4024500
2018-07-02,131.68067932128906,156.8699951171875,156.8699951171875,155.4499969482422,155.99000549316406,3024000
2018-07-03,131.35330200195312,156.47999572753906,157.82000732421875,156.30999755859375,157.36000061035156,1437700
2018-07-05,132.05841064453125,157.32000732421875,157.6699981689453,156.5,156.89999389648438,2248300
2018-07-06,133.82122802734375,159.4199981689453,160.57000732421875,157.4499969482422,157.77000427246094,3298800
2018-07-09,134.25775146484375,159.94000244140625,160.8000030517578,159.3699951171875,160.47000122070312,2477300
2018-07-10,134.82852172851562,160.6199951171875,160.97999572753906,159.4600067138672,159.8300018310547,2187500
2018-07-11,133.149658203125,158.6199951171875,159.7100067138672,157.6999969482422,158.88999938964844,3203800
2018-07-12,133.5694122314453,159.1199951171875,159.77999877929688,158.82000732421875,159.14999389648438,2360800
2018-07-13,133.05734252929688,158.50999450683594,158.75999450683594,155.27999877929688,157.39999389648438,5186500
2018-07-16,133.2840118408203,158.77999877929688,159.27999877929688,157.9600067138672,158.6199951171875,2818200
2018-07-17,134.09825134277344,159.75,160.0,158.55999755859375,158.55999755859375,1877500
2018-07-18,132.57044982910156,157.92999267578125,159.8699951171875,157.80999755859375,159.85000610351562,3824000
2018-07-19,132.13401794433594,157.41000366210938,158.63999938964844,157.11000061035156,157.58999633789062,4869700
2018-07-20,132.6040802001953,157.97000122070312,158.35000610351562,156.27999877929688,157.1999969482422,2695500
2018-07-23,133.25881958007812,158.75,158.8300018310547,157.0399932861328,157.8000030517578,2754300
2018-07-24,132.57888793945312,157.94000244140625,159.5800018310547,157.52000427246094,159.24000549316406,3388400
2018-07-25,133.37635803222656,158.88999938964844,158.99000549316406,157.41000366210938,157.69000244140625,4193400
2018-07-26,131.06790161132812,156.13999938964844,158.88999938964844,154.7100067138672,158.22999572753906,7409800
2018-07-27,132.1927490234375,157.47999572753906,158.00999450683594,156.39999389648438,156.5800018310547,4234100
2018-07-30,133.16648864746094,158.63999938964844,160.02000427246094,157.08999633789062,157.38999938964844,3274800
2018-07-31,132.24313354492188,157.5399932861328,159.0,157.22999572753906,158.6999969482422,3530000
2018-08-01,131.72264099121094,156.9199981689453,157.22000122070312,155.66000366210938,156.57000732421875,4252800
2018-08-02,130.4551544189453,155.41000366210938,156.92999267578125,153.1300048828125,156.64999389648438,6245900
2018-08-03,131.12667846679688,156.2100067138672,156.97000122070312,154.2899932861328,155.6999969482422,3673100
2018-08-06,131.55477905273438,156.72000122070312,157.41000366210938,155.4600067138672,156.02999877929688,2375200
2018-08-07,130.98394775390625,156.0399932861328,157.1999969482422,155.83999633789062,156.91000366210938,1929300
2018-08-08,133.4014892578125,158.9199981689453,158.92999267578125,156.1699981689453,156.49000549316406,2988000
2018-08-09,133.7205352783203,159.3000030517578,159.6199951171875,157.9600067138672,158.83999633789062,2764500
2018-08-10,133.20005798339844,158.67999267578125,159.50999450683594,157.8699951171875,158.33999633789062,3343200
2018-08-13,132.7467803955078,158.13999938964844,158.99000549316406,157.25,158.47999572753906,2879600
2018-08-14,134.811767578125,160.60000610351562,161.42999267578125,158.19000244140625,158.35000610351562,3111600
2018-08-15,134.2073516845703,159.8800048828125,160.4600067138672,158.3699951171875,159.80999755859375,3355500
2018-08-16,135.76031494140625,161.72999572753906,162.27999877929688,160.14999389648438,160.14999389648438,2822100
2018-08-17,135.27340698242188,161.14999389648438,161.89999389648438,160.24000549316406,161.89999389648438,2527400
2018-08-20,135.71835327148438,161.67999267578125,162.16000366210938,161.10000610351562,161.2899932861328,2659500
2018-08-21,135.18109130859375,161.0399932861328,161.9499969482422,161.02000427246094,161.4600067138672,1920900
2018-08-22,134.76979064941406,160.5500030517578,161.50999450683594,160.0800018310547,161.41000366210938,2361500
2018-08-23,133.51065063476562,159.0500030517578,160.7899932861328,158.3699951171875,160.55999755859375,2755500
2018-08-24,133.78765869140625,159.3800048828125,159.86000061035156,158.3000030517578,158.74000549316406,2199400
2018-08-27,134.7109832763672,160.47999572753906,160.52000427246094,159.1999969482422,160.22999572753906,2627100
2018-08-28,135.68472290039062,161.63999938964844,161.6699981689453,160.16000366210938,160.5500030517578,2138000
2018-08-29,136.91871643066406,163.11000061035156,163.33999633789062,161.69000244140625,161.9199981689453,3168200
2018-08-30,136.65850830078125,162.8000030517578,163.2899932861328,162.3699951171875,163.02999877929688,3038400
2018-08-31,137.0301513671875,162.22999572753906,162.91000366210938,161.52999877929688,161.52999877929688,3649700
2018-09-04,136.59933471679688,161.72000122070312,161.97999572753906,160.07000732421875,161.80999755859375,3296300
2018-09-05,137.88330078125,163.24000549316406,163.39999389648438,161.19000244140625,161.60000610351562,2749200
2018-09-06,138.3056182861328,163.74000549316406,164.3000030517578,162.6999969482422,163.0399932861328,3133800
2018-09-07,138.44068908691406,163.89999389648438,164.1999969482422,163.13999938964844,163.5800018310547,2868300
2018-09-10,139.42898559570312,165.07000732421875,166.02000427246094,164.24000549316406,164.47999572753906,3080100
2018-09-11,139.04884338378906,164.6199951171875,165.92999267578125,164.1999969482422,164.8800048828125,2946400
2018-09-12,139.15025329589844,164.74000549316406,165.4199981689453,163.74000549316406,164.32000732421875,2613300
2018-09-13,137.17372131347656,162.39999389648438,165.4600067138672,161.6999969482422,165.4499969482422,3663600
2018-09-14,135.85606384277344,160.83999633789062,163.11000061035156,160.25,163.0,3939800
2018-09-17,133.57546997070312,158.13999938964844,159.82000732421875,156.55999755859375,159.5500030517578,5360000
2018-09-18,133.26295471191406,157.77000427246094,159.0800018310547,157.5800018310547,158.1699981689453,3722800
2018-09-19,134.45394897460938,159.17999267578125,159.49000549316406,157.72000122070312,158.7100067138672,2822000
2018-09-20,135.8138427734375,160.7899932861328,161.0500030517578,159.3699951171875,160.2100067138672,3218700
2018-09-21,139.62327575683594,165.3000030517578,165.3000030517578,162.50999450683594,162.7100067138672,8805500
2018-09-24,137.9423828125,163.30999755859375,164.0800018310547,161.1199951171875,163.89999389648438,4375300
2018-09-25,140.5608673095703,166.41000366210938,167.17999267578125,164.07000732421875,164.58999633789062,5282900
2018-09-26,140.01181030273438,165.75999450683594,167.50999450683594,165.5500030517578,166.39999389648438,3092600
2018-09-27,140.66220092773438,166.52999877929688,167.27000427246094,165.3000030517578,165.6199951171875,2390700
2018-09-28,141.30418395996094,167.2899932861328,167.8300018310547,166.50999450683594,166.74000549316406,3390200
2018-10-01,140.78045654296875,166.6699981689453,168.9499969482422,166.66000366210938,168.3699951171875,3118200
2018-10-02,139.52188110351562,165.17999267578125,167.0399932861328,165.17999267578125,166.35000610351562,3071200
2018-10-03,139.0826873779297,164.66000366210938,167.60000610351562,164.3699951171875,166.10000610351562,3830300
2018-10-04,140.0455780029297,165.8000030517578,166.07000732421875,164.5,164.88999938964844,3230400
2018-10-05,140.69601440429688,166.57000732421875,167.49000549316406,165.7899932861328,166.24000549316406,2822500
2018-10-08,141.70956420898438,167.77000427246094,168.1699981689453,166.1199951171875,166.25,2560500
2018-10-09,143.44961547851562,169.8300018310547,170.55999755859375,167.80999755859375,168.16000366210938,4157900
2018-10-10,142.21640014648438,168.3699951171875,172.0,168.22000122070312,171.99000549316406,4190500
2018-10-11,137.65521240234375,162.97000122070312,167.6699981689453,161.82000732421875,166.41000366210938,5430700
2018-10-12,138.3731689453125,163.82000732421875,164.9600067138672,161.86000061035156,163.92999267578125,3446100
2018-10-15,138.24644470214844,163.6699981689453,165.47000122070312,163.63999938964844,164.69000244140625,4265900
2018-10-16,138.58433532714844,164.07000732421875,164.4600067138672,162.89999389648438,163.44000244140625,4094700
2018-10-17,140.86492919921875,166.77000427246094,167.72999572753906,164.11000061035156,164.47000122070312,3608400
2018-10-18,140.898681640625,166.80999755859375,167.99000549316406,165.77000427246094,166.63999938964844,3378600
2018-10-19,141.4730987548828,167.49000549316406,168.14999389648438,166.3000030517578,166.38999938964844,3510000
2018-10-22,140.74668884277344,166.6300048828125,169.80999755859375,166.19000244140625,167.97999572753906,5703500
2018-10-23,149.63255310058594,177.14999389648438,177.8699951171875,170.5,171.1999969482422,12918300
2018-10-24,149.80149841308594,177.35000610351562,178.0,174.42999267578125,176.1300048828125,7866400
2018-10-25,148.07833862304688,175.30999755859375,178.27000427246094,174.60000610351562,177.55999755859375,4646400
2018-10-26,146.41433715820312,173.33999633789062,174.92999267578125,172.60000610351562,174.60000610351562,4741600
2018-10-29,146.3214569091797,173.22999572753906,176.16000366210938,172.22000122070312,175.0,3485200
2018-10-30,150.76441955566406,178.49000549316406,178.58999633789062,173.44000244140625,173.50999450683594,5582900
2018-10-31,149.42140197753906,176.89999389648438,178.9600067138672,176.3699951171875,178.80999755859375,5424700
2018-11-01,147.71519470214844,174.8800048828125,177.35000610351562,174.6999969482422,176.6699981689453,3701200
2018-11-02,149.29473876953125,176.75,176.99000549316406,174.0,176.4499969482422,4190900
2018-11-05,152.3693084716797,180.38999938964844,181.10000610351562,177.0,177.41000366210938,4747300
2018-11-06,154.3289031982422,182.7100067138672,182.86000061035156,179.49000549316406,180.02999877929688,4864700
2018-11-07,155.629638671875,184.25,184.47999572753906,181.8800048828125,183.0,4363900
2018-11-08,156.6685791015625,185.47999572753906,186.0399932861328,184.0800018310547,184.2899932861328,3318600
2018-11-09,157.0571746826172,185.94000244140625,186.5800018310547,185.07000732421875,186.0,3237000
2018-11-12,155.73104858398438,184.3699951171875,187.4199981689453,183.77999877929688,185.9499969482422,3080800
2018-11-13,155.42697143554688,184.00999450683594,184.9199981689453,183.32000732421875,183.94000244140625,2358100
2018-11-14,155.2917938232422,183.85000610351562,185.08999633789062,183.36000061035156,184.22000122070312,3407500
2018-11-15,155.046875,183.55999755859375,183.97999572753906,181.52000427246094,182.97000122070312,3351100
2018-11-16,158.4508819580078,187.58999633789062,187.77000427246094,183.4199981689453,183.5,3759500
2018-11-19,157.7159881591797,186.72000122070312,188.89999389648438,185.7899932861328,187.74000549316406,3745900
2018-11-20,155.17355346679688,183.7100067138672,186.6300048828125,183.02999877929688,185.6699981689453,3708300
2018-11-21,154.33738708496094,182.72000122070312,185.57000732421875,182.6999969482422,183.2100067138672,3410600
2018-11-23,153.6700439453125,181.92999267578125,183.0,181.07000732421875,182.52000427246094,1747700
2018-11-26,155.3256072998047,183.88999938964844,184.08999633789062,182.07000732421875,182.39999389648438,3843300
2018-11-27,155.95066833496094,184.6300048828125,184.63999938964844,183.19000244140625,183.3300018310547,2194200
2018-11-28,158.67047119140625,187.85000610351562,188.0500030517578,184.72000122070312,185.97000122070312,3279500
2018-11-29,159.86143493652344,189.25999450683594,190.8800048828125,188.61000061035156,190.72000122070312,4617100
2018-11-30,160.20986938476562,188.50999450683594,189.22999572753906,186.75999450683594,188.33999633789062,6635700
2018-12-03,157.54132080078125,185.3699951171875,188.4199981689453,184.6699981689453,188.10000610351562,4401700
2018-12-04,157.26083374023438,185.0399932861328,188.0800018310547,184.89999389648438,185.7899932861328,4436200
2018-12-06,157.6093292236328,185.4499969482422,185.75,182.10000610351562,182.74000549316406,4878000
2018-12-07,155.49310302734375,182.9600067138672,187.1999969482422,182.6699981689453,185.3300018310547,3088000
2018-12-10,156.9293212890625,184.64999389648438,185.08999633789062,180.5500030517578,182.9600067138672,3084900
2018-12-11,156.0284881591797,183.58999633789062,186.8300018310547,182.8699951171875,186.57000732421875,2889100
2018-12-12,155.9350128173828,183.47999572753906,184.83999633789062,182.35000610351562,183.92999267578125,3024600
2018-12-13,158.44216918945312,186.42999267578125,186.75999450683594,183.80999755859375,184.0,2737500
2018-12-14,155.7735595703125,183.2899932861328,185.25999450683594,182.1999969482422,185.25999450683594,4450000
2018-12-17,153.64886474609375,180.7899932861328,183.6199951171875,180.1999969482422,182.8000030517578,4566700
2018-12-18,152.7310333251953,179.7100067138672,182.61000061035156,179.05999755859375,182.24000549316406,4269000
2018-12-19,152.26358032226562,179.16000366210938,182.97999572753906,178.5800018310547,180.9499969482422,3883800
2018-12-20,147.60626220703125,173.67999267578125,178.80999755859375,172.5399932861328,178.2100067138672,5775300
2018-12-21,148.00572204589844,174.14999389648438,177.64999389648438,173.52999877929688,173.52999877929688,8536900
2018-12-24,144.71670532226562,170.27999877929688,175.27000427246094,170.1699981689453,174.24000549316406,2400900
2018-12-26,147.90371704101562,174.02999877929688,174.0399932861328,169.0399932861328,170.08999633789062,4065500
2018-12-27,149.33151245117188,175.7100067138672,175.7100067138672,170.72999572753906,173.2899932861328,3934500
2018-12-28,149.20408630371094,175.55999755859375,177.5,174.85000610351562,176.3000030517578,2896800
2018-12-31,150.91229248046875,177.57000732421875,177.8000030517578,175.60000610351562,175.9600067138672,2482600
2019-01-02,149.62899780273438,176.05999755859375,176.3000030517578,174.1699981689453,175.41000366210938,2571500
2019-01-03,148.6431121826172,174.89999389648438,176.4499969482422,174.41000366210938,175.4499969482422,3728200
2019-01-04,151.51573181152344,178.27999877929688,179.1999969482422,175.69000244140625,176.02999877929688,3194300
2019-01-07,153.16445922851562,180.22000122070312,181.8800048828125,178.13999938964844,178.13999938964844,3283000
2019-01-08,153.48741149902344,180.60000610351562,182.2899932861328,179.91000366210938,181.9600067138672,2941400
2019-01-09,153.2239227294922,180.2899932861328,180.89999389648438,179.19000244140625,180.55999755859375,2680700
2019-01-10,154.2947998046875,181.5500030517578,181.8800048828125,179.32000732421875,179.83999633789062,2498500
2019-01-11,154.99168395996094,182.3699951171875,182.39999389648438,180.4600067138672,180.58999633789062,2348900
2019-01-14,154.01434326171875,181.22000122070312,181.75,180.69000244140625,181.4199981689453,1886200
2019-01-15,153.84437561035156,181.02000427246094,183.2100067138672,180.74000549316406,181.47000122070312,3860200
2019-01-16,152.42507934570312,179.35000610351562,181.52999877929688,179.13999938964844,180.94000244140625,3375600
2019-01-17,153.9208526611328,181.11000061035156,181.11000061035156,179.02999877929688,179.25,3061000
2019-01-18,155.1616668701172,182.57000732421875,183.25999450683594,180.94000244140625,183.0399932861328,3498000
2019-01-22,156.8614044189453,184.57000732421875,185.47999572753906,182.25,182.25,3190300
2019-01-23,158.15316772460938,186.08999633789062,186.1699981689453,184.11000061035156,184.77999877929688,2530700
2019-01-24,159.24105834960938,187.3699951171875,187.8800048828125,185.94000244140625,186.86000061035156,3214200
2019-01-25,156.37698364257812,184.0,189.4199981689453,183.92999267578125,188.77000427246094,4405600
2019-01-28,156.0370635986328,183.60000610351562,183.72000122070312,181.8300018310547,183.05999755859375,4138700
2019-01-29,154.82171630859375,182.1699981689453,183.72000122070312,180.97000122070312,183.27999877929688,3666700
2019-01-30,154.4817657470703,181.77000427246094,187.7899932861328,178.6699981689453,182.9199981689453,9489900
2019-01-31,151.94064331054688,178.77999877929688,181.85000610351562,176.8699951171875,180.25,10440100
2019-02-01,150.18988037109375,176.72000122070312,180.49000549316406,176.47999572753906,179.5500030517578,6529200
2019-02-04,150.89524841308594,177.5500030517578,177.77999877929688,175.66000366210938,177.2899932861328,4533800
2019-02-05,150.91229248046875,177.57000732421875,179.4199981689453,177.22000122070312,177.7100067138672,4495900
2019-02-06,149.73098754882812,176.17999267578125,177.5500030517578,175.99000549316406,177.5500030517578,3965200
2019-02-07,148.96607971191406,175.27999877929688,176.25999450683594,174.30999755859375,176.0,4176300
2019-02-08,148.5156707763672,174.75,175.47000122070312,174.39999389648438,174.77000427246094,4051600
2019-02-11,148.0991668701172,174.25999450683594,175.89999389648438,174.1699981689453,175.24000549316406,3216400
2019-02-12,147.8527374267578,173.97000122070312,175.27999877929688,173.8000030517578,174.7899932861328,4692800
2019-02-13,148.00572204589844,174.14999389648438,174.66000366210938,173.75,174.0,5283000
2019-02-14,149.46751403808594,175.8699951171875,176.44000244140625,173.41000366210938,173.92999267578125,4428800
2019-02-15,152.9520263671875,179.97000122070312,179.97999572753906,177.00999450683594,177.27999877929688,4648600
2019-02-19,152.34010314941406,179.25,181.89999389648438,179.16000366210938,181.11000061035156,4765400
2019-02-20,153.39390563964844,180.49000549316406,180.9199981689453,179.33999633789062,179.47000122070312,3707400
2019-02-21,155.36563110351562,182.80999755859375,183.33999633789062,180.39999389648438,180.4499969482422,4391000
2019-02-22,155.6715850830078,183.1699981689453,183.41000366210938,182.0,182.97999572753906,3073500
2019-02-25,155.19566345214844,182.61000061035156,184.7100067138672,182.41000366210938,183.92999267578125,3090800
2019-02-26,155.70559692382812,183.2100067138672,183.80999755859375,182.47000122070312,183.44000244140625,2219100
2019-02-27,155.8330841064453,183.36000061035156,184.05999755859375,182.83999633789062,183.07000732421875,2261700
2019-02-28,157.2357177734375,183.83999633789062,183.97999572753906,182.00999450683594,182.1300048828125,3297900
2019-03-01,158.27064514160156,185.0500030517578,185.64999389648438,184.07000732421875,184.58999633789062,2691000
2019-03-04,154.4560546875,180.58999633789062,184.72999572753906,179.6999969482422,184.5500030517578,4899800
2019-03-05,155.1060333251953,181.35000610351562,181.75,180.35000610351562,180.60000610351562,3362500
2019-03-06,155.6876678466797,182.02999877929688,183.4600067138672,181.89999389648438,182.0,2083900
2019-03-07,154.3961944580078,180.52000427246094,182.38999938964844,179.9499969482422,182.1199951171875,3268100
2019-03-08,153.52378845214844,179.5,180.0,178.27000427246094,179.75,2757200
2019-03-11,154.87513732910156,181.0800018310547,181.1199951171875,179.8000030517578,180.0,2071500
2019-03-12,155.5166015625,181.8300018310547,182.10000610351562,180.66000366210938,181.6699981689453,2191800
2019-03-13,155.71331787109375,182.05999755859375,183.17999267578125,181.6999969482422,182.52000427246094,2612100
2019-03-14,156.29495239257812,182.74000549316406,182.77999877929688,180.6699981689453,181.99000549316406,2375300
2019-03-15,158.51014709472656,185.3300018310547,185.4600067138672,182.11000061035156,183.27000427246094,6010500
2019-03-18,157.32981872558594,183.9499969482422,186.25999450683594,183.41000366210938,185.97999572753906,3669200
2019-03-19,156.6114044189453,183.11000061035156,184.3699951171875,182.52999877929688,184.05999755859375,4102800
2019-03-20,158.2022247314453,184.97000122070312,185.36000061035156,182.32000732421875,183.3800048828125,3522400
2019-03-21,159.39959716796875,186.3699951171875,186.6300048828125,184.42999267578125,184.44000244140625,2830200
2019-03-22,159.77587890625,186.80999755859375,188.64999389648438,185.94000244140625,185.9600067138672,3319600
2019-03-25,158.8437042236328,185.72000122070312,186.4600067138672,184.00999450683594,186.25,2651600
2019-03-26,160.34896850585938,187.47999572753906,188.8800048828125,186.35000610351562,186.64999389648438,2609600
2019-03-27,160.37464904785156,187.50999450683594,188.66000366210938,187.02999877929688,187.63999938964844,1684800
2019-03-28,161.98257446289062,189.38999938964844,189.4499969482422,187.92999267578125,187.97000122070312,1977100
2019-03-29,162.41876220703125,189.89999389648438,190.52000427246094,188.91000366210938,190.25,2952000
2019-04-01,161.12728881835938,188.38999938964844,190.85000610351562,187.74000549316406,190.5,3195100
2019-04-02,161.09310913085938,188.35000610351562,188.9499969482422,186.6999969482422,188.91000366210938,1797700
2019-04-03,161.09310913085938,188.35000610351562,189.24000549316406,187.6199951171875,188.8800048828125,2512300
2019-04-04,162.3931121826172,189.8699951171875,190.72999572753906,188.89999389648438,189.0500030517578,2324900
2019-04-05,163.11154174804688,190.7100067138672,191.24000549316406,190.07000732421875,190.35000610351562,2438400
2019-04-08,162.37600708007812,189.85000610351562,191.5,189.60000610351562,190.7100067138672,2290100
2019-04-09,162.5727081298828,190.0800018310547,190.27999877929688,188.44000244140625,189.39999389648438,2279500
2019-04-10,161.83717346191406,189.22000122070312,191.3000030517578,188.75999450683594,190.55999755859375,2406800
2019-04-11,161.54637145996094,188.8800048828125,189.47999572753906,188.0500030517578,189.27999877929688,1740400
2019-04-12,163.87274169921875,191.60000610351562,192.27999877929688,189.57000732421875,189.58999633789062,3238800
2019-04-15,164.0865936279297,191.85000610351562,192.35000610351562,190.85000610351562,191.77000427246094,1973500
2019-04-16,163.95831298828125,191.6999969482422,193.07000732421875,191.38999938964844,192.5,1559200
2019-04-17,163.88131713867188,191.61000061035156,192.35000610351562,191.3699951171875,192.0,1875000
2019-04-18,166.7037353515625,194.91000366210938,195.0,191.66000366210938,191.77000427246094,2918400
2019-04-22,165.85704040527344,193.9199981689453,194.72999572753906,193.3800048828125,194.0,1738400
2019-04-23,167.00308227539062,195.25999450683594,195.9499969482422,194.1199951171875,194.30999755859375,2192900
2019-04-24,169.03012084960938,197.6300048828125,198.25999450683594,195.33999633789062,195.57000732421875,3070100
2019-04-25,169.2866973876953,197.92999267578125,198.02000427246094,195.6199951171875,196.49000549316406,2040800
2019-04-26,168.8505096435547,197.4199981689453,198.60000610351562,196.5399932861328,198.47000122070312,2302100
2019-04-29,168.5939483642578,197.1199951171875,198.36000061035156,195.39999389648438,197.97999572753906,3456100
2019-04-30,168.9788360595703,197.57000732421875,200.0,195.5,198.85000610351562,6162300
2019-05-01,166.07083129882812,194.1699981689453,197.19000244140625,193.9499969482422,195.8699951171875,4059600
2019-05-02,166.44712829589844,194.61000061035156,195.14999389648438,193.32000732421875,194.19000244140625,2418000
2019-05-03,168.93603515625,197.52000427246094,197.97000122070312,194.75,195.33999633789062,2915200
2019-05-06,170.11631774902344,198.89999389648438,199.17999267578125,195.94000244140625,196.52999877929688,2371300
2019-05-07,169.3807830810547,198.0399932861328,199.6199951171875,196.72999572753906,197.9600067138672,3072500
2019-05-08,169.37222290039062,198.02999877929688,199.08999633789062,196.75,197.7100067138672,2040900
2019-05-09,169.11561584472656,197.72999572753906,198.30999755859375,196.41000366210938,197.1199951171875,1923600
2019-05-10,171.048583984375,199.99000549316406,200.36000061035156,197.02000427246094,197.05999755859375,2668800
2019-05-13,170.22750854492188,199.02999877929688,199.91000366210938,197.27999877929688,198.0,2809400
2019-05-14,169.3551483154297,198.00999450683594,199.61000061035156,197.63999938964844,198.8300018310547,2787700
2019-05-15,170.26173400878906,199.07000732421875,199.72999572753906,197.5,197.66000366210938,1899000
2019-05-16,171.048583984375,199.99000549316406,200.6300048828125,198.88999938964844,199.36000061035156,2520500
2019-05-17,170.3900146484375,199.22000122070312,200.3699951171875,198.8000030517578,198.86000061035156,2239600
2019-05-20,170.19332885742188,198.99000549316406,200.67999267578125,198.27999877929688,199.22000122070312,2217400
2019-05-21,170.92031860351562,199.83999633789062,201.14999389648438,199.07000732421875,200.88999938964844,2264600
2019-05-22,171.02294921875,199.9600067138672,200.1699981689453,198.5,199.52000427246094,1760300
2019-05-23,170.17620849609375,198.97000122070312,199.42999267578125,198.10000610351562,198.80999755859375,3560400
2019-05-24,169.1498260498047,197.77000427246094,199.89999389648438,197.3300018310547,199.8699951171875,2105800
2019-05-28,168.2090606689453,196.6699981689453,199.3800048828125,196.3800048828125,198.27999877929688,3675100
2019-05-29,167.65313720703125,196.02000427246094,196.6999969482422,194.85000610351562,195.85000610351562,2925100
2019-05-30,170.40713500976562,199.24000549316406,199.4199981689453,195.77999877929688,196.00999450683594,2685000
2019-05-31,170.5706024169922,198.27000427246094,200.02999877929688,197.25,197.41000366210938,3669100
2019-06-03,171.0093231201172,198.77999877929688,199.10000610351562,197.32000732421875,198.36000061035156,3211800
2019-06-04,171.74058532714844,199.6300048828125,200.3000030517578,198.7899932861328,199.0,3829900
2019-06-05,172.17074584960938,200.1300048828125,200.55999755859375,199.25,200.0800018310547,4294600
2019-06-06,174.68280029296875,203.0500030517578,203.3800048828125,200.02999877929688,200.1199951171875,4657600
2019-06-07,176.77330017089844,205.47999572753906,206.38999938964844,203.5,203.5,4345000
2019-06-10,173.17726135253906,201.3000030517578,206.10000610351562,199.74000549316406,206.10000610351562,4647500
2019-06-11,174.86341857910156,203.25999450683594,203.64999389648438,201.38999938964844,202.3000030517578,2991400
2019-06-12,176.3001708984375,204.92999267578125,205.49000549316406,203.6999969482422,204.49000549316406,2874000
2019-06-13,175.92160034179688,204.49000549316406,205.39999389648438,203.66000366210938,205.1999969482422,2277800
2019-06-14,176.60983276367188,205.2899932861328,205.80999755859375,203.77999877929688,204.0,2715800
2019-06-17,175.3365936279297,203.80999755859375,205.75,203.08999633789062,205.75,2694400
2019-06-18,175.93882751464844,204.50999450683594,205.39999389648438,203.9199981689453,205.0,2470900
2019-06-19,175.9732208251953,204.5500030517578,205.0,202.61000061035156,204.6199951171875,2328400
2019-06-20,176.46363830566406,205.1199951171875,205.38999938964844,204.10000610351562,205.0,2162200
2019-06-21,175.72373962402344,204.25999450683594,205.94000244140625,203.97999572753906,205.5800018310547,4267400
2019-06-24,175.4312286376953,203.9199981689453,205.25,203.6300048828125,204.75,2486800
2019-06-25,176.97117614746094,205.7100067138672,206.38999938964844,204.72000122070312,204.8000030517578,3020900
2019-06-26,175.9732208251953,204.5500030517578,205.6699981689453,204.00999450683594,205.49000549316406,2576000
2019-06-27,177.4529266357422,206.27000427246094,206.35000610351562,204.1999969482422,204.6699981689453,2253500
2019-06-28,178.6487579345703,207.66000366210938,207.99000549316406,206.32000732421875,206.89999389648438,3658200
2019-07-01,177.478759765625,206.3000030517578,209.42999267578125,206.19000244140625,208.86000061035156,2689500
2019-07-02,180.30050659179688,209.5800018310547,209.5800018310547,206.32000732421875,206.75,3120000
2019-07-03,183.07928466796875,212.80999755859375,212.8699951171875,209.6999969482422,209.82000732421875,2306000
2019-07-05,181.7285919189453,211.24000549316406,213.00999450683594,210.25,212.3000030517578,1876200
2019-07-08,182.5200958251953,212.16000366210938,212.52999877929688,211.22999572753906,211.24000549316406,1818000
2019-07-09,182.45985412597656,212.08999633789062,212.69000244140625,211.47000122070312,211.99000549316406,1618800
2019-07-10,183.24273681640625,213.0,213.4600067138672,211.9499969482422,212.25,1842300
2019-07-11,182.97604370117188,212.69000244140625,214.8000030517578,211.61000061035156,214.47000122070312,1922800
2019-07-12,183.23411560058594,212.99000549316406,213.39999389648438,211.27000427246094,212.69000244140625,1960100
2019-07-15,184.28369140625,214.2100067138672,214.6999969482422,212.69000244140625,213.6300048828125,2408500
2019-07-16,183.8621368408203,213.72000122070312,214.89999389648438,212.14999389648438,213.52999877929688,2380400
2019-07-17,183.8535614013672,213.7100067138672,214.89999389648438,213.36000061035156,213.97999572753906,1698400
2019-07-18,185.7461700439453,215.91000366210938,215.9499969482422,213.3300018310547,214.0800018310547,2259800
2019-07-19,183.9911651611328,213.8699951171875,216.25999450683594,213.8000030517578,215.5800018310547,2860500
2019-07-22,184.96328735351562,215.0,215.3300018310547,212.52000427246094,213.7899932861328,2580000
2019-07-23,184.3697052001953,214.30999755859375,216.25,212.63999938964844,215.74000549316406,2503600
2019-07-24,183.053466796875,212.77999877929688,214.9499969482422,212.27000427246094,213.83999633789062,2971600
2019-07-25,184.4815673828125,214.44000244140625,214.60000610351562,212.30999755859375,212.36000061035156,3789000
2019-07-26,185.46231079101562,215.5800018310547,218.9600067138672,214.49000549316406,217.9499969482422,5029300
2019-07-29,184.9461212158203,214.97999572753906,217.4199981689453,214.3000030517578,216.0,4278600
2019-07-30,182.67494201660156,212.33999633789062,215.2100067138672,211.5800018310547,214.2899932861328,2808500
2019-07-31,181.28123474121094,210.72000122070312,212.7100067138672,209.3699951171875,212.0800018310547,4048800
2019-08-01,181.73721313476562,211.25,213.1300048828125,210.11000061035156,211.17999267578125,3231800
2019-08-02,184.51597595214844,214.47999572753906,215.08999633789062,210.88999938964844,211.3000030517578,3517800
2019-08-05,181.0489959716797,210.4499969482422,214.61000061035156,209.42999267578125,213.63999938964844,3685600
2019-08-06,184.1718292236328,214.0800018310547,214.5500030517578,209.8800048828125,210.5,2970300
2019-08-07,186.53759765625,216.8300018310547,217.55999755859375,211.33999633789062,213.25999450683594,3767200
2019-08-08,187.55282592773438,218.00999450683594,219.74000549316406,216.1699981689453,217.30999755859375,3724300
2019-08-09,190.25411987304688,221.14999389648438,221.92999267578125,218.0800018310547,218.0800018310547,3784000
2019-08-12,186.821533203125,217.16000366210938,220.64999389648438,216.3699951171875,220.44000244140625,2338200
2019-08-13,189.0325164794922,219.72999572753906,220.22000122070312,218.0399932861328,220.0,2913300
2019-08-14,186.23655700683594,216.47999572753906,219.74000549316406,216.3800048828125,218.9499969482422,3233700
2019-08-15,187.77650451660156,218.27000427246094,218.47999572753906,215.6699981689453,216.0,2774100
2019-08-16,187.9485626220703,218.47000122070312,219.82000732421875,217.3000030517578,219.17999267578125,2475900
2019-08-19,188.21522521972656,218.77999877929688,220.2100067138672,217.11000061035156,219.99000549316406,2721100
2019-08-20,187.9485626220703,218.47000122070312,219.9199981689453,218.35000610351562,218.86000061035156,2333800
2019-08-21,189.87562561035156,220.7100067138672,220.7899932861328,218.72999572753906,219.89999389648438,2053200
2019-08-22,188.8260498046875,219.49000549316406,220.88999938964844,217.8800048828125,220.5399932861328,2550600
2019-08-23,184.67079162597656,214.66000366210938,219.47000122070312,213.88999938964844,219.1699981689453,3662300
2019-08-26,186.60646057128906,216.91000366210938,217.17999267578125,214.2100067138672,216.0800018310547,2553100
2019-08-27,185.86666870117188,216.0500030517578,217.89999389648438,216.0500030517578,217.5800018310547,2070000
2019-08-28,187.6044464111328,218.07000732421875,218.2100067138672,215.39999389648438,216.6199951171875,2146100
2019-08-29,189.72935485839844,220.5399932861328,221.02000427246094,218.3699951171875,219.8300018310547,2729800
2019-08-30,188.50991821289062,217.97000122070312,220.0,216.94000244140625,219.8000030517578,2733700
2019-09-03,187.78346252441406,217.1300048828125,218.6699981689453,216.27999877929688,217.92999267578125,3183100
2019-09-04,188.96829223632812,218.5,219.25999450683594,216.5,217.5,2252200
2019-09-05,189.82447814941406,219.49000549316406,220.3300018310547,218.39999389648438,220.2100067138672,2752100
2019-09-06,190.29148864746094,220.02999877929688,220.83999633789062,219.4499969482422,219.80999755859375,1976500
2019-09-09,187.89581298828125,217.25999450683594,220.5,217.16000366210938,220.5,2569600
2019-09-10,181.34034729003906,209.67999267578125,215.42999267578125,208.27999877929688,215.42999267578125,6407600
2019-09-11,181.79005432128906,210.1999969482422,211.5500030517578,208.5399932861328,209.69000244140625,3393300
2019-09-12,183.4765625,212.14999389648438,214.02999877929688,211.3000030517578,211.89999389648438,3439100
2019-09-13,181.45278930664062,209.80999755859375,212.77999877929688,208.9499969482422,212.5,3791800
2019-09-16,179.36854553222656,207.39999389648438,209.86000061035156,207.3300018310547,209.3000030517578,3437700
2019-09-17,181.48736572265625,209.85000610351562,210.83999633789062,207.49000549316406,208.0,3667900
2019-09-18,181.98895263671875,210.42999267578125,210.8800048828125,208.2899932861328,210.64999389648438,2534800
2019-09-19,182.0668487548828,210.52000427246094,211.8300018310547,209.8699951171875,210.3800048828125,2552000
2019-09-20,181.08953857421875,209.38999938964844,211.77999877929688,209.3699951171875,210.33999633789062,5979300
2019-09-23,182.94900512695312,211.5399932861328,212.47000122070312,209.05999755859375,209.05999755859375,2812100
2019-09-24,183.3641357421875,212.02000427246094,213.52000427246094,211.5500030517578,212.5,3049800
2019-09-25,183.8916473388672,212.6300048828125,213.14999389648438,211.0,212.02000427246094,2414500
2019-09-26,183.86569213867188,212.60000610351562,215.6699981689453,212.47999572753906,214.22000122070312,3053100
2019-09-27,184.35003662109375,213.16000366210938,213.6300048828125,212.2899932861328,213.05999755859375,2333200
2019-09-30,185.6905517578125,214.7100067138672,215.36000061035156,212.80999755859375,213.16000366210938,2488000
2019-10-01,180.76959228515625,209.02000427246094,211.6999969482422,208.4600067138672,211.1300048828125,4811900
2019-10-02,178.3912353515625,206.27000427246094,208.47999572753906,205.58999633789062,207.92999267578125,4171400
2019-10-03,181.64306640625,210.02999877929688,210.02999877929688,206.3300018310547,206.82000732421875,3499900
2019-10-04,183.07872009277344,211.69000244140625,211.7100067138672,210.0399932861328,210.8300018310547,2220300
2019-10-07,183.27760314941406,211.9199981689453,212.8699951171875,211.10000610351562,211.10000610351562,3057000
2019-10-08,182.57705688476562,211.11000061035156,213.13999938964844,209.97000122070312,210.97999572753906,2555900
2019-10-09,184.0646209716797,212.8300018310547,213.47000122070312,211.6199951171875,211.6999969482422,1745900
2019-10-10,183.1392364501953,211.75999450683594,213.1300048828125,211.5,211.75999450683594,1853100
2019-10-11,180.76959228515625,209.02000427246094,213.27000427246094,208.6699981689453,213.02999877929688,3945700
2019-10-14,180.216064453125,208.3800048828125,210.02000427246094,207.7899932861328,208.0,3088000
2019-10-15,179.21287536621094,207.22000122070312,209.72000122070312,206.52000427246094,209.55999755859375,3766800
2019-10-16,180.14688110351562,208.3000030517578,208.92999267578125,206.80999755859375,207.0,2891400
2019-10-17,178.89285278320312,206.85000610351562,209.49000549316406,206.83999633789062,208.5,3340500
2019-10-18,180.31983947753906,208.5,209.0500030517578,206.72999572753906,206.8000030517578,3518800
2019-10-21,181.48736572265625,209.85000610351562,210.75999450683594,208.44000244140625,209.6999969482422,3684200
2019-10-22,172.33734130859375,199.27000427246094,205.25,199.14999389648438,205.08999633789062,10265400
2019-10-23,172.2854766845703,199.2100067138672,201.13999938964844,198.02000427246094,200.11000061035156,7943700
2019-10-24,169.526611328125,196.02000427246094,199.5500030517578,195.7899932861328,199.5399932861328,4955600
2019-10-25,168.3071746826172,194.61000061035156,196.64999389648438,194.39999389648438,196.10000610351562,4773700
2019-10-28,165.85968017578125,191.77999877929688,195.32000732421875,191.5,194.97999572753906,7711400
2019-10-29,166.5861358642578,192.6199951171875,193.1999969482422,191.63999938964844,192.0,4454600
2019-10-30,170.27899169921875,196.88999938964844,197.0,191.67999267578125,193.2899932861328,6332600
2019-10-31,170.1147003173828,196.6999969482422,198.0,195.6300048828125,197.39999389648438,4961000
2019-11-01,167.7277374267578,193.94000244140625,197.97000122070312,193.6999969482422,197.77999877929688,4192400
2019-11-04,163.16134643554688,188.66000366210938,190.75,187.5500030517578,190.16000366210938,17662100
2019-11-05,166.20556640625,192.17999267578125,193.0,189.4499969482422,189.64999389648438,10496000
2019-11-06,167.93524169921875,194.17999267578125,195.27000427246094,193.0500030517578,193.3000030517578,6473500
2019-11-07,166.98394775390625,193.0800018310547,196.0,192.32000732421875,195.72000122070312,4820200
2019-11-08,167.44232177734375,193.61000061035156,194.77999877929688,193.22000122070312,194.60000610351562,3499400
2019-11-11,166.6034393310547,192.63999938964844,194.25,192.5,193.6300048828125,2746700
2019-11-12,167.1569366455078,193.27999877929688,193.86000061035156,192.77000427246094,193.0,2930600
2019-11-13,168.64450073242188,195.0,195.08999633789062,193.50999450683594,193.77000427246094,3405000
2019-11-14,167.77960205078125,194.0,195.5,193.16000366210938,195.22999572753906,3173900
2019-11-15,167.753662109375,193.97000122070312,194.7899932861328,193.30999755859375,194.57000732421875,2991300
2019-11-18,168.0217742919922,194.27999877929688,195.72000122070312,193.86000061035156,194.1999969482422,3420300
2019-11-19,167.29534912109375,193.44000244140625,194.39999389648438,193.00999450683594,194.1999969482422,2910500
2019-11-20,167.89205932617188,194.1300048828125,194.97000122070312,193.5399932861328,193.58999633789062,3131300
2019-11-21,166.35263061523438,192.35000610351562,194.66000366210938,192.25999450683594,194.27999877929688,3509500
2019-11-22,167.0358123779297,193.13999938964844,193.4199981689453,192.14999389648438,193.19000244140625,2417700
2019-11-25,165.9547882080078,191.88999938964844,194.32000732421875,191.60000610351562,193.94000244140625,3999600
2019-11-26,167.78829956054688,194.00999450683594,194.02999877929688,191.9499969482422,192.0,3877200
2019-11-27,169.76873779296875,196.3000030517578,196.6699981689453,193.9199981689453,194.25999450683594,4133000
2019-11-29,169.2726287841797,194.47999572753906,196.5399932861328,194.27000427246094,196.50999450683594,2815500
2019-12-02,169.8818817138672,195.17999267578125,195.58999633789062,193.77999877929688,195.3800048828125,3197500
2019-12-03,168.08889770507812,193.1199951171875,195.0399932861328,192.35000610351562,194.3000030517578,3745300
2019-12-04,169.12460327148438,194.30999755859375,194.47000122070312,192.88999938964844,193.58999633789062,2217200
2019-12-05,169.03765869140625,194.2100067138672,194.5,193.13999938964844,194.5,2819600
2019-12-06,170.02993774414062,195.35000610351562,195.74000549316406,194.11000061035156,194.5500030517578,3095100
2019-12-09,169.4467010498047,194.67999267578125,196.35000610351562,194.2899932861328,195.66000366210938,2227500
2019-12-10,169.68170166015625,194.9499969482422,195.38999938964844,194.27999877929688,194.6199951171875,2470100
2019-12-11,169.48155212402344,194.72000122070312,195.75,194.25999450683594,195.6699981689453,2490300
2019-12-12,170.8654327392578,196.30999755859375,197.1699981689453,194.91000366210938,195.25,3024700
2019-12-13,171.57049560546875,197.1199951171875,197.3300018310547,195.33999633789062,196.0399932861328,2077900
2019-12-16,172.23196411132812,197.8800048828125,198.16000366210938,196.47999572753906,197.58999633789062,3650100
2019-12-17,171.0482177734375,196.52000427246094,198.72000122070312,196.4499969482422,197.60000610351562,3338200
2019-12-18,170.27357482910156,195.6300048828125,196.7899932861328,194.7100067138672,196.60000610351562,4287700
2019-12-19,171.51824951171875,197.05999755859375,197.17999267578125,195.25,195.4600067138672,3345700
2019-12-20,171.58787536621094,197.13999938964844,199.0,196.64999389648438,198.5500030517578,6415500
2019-12-23,170.76968383789062,196.1999969482422,197.5399932861328,196.02999877929688,197.5399932861328,2388900
2019-12-24,171.17877197265625,196.6699981689453,197.13999938964844,195.6699981689453,195.92999267578125,1152500
2019-12-26,171.51824951171875,197.05999755859375,197.16000366210938,196.16000366210938,196.61000061035156,1809600
2019-12-27,172.484375,198.1699981689453,198.47000122070312,197.17999267578125,197.3300018310547,2263900
2019-12-30,171.38763427734375,196.91000366210938,197.8000030517578,195.94000244140625,197.5800018310547,2242400
2019-12-31,171.99693298339844,197.61000061035156,197.9499969482422,196.55999755859375,196.8000030517578,2278700
2020-01-02,174.76478576660156,200.7899932861328,200.8000030517578,197.80999755859375,198.0,3554200
2020-01-03,174.1468048095703,200.0800018310547,200.5500030517578,198.85000610351562,199.38999938964844,2767600
2020-01-06,176.10516357421875,202.3300018310547,202.77000427246094,199.35000610351562,199.60000610351562,4660400
2020-01-07,176.36627197265625,202.6300048828125,202.67999267578125,200.50999450683594,201.8699951171875,4047400
2020-01-08,179.22116088867188,205.91000366210938,206.69000244140625,202.1999969482422,202.6199951171875,5284200
2020-01-09,181.34483337402344,208.35000610351562,209.3699951171875,206.10000610351562,206.86000061035156,5971600
2020-01-10,180.40489196777344,207.27000427246094,208.9499969482422,207.27000427246094,208.44000244140625,2336400
2020-01-13,179.74337768554688,206.50999450683594,207.77999877929688,205.75999450683594,207.3800048828125,2784200
2020-01-14,180.4484100341797,207.32000732421875,207.64999389648438,205.4600067138672,205.4600067138672,2622700
2020-01-15,182.58087158203125,209.77000427246094,210.35000610351562,207.32000732421875,207.32000732421875,3369400
2020-01-16,183.52085876464844,210.85000610351562,211.11000061035156,209.22000122070312,210.11000061035156,2726700
2020-01-17,184.50439453125,211.97999572753906,212.77000427246094,211.35000610351562,211.4199981689453,3540400
2020-01-21,183.79067993164062,211.16000366210938,212.25999450683594,210.22000122070312,211.3699951171875,4100500
2020-01-22,184.0343780517578,211.44000244140625,213.66000366210938,211.41000366210938,213.16000366210938,2757400
2020-01-23,185.7577362060547,213.4199981689453,213.5,208.6199951171875,210.5399932861328,3378200
2020-01-24,183.8603057861328,211.24000549316406,214.17999267578125,210.89999389648438,214.17999267578125,3106300
2020-01-27,182.20654296875,209.33999633789062,210.61000061035156,207.3000030517578,207.83999633789062,3389300
2020-01-28,183.12051391601562,210.38999938964844,212.2100067138672,209.86000061035156,209.88999938964844,3855200
2020-01-29,186.64553833007812,214.44000244140625,216.4199981689453,210.8000030517578,211.69000244140625,5734800
2020-01-30,188.1599884033203,216.17999267578125,216.74000549316406,212.8300018310547,214.0,3560700
2020-01-31,186.2364501953125,213.97000122070312,217.10000610351562,213.13999938964844,215.52000427246094,3920800
2020-02-03,187.2896270751953,215.17999267578125,216.8800048828125,214.22999572753906,214.99000549316406,3539200
2020-02-04,186.80221557617188,214.6199951171875,216.69000244140625,214.25,216.11000061035156,3367900
2020-02-05,186.58462524414062,214.3699951171875,215.77999877929688,213.00999450683594,215.63999938964844,2911400
2020-02-06,185.27902221679688,212.8699951171875,214.82000732421875,212.63999938964844,214.72000122070312,2903300
2020-02-07,184.182373046875,211.61000061035156,212.83999633789062,211.08999633789062,212.55999755859375,2421600
2020-02-10,185.5749969482422,213.2100067138672,213.27999877929688,211.25,211.33999633789062,2318800
2020-02-11,187.76832580566406,215.72999572753906,215.86000061035156,213.64999389648438,214.0,2694500
2020-02-12,189.27410888671875,217.4600067138672,217.47000122070312,215.11000061035156,216.0,2844900
2020-02-13,189.23931884765625,217.4199981689453,218.38999938964844,216.19000244140625,216.7100067138672,2853400
2020-02-14,188.9521026611328,217.08999633789062,217.83999633789062,216.3800048828125,217.5,1720400
2020-02-18,188.13389587402344,216.14999389648438,217.0399932861328,215.6699981689453,215.9199981689453,2712600
2020-02-19,187.6813201904297,215.6300048828125,216.9199981689453,215.61000061035156,216.80999755859375,2229500
2020-02-20,187.20257568359375,215.0800018310547,216.64999389648438,212.77999877929688,216.14999389648438,2869400
2020-02-21,187.89016723632812,215.8699951171875,216.3699951171875,214.3000030517578,215.24000549316406,2791200
2020-02-24,185.84481811523438,213.52000427246094,215.17999267578125,210.11000061035156,210.5800018310547,4218800
2020-02-25,184.60885620117188,212.10000610351562,216.8300018310547,211.14999389648438,214.5800018310547,5053700
2020-02-26,182.86807250976562,210.10000610351562,214.55999755859375,209.75,212.88999938964844,4190800
2020-02-27,174.9475555419922,201.0,210.0,200.92999267578125,207.6999969482422,6406200
2020-02-28,170.0604248046875,194.1699981689453,198.44000244140625,188.80999755859375,196.0,11324000
2020-03-02,177.39991760253906,202.5500030517578,202.5500030517578,193.17999267578125,193.80999755859375,6154200
2020-03-03,174.73733520507812,199.50999450683594,205.6699981689453,197.16000366210938,202.0,5115200
2020-03-04,181.3148651123047,207.02000427246094,207.16000366210938,200.89999389648438,201.92999267578125,4260400
2020-03-05,173.69512939453125,198.32000732421875,203.91000366210938,196.3300018310547,202.63999938964844,4107200
2020-03-06,174.16806030273438,198.86000061035156,199.5800018310547,191.2100067138672,192.89999389648438,6360100
2020-03-09,163.65806579589844,186.86000061035156,194.47000122070312,184.10000610351562,187.6699981689453,7788500
2020-03-10,175.04388427734375,199.86000061035156,200.0,187.88999938964844,190.9499969482422,5835200
2020-03-11,164.87550354003906,188.25,195.74000549316406,185.8300018310547,192.94000244140625,5625100
2020-03-12,149.00540161132812,170.1300048828125,179.83999633789062,169.3800048828125,174.77999877929688,9079300
2020-03-13,155.13621520996094,177.1300048828125,179.47000122070312,168.1999969482422,178.25999450683594,8042600
2020-03-16,130.50782775878906,149.00999450683594,161.9199981689453,147.6300048828125,157.10000610351562,9341300
2020-03-17,129.29046630859375,147.6199951171875,149.47999572753906,135.0,148.02000427246094,13708200
2020-03-18,120.25178527832031,137.3000030517578,141.7100067138672,124.2300033569336,137.5,12627600
2020-03-19,130.93698120117188,149.5,154.83999633789062,128.2100067138672,135.1999969482422,12773400
2020-03-20,130.05238342285156,148.49000549316406,161.5399932861328,147.77000427246094,153.58999633789062,12000000
2020-03-23,120.07666015625,137.10000610351562,153.2100067138672,136.5,142.9499969482422,10660400
2020-03-24,141.84107971191406,161.9499969482422,162.97999572753906,146.10000610351562,149.0,11678400
2020-03-25,142.74317932128906,162.97999572753906,171.36000061035156,159.22000122070312,165.0,9708700
2020-03-26,146.57057189941406,167.35000610351562,170.92999267578125,161.0,163.99000549316406,8259900
2020-03-27,143.6453094482422,164.00999450683594,169.74000549316406,159.22000122070312,162.77999877929688,6441400
2020-03-30,147.2537384033203,168.1300048828125,170.30999755859375,163.57000732421875,164.9199981689453,5621700
2020-03-31,144.8189239501953,165.35000610351562,169.50999450683594,165.0,166.83999633789062,4519900
2020-04-01,138.5304412841797,158.1699981689453,161.44000244140625,156.35000610351562,160.22000122070312,4668900
2020-04-02,141.4469757080078,161.5,161.9499969482422,155.0,155.0,4803200
2020-04-03,140.4222412109375,160.3300018310547,162.22999572753906,156.14999389648438,160.30999755859375,5050400
2020-04-06,155.057373046875,177.0399932861328,177.8699951171875,168.24000549316406,169.1999969482422,8330900
2020-04-07,153.78744506835938,175.58999633789062,185.19000244140625,175.16000366210938,184.52999877929688,7848300
2020-04-08,155.45152282714844,177.49000549316406,179.4199981689453,174.10000610351562,175.00999450683594,5665700
2020-04-09,160.89044189453125,183.6999969482422,185.4600067138672,179.6199951171875,180.72999572753906,4901300
2020-04-13,157.75494384765625,180.1199951171875,182.85000610351562,176.91000366210938,182.67999267578125,3182500
2020-04-14,161.14443969726562,183.99000549316406,184.49000549316406,181.83999633789062,183.75,3863800
2020-04-15,155.75807189941406,177.83999633789062,180.97000122070312,177.27000427246094,178.74000549316406,4961500
2020-04-16,157.21192932128906,179.5,179.91000366210938,172.27000427246094,177.0,7120800
2020-04-17,162.9924774169922,186.10000610351562,186.80999755859375,180.22999572753906,182.32000732421875,6467600
2020-04-20,159.09498596191406,181.64999389648438,185.77999877929688,181.5500030517578,184.4499969482422,3856500
2020-04-21,155.5303497314453,177.5800018310547,179.38999938964844,176.10000610351562,177.3699951171875,4758300
2020-04-22,163.3252410888672,186.47999572753906,187.72999572753906,180.75,180.75,4243600
2020-04-23,159.43653869628906,182.0399932861328,187.3300018310547,181.32000732421875,186.16000366210938,5050100
2020-04-24,161.1707305908203,184.02000427246094,184.35000610351562,180.86000061035156,183.25999450683594,3319600
2020-04-27,162.80853271484375,185.88999938964844,188.3699951171875,184.77000427246094,185.14999389648438,4048200
2020-04-28,162.84353637695312,185.92999267578125,190.0,185.57000732421875,190.0,3805000
2020-04-29,164.49887084960938,187.82000732421875,190.41000366210938,186.8800048828125,188.52999877929688,3465200
2020-04-30,164.27114868164062,187.55999755859375,188.30999755859375,180.75999450683594,182.0,7127200
2020-05-01,159.9795684814453,182.66000366210938,185.5399932861328,182.14999389648438,184.0,3764800
2020-05-04,159.28765869140625,181.8699951171875,182.4600067138672,178.8699951171875,181.30999755859375,4027100
2020-05-05,156.98422241210938,179.24000549316406,183.86000061035156,179.11000061035156,183.52999877929688,3828400
2020-05-06,154.99609375,176.97000122070312,181.1199951171875,176.86000061035156,180.60000610351562,3916900
2020-05-07,158.63079833984375,181.1199951171875,181.55999755859375,178.3000030517578,179.5,3039600
2020-05-08,158.7271270751953,181.22999572753906,183.42999267578125,179.91000366210938,183.1999969482422,3411600
2020-05-11,158.4206085205078,180.8800048828125,182.8800048828125,178.52000427246094,179.3699951171875,2631300
2020-05-12,154.61947631835938,176.5399932861328,182.58999633789062,176.44000244140625,181.97000122070312,3610600
2020-05-13,151.36138916015625,172.82000732421875,176.57000732421875,171.00999450683594,176.17999267578125,4729100
2020-05-14,153.62982177734375,175.41000366210938,175.66000366210938,167.85000610351562,170.1999969482422,4868400
2020-05-15,152.2284698486328,173.80999755859375,174.7100067138672,171.67999267578125,173.0500030517578,6879600
2020-05-18,157.50100708007812,179.8300018310547,181.14999389648438,178.11000061035156,180.05999755859375,4653000
2020-05-19,157.2732391357422,179.57000732421875,181.4600067138672,178.07000732421875,180.1199951171875,3365000
2020-05-20,161.24078369140625,184.10000610351562,184.60000610351562,180.57000732421875,182.0,4920800
2020-05-21,162.0990753173828,185.0800018310547,185.47999572753906,182.11000061035156,184.17999267578125,2913600
2020-05-22,161.5122833251953,184.41000366210938,185.35000610351562,183.17999267578125,184.47999572753906,2475200
2020-05-26,161.8888702392578,184.83999633789062,190.66000366210938,184.24000549316406,189.58999633789062,3990900
2020-05-27,164.41127014160156,187.72000122070312,188.75,185.27000427246094,188.74000549316406,3993400
2020-05-28,165.2958984375,188.72999572753906,190.47999572753906,186.72000122070312,189.4199981689453,3567600
2020-05-29,164.27313232421875,186.32000732421875,188.6999969482422,185.7100067138672,187.42999267578125,5717200
2020-06-01,165.2341766357422,187.41000366210938,187.83999633789062,185.60000610351562,186.7100067138672,2168200
2020-06-02,165.3928680419922,187.58999633789062,188.55999755859375,186.08999633789062,188.39999389648438,3125500
2020-06-03,170.41842651367188,193.2899932861328,193.80999755859375,188.08999633789062,188.47000122070312,3881500
2020-06-04,170.37429809570312,193.24000549316406,194.25999450683594,191.6199951171875,192.32000732421875,3469100
2020-06-05,173.8304901123047,197.16000366210938,200.14999389648438,196.27000427246094,198.0,4728300
2020-06-08,178.67083740234375,202.64999389648438,202.72999572753906,195.63999938964844,195.67999267578125,4443900
2020-06-09,175.91123962402344,199.52000427246094,201.57000732421875,199.00999450683594,200.3699951171875,3728600
2020-06-10,172.63137817382812,195.8000030517578,199.55999755859375,195.6699981689453,199.1300048828125,3459900
2020-06-11,165.3223419189453,187.50999450683594,192.91000366210938,186.3300018310547,190.89999389648438,5796000
2020-06-12,166.78591918945312,189.1699981689453,191.6699981689453,185.4499969482422,191.6699981689453,4108600
2020-06-15,167.06802368164062,189.49000549316406,190.1199951171875,184.13999938964844,184.60000610351562,4499000
2020-06-16,167.7998504638672,190.32000732421875,193.5,187.50999450683594,192.0,5434800
2020-06-17,168.2141876220703,190.7899932861328,192.8800048828125,190.4199981689453,191.9199981689453,3154100
2020-06-18,167.06802368164062,189.49000549316406,190.74000549316406,187.88999938964844,190.00999450683594,3153300
2020-06-19,164.4847412109375,186.55999755859375,192.36000061035156,186.52999877929688,192.2899932861328,6267700
2020-06-22,165.27822875976562,187.4600067138672,187.77000427246094,184.88999938964844,186.0,3223200
2020-06-23,164.53762817382812,186.6199951171875,189.72999572753906,186.32000732421875,189.5500030517578,2951900
2020-06-24,162.48333740234375,184.2899932861328,185.7100067138672,181.33999633789062,184.9600067138672,4146600
2020-06-25,161.13436889648438,182.75999450683594,184.0800018310547,180.3300018310547,183.50999450683594,3145200
2020-06-26,158.4717559814453,179.74000549316406,182.80999755859375,178.8800048828125,182.3699951171875,5107400
2020-06-29,161.16966247558594,182.8000030517578,182.8300018310547,179.1699981689453,180.57000732421875,2622200
2020-06-30,162.6420440673828,184.47000122070312,185.1999969482422,181.88999938964844,182.9199981689453,3163100
2020-07-01,162.8095703125,184.66000366210938,186.44000244140625,183.72000122070312,184.9499969482422,2193800
2020-07-02,161.80447387695312,183.52000427246094,187.0,182.86000061035156,187.0,2690200
2020-07-06,166.19517517089844,188.5,188.72000122070312,184.13999938964844,186.0,3171500
2020-07-07,163.83230590820312,185.82000732421875,187.85000610351562,185.25,187.3699951171875,2399600
2020-07-08,163.85874938964844,185.85000610351562,187.22999572753906,184.75,185.5,2776400
2020-07-09,162.5186309814453,184.3300018310547,186.58999633789062,182.6199951171875,186.22000122070312,2333500
2020-07-10,163.00355529785156,184.8800048828125,185.44000244140625,183.00999450683594,183.77999877929688,2714100
2020-07-13,163.03880310058594,184.9199981689453,188.9499969482422,184.7100067138672,185.60000610351562,3221600
2020-07-14,168.15245056152344,190.72000122070312,190.83999633789062,184.72999572753906,185.08999633789062,4138600
2020-07-15,169.07827758789062,191.77000427246094,194.0,189.8800048828125,193.89999389648438,3735400
2020-07-16,168.32884216308594,190.9199981689453,192.75999450683594,190.14999389648438,191.1199951171875,2111100
2020-07-17,168.82257080078125,191.47999572753906,191.89999389648438,190.1300048828125,191.33999633789062,1972600
2020-07-20,168.93719482421875,191.61000061035156,192.77000427246094,190.3699951171875,190.89999389648438,2157100
2020-07-21,170.1450958251953,192.97999572753906,194.89999389648438,192.0,192.3300018310547,3505400
2020-07-22,175.1177215576172,198.6199951171875,199.64999389648438,193.0500030517578,193.2100067138672,3484400
2020-07-23,174.17431640625,197.5500030517578,199.27000427246094,196.00999450683594,198.4600067138672,2702200
2020-07-24,175.20584106445312,198.72000122070312,198.91000366210938,195.72999572753906,196.88999938964844,2199900
2020-07-27,177.43649291992188,201.25,202.52000427246094,198.7100067138672,199.0399932861328,4541700
2020-07-28,173.01930236816406,196.24000549316406,199.88999938964844,195.5,198.60000610351562,6051000
2020-07-29,172.99288940429688,196.2100067138672,198.4600067138672,195.7100067138672,196.3000030517578,3342900
2020-07-30,172.2875518798828,195.41000366210938,196.39999389648438,192.9199981689453,195.0,2705700
2020-07-31,171.29122924804688,194.27999877929688,194.67999267578125,191.63999938964844,194.14999389648438,3194700
2020-08-03,171.39703369140625,194.39999389648438,195.60000610351562,193.58999633789062,194.3300018310547,3143500
2020-08-04,175.77015686035156,199.36000061035156,199.6999969482422,194.33999633789062,194.9499969482422,3699900
2020-08-05,175.6819610595703,199.25999450683594,200.5,197.91000366210938,200.0,2259600
2020-08-06,179.13812255859375,203.17999267578125,203.60000610351562,198.3699951171875,198.77999877929688,3158900
2020-08-07,180.39010620117188,204.60000610351562,205.16000366210938,203.2899932861328,203.36000061035156,2980000
2020-08-10,179.96690368652344,204.1199951171875,205.16000366210938,202.5399932861328,204.35000610351562,2783600
2020-08-11,180.74276733398438,205.0,207.4199981689453,204.25,205.0,2478400
2020-08-12,181.64207458496094,206.02000427246094,207.39999389648438,205.3800048828125,206.86000061035156,2167100
2020-08-13,182.05648803710938,206.49000549316406,207.25,205.35000610351562,205.9600067138672,1795000
2020-08-14,182.53256225585938,207.02999877929688,207.3300018310547,205.1999969482422,205.9499969482422,2060200
2020-08-17,183.97848510742188,208.6699981689453,209.5,206.85000610351562,206.94000244140625,2619000
2020-08-18,185.43328857421875,210.32000732421875,210.42999267578125,207.22999572753906,209.25999450683594,2921500
2020-08-19,184.7191162109375,209.50999450683594,211.1699981689453,208.63999938964844,210.22000122070312,2711100
2020-08-20,185.04531860351562,209.8800048828125,210.99000549316406,208.10000610351562,208.1199951171875,2084900
2020-08-21,186.53538513183594,211.57000732421875,212.19000244140625,209.25999450683594,209.9600067138672,3484800
2020-08-24,187.46115112304688,212.6199951171875,213.5,210.92999267578125,212.25999450683594,2463900
2020-08-25,187.48756408691406,212.64999389648438,214.19000244140625,212.22000122070312,213.9600067138672,2302400
2020-08-26,188.46617126464844,213.75999450683594,214.4199981689453,211.60000610351562,212.08999633789062,2316700
2020-08-27,187.08201599121094,212.19000244140625,216.10000610351562,212.10000610351562,214.33999633789062,3226800
2020-08-28,189.4801483154297,214.91000366210938,216.7100067138672,211.77000427246094,212.82000732421875,3212500
2020-08-31,189.35601806640625,213.52000427246094,214.99000549316406,212.80999755859375,213.52000427246094,2900900
2020-09-01,188.6199188232422,212.69000244140625,213.61000061035156,210.5800018310547,210.83999633789062,2926700
2020-09-02,191.75927734375,216.22999572753906,217.1300048828125,212.69000244140625,213.25,4092000
2020-09-03,189.6042938232422,213.8000030517578,218.11000061035156,211.89999389648438,218.11000061035156,3126700
2020-09-04,187.76853942871094,211.72999572753906,217.77999877929688,210.75999450683594,215.2899932861328,3828600
2020-09-08,189.40919494628906,213.5800018310547,216.3000030517578,211.05999755859375,211.17999267578125,4107600
2020-09-09,191.29815673828125,215.7100067138672,218.1699981689453,214.44000244140625,215.0,3213200
2020-09-10,192.65501403808594,217.24000549316406,219.47999572753906,215.72000122070312,215.72000122070312,3325600
2020-09-11,193.32901000976562,218.0,219.17999267578125,216.27999877929688,217.69000244140625,3616500
2020-09-14,195.59927368164062,220.55999755859375,222.58999633789062,219.33999633789062,219.72000122070312,2543800
2020-09-15,197.20440673828125,222.3699951171875,223.63999938964844,221.39999389648438,221.75999450683594,2640700
2020-09-16,199.3683319091797,224.80999755859375,226.72000122070312,221.3000030517578,222.1699981689453,3463700
2020-09-17,197.3907012939453,222.5800018310547,223.72999572753906,220.5,223.6999969482422,3376600
2020-09-18,195.34213256835938,220.27000427246094,223.57000732421875,220.1300048828125,221.6199951171875,3861400
2020-09-21,191.9189453125,216.41000366210938,218.0500030517578,213.39999389648438,217.13999938964844,2831800
2020-09-22,191.9189453125,216.41000366210938,216.9600067138672,214.5500030517578,216.42999267578125,2475600
2020-09-23,190.64190673828125,214.97000122070312,219.69000244140625,214.24000549316406,217.6699981689453,2777700
2020-09-24,191.6617431640625,216.1199951171875,218.41000366210938,213.58999633789062,214.75,1727000
2020-09-25,193.48861694335938,218.17999267578125,219.25,213.64999389648438,215.3000030517578,2196800
2020-09-28,195.3332061767578,220.25999450683594,221.97999572753906,219.02000427246094,220.0,2111700
2020-09-29,193.93202209472656,218.67999267578125,220.9600067138672,218.47999572753906,220.4199981689453,1731700
2020-09-30,194.65036010742188,219.49000549316406,222.1999969482422,218.41000366210938,218.8699951171875,3034100
2020-10-01,194.73902893066406,219.58999633789062,223.0,217.7899932861328,221.58999633789062,2443000
2020-10-02,197.47048950195312,222.6699981689453,223.35000610351562,217.10000610351562,217.50999450683594,3833100
2020-10-05,200.4857177734375,226.07000732421875,226.5,224.00999450683594,224.86000061035156,2913800
2020-10-06,198.72979736328125,224.08999633789062,228.66000366210938,223.60000610351562,226.8300018310547,2453600
2020-10-07,200.84934997558594,226.47999572753906,228.41000366210938,225.1300048828125,225.5800018310547,1972500
2020-10-08,200.24630737304688,225.8000030517578,227.0800018310547,224.2899932861328,226.08999633789062,3195800
2020-10-09,199.38604736328125,224.8300018310547,227.22000122070312,223.1199951171875,226.94000244140625,3237700
2020-10-12,200.5211944580078,226.11000061035156,226.50999450683594,223.1199951171875,224.80999755859375,2412400
2020-10-13,201.62086486816406,227.35000610351562,228.5800018310547,224.92999267578125,225.6999969482422,2098900
2020-10-14,201.86029052734375,227.6199951171875,229.47999572753906,227.35000610351562,228.41000366210938,1862600
2020-10-15,203.65171813964844,229.63999938964844,230.0,225.58999633789062,226.14999389648438,2177300
2020-10-16,203.41221618652344,229.3699951171875,231.91000366210938,229.14999389648438,229.77000427246094,2162800
2020-10-19,200.42361450195312,226.0,231.02000427246094,225.1699981689453,229.5500030517578,2009500
2020-10-20,201.70956420898438,227.4499969482422,230.0,226.42999267578125,226.74000549316406,1883200
2020-10-21,202.3657684326172,228.19000244140625,229.49000549316406,227.2100067138672,227.22999572753906,1518200
2020-10-22,203.21714782714844,229.14999389648438,229.39999389648438,226.8800048828125,227.75999450683594,1961300
2020-10-23,202.82691955566406,228.7100067138672,230.41000366210938,227.8000030517578,230.41000366210938,2278100
2020-10-26,198.88941955566406,224.27000427246094,227.25,220.97000122070312,226.77999877929688,2537800
2020-10-27,197.73654174804688,222.97000122070312,225.22999572753906,222.72000122070312,224.47000122070312,1801900
2020-10-28,190.39358520507812,214.69000244140625,220.58999633789062,214.4600067138672,218.38999938964844,3272900
2020-10-29,190.62413024902344,214.9499969482422,217.64999389648438,213.07000732421875,214.69000244140625,2477600
2020-10-30,188.8948516845703,213.0,215.22000122070312,209.91000366210938,213.60000610351562,3450900
2020-11-02,188.504638671875,212.55999755859375,216.32000732421875,210.7899932861328,215.8800048828125,2983200
2020-11-03,192.2647705078125,216.8000030517578,218.10000610351562,213.9499969482422,215.58999633789062,2615000
2020-11-04,190.55320739746094,214.8699951171875,219.47000122070312,213.3000030517578,215.0,3360800
2020-11-05,191.83023071289062,216.30999755859375,218.1999969482422,214.67999267578125,216.07000732421875,3622000
2020-11-06,192.0519561767578,216.55999755859375,217.88999938964844,214.25,216.0,3916100
2020-11-09,189.08993530273438,213.22000122070312,227.85000610351562,207.1699981689453,226.7899932861328,7981200
2020-11-10,189.17860412597656,213.32000732421875,215.99000549316406,211.33999633789062,215.75,4255600
2020-11-11,193.34669494628906,218.02000427246094,219.25,214.3000030517578,214.80999755859375,4126900
2020-11-12,188.95693969726562,213.07000732421875,217.82000732421875,210.8800048828125,217.55999755859375,4253200
2020-11-13,189.14317321777344,213.27999877929688,214.38999938964844,212.33999633789062,213.75999450683594,3072100
2020-11-16,192.20269775390625,216.72999572753906,216.75,213.6300048828125,215.5,3702100
2020-11-17,191.564208984375,216.00999450683594,217.38999938964844,214.02000427246094,215.60000610351562,2443100
2020-11-18,191.12962341308594,215.52000427246094,217.83999633789062,215.41000366210938,216.10000610351562,3095200
2020-11-19,190.76605224609375,215.11000061035156,215.47999572753906,213.3300018310547,214.83999633789062,2840500
2020-11-20,189.86148071289062,214.08999633789062,215.22000122070312,213.6300048828125,214.38999938964844,3932600
2020-11-23,192.442138671875,217.0,217.60000610351562,214.64999389648438,215.13999938964844,3010300
2020-11-24,194.84548950195312,219.7100067138672,221.25,218.25,219.00999450683594,3870900
2020-11-25,194.51734924316406,219.33999633789062,220.58999633789062,217.9199981689453,219.97999572753906,1889200
2020-11-27,193.62164306640625,218.3300018310547,220.39999389648438,217.66000366210938,219.02000427246094,1394400
2020-11-30,193.9784698486328,217.44000244140625,217.57000732421875,214.42999267578125,216.4600067138672,3413600
2020-12-01,192.81874084472656,216.13999938964844,218.92999267578125,215.52999877929688,218.8800048828125,4224800
2020-12-02,188.1084747314453,210.86000061035156,214.39999389648438,209.1300048828125,214.0,6223700
2020-12-03,188.6883544921875,211.50999450683594,213.22999572753906,210.55999755859375,210.94000244140625,3732500
2020-12-04,188.00140380859375,210.74000549316406,213.3800048828125,210.10000610351562,211.60000610351562,3151100
2020-12-07,186.3509979248047,208.88999938964844,209.11000061035156,206.19000244140625,208.52999877929688,3826000
2020-12-08,185.90496826171875,208.38999938964844,209.10000610351562,206.41000366210938,206.5500030517578,2709400
2020-12-09,186.17263793945312,208.69000244140625,209.52999877929688,207.3300018310547,209.49000549316406,3010900
2020-12-10,185.59274291992188,208.0399932861328,208.75999450683594,207.07000732421875,208.5,2956400
2020-12-11,185.3429718017578,207.75999450683594,208.94000244140625,206.72999572753906,207.47000122070312,2770800
2020-12-14,189.05413818359375,211.9199981689453,214.74000549316406,210.2100067138672,210.72999572753906,4745000
2020-12-15,191.6768798828125,214.86000061035156,216.2100067138672,212.74000549316406,213.22000122070312,3798200
2020-12-16,190.73121643066406,213.8000030517578,217.50999450683594,213.66000366210938,214.8800048828125,2682000
2020-12-17,191.13270568847656,214.25,215.7899932861328,213.52999877929688,215.38999938964844,2558800
2020-12-18,191.87313842773438,215.0800018310547,216.85000610351562,213.82000732421875,215.14999389648438,7929100
2020-12-21,188.83106994628906,211.6699981689453,212.5500030517578,208.00999450683594,210.6199951171875,4342500
2020-12-22,189.05413818359375,211.9199981689453,212.91000366210938,210.3699951171875,211.1999969482422,2772800
2020-12-23,189.143310546875,212.02000427246094,213.42999267578125,211.7899932861328,212.3000030517578,1658800
2020-12-24,188.58126831054688,211.38999938964844,212.74000549316406,211.13999938964844,212.1199951171875,1047700
2020-12-28,190.92745971679688,214.02000427246094,214.8800048828125,212.19000244140625,212.99000549316406,2550100
2020-12-29,189.75885009765625,212.7100067138672,215.77999877929688,212.4499969482422,214.63999938964844,1665700
2020-12-30,188.73291015625,211.55999755859375,213.36000061035156,211.27999877929688,212.9600067138672,1855000
2020-12-31,191.4270782470703,214.5800018310547,214.92999267578125,210.77999877929688,211.25,2610900
2021-01-04,187.53750610351562,210.22000122070312,214.72000122070312,208.22000122070312,214.49000549316406,4055400
2021-01-05,188.66156005859375,211.47999572753906,211.9499969482422,209.6199951171875,210.17999267578125,2576100
2021-01-06,188.2333526611328,211.0,211.7100067138672,209.02999877929688,211.3000030517578,3083400
2021-01-07,189.10763549804688,211.97999572753906,213.22000122070312,210.55999755859375,213.22000122070312,3142000
2021-01-08,192.57786560058594,215.8699951171875,216.1199951171875,212.22999572753906,212.89999389648438,2639100
2021-01-11,191.11485290527344,214.22999572753906,216.1199951171875,213.1199951171875,215.08999633789062,2545400
2021-01-12,188.7686309814453,211.60000610351562,214.3300018310547,210.94000244140625,213.69000244140625,2952000
2021-01-13,189.20570373535156,212.08999633789062,213.1300048828125,210.89999389648438,210.91000366210938,2069800
2021-01-14,186.0031280517578,208.5,212.6699981689453,208.0,212.10000610351562,3666700
2021-01-15,187.26100158691406,209.91000366210938,210.6999969482422,207.4199981689453,207.97000122070312,3593700
2021-01-19,186.5294189453125,209.08999633789062,211.0,207.8800048828125,210.67999267578125,3331600
2021-01-20,190.57960510253906,213.6300048828125,214.41000366210938,209.6300048828125,210.14999389648438,4077700
2021-01-21,190.49034118652344,213.52999877929688,215.9600067138672,213.32000732421875,214.05999755859375,2674900
2021-01-22,190.35658264160156,213.3800048828125,214.13999938964844,211.1699981689453,212.50999450683594,2196400
2021-01-25,190.3208465576172,213.33999633789062,214.0500030517578,210.55999755859375,212.22000122070312,2615300
2021-01-26,192.14073181152344,215.3800048828125,215.50999450683594,212.1699981689453,212.50999450683594,2907800
2021-01-27,184.66494750976562,207.0,213.14999389648438,207.0,212.38999938964844,5464000
2021-01-28,184.50437927246094,206.82000732421875,210.36000061035156,205.1300048828125,208.6300048828125,5401600
2021-01-29,185.414306640625,207.83999633789062,209.39999389648438,203.11000061035156,205.11000061035156,5203300
2021-02-01,185.49459838867188,207.92999267578125,209.69000244140625,206.60000610351562,208.47999572753906,2812500
2021-02-02,187.12716674804688,209.75999450683594,212.6300048828125,207.64999389648438,208.08999633789062,2786000
2021-02-03,186.19046020507812,208.7100067138672,209.99000549316406,207.92999267578125,208.35000610351562,3020700
2021-02-04,188.26014709472656,211.02999877929688,212.11000061035156,208.6699981689453,210.0,2777500
2021-02-05,189.64285278320312,212.5800018310547,214.17999267578125,212.00999450683594,212.58999633789062,2600200
2021-02-08,188.7507781982422,211.5800018310547,212.99000549316406,209.9600067138672,212.52999877929688,2696200
2021-02-09,192.67601013183594,215.97999572753906,216.17999267578125,211.77000427246094,212.07000732421875,3047300
2021-02-10,191.26649475097656,214.39999389648438,217.30999755859375,213.80999755859375,216.8800048828125,3161600
2021-02-11,191.1505126953125,214.27000427246094,214.8000030517578,212.39999389648438,214.5399932861328,2583600
2021-02-12,190.82046508789062,213.89999389648438,214.6999969482422,212.99000549316406,214.0,2781200
2021-02-16,191.82852172851562,215.02999877929688,216.94000244140625,213.8300018310547,214.3699951171875,2892900
2021-02-17,190.4189910888672,213.4499969482422,214.88999938964844,212.6300048828125,213.9600067138672,3280000
2021-02-18,192.18533325195312,215.42999267578125,215.86000061035156,212.64999389648438,213.2899932861328,2191000
2021-02-19,189.33956909179688,212.24000549316406,215.72999572753906,211.97000122070312,215.2899932861328,3181600
2021-02-22,189.17898559570312,212.05999755859375,213.0,209.69000244140625,211.5,2910800
2021-02-23,188.5188446044922,211.32000732421875,215.6999969482422,210.42999267578125,214.5,3243000
2021-02-24,190.2583770751953,213.27000427246094,214.10000610351562,210.4199981689453,210.83999633789062,2887100
2021-02-25,188.188720703125,210.9499969482422,212.9199981689453,209.74000549316406,212.6999969482422,3131400
2021-02-26,185.02923583984375,206.13999938964844,211.63999938964844,206.13999938964844,210.75,5334000
2021-03-01,186.92315673828125,208.25,210.3800048828125,207.35000610351562,207.35000610351562,2827500
2021-03-02,187.30014038085938,208.6699981689453,209.89999389648438,206.19000244140625,208.0,3016600
2021-03-03,184.74200439453125,205.82000732421875,208.99000549316406,205.61000061035156,207.52000427246094,3488600
2021-03-04,183.86233520507812,204.83999633789062,207.49000549316406,202.72999572753906,206.16000366210938,3926200
2021-03-05,186.1332550048828,207.3699951171875,208.22999572753906,202.9600067138672,205.75,3608100
2021-03-08,187.69505310058594,209.11000061035156,210.58999633789062,207.13999938964844,207.6999969482422,3157100
2021-03-09,187.19244384765625,208.5500030517578,211.1999969482422,208.27999877929688,210.6300048828125,3646700
2021-03-10,191.4649200439453,213.30999755859375,213.6300048828125,208.24000549316406,208.72000122070312,3447200
2021-03-11,189.90316772460938,211.57000732421875,215.22999572753906,211.49000549316406,214.6999969482422,3618000
2021-03-12,190.59425354003906,212.33999633789062,214.24000549316406,211.4199981689453,212.0399932861328,2818200
2021-03-15,197.88275146484375,220.4600067138672,220.5500030517578,213.5,213.64999389648438,5479700
2021-03-16,197.3441619873047,219.86000061035156,221.3000030517578,217.16000366210938,219.5800018310547,3583400
2021-03-17,201.1588897705078,224.11000061035156,224.89999389648438,220.00999450683594,224.55999755859375,5240600
2021-03-18,200.07284545898438,222.89999389648438,225.35000610351562,221.41000366210938,223.67999267578125,3254600
2021-03-19,199.65994262695312,222.44000244140625,225.17999267578125,221.0,222.75999450683594,7719400
2021-03-22,202.02061462402344,225.07000732421875,226.91000366210938,222.64999389648438,223.38999938964844,4220700
2021-03-23,201.39230346679688,224.3699951171875,226.39999389648438,223.75,223.9600067138672,2794000
2021-03-24,201.1050567626953,224.0500030517578,227.02000427246094,224.0399932861328,225.32000732421875,2442500
2021-03-25,201.23971557617188,224.1999969482422,225.32000732421875,222.44000244140625,225.14999389648438,3249600
2021-03-26,202.1462860107422,225.2100067138672,225.27999877929688,222.4199981689453,224.1999969482422,3263100
2021-03-29,204.06715393066406,227.35000610351562,227.8800048828125,224.3000030517578,224.8300018310547,3621300
2021-03-30,201.9398193359375,224.97999572753906,227.02000427246094,224.22000122070312,226.1300048828125,2419000
2021-03-31,201.1858367919922,224.13999938964844,226.49000549316406,224.0,224.00999450683594,3564100
2021-04-01,202.1462860107422,225.2100067138672,226.22000122070312,223.27999877929688,224.6699981689453,2441200
2021-04-05,205.4134979248047,228.85000610351562,229.5,226.19000244140625,226.60000610351562,2866300
2021-04-06,208.16014099121094,231.91000366210938,232.27000427246094,228.72000122070312,229.7100067138672,3230900
2021-04-07,208.7884521484375,232.61000061035156,232.80999755859375,231.24000549316406,231.67999267578125,2551300
2021-04-08,206.67013549804688,230.25,232.8000030517578,229.1999969482422,232.61000061035156,2772200
2021-04-09,207.774169921875,231.47999572753906,231.61000061035156,228.8699951171875,230.19000244140625,2728900
2021-04-12,207.30746459960938,230.9600067138672,232.3800048828125,230.49000549316406,231.47999572753906,2292700
2021-04-13,207.63055419921875,231.32000732421875,231.66000366210938,229.69000244140625,230.44000244140625,2570900
2021-04-14,206.72398376464844,230.30999755859375,231.2899932861328,229.58999633789062,231.22000122070312,2129200
2021-04-15,207.59466552734375,231.27999877929688,231.36000061035156,229.1999969482422,229.80999755859375,2063000
2021-04-16,209.2102813720703,233.0800018310547,234.25999450683594,232.30999755859375,233.64999389648438,2694300
2021-04-19,208.0703582763672,231.80999755859375,233.3000030517578,230.8300018310547,233.1199951171875,2254800
2021-04-20,209.14749145507812,233.00999450683594,233.2100067138672,231.0800018310547,231.24000549316406,1885700
2021-04-21,208.4742889404297,232.25999450683594,233.86000061035156,231.85000610351562,233.3000030517578,2065500
2021-04-22,209.1025848388672,232.9600067138672,234.0399932861328,231.94000244140625,232.8300018310547,1839500
2021-04-23,210.55667114257812,234.5800018310547,235.24000549316406,233.10000610351562,233.7899932861328,2137500
2021-04-26,208.51918029785156,232.30999755859375,235.35000610351562,231.91000366210938,234.77999877929688,2490100
2021-04-27,210.91571044921875,234.97999572753906,235.6300048828125,232.41000366210938,232.57000732421875,2623800
2021-04-28,208.60890197753906,232.41000366210938,235.4499969482422,232.25999450683594,235.1999969482422,2777000
2021-04-29,211.12216186523438,235.2100067138672,235.8000030517578,232.6199951171875,233.99000549316406,3146700
2021-04-30,211.903076171875,236.0800018310547,236.2899932861328,233.8699951171875,234.0,2640400
2021-05-03,211.4363250732422,235.55999755859375,238.17999267578125,235.3800048828125,237.99000549316406,2458000
2021-05-04,209.91043090820312,233.86000061035156,236.1300048828125,233.24000549316406,234.6300048828125,2529700
2021-05-05,210.96958923339844,235.0399932861328,235.35000610351562,231.55999755859375,234.1199951171875,2070000
2021-05-06,210.80801391601562,234.86000061035156,235.64999389648438,233.1699981689453,235.5399932861328,1832600
2021-05-07,210.79006958007812,234.83999633789062,235.72000122070312,233.99000549316406,235.0,1406800
2021-05-10,212.82760620117188,237.11000061035156,237.9199981689453,235.10000610351562,235.10000610351562,2031500
2021-05-11,209.91043090820312,233.86000061035156,237.8000030517578,232.1999969482422,237.74000549316406,3028500
2021-05-12,204.59666442871094,227.94000244140625,233.57000732421875,227.57000732421875,232.11000061035156,3198200
2021-05-13,206.2392578125,229.77000427246094,231.0800018310547,227.8800048828125,228.0,2819200
2021-05-14,207.98960876464844,231.72000122070312,232.63999938964844,230.47000122070312,230.7100067138672,1943100
2021-05-17,207.95367431640625,231.67999267578125,232.3000030517578,230.25,230.80999755859375,1630900
2021-05-18,208.17808532714844,231.92999267578125,233.25,231.64999389648438,231.88999938964844,2913000
2021-05-19,206.5803680419922,230.14999389648438,230.6199951171875,228.17999267578125,230.22999572753906,2967000
2021-05-20,208.40245056152344,232.17999267578125,234.02000427246094,230.55999755859375,230.72000122070312,1890200
2021-05-21,207.55874633789062,231.24000549316406,233.39999389648438,230.30999755859375,232.4199981689453,2601100
2021-05-24,208.16014099121094,231.91000366210938,232.64999389648438,231.02000427246094,231.52000427246094,1823300
2021-05-25,208.3665771484375,232.13999938964844,232.77000427246094,230.7100067138672,232.1699981689453,2681900
2021-05-26,208.5550537109375,232.35000610351562,233.7899932861328,232.16000366210938,233.7899932861328,1564200
2021-05-27,210.80801391601562,234.86000061035156,235.0800018310547,232.39999389648438,233.00999450683594,5242900
2021-05-28,211.0968475341797,233.88999938964844,234.41000366210938,232.4499969482422,234.1300048828125,2853600
2021-06-01,210.5101776123047,233.24000549316406,235.99000549316406,232.74000549316406,235.97999572753906,2574300
2021-06-02,210.99754333496094,233.77999877929688,234.3300018310547,232.80999755859375,233.97000122070312,3172000
2021-06-03,209.7971649169922,232.4499969482422,232.75999450683594,230.14999389648438,232.57000732421875,3249400
2021-06-04,210.63653564453125,233.3800048828125,233.8000030517578,232.07000732421875,233.44000244140625,1615200
2021-06-07,209.11123657226562,231.69000244140625,234.07000732421875,231.16000366210938,234.0,1877000
2021-06-08,209.9686279296875,232.63999938964844,233.97999572753906,231.33999633789062,231.5,2106200
2021-06-09,208.9126739501953,231.47000122070312,234.32000732421875,231.4499969482422,232.97999572753906,1982200
2021-06-10,211.72860717773438,234.58999633789062,234.89999389648438,231.92999267578125,232.0500030517578,2534000
2021-06-11,213.84059143066406,236.92999267578125,237.5,234.7100067138672,235.0,2654300
2021-06-14,213.88571166992188,236.97999572753906,237.77000427246094,234.80999755859375,237.17999267578125,1836800
2021-06-15,213.3170928955078,236.35000610351562,237.80999755859375,235.66000366210938,237.52999877929688,1948300
2021-06-16,212.6221466064453,235.5800018310547,237.27999877929688,233.77999877929688,237.2100067138672,2951700
2021-06-17,211.08779907226562,233.8800048828125,236.27000427246094,233.27999877929688,235.0800018310547,1895600
2021-06-18,207.24295043945312,229.6199951171875,232.88999938964844,228.82000732421875,231.47000122070312,4408200
2021-06-21,210.2032928466797,232.89999389648438,233.22999572753906,229.47000122070312,230.6300048828125,2193000
2021-06-22,211.08779907226562,233.8800048828125,234.86000061035156,232.42999267578125,233.49000549316406,1758300
2021-06-23,210.5101776123047,233.24000549316406,234.4499969482422,232.6999969482422,233.3000030517578,1701500
2021-06-24,210.59140014648438,233.3300018310547,235.16000366210938,232.74000549316406,234.10000610351562,1839800
2021-06-25,209.77011108398438,232.4199981689453,233.41000366210938,232.33999633789062,232.74000549316406,3000100
2021-06-28,208.56967163085938,231.08999633789062,232.75,230.00999450683594,232.6699981689453,2901700
2021-06-29,207.9198455810547,230.3699951171875,231.7100067138672,230.0500030517578,231.52999877929688,1932100
2021-06-30,208.4794158935547,230.99000549316406,232.25,230.60000610351562,230.9199981689453,2450700
2021-07-01,209.6347198486328,232.27000427246094,232.39999389648438,230.75,231.41000366210938,2210500
2021-07-02,210.86219787597656,233.6300048828125,234.11000061035156,232.44000244140625,233.0800018310547,1851500
2021-07-06,210.0679168701172,232.75,233.89999389648438,231.0,233.66000366210938,1762700
2021-07-07,211.7647247314453,234.6300048828125,234.99000549316406,231.72000122070312,231.9199981689453,2069400
2021-07-08,210.1491241455078,232.83999633789062,233.8300018310547,231.94000244140625,232.9499969482422,1932600
2021-07-09,212.7123565673828,235.67999267578125,236.22999572753906,233.05999755859375,234.07000732421875,2560500
2021-07-12,212.64923095703125,235.61000061035156,236.24000549316406,234.5,234.58999633789062,2158600
2021-07-13,213.15464782714844,236.1699981689453,237.47000122070312,235.1999969482422,235.66000366210938,1884600
2021-07-14,214.02110290527344,237.1300048828125,239.0500030517578,236.63999938964844,237.02999877929688,1993200
2021-07-15,213.79550170898438,236.8800048828125,237.38999938964844,234.9199981689453,236.58999633789062,2165800
2021-07-16,211.873046875,234.75,237.8800048828125,234.3800048828125,237.7899932861328,1680900
2021-07-19,206.91802978515625,229.25999450683594,233.32000732421875,226.4199981689453,232.50999450683594,3774900
2021-07-20,211.43978881835938,234.27000427246094,235.52000427246094,230.2100067138672,230.64999389648438,3275600
2021-07-21,212.93800354003906,235.92999267578125,238.11000061035156,235.22000122070312,235.97999572753906,2146600
2021-07-22,215.4110107421875,238.6699981689453,239.69000244140625,235.16000366210938,235.64999389648438,2538300
2021-07-23,219.28294372558594,242.9600067138672,245.0500030517578,239.60000610351562,240.1300048828125,3996400
2021-07-26,220.20352172851562,243.97999572753906,244.57000732421875,241.60000610351562,242.0,2638400
2021-07-27,222.34259033203125,246.35000610351562,247.0500030517578,244.05999755859375,244.1699981689453,3135200
2021-07-28,218.21791076660156,241.77999877929688,243.8000030517578,239.35000610351562,242.5,4948500
2021-07-29,220.23963928222656,244.02000427246094,245.1999969482422,242.97999572753906,243.32000732421875,2572300
2021-07-30,219.0572967529297,242.7100067138672,245.41000366210938,242.2100067138672,243.85000610351562,2336800
2021-08-02,216.70167541503906,240.10000610351562,244.67999267578125,239.69000244140625,244.24000549316406,2693900
2021-08-03,213.85862731933594,236.9499969482422,239.9499969482422,235.25,239.55999755859375,3300000
2021-08-04,211.94522094726562,234.8300018310547,236.60000610351562,233.0500030517578,236.4499969482422,2240600
2021-08-05,213.3802947998047,236.4199981689453,236.80999755859375,234.33999633789062,235.74000549316406,2230500
2021-08-06,213.23590087890625,236.25999450683594,237.13999938964844,235.6699981689453,236.67999267578125,1558600
2021-08-09,211.80982971191406,234.67999267578125,236.07000732421875,234.02999877929688,235.7899932861328,2093100
2021-08-10,210.69969177246094,233.4499969482422,235.10000610351562,233.24000549316406,235.10000610351562,2027500
2021-08-11,212.59506225585938,235.5500030517578,235.94000244140625,233.75,234.19000244140625,1969100
2021-08-12,213.60594177246094,236.6699981689453,236.75999450683594,235.0500030517578,236.0,1490800
2021-08-13,215.54640197753906,238.82000732421875,239.0,236.27000427246094,236.7899932861328,1699700
2021-08-16,217.4868621826172,240.97000122070312,241.0500030517578,238.55999755859375,239.0,2175300
2021-08-17,216.86412048339844,240.27999877929688,240.83999633789062,238.2100067138672,240.35000610351562,1652000
2021-08-18,214.8784942626953,238.0800018310547,239.75999450683594,237.77999877929688,239.44000244140625,2215500
2021-08-19,214.11134338378906,237.22999572753906,238.1199951171875,236.07000732421875,236.67999267578125,1455400
2021-08-20,215.24856567382812,238.49000549316406,239.38999938964844,236.32000732421875,236.9600067138672,1989700
2021-08-23,216.3045196533203,239.66000366210938,240.07000732421875,237.99000549316406,239.4600067138672,2086900
2021-08-24,215.1944122314453,238.42999267578125,240.38999938964844,238.32000732421875,240.38999938964844,1687700
2021-08-25,215.55538940429688,238.8300018310547,239.60000610351562,237.83999633789062,237.92999267578125,1668000
2021-08-26,213.85862731933594,236.9499969482422,238.9199981689453,235.9199981689453,238.7899932861328,2008000
2021-08-27,214.33697509765625,237.47999572753906,238.3699951171875,236.3699951171875,237.42999267578125,1784000
2021-08-30,213.5337371826172,236.58999633789062,237.75999450683594,235.86000061035156,237.33999633789062,2245600
2021-08-31,215.49388122558594,237.4600067138672,237.72999572753906,234.6699981689453,235.75,2938100
2021-09-01,216.12005615234375,238.14999389648438,239.0399932861328,237.2100067138672,237.8800048828125,2197100
2021-09-02,217.6809539794922,239.8699951171875,239.9499969482422,238.3800048828125,239.1999969482422,2140200
2021-09-03,216.7281036376953,238.82000732421875,239.64999389648438,237.50999450683594,238.38999938964844,1339300
2021-09-07,214.34140014648438,236.19000244140625,238.61000061035156,235.9499969482422,238.61000061035156,1820000
2021-09-08,216.546630859375,238.6199951171875,239.4600067138672,236.0,236.8000030517578,2718400
2021-09-09,216.53749084472656,238.61000061035156,241.42999267578125,237.77000427246094,238.4199981689453,2992200
2021-09-10,217.0547637939453,239.17999267578125,241.32000732421875,239.0399932861328,240.32000732421875,2035200
2021-09-13,218.89698791503906,241.2100067138672,241.8000030517578,239.83999633789062,240.8300018310547,2294800
2021-09-14,218.8243865966797,241.1300048828125,242.25,239.5,241.72999572753906,2013800
2021-09-15,218.68829345703125,240.97999572753906,241.27000427246094,238.17999267578125,240.47000122070312,2507200
2021-09-16,220.71202087402344,243.2100067138672,243.58999633789062,239.9499969482422,240.2899932861328,3410700
2021-09-17,220.05860900878906,242.49000549316406,244.6300048828125,241.8800048828125,243.83999633789062,4756600
2021-09-20,216.97311401367188,239.08999633789062,241.9600067138672,236.63999938964844,239.8800048828125,4549900
2021-09-21,218.25270080566406,240.5,242.35000610351562,239.39999389648438,240.0,2008300
2021-09-22,220.639404296875,243.1300048828125,245.86000061035156,241.47000122070312,241.8000030517578,3361900
2021-09-23,222.1367645263672,244.77999877929688,245.9499969482422,243.52999877929688,243.74000549316406,2941700
2021-09-24,223.6250457763672,246.4199981689453,247.3800048828125,245.24000549316406,246.63999938964844,2508800
2021-09-27,225.15875244140625,248.11000061035156,248.89999389648438,245.27999877929688,246.0,2463300
2021-09-28,221.22021484375,243.77000427246094,247.7100067138672,242.91000366210938,247.2899932861328,3007500
2021-09-29,221.6829833984375,244.27999877929688,245.7100067138672,243.14999389648438,244.3800048828125,1719000
2021-09-30,218.8062286376953,241.11000061035156,245.4199981689453,240.82000732421875,244.77000427246094,3136800
2021-10-01,220.4578857421875,242.92999267578125,244.69000244140625,240.25,243.07000732421875,2076000
2021-10-04,220.5940399169922,243.0800018310547,244.80999755859375,241.86000061035156,242.05999755859375,2236500
2021-10-05,222.5360565185547,245.22000122070312,246.8800048828125,243.00999450683594,243.97000122070312,2463100
2021-10-06,224.2421417236328,247.10000610351562,247.16000366210938,243.02000427246094,244.55999755859375,2107900
2021-10-07,225.34930419921875,248.32000732421875,249.9499969482422,247.67999267578125,248.0,2423900
2021-10-08,224.78665161132812,247.6999969482422,249.6300048828125,247.11000061035156,249.25,1687500
2021-10-11,223.770263671875,246.5800018310547,249.13999938964844,246.4499969482422,248.10000610351562,1504000
2021-10-12,221.90081787109375,244.52000427246094,248.60000610351562,244.17999267578125,247.72999572753906,2346700
2021-10-13,220.20379638671875,242.64999389648438,243.8699951171875,239.89999389648438,243.27000427246094,3214300
2021-10-14,221.9280548095703,244.5500030517578,245.4199981689453,242.0399932861328,242.8800048828125,2512000
2021-10-15,219.8408203125,242.25,246.3800048828125,241.99000549316406,245.24000549316406,2564700
2021-10-18,219.84988403320312,242.25999450683594,243.4499969482422,241.1300048828125,242.4199981689453,2484900
2021-10-19,220.31268310546875,242.77000427246094,243.92999267578125,241.52999877929688,243.22000122070312,2071600
2021-10-20,217.54483032226562,239.72000122070312,242.64999389648438,239.2899932861328,240.39999389648438,3040200
2021-10-21,219.06942749023438,241.39999389648438,241.91000366210938,239.30999755859375,240.1699981689453,2702400
2021-10-22,216.3832550048828,238.44000244140625,242.24000549316406,238.0,240.7100067138672,3283700
2021-10-25,215.38499450683594,237.33999633789062,239.25,236.5,239.22999572753906,3178400
2021-10-26,214.5500946044922,236.4199981689453,238.39999389648438,236.13999938964844,237.47000122070312,3066400
2021-10-27,220.27639770507812,242.72999572753906,244.6199951171875,238.85000610351562,241.0500030517578,5249400
2021-10-28,222.79017639160156,245.5,246.0800018310547,242.52999877929688,243.39999389648438,3448500
2021-10-29,222.83554077148438,245.5500030517578,246.08999633789062,242.47000122070312,243.0,4329400
2021-11-01,227.40025329589844,250.5800018310547,251.69000244140625,245.33999633789062,245.8000030517578,4456200
2021-11-02,226.18418884277344,249.24000549316406,252.22000122070312,248.16000366210938,251.75999450683594,2624300
2021-11-03,227.23687744140625,250.39999389648438,251.1300048828125,247.91000366210938,247.99000549316406,2399000
2021-11-04,230.01380920410156,253.4600067138672,254.17999267578125,250.1999969482422,251.1199951171875,2711000
2021-11-05,231.14820861816406,254.7100067138672,257.5299987792969,254.6199951171875,254.69000244140625,3224300
2021-11-08,229.68711853027344,253.10000610351562,255.64999389648438,251.92999267578125,254.77999877929688,2471300
2021-11-09,229.27874755859375,252.64999389648438,253.69000244140625,250.4499969482422,252.91000366210938,2258900
2021-11-10,229.71437072753906,253.1300048828125,253.72000122070312,250.80999755859375,250.80999755859375,1794300
2021-11-11,227.01907348632812,250.16000366210938,253.3300018310547,249.25999450683594,253.3300018310547,1640500
2021-11-12,227.48193359375,250.6699981689453,251.00999450683594,248.88999938964844,250.14999389648438,1625200
2021-11-15,229.54197692871094,252.94000244140625,253.75999450683594,250.6699981689453,250.6699981689453,1709200
2021-11-16,229.1063690185547,252.4600067138672,254.19000244140625,252.3800048828125,253.5,2195500
2021-11-17,229.31507873535156,252.69000244140625,253.33999633789062,250.52000427246094,252.41000366210938,1412000
2021-11-18,230.03196716308594,253.47999572753906,253.49000549316406,251.0800018310547,253.16000366210938,1751200
2021-11-19,228.6435089111328,251.9499969482422,253.32000732421875,250.22999572753906,253.2899932861328,2743100
2021-11-22,230.03196716308594,253.47999572753906,255.4499969482422,252.2100067138672,252.6699981689453,2438700
2021-11-23,232.00125122070312,255.64999389648438,255.7899932861328,253.0500030517578,254.80999755859375,2770000
2021-11-24,233.326171875,257.1099853515625,257.7900085449219,254.0500030517578,254.5,2642800
2021-11-26,226.88296508789062,250.00999450683594,253.16000366210938,248.27000427246094,252.50999450683594,2573300
2021-11-29,227.14614868164062,250.3000030517578,252.32000732421875,249.8300018310547,251.85000610351562,2084600
2021-11-30,223.20401000976562,244.60000610351562,247.89999389648438,243.9499969482422,247.3800048828125,3836100
2021-12-01,222.82073974609375,244.17999267578125,250.89999389648438,244.11000061035156,245.75999450683594,3275300
2021-12-02,227.03665161132812,248.8000030517578,250.33999633789062,245.0,245.66000366210938,3290500
2021-12-03,227.52027893066406,249.3300018310547,250.67999267578125,247.57000732421875,250.32000732421875,3229900
2021-12-06,233.41519165039062,255.7899932861328,256.92999267578125,252.3699951171875,252.39999389648438,3616800
2021-12-07,237.17483520507812,259.9100036621094,260.3800048828125,256.45001220703125,256.95001220703125,2596200
2021-12-08,236.87368774414062,259.5799865722656,262.80999755859375,259.0899963378906,260.0,3453100
2021-12-09,239.39227294921875,262.3399963378906,263.1000061035156,258.3599853515625,259.5,2955100
2021-12-10,241.79220581054688,264.9700012207031,265.2699890136719,262.42999267578125,263.8800048828125,2529600
2021-12-13,240.07664489746094,263.0899963378906,265.8599853515625,262.3999938964844,264.2200012207031,2878800
2021-12-14,239.55650329589844,262.5199890136719,263.5899963378906,261.75,263.0,3695500
2021-12-15,241.38153076171875,264.5199890136719,265.6700134277344,261.4100036621094,262.1600036621094,2641800
2021-12-16,242.3214569091797,265.54998779296875,266.8900146484375,264.0899963378906,265.55999755859375,2347700
2021-12-17,238.80828857421875,261.70001220703125,264.8500061035156,260.8800048828125,264.0,5943200
2021-12-20,238.83558654785156,261.7300109863281,261.9599914550781,258.42999267578125,259.6300048828125,2824500
2021-12-21,241.26292419433594,264.3900146484375,266.4800109863281,263.4200134277344,264.2900085449219,2851800
2021-12-22,241.7648162841797,264.94000244140625,265.44000244140625,264.07000732421875,264.32000732421875,1795100
2021-12-23,242.68649291992188,265.95001220703125,267.3699951171875,265.45001220703125,265.9200134277344,1509800
2021-12-27,244.77610778808594,268.239990234375,268.260009765625,266.0,266.4700012207031,1485500
2021-12-28,244.44761657714844,267.8800048828125,269.2200012207031,267.25,267.5799865722656,1304000
2021-12-29,245.0042724609375,268.489990234375,269.7200012207031,267.95001220703125,268.45001220703125,1318500
2021-12-30,243.83631896972656,267.2099914550781,269.260009765625,266.70001220703125,269.0,1714600
2021-12-31,244.62103271484375,268.07000732421875,269.1199951171875,267.2099914550781,268.0,1519200
2022-01-03,245.08644104003906,268.5799865722656,270.7300109863281,265.55999755859375,269.489990234375,2750600
2022-01-04,245.02255249023438,268.510009765625,271.1499938964844,268.2699890136719,269.5,2506000
2022-01-05,243.8179931640625,267.19000244140625,270.2799987792969,266.8999938964844,269.29998779296875,2473000
2022-01-06,246.0993194580078,269.69000244140625,270.760009765625,267.79998779296875,268.1199951171875,2908400
2022-01-07,243.69935607910156,267.05999755859375,270.1700134277344,267.0,268.55999755859375,2209100
2022-01-10,241.2812042236328,264.4100036621094,266.7200012207031,262.010009765625,266.7099914550781,3122400
2022-01-11,239.19149780273438,262.1199951171875,263.95001220703125,260.32000732421875,263.489990234375,3206200
2022-01-12,238.0964813232422,260.9200134277344,263.95001220703125,260.2799987792969,263.3699951171875,3044000
2022-01-13,238.54359436035156,261.4100036621094,263.8500061035156,260.5899963378906,261.4100036621094,2371300
2022-01-14,235.16720581054688,257.7099914550781,261.239990234375,257.1600036621094,261.1400146484375,3460100
2022-01-18,234.0448455810547,256.4800109863281,257.1000061035156,254.30999755859375,256.9599914550781,3076500
2022-01-19,232.8950958251953,255.22000122070312,257.95001220703125,255.0800018310547,257.54998779296875,2304700
2022-01-20,230.98789978027344,253.1300048828125,258.1099853515625,252.89999389648438,256.6199951171875,2602200
2022-01-21,232.32015991210938,254.58999633789062,258.4599914550781,253.69000244140625,254.0399932861328,3738100
2022-01-24,231.42588806152344,253.61000061035156,253.9199981689453,247.77999877929688,252.3800048828125,5153100
2022-01-25,228.7521514892578,250.67999267578125,252.52999877929688,247.07000732421875,250.8300018310547,3908600
2022-01-26,227.9947967529297,249.85000610351562,254.2100067138672,247.86000061035156,253.0,3839000
2022-01-27,226.98190307617188,248.74000549316406,252.4600067138672,245.25,249.60000610351562,5199000
2022-01-28,233.68894958496094,256.0899963378906,256.3500061035156,247.16000366210938,250.0,3833200
2022-01-31,236.7550811767578,259.45001220703125,259.5,254.44000244140625,255.02000427246094,3174200
2022-02-01,236.3352813720703,258.989990234375,259.8999938964844,255.5800018310547,259.75,2496500
2022-02-02,239.3374786376953,262.2799987792969,262.6099853515625,258.489990234375,258.8299865722656,2371500
2022-02-03,237.84100341796875,260.6400146484375,262.79998779296875,260.07000732421875,262.0,2242200
2022-02-04,237.31166076660156,260.05999755859375,261.7300109863281,257.7900085449219,259.8699951171875,1989700
2022-02-07,237.1200714111328,259.8500061035156,261.5799865722656,259.1700134277344,261.0,1959300
2022-02-08,237.32992553710938,260.0799865722656,262.3800048828125,259.1000061035156,260.5,2920000
2022-02-09,237.12918090820312,259.8599853515625,262.8800048828125,259.4100036621094,261.989990234375,2379300
2022-02-10,234.40072631835938,256.8699951171875,260.44000244140625,255.97000122070312,258.6000061035156,3246600
2022-02-11,232.84034729003906,255.16000366210938,258.760009765625,254.72999572753906,256.8699951171875,3592700
2022-02-14,231.22512817382812,253.38999938964844,256.25,251.67999267578125,255.91000366210938,2825800
2022-02-15,231.60838317871094,253.80999755859375,256.9200134277344,253.55999755859375,254.82000732421875,2171500
2022-02-16,230.95135498046875,253.08999633789062,254.60000610351562,251.1999969482422,253.77000427246094,2941800
2022-02-17,228.9803009033203,250.92999267578125,252.8800048828125,250.0,251.47999572753906,2831900
2022-02-18,228.67918395996094,250.60000610351562,252.2899932861328,250.00999450683594,250.33999633789062,2813500
2022-02-22,230.59548950195312,252.6999969482422,254.6999969482422,249.60000610351562,250.00999450683594,3980500
2022-02-23,226.11497497558594,247.7899932861328,253.85000610351562,247.0800018310547,253.52999877929688,3497200
2022-02-24,223.59640502929688,245.02999877929688,245.5800018310547,239.61000061035156,242.92999267578125,4856000
2022-02-25,227.6297607421875,249.4499969482422,249.52999877929688,243.6300048828125,246.0,4549700
2022-02-28,224.6017303466797,244.77000427246094,245.72000122070312,242.36000061035156,244.44000244140625,4410400
2022-03-01,219.8852081298828,239.6300048828125,243.60000610351562,238.3000030517578,242.3000030517578,3910700
2022-03-02,221.08724975585938,240.94000244140625,242.74000549316406,239.61000061035156,240.85000610351562,4482000
2022-03-03,217.15074157714844,236.64999389648438,242.33999633789062,235.67999267578125,241.00999450683594,4707400
2022-03-04,216.37994384765625,235.80999755859375,236.38999938964844,231.63999938964844,234.6199951171875,4184100
2022-03-07,205.84588623046875,224.3300018310547,234.30999755859375,224.19000244140625,234.30999755859375,5425000
2022-03-08,204.4328155517578,222.7899932861328,229.74000549316406,222.1999969482422,224.3300018310547,5258800
2022-03-09,204.13914489746094,222.47000122070312,227.25,222.00999450683594,226.7899932861328,5630500
2022-03-10,203.70785522460938,222.0,222.0500030517578,217.67999267578125,220.1999969482422,5444900
2022-03-11,208.1765899658203,226.8699951171875,229.11000061035156,224.1999969482422,224.74000549316406,6126300
2022-03-14,207.54344177246094,226.17999267578125,228.44000244140625,223.16000366210938,226.77999877929688,4436100
2022-03-15,213.40695190429688,232.57000732421875,234.57000732421875,227.97999572753906,227.97999572753906,5087400
2022-03-16,218.51797485351562,238.13999938964844,238.2100067138672,234.36000061035156,234.8699951171875,4173200
2022-03-17,217.9031982421875,237.47000122070312,237.47000122070312,234.5399932861328,236.44000244140625,3752800
2022-03-18,219.2336883544922,238.9199981689453,239.19000244140625,235.99000549316406,237.22999572753906,5336500
2022-03-21,215.9303436279297,235.32000732421875,240.08999633789062,234.07000732421875,239.5800018310547,3704000
2022-03-22,218.4996337890625,238.1199951171875,238.44000244140625,236.47000122070312,237.0399932861328,2938100
2022-03-23,216.6644287109375,236.1199951171875,238.00999450683594,235.9499969482422,237.1300048828125,2200500
2022-03-24,220.46328735351562,240.25999450683594,241.0399932861328,236.47000122070312,237.55999755859375,2337500
2022-03-25,221.67454528808594,241.5800018310547,241.85000610351562,239.42999267578125,240.5399932861328,2134800
2022-03-28,222.9224853515625,242.94000244140625,242.9499969482422,239.86000061035156,241.91000366210938,2041800
2022-03-29,227.72152709960938,248.1699981689453,248.64999389648438,244.77000427246094,246.35000610351562,2657400
2022-03-30,228.51068115234375,249.02999877929688,250.5,247.50999450683594,247.50999450683594,2227300
2022-03-31,226.90487670898438,247.27999877929688,251.35000610351562,247.27999877929688,249.72000122070312,3803400
2022-04-01,228.71255493164062,249.25,249.42999267578125,246.17999267578125,248.1199951171875,2023000
2022-04-04,226.491943359375,246.8300018310547,247.27000427246094,242.3800048828125,246.7899932861328,2500700
2022-04-05,228.0335235595703,248.50999450683594,249.74000549316406,245.42999267578125,246.10000610351562,2532500
2022-04-06,230.74044799804688,251.4600067138672,252.3800048828125,245.97999572753906,247.63999938964844,2886000
2022-04-07,233.40147399902344,254.36000061035156,255.47999572753906,249.5399932861328,250.7899932861328,4041800
2022-04-08,230.74044799804688,251.4600067138672,255.07000732421875,250.9199981689453,253.0399932861328,2551000
2022-04-11,229.8136749267578,250.4499969482422,252.94000244140625,249.92999267578125,251.25,2326700
2022-04-12,228.63909912109375,249.1699981689453,252.2899932861328,248.8000030517578,250.72999572753906,2724900
2022-04-13,230.62118530273438,251.3300018310547,251.66000366210938,249.02000427246094,249.36000061035156,2133800
2022-04-14,229.8686981201172,250.50999450683594,253.72999572753906,250.42999267578125,251.3300018310547,2105900
2022-04-18,230.37339782714844,251.05999755859375,252.49000549316406,249.1300048828125,249.6300048828125,1426600
2022-04-19,234.35580444335938,255.39999389648438,255.9600067138672,250.0399932861328,250.0399932861328,2324500
2022-04-20,234.7687225341797,255.85000610351562,257.7900085449219,254.82000732421875,256.0,2278700
2022-04-21,234.2181854248047,255.25,259.6099853515625,254.8800048828125,257.6499938964844,2476900
2022-04-22,229.5567626953125,250.1699981689453,255.0,249.94000244140625,255.0,2643600
2022-04-25,232.04348754882812,252.8800048828125,253.1300048828125,247.92999267578125,249.4499969482422,2523000
2022-04-26,228.09774780273438,248.5800018310547,252.41000366210938,248.3300018310547,250.1300048828125,2948500
2022-04-27,226.77642822265625,247.13999938964844,250.97000122070312,247.0500030517578,247.97999572753906,2706500
2022-04-28,233.24549865722656,254.19000244140625,256.3800048828125,248.0800018310547,249.94000244140625,3547400
2022-04-29,228.6299591064453,249.16000366210938,254.85000610351562,248.8000030517578,254.27999877929688,3388000
2022-05-02,226.31761169433594,246.63999938964844,251.5500030517578,242.25999450683594,250.86000061035156,3418700
2022-05-03,225.6110382080078,245.8699951171875,247.83999633789062,242.27999877929688,247.38999938964844,2562000
2022-05-04,233.36480712890625,254.32000732421875,254.77999877929688,246.16000366210938,246.16000366210938,3289300
2022-05-05,228.40975952148438,248.9199981689453,254.49000549316406,246.77999877929688,252.88999938964844,2925900
2022-05-06,230.11648559570312,250.77999877929688,252.4499969482422,247.6999969482422,248.19000244140625,2964500
2022-05-09,227.09756469726562,247.49000549316406,249.89999389648438,246.7899932861328,247.0,2918900
2022-05-10,225.4367218017578,245.67999267578125,250.8800048828125,244.92999267578125,248.99000549316406,3070800
2022-05-11,224.28968811035156,244.42999267578125,246.7899932861328,243.2100067138672,245.27000427246094,2833200
2022-05-12,224.0695037841797,244.19000244140625,246.3800048828125,241.1199951171875,245.32000732421875,2861000
2022-05-13,224.84942626953125,245.0399932861328,247.17999267578125,242.27999877929688,247.14999389648438,3255200
2022-05-16,223.93182373046875,244.0399932861328,245.47999572753906,240.72999572753906,244.4600067138672,2147100
2022-05-17,221.72042846679688,241.6300048828125,247.0,239.4600067138672,246.0,3204900
2022-05-18,212.0121612548828,231.0500030517578,240.0800018310547,230.3699951171875,239.4600067138672,3946100
2022-05-19,210.131103515625,229.0,232.14999389648438,228.33999633789062,229.5,3518300
2022-05-20,214.63653564453125,233.91000366210938,234.05999755859375,228.58999633789062,231.3800048828125,3208200
2022-05-23,218.38949584960938,238.0,238.88999938964844,233.5,235.75999450683594,3053500
2022-05-24,224.37229919433594,244.52000427246094,245.8000030517578,237.4499969482422,237.5,5258200
2022-05-25,223.904296875,244.00999450683594,245.6999969482422,241.58999633789062,242.5800018310547,2641700
2022-05-26,227.6481170654297,248.08999633789062,249.3300018310547,245.60000610351562,246.0,1972300
2022-05-27,231.1166229248047,251.8699951171875,251.8699951171875,248.77999877929688,249.5,2063800
2022-05-31,231.4286651611328,252.2100067138672,254.27999877929688,248.6300048828125,250.0,3924700
2022-06-01,228.74008178710938,249.27999877929688,253.4199981689453,248.19000244140625,253.19000244140625,2264100
2022-06-02,229.74945068359375,250.3800048828125,250.44000244140625,246.22000122070312,249.60000610351562,2089700
2022-06-03,229.15892028808594,248.36000061035156,250.27000427246094,248.1699981689453,248.42999267578125,1838900
2022-06-06,228.89132690429688,248.07000732421875,249.52999877929688,247.3300018310547,249.0800018310547,1569300
2022-06-07,229.694091796875,248.94000244140625,249.7899932861328,245.52999877929688,246.0,2782000
2022-06-08,226.62155151367188,245.61000061035156,248.47999572753906,244.88999938964844,247.89999389648438,2101300
2022-06-09,223.438232421875,242.16000366210938,246.0,242.02999877929688,243.6199951171875,2682600
2022-06-10,219.02780151367188,237.3800048828125,239.50999450683594,237.16000366210938,239.17999267578125,1992300
2022-06-13,220.03353881835938,238.47000122070312,240.10000610351562,232.67999267578125,232.7899932861328,4697000
2022-06-14,220.3011016845703,238.75999450683594,242.89999389648438,238.6199951171875,239.9600067138672,3564800
2022-06-15,220.43028259277344,238.89999389648438,241.5800018310547,236.1199951171875,239.86000061035156,3152100
2022-06-16,217.00714111328125,235.19000244140625,237.32000732421875,233.82000732421875,236.0800018310547,3272000
2022-06-17,216.25978088378906,234.3800048828125,235.49000549316406,232.1699981689453,234.22000122070312,7236300
2022-06-21,221.06695556640625,239.58999633789062,240.10000610351562,234.13999938964844,236.22000122070312,3263500
2022-06-22,224.2686767578125,243.05999755859375,244.5500030517578,238.36000061035156,238.7899932861328,3054300
2022-06-23,224.74847412109375,243.5800018310547,245.08999633789062,240.4600067138672,243.6999969482422,1937000
2022-06-24,228.73448181152344,247.89999389648438,248.0,244.49000549316406,245.25999450683594,3104800
2022-06-27,227.93173217773438,247.02999877929688,248.77000427246094,246.57000732421875,247.89999389648438,2059200
2022-06-28,224.05648803710938,242.8300018310547,249.9600067138672,242.52000427246094,247.05999755859375,2381700
2022-06-29,228.5868377685547,247.74000549316406,248.8699951171875,245.11000061035156,246.13999938964844,2997200
2022-06-30,227.79335021972656,246.8800048828125,248.58999633789062,245.4499969482422,248.25,2786200
2022-07-01,233.4032440185547,252.9600067138672,253.13999938964844,246.0,246.35000610351562,2531400
2022-07-05,232.7850799560547,252.2899932861328,253.0,249.66000366210938,251.14999389648438,2390700
2022-07-06,232.01925659179688,251.4600067138672,252.86000061035156,249.3699951171875,252.47000122070312,1948600
2022-07-07,233.3848419189453,252.94000244140625,254.9199981689453,251.17999267578125,253.25999450683594,2396700
2022-07-08,233.66163635253906,253.24000549316406,254.6199951171875,252.32000732421875,252.60000610351562,1450300
2022-07-11,233.6985321044922,253.27999877929688,255.39999389648438,252.0800018310547,252.0800018310547,1478100
2022-07-12,232.0377197265625,251.47999572753906,255.6199951171875,250.75999450683594,252.97000122070312,2112800
2022-07-13,233.1356964111328,252.6699981689453,254.8000030517578,248.25999450683594,248.9600067138672,2205300
2022-07-14,233.07113647460938,252.60000610351562,253.10000610351562,249.6199951171875,249.88999938964844,2371000
2022-07-15,235.29478454589844,255.00999450683594,256.3900146484375,253.4499969482422,254.02000427246094,2627200
2022-07-18,232.905029296875,252.4199981689453,255.58999633789062,252.07000732421875,255.24000549316406,2164400
2022-07-19,236.6696014404297,256.5,256.6199951171875,252.97000122070312,253.8800048828125,2181300
2022-07-20,234.8980712890625,254.5800018310547,256.9100036621094,253.47000122070312,256.7799987792969,2183700
2022-07-21,233.8739013671875,253.47000122070312,254.8000030517578,252.32000732421875,253.99000549316406,2056500
2022-07-22,234.35365295410156,253.99000549316406,254.52999877929688,252.4499969482422,253.75,2226600
2022-07-25,231.0227508544922,250.3800048828125,254.8000030517578,248.66000366210938,254.57000732421875,2860400
2022-07-26,237.2139892578125,257.0899963378906,259.2200012207031,248.6999969482422,249.55999755859375,5272300
2022-07-27,238.8748779296875,258.8900146484375,259.9100036621094,254.69000244140625,255.8000030517578,2718300
2022-07-28,243.09152221679688,263.4599914550781,264.0,257.55999755859375,258.79998779296875,2849100
2022-07-29,243.00845336914062,263.3699951171875,264.3500061035156,262.1000061035156,263.6499938964844,2653800
2022-08-01,243.80198669433594,264.2300109863281,265.4599914550781,262.4100036621094,262.5400085449219,2384000
2022-08-02,240.8678436279297,261.04998779296875,265.45001220703125,260.8900146484375,264.6199951171875,2375200
2022-08-03,241.8274383544922,262.0899963378906,262.9200134277344,259.760009765625,261.04998779296875,2305300
2022-08-04,240.4895782470703,260.6400146484375,262.17999267578125,258.69000244140625,261.70001220703125,2089600
2022-08-05,239.1885528564453,259.2300109863281,260.0299987792969,257.07000732421875,259.6400146484375,1818500
2022-08-08,236.94642639160156,256.79998779296875,260.9100036621094,255.33999633789062,260.0,2253500
2022-08-09,239.954345703125,260.05999755859375,260.2099914550781,256.3599853515625,256.8999938964844,2315800
2022-08-10,241.1538543701172,261.3599853515625,263.7099914550781,260.5,262.0,2967900
2022-08-11,239.23468017578125,259.2799987792969,263.2699890136719,258.6300048828125,263.20001220703125,2007000
2022-08-12,241.91041564941406,262.17999267578125,262.510009765625,259.54998779296875,259.54998779296875,1530800
2022-08-15,244.91847229003906,265.44000244140625,265.6199951171875,261.25,262.2099914550781,2342700
2022-08-16,245.7027130126953,266.2900085449219,267.1300048828125,264.260009765625,265.0400085449219,1828000
2022-08-17,246.19175720214844,266.82000732421875,267.9700012207031,265.5799865722656,265.9599914550781,1699100
2022-08-18,245.9702606201172,266.5799865722656,267.3599853515625,265.4200134277344,266.0,1591900
2022-08-19,245.933349609375,266.5400085449219,267.75,265.5400085449219,265.94000244140625,1833800
2022-08-22,242.6209716796875,262.95001220703125,265.7900085449219,262.3699951171875,264.5,1986700
2022-08-23,240.39727783203125,260.5400085449219,263.3500061035156,260.5299987792969,262.6199951171875,2211100
2022-08-24,240.69252014160156,260.8599853515625,262.0,259.8599853515625,260.7099914550781,1777200
2022-08-25,242.26104736328125,262.55999755859375,262.67999267578125,260.20001220703125,261.989990234375,1330400
2022-08-26,237.0848388671875,256.95001220703125,263.20001220703125,256.3900146484375,262.79998779296875,2357800
2022-08-29,235.89454650878906,255.66000366210938,256.7099914550781,254.58999633789062,255.5,2017500
2022-08-30,233.89234924316406,253.49000549316406,256.7200012207031,252.57000732421875,256.0,2051300
2022-08-31,234.05001831054688,252.27999877929688,255.67999267578125,252.1999969482422,254.1699981689453,3119200
2022-09-01,237.93724060058594,256.4700012207031,256.5299987792969,251.75999450683594,251.82000732421875,2577800
2022-09-02,236.11886596679688,254.50999450683594,258.5799865722656,253.36000061035156,257.4100036621094,1791300
2022-09-06,236.00753784179688,254.38999938964844,256.7300109863281,253.3800048828125,254.47000122070312,2645700
2022-09-07,239.74635314941406,258.4200134277344,259.82000732421875,254.9600067138672,255.13999938964844,4185200
2022-09-08,241.286376953125,260.0799865722656,261.0799865722656,257.3299865722656,257.8500061035156,2448900
2022-09-09,240.76681518554688,259.5199890136719,260.739990234375,258.2099914550781,260.260009765625,2007000
2022-09-12,241.555419921875,260.3699951171875,261.3999938964844,259.4200134277344,260.0,2204300
2022-09-13,235.951904296875,254.3300018310547,258.95001220703125,253.6699981689453,257.739990234375,2604900
2022-09-14,237.24143981933594,255.72000122070312,258.2699890136719,254.3699951171875,255.0,2745200
2022-09-15,235.154052734375,253.47000122070312,255.22999572753906,252.49000549316406,255.02000427246094,2289500
2022-09-16,236.489990234375,254.91000366210938,255.82000732421875,251.75,251.85000610351562,4304100
2022-09-19,238.43824768066406,257.010009765625,257.54998779296875,253.35000610351562,254.0,2195800
2022-09-20,236.94456481933594,255.39999389648438,256.489990234375,252.77999877929688,256.1000061035156,2140200
2022-09-21,232.93673706054688,251.0800018310547,256.9100036621094,251.0800018310547,255.1300048828125,2438800
2022-09-22,230.02362060546875,247.94000244140625,250.42999267578125,247.64999389648438,250.38999938964844,2300500
2022-09-23,228.1774139404297,245.9499969482422,249.10000610351562,244.19000244140625,247.2100067138672,2672100
2022-09-26,226.1456756591797,243.75999450683594,246.25,242.44000244140625,245.94000244140625,3179100
2022-09-27,219.59585571289062,236.6999969482422,244.92999267578125,236.55999755859375,244.5800018310547,4193800
2022-09-28,219.8185272216797,236.94000244140625,238.52999877929688,233.75999450683594,236.1300048828125,4202400
2022-09-29,217.46205139160156,234.39999389648438,237.66000366210938,232.4600067138672,236.32000732421875,3053200
2022-09-30,214.0665283203125,230.74000549316406,234.8300018310547,230.5800018310547,233.32000732421875,3629300
2022-10-03,218.33412170410156,235.33999633789062,236.85000610351562,231.7100067138672,233.52000427246094,3286700
2022-10-04,221.2657928466797,238.5,241.0500030517578,236.2100067138672,236.7100067138672,3685700
2022-10-05,221.8131561279297,239.08999633789062,240.41000366210938,236.13999938964844,236.91000366210938,3033000
2022-10-06,217.78675842285156,234.75,239.8800048828125,234.4600067138672,239.33999633789062,2999200
2022-10-07,216.33949279785156,233.19000244140625,234.60000610351562,232.0800018310547,233.9600067138672,2294300
2022-10-10,217.97230529785156,234.9499969482422,236.25999450683594,233.41000366210938,233.41000366210938,2668700
2022-10-11,219.9205780029297,237.0500030517578,239.1199951171875,233.92999267578125,234.16000366210938,3169200
2022-10-12,219.9298095703125,237.05999755859375,240.0399932861328,237.05999755859375,237.27000427246094,2709300
2022-10-13,228.91964721679688,246.75,249.3000030517578,234.4600067138672,234.4600067138672,5026900
2022-10-14,225.5890350341797,243.16000366210938,249.42999267578125,242.41000366210938,249.0800018310547,2918300
2022-10-17,228.66912841796875,246.47999572753906,247.22000122070312,243.52999877929688,245.8000030517578,2758200
2022-10-18,231.1833038330078,249.19000244140625,250.4199981689453,247.25,249.3699951171875,3123600
2022-10-19,232.63059997558594,250.75,252.52000427246094,249.1199951171875,250.0,3021300
2022-10-20,231.72140502929688,249.77000427246094,251.75,249.0500030517578,249.5500030517578,2410700
2022-10-21,236.15599060058594,254.5500030517578,255.36000061035156,249.5,250.2100067138672,3254900
2022-10-24,236.87037658691406,255.32000732421875,256.8699951171875,253.07000732421875,255.27999877929688,4125100
2022-10-25,237.25070190429688,255.72999572753906,257.2799987792969,254.39999389648438,254.57000732421875,2689000
2022-10-26,238.06712341308594,256.6099853515625,260.69000244140625,256.1199951171875,257.8399963378906,3582600
2022-10-27,245.95289611816406,265.1099853515625,266.989990234375,262.260009765625,263.0,4145700
2022-10-28,254.68292236328125,274.5199890136719,274.80999755859375,265.989990234375,267.510009765625,4647600
2022-10-31,252.95738220214844,272.6600036621094,273.6300048828125,270.80999755859375,273.05999755859375,3336100
2022-11-01,253.22640991210938,272.95001220703125,273.7900085449219,269.6600036621094,273.69000244140625,2740900
2022-11-02,250.8328094482422,270.3699951171875,276.6700134277344,270.30999755859375,273.0,3069900
2022-11-03,253.22640991210938,272.95001220703125,274.67999267578125,268.3800048828125,269.3299865722656,3225400
2022-11-04,254.77574157714844,274.6199951171875,275.7099914550781,272.1300048828125,275.6000061035156,3256500
2022-11-07,256.4363708496094,276.4100036621094,278.0799865722656,275.07000732421875,275.07000732421875,3029500
2022-11-08,258.2825927734375,278.3999938964844,279.5199890136719,276.5,276.8599853515625,2628800
2022-11-09,257.71661376953125,277.7900085449219,280.25,277.67999267578125,278.510009765625,2610800
2022-11-10,255.9446563720703,275.8800048828125,281.6700134277344,272.5799865722656,281.489990234375,4510900
2022-11-11,251.77914428710938,271.3900146484375,277.0,269.17999267578125,276.3299865722656,4742800
2022-11-14,252.5955352783203,272.2699890136719,274.7099914550781,270.5799865722656,270.92999267578125,3357400
2022-11-15,248.48562622070312,267.8399963378906,271.0299987792969,266.3399963378906,270.25,5429100
2022-11-16,252.81820678710938,272.510009765625,274.42999267578125,268.9200134277344,268.9200134277344,4132700
2022-11-17,253.606689453125,273.3599853515625,274.3500061035156,270.55999755859375,272.07000732421875,2467400
2022-11-18,253.61607360839844,273.3699951171875,275.1000061035156,272.1199951171875,273.9200134277344,2699200
2022-11-21,254.68292236328125,274.5199890136719,274.9800109863281,273.1000061035156,274.6499938964844,2974200
2022-11-22,254.90562438964844,274.760009765625,275.29998779296875,274.29998779296875,275.0,2770400
2022-11-23,253.5232696533203,273.2699890136719,275.6499938964844,272.8800048828125,275.54998779296875,2514800
2022-11-25,255.12823486328125,275.0,275.32000732421875,272.8599853515625,274.510009765625,1596600
2022-11-28,253.1614532470703,272.8800048828125,275.94000244140625,272.3800048828125,274.8800048828125,3160500
2022-11-29,251.79771423339844,271.4100036621094,271.9200134277344,269.4700012207031,271.0,2873500
2022-11-30,254.5032958984375,272.7900085449219,273.30999755859375,268.8299865722656,269.6199951171875,5196500
2022-12-01,255.07237243652344,273.3999938964844,274.239990234375,271.3900146484375,273.1600036621094,2599600
2022-12-02,255.07237243652344,273.3999938964844,273.45001220703125,269.6199951171875,269.80999755859375,2807500
2022-12-05,253.38375854492188,271.5899963378906,272.57000732421875,270.0,271.0199890136719,2586900
2022-12-06,253.55162048339844,271.7699890136719,273.3699951171875,270.0299987792969,271.79998779296875,3573000
2022-12-07,252.21751403808594,270.3399963378906,273.9800109863281,269.6700134277344,272.5,2766400
2022-12-08,255.06309509277344,273.3900146484375,273.57000732421875,270.6199951171875,271.0,3022700
2022-12-09,253.80352783203125,272.0400085449219,274.1600036621094,271.7200012207031,273.6099853515625,1677400
2022-12-12,258.0765075683594,276.6199951171875,276.7099914550781,271.2200012207031,272.19000244140625,3230500
2022-12-13,255.89340209960938,274.2799987792969,279.8999938964844,273.6400146484375,278.67999267578125,3390100
2022-12-14,256.1266174316406,274.5299987792969,277.0799865722656,272.29998779296875,275.2200012207031,2660900
2022-12-15,253.5143280029297,271.7300109863281,274.3800048828125,269.2099914550781,273.7900085449219,2735300
2022-12-16,248.28038024902344,266.1199951171875,271.0199890136719,265.760009765625,270.4100036621094,5932500
2022-12-19,248.0098114013672,265.8299865722656,268.4200134277344,264.6700134277344,266.25,2160800
2022-12-20,249.3346710205078,267.25,267.94000244140625,264.5400085449219,266.9200134277344,1785600
2022-12-21,250.18362426757812,268.1600036621094,269.94000244140625,267.30999755859375,267.4800109863281,2366800
2022-12-22,247.95384216308594,265.7699890136719,268.1199951171875,263.6499938964844,267.2699890136719,2366700
2022-12-23,249.63319396972656,267.57000732421875,268.3500061035156,264.7900085449219,265.8999938964844,1269000
2022-12-27,248.9521026611328,266.8399963378906,268.8699951171875,266.6000061035156,268.6600036621094,1674700
2022-12-28,247.3380889892578,265.1099853515625,268.1400146484375,265.07000732421875,268.0,1427800
2022-12-29,248.1031951904297,265.92999267578125,267.80999755859375,264.8800048828125,265.94000244140625,1393900
2022-12-30,245.86404418945312,263.5299987792969,265.3800048828125,261.3999938964844,265.20001220703125,1720100
2023-01-03,246.6103973388672,264.3299865722656,264.3500061035156,259.510009765625,263.5299987792969,2743800
2023-01-04,246.66641235351562,264.3900146484375,266.54998779296875,262.8900146484375,266.25,2584100
2023-01-05,244.5858612060547,262.1600036621094,264.760009765625,261.3800048828125,264.760009765625,1945600
2023-01-06,251.4058380126953,269.4700012207031,269.8900146484375,263.3900146484375,263.760009765625,2855400
2023-01-09,249.3346710205078,267.25,269.95001220703125,266.7699890136719,269.92999267578125,2654600
2023-01-10,250.88339233398438,268.9100036621094,269.1000061035156,266.9599914550781,266.9800109863281,1718400
2023-01-11,250.79005432128906,268.80999755859375,269.739990234375,266.9599914550781,269.5199890136719,2391400
2023-01-12,248.8122100830078,266.69000244140625,269.9200134277344,266.19000244140625,269.5,1933000
2023-01-13,250.8647003173828,268.8900146484375,268.95001220703125,265.8800048828125,266.3900146484375,2168900
2023-01-17,255.73475646972656,274.1099853515625,275.3900146484375,270.0199890136719,270.0199890136719,3640200
2023-01-18,248.20574951171875,266.0400085449219,274.3699951171875,265.7200012207031,273.510009765625,3276500
2023-01-19,245.9106903076172,263.5799865722656,269.1400146484375,263.5299987792969,266.7200012207031,2845400
2023-01-20,250.57550048828125,268.5799865722656,268.6499938964844,262.8299865722656,264.42999267578125,2588600
2023-01-23,251.23793029785156,269.2900085449219,271.1700134277344,267.760009765625,268.8399963378906,2434000
2023-01-24,251.48977661132812,269.55999755859375,270.1600036621094,261.2200012207031,261.2200012207031,2517100
2023-01-25,254.69918823242188,273.0,273.07000732421875,268.82000732421875,270.3299865722656,3097400
2023-01-26,256.3039245605469,274.7200012207031,274.75,271.70001220703125,273.0,2222500
2023-01-27,254.1953887939453,272.4599914550781,275.30999755859375,271.9700012207031,275.0,2203200
2023-01-30,252.73060607910156,270.8900146484375,272.57000732421875,270.05999755859375,271.6700134277344,2862400
2023-01-31,249.47459411621094,267.3999938964844,267.510009765625,263.25,265.0899963378906,5477900
2023-02-01,248.42034912109375,266.2699890136719,268.4599914550781,263.5,267.0199890136719,3557700
2023-02-02,245.56549072265625,263.2099914550781,265.9800109863281,262.0199890136719,264.8900146484375,3735600
2023-02-03,246.51710510253906,264.2300109863281,265.2200012207031,261.3500061035156,262.6300048828125,3008500
2023-02-06,249.95974731445312,267.9200134277344,268.20001220703125,264.3599853515625,264.989990234375,2863900
2023-02-07,249.4186248779297,267.3399963378906,267.7699890136719,263.6300048828125,265.0199890136719,2514000
2023-02-08,245.20166015625,262.82000732421875,265.8900146484375,262.45001220703125,265.0899963378906,2801800
2023-02-09,243.18638610839844,260.6600036621094,263.95001220703125,260.19000244140625,263.69000244140625,3534600
2023-02-10,244.8284454345703,262.4200134277344,262.69000244140625,260.2900085449219,260.8699951171875,3049900
2023-02-13,248.35508728027344,266.20001220703125,266.7900085449219,263.0,263.70001220703125,2418300
2023-02-14,248.737548828125,266.6099853515625,267.5199890136719,264.5899963378906,266.6499938964844,2202100
2023-02-15,248.69091796875,266.55999755859375,267.67999267578125,265.1499938964844,266.2699890136719,1862000
2023-02-16,248.0098114013672,265.8299865722656,267.7099914550781,263.2799987792969,265.07000732421875,2785400
2023-02-17,251.89096069335938,269.989990234375,270.0,265.3299865722656,266.29998779296875,3055600
2023-02-21,250.54750061035156,268.54998779296875,270.239990234375,267.6099853515625,269.2900085449219,2824300
2023-02-22,250.63143920898438,268.6400146484375,270.4800109863281,267.6600036621094,268.20001220703125,2192000
2023-02-23,248.89613342285156,266.7799987792969,267.8699951171875,263.9599914550781,267.70001220703125,4217000
2023-02-24,246.00393676757812,263.67999267578125,266.2799987792969,262.25,265.9100036621094,2645300
2023-02-27,247.03021240234375,264.7799987792969,266.29998779296875,263.5400085449219,265.0299987792969,2024800
2023-02-28,247.64015197753906,263.9100036621094,264.5799865722656,262.80999755859375,263.1400146484375,2853400
2023-03-01,246.5235137939453,262.7200012207031,263.5299987792969,261.67999267578125,262.5400085449219,2058900
2023-03-02,251.0745391845703,267.57000732421875,268.4599914550781,262.30999755859375,262.45001220703125,2385900
2023-03-03,252.4820556640625,269.07000732421875,269.3800048828125,266.20001220703125,268.4200134277344,2725800
2023-03-06,253.95526123046875,270.6400146484375,270.7799987792969,268.8999938964844,269.1499938964844,2217600
2023-03-07,250.66163635253906,267.1300048828125,273.1499938964844,266.82000732421875,271.5199890136719,2766600
2023-03-08,248.97262573242188,265.3299865722656,266.1600036621094,263.1400146484375,265.8599853515625,2314000
2023-03-09,245.500732421875,261.6300048828125,267.6099853515625,260.8699951171875,267.0899963378906,2339300
2023-03-10,245.87606811523438,262.0299987792969,266.5799865722656,261.260009765625,263.7300109863281,3093100
2023-03-13,246.86131286621094,263.0799865722656,267.3999938964844,260.3699951171875,260.3699951171875,3552400
2023-03-14,249.5074920654297,265.8999938964844,266.94000244140625,262.6000061035156,263.1199951171875,3194400
2023-03-15,249.92037963867188,266.3399963378906,266.4100036621094,262.57000732421875,264.5799865722656,3419400
2023-03-16,253.88955688476562,270.57000732421875,270.67999267578125,265.510009765625,265.7799987792969,3097900
2023-03-17,250.72735595703125,267.20001220703125,269.9700012207031,265.7099914550781,269.57000732421875,5075300
2023-03-20,254.04910278320312,270.739990234375,271.3800048828125,267.8399963378906,267.8399963378906,2108900
2023-03-21,253.55177307128906,270.2099914550781,270.8699951171875,267.6199951171875,270.0,3120100
2023-03-22,251.35604858398438,267.8699951171875,271.9800109863281,267.7099914550781,270.0400085449219,2240800
2023-03-23,252.99813842773438,269.6199951171875,271.4800109863281,267.989990234375,267.989990234375,2263800
2023-03-24,254.60275268554688,271.3299865722656,271.8299865722656,268.8399963378906,270.3699951171875,2229200
2023-03-27,256.95794677734375,273.8399963378906,274.95001220703125,270.57000732421875,272.0,2799100
2023-03-28,258.8441162109375,275.8500061035156,276.2200012207031,273.510009765625,273.989990234375,2036000
2023-03-29,260.3360290527344,277.44000244140625,278.1499938964844,276.45001220703125,277.0,2053400
2023-03-30,260.6644287109375,277.7900085449219,278.3999938964844,276.5,277.260009765625,1788800
2023-03-31,262.3722229003906,279.6099853515625,280.6400146484375,278.5,278.9200134277344,2902500
2023-04-03,264.7463684082031,282.1400146484375,282.8699951171875,279.67999267578125,280.989990234375,2352700
2023-04-04,264.877685546875,282.2799987792969,283.4200134277344,280.3900146484375,281.4100036621094,2282300
2023-04-05,264.6336669921875,282.0199890136719,284.9800109863281,281.7799987792969,283.489990234375,2600800
2023-04-06,265.4501037597656,282.8900146484375,283.489990234375,281.57000732421875,282.42999267578125,1731000
2023-04-10,266.2852478027344,283.7799987792969,284.1700134277344,281.989990234375,283.17999267578125,1941800
2023-04-11,266.9420166015625,284.4800109863281,285.5400085449219,282.75,283.1700134277344,2732900
2023-04-12,267.71148681640625,285.29998779296875,286.7900085449219,283.5,283.8500061035156,2557400
2023-04-13,271.24908447265625,289.07000732421875,289.5400085449219,286.1099853515625,286.57000732421875,3229300
2023-04-14,271.1646423339844,288.9800109863281,289.94000244140625,287.6199951171875,289.2900085449219,2054700
2023-04-17,271.4742736816406,289.30999755859375,290.510009765625,288.17999267578125,289.8399963378906,2371000
2023-04-18,272.97564697265625,290.9100036621094,291.19000244140625,289.0,289.3999938964844,2086700
2023-04-19,273.3134460449219,291.2699890136719,291.6000061035156,290.19000244140625,290.9100036621094,2254000
2023-04-20,273.06011962890625,291.0,291.6700134277344,289.8800048828125,290.9599914550781,2274200
2023-04-21,274.0547790527344,292.05999755859375,292.5299987792969,290.510009765625,292.32000732421875,2171200
2023-04-24,275.1244812011719,293.20001220703125,293.42999267578125,291.7099914550781,292.8299865722656,2995200
2023-04-25,273.5386962890625,291.510009765625,295.0,289.42999267578125,295.0,5845200
2023-04-26,271.89654541015625,289.760009765625,291.5,289.760009765625,289.9800109863281,3290000
2023-04-27,276.55078125,294.7200012207031,295.04998779296875,290.0,290.7200012207031,3142300
2023-04-28,277.51727294921875,295.75,296.17999267578125,293.9100036621094,294.8299865722656,2838200
2023-05-01,279.2344055175781,297.5799865722656,298.79998779296875,295.6499938964844,295.7200012207031,2124400
2023-05-02,279.6942138671875,298.07000732421875,298.4599914550781,295.5799865722656,297.3699951171875,2083800
2023-05-03,277.01995849609375,295.2200012207031,297.260009765625,294.6499938964844,296.760009765625,2425500
2023-05-04,276.963623046875,295.1600036621094,296.30999755859375,293.4700012207031,296.05999755859375,2005300
2023-05-05,278.3148193359375,296.6000061035156,297.0199890136719,294.4599914550781,295.7699890136719,1815800
2023-05-08,278.39935302734375,296.69000244140625,297.3699951171875,295.57000732421875,297.1000061035156,2969600
2023-05-09,278.3711853027344,296.6600036621094,298.8599853515625,296.29998779296875,298.6300048828125,1637500
2023-05-10,278.28668212890625,296.57000732421875,298.0,293.8399963378906,296.3800048828125,1849300
2023-05-11,276.61651611328125,294.7900085449219,296.94000244140625,293.3599853515625,296.5,1955100
2023-05-12,277.8832092285156,296.1400146484375,296.42999267578125,294.30999755859375,295.19000244140625,1801700
2023-05-15,277.6580810546875,295.8999938964844,296.6400146484375,294.6600036621094,295.7699890136719,1700500
2023-05-16,276.015869140625,294.1499938964844,296.19000244140625,293.9800109863281,295.94000244140625,2859500
2023-05-17,275.3684387207031,293.4599914550781,295.5199890136719,292.6499938964844,295.5199890136719,2802100
2023-05-18,275.92205810546875,294.04998779296875,294.42999267578125,291.1300048828125,293.25,2410700
2023-05-19,277.32952880859375,295.54998779296875,296.0,292.4700012207031,293.8399963378906,2371200
2023-05-22,271.5117492675781,289.3500061035156,296.6400146484375,289.1400146484375,295.54998779296875,2514700
2023-05-23,268.71551513671875,286.3699951171875,288.5,285.44000244140625,288.1499938964844,2943900
2023-05-24,268.2933044433594,285.9200134277344,287.1199951171875,284.5799865722656,286.45001220703125,2262100
2023-05-25,267.9178771972656,285.5199890136719,286.9100036621094,284.7099914550781,286.7900085449219,2748100
2023-05-26,268.4058837890625,286.0400085449219,288.75,285.67999267578125,285.67999267578125,2148200
2023-05-30,267.3549499511719,284.9200134277344,286.3500061035156,283.67999267578125,283.92999267578125,3385200
2023-05-31,267.5331726074219,285.1099853515625,285.70001220703125,283.3500061035156,284.8800048828125,3104900
2023-06-01,270.123046875,287.8699951171875,288.0400085449219,283.6000061035156,284.9200134277344,2605300
2023-06-02,273.4812927246094,289.9100036621094,290.20001220703125,286.1400146484375,286.70001220703125,2869400
2023-06-05,272.0851745605469,288.42999267578125,290.5,288.0299987792969,290.0,1974500
2023-06-06,268.4156188964844,284.5400085449219,290.2300109863281,281.9800109863281,289.8599853515625,2771500
2023-06-07,265.9252014160156,281.8999938964844,284.739990234375,281.30999755859375,284.45001220703125,3614800
2023-06-08,269.5853271484375,285.7799987792969,286.05999755859375,280.0,280.9700012207031,3043700
2023-06-09,270.53814697265625,286.7900085449219,287.2799987792969,284.739990234375,285.5199890136719,1975900
2023-06-12,272.21728515625,288.57000732421875,288.75,286.5,288.1600036621094,1885000
2023-06-13,272.19830322265625,288.54998779296875,289.69000244140625,287.54998779296875,288.5,2027800
2023-06-14,272.0946044921875,288.44000244140625,289.55999755859375,287.30999755859375,288.1000061035156,1964500
2023-06-15,276.02825927734375,292.6099853515625,293.4800109863281,288.260009765625,289.6499938964844,2619200
2023-06-16,277.0565490722656,293.70001220703125,296.57000732421875,293.1400146484375,294.510009765625,4891200
2023-06-20,276.4339904785156,293.0400085449219,297.17999267578125,292.67999267578125,293.6499938964844,2729800
2023-06-21,277.8300476074219,294.5199890136719,295.1600036621094,292.80999755859375,293.32000732421875,2837100
2023-06-22,276.67919921875,293.29998779296875,295.0799865722656,291.5199890136719,294.6199951171875,1799400
2023-06-23,273.4812927246094,289.9100036621094,292.45001220703125,289.6400146484375,291.3500061035156,3720600
2023-06-26,272.7077331542969,289.0899963378906,289.75,287.07000732421875,289.6400146484375,1851800
2023-06-27,274.79254150390625,291.29998779296875,292.489990234375,289.6499938964844,290.30999755859375,1815000
2023-06-28,275.2076110839844,291.739990234375,291.82000732421875,289.04998779296875,291.45001220703125,1666500
2023-06-29,277.78289794921875,294.4700012207031,294.6600036621094,290.2099914550781,291.54998779296875,1744000
2023-06-30,281.4996337890625,298.4100036621094,299.1000061035156,294.8900146484375,295.1400146484375,2644700
2023-07-03,278.1319580078125,294.8399963378906,298.3999938964844,294.79998779296875,297.7900085449219,1601300
2023-07-05,280.0751953125,296.8999938964844,297.30999755859375,294.5899963378906,295.1099853515625,2356000
2023-07-06,278.2073974609375,294.9200134277344,296.5799865722656,293.44000244140625,295.32000732421875,2569600
2023-07-07,275.5472106933594,292.1000061035156,294.3599853515625,291.54998779296875,293.7200012207031,2586500
2023-07-10,277.8017883300781,294.489990234375,295.6199951171875,292.3299865722656,292.3999938964844,1703700
2023-07-11,278.0376281738281,294.739990234375,295.5,291.7699890136719,295.2900085449219,1529600
2023-07-12,278.85833740234375,295.6099853515625,297.1000061035156,295.20001220703125,296.8299865722656,2156000
2023-07-13,278.4903869628906,295.2200012207031,296.6600036621094,295.010009765625,295.3900146484375,1656900
2023-07-14,278.22625732421875,294.94000244140625,296.04998779296875,294.010009765625,295.25,1550000
2023-07-17,277.9809875488281,294.67999267578125,296.8599853515625,294.54998779296875,295.0799865722656,1669900
2023-07-18,277.1697692871094,293.82000732421875,295.75,292.4599914550781,294.4700012207031,1991600
2023-07-19,277.4621887207031,294.1300048828125,295.3999938964844,293.2200012207031,295.0,1969200
2023-07-20,280.2922058105469,297.1300048828125,297.55999755859375,294.1099853515625,294.30999755859375,2104300
2023-07-21,278.85833740234375,295.6099853515625,299.3500061035156,295.32000732421875,297.6600036621094,2835500
2023-07-24,278.5752868652344,295.30999755859375,296.95001220703125,294.8599853515625,296.0,2034400
2023-07-25,275.7924499511719,292.3599853515625,294.92999267578125,291.6499938964844,294.20001220703125,2780600
2023-07-26,275.2170104980469,291.75,292.5799865722656,289.5,292.25,2896900
2023-07-27,278.46209716796875,295.19000244140625,298.8999938964844,291.510009765625,292.0,4698300
2023-07-28,277.36785888671875,294.0299987792969,297.70001220703125,292.95001220703125,295.79998779296875,2843000
2023-07-31,276.5848693847656,293.20001220703125,294.239990234375,290.04998779296875,293.6099853515625,3296000
2023-08-01,274.5755615234375,291.07000732421875,293.9100036621094,290.25,293.0,1916200
2023-08-02,273.2077331542969,289.6199951171875,293.45001220703125,289.3800048828125,290.260009765625,2388300
2023-08-03,274.5283508300781,291.0199890136719,291.2699890136719,288.6499938964844,288.79998779296875,1910700
2023-08-04,270.7550354003906,287.0199890136719,292.82000732421875,286.760009765625,292.4100036621094,2520500
2023-08-07,274.8868408203125,291.3999938964844,291.3999938964844,287.8599853515625,287.8800048828125,2176800
2023-08-08,273.1700134277344,289.5799865722656,291.6000061035156,288.5400085449219,291.04998779296875,1948400
2023-08-09,271.89654541015625,288.2300109863281,289.7200012207031,287.8800048828125,289.0,1895800
2023-08-10,271.3021545410156,287.6000061035156,290.3699951171875,286.7799987792969,288.80999755859375,2436300
2023-08-11,272.2643737792969,288.6199951171875,288.9599914550781,286.760009765625,287.25,1761800
2023-08-14,272.44366455078125,288.80999755859375,289.8500061035156,287.6199951171875,288.7900085449219,1712400
2023-08-15,271.9625549316406,288.29998779296875,289.0799865722656,287.1199951171875,287.95001220703125,1883800
2023-08-16,269.2268981933594,285.3999938964844,288.8800048828125,285.0299987792969,287.57000732421875,1829400
2023-08-17,265.8874816894531,281.8599853515625,286.5400085449219,281.7799987792969,286.1499938964844,2148400
2023-08-18,265.7742614746094,281.739990234375,283.739990234375,280.29998779296875,281.7200012207031,2624500
2023-08-21,264.1706237792969,280.0400085449219,282.2900085449219,278.67999267578125,281.70001220703125,2682600
2023-08-22,264.4253234863281,280.30999755859375,280.82000732421875,279.0899963378906,280.760009765625,2052300
2023-08-23,265.89691162109375,281.8699951171875,283.1499938964844,280.6499938964844,282.0199890136719,2308800
2023-08-24,266.3497314453125,282.3500061035156,284.75,281.739990234375,281.739990234375,2006400
2023-08-25,268.45330810546875,284.5799865722656,286.1400146484375,283.510009765625,284.760009765625,3725200
2023-08-28,267.6043395996094,283.67999267578125,286.20001220703125,283.510009765625,284.5799865722656,2317600
2023-08-29,267.51947021484375,283.5899963378906,284.57000732421875,280.42999267578125,283.95001220703125,2348500
2023-08-30,268.1325988769531,284.239990234375,285.9800109863281,283.2900085449219,283.79998779296875,2410700
2023-08-31,266.64361572265625,281.1499938964844,283.79998779296875,280.8800048828125,283.2099914550781,2979800
2023-09-01,266.4444885253906,280.94000244140625,283.1400146484375,279.1300048828125,282.5400085449219,2136400
2023-09-05,264.7563171386719,279.1600036621094,281.6400146484375,279.05999755859375,281.0,2410300
2023-09-06,261.228271484375,275.44000244140625,278.6499938964844,275.0,278.0,2705800
2023-09-07,263.9691467285156,278.3299865722656,278.989990234375,276.1000061035156,277.25,3732800
2023-09-08,264.8132019042969,279.2200012207031,280.3500061035156,277.8500061035156,278.0799865722656,2351300
2023-09-11,265.3253173828125,279.760009765625,280.1300048828125,278.55999755859375,279.69000244140625,2433200
2023-09-12,266.2263488769531,280.7099914550781,281.5,277.69000244140625,279.489990234375,1450200
2023-09-13,267.2316589355469,281.7699890136719,282.8900146484375,280.6099853515625,281.6700134277344,1724300
2023-09-14,270.0673828125,284.760009765625,285.6000061035156,282.57000732421875,283.3299865722656,2219700
2023-09-15,263.87432861328125,278.2300109863281,283.8599853515625,277.7300109863281,283.8599853515625,5730700
2023-09-18,263.390625,277.7200012207031,280.2699890136719,276.92999267578125,278.7200012207031,2884800
2023-09-19,263.77947998046875,278.1300048828125,278.260009765625,276.44000244140625,276.44000244140625,2128100
2023-09-20,262.8974304199219,277.20001220703125,280.2699890136719,277.1400146484375,278.739990234375,1979300
2023-09-21,257.2259826660156,271.2200012207031,277.19000244140625,271.0199890136719,276.94000244140625,2370100
2023-09-22,258.17437744140625,272.2200012207031,273.6400146484375,270.8299865722656,271.3999938964844,1958300
2023-09-25,255.8602294921875,269.7799987792969,271.760009765625,268.9100036621094,270.45001220703125,1895500
2023-09-26,253.90658569335938,267.7200012207031,269.29998779296875,266.5799865722656,268.82000732421875,2251600
2023-09-27,250.03712463378906,263.6400146484375,267.94000244140625,262.2900085449219,267.7200012207031,2735000
2023-09-28,251.88650512695312,265.5899963378906,266.30999755859375,263.1300048828125,264.2300109863281,2182400
2023-09-29,249.84739685058594,263.44000244140625,267.3699951171875,261.75,267.1499938964844,3367100
2023-10-02,244.4509735107422,257.75,262.07000732421875,257.4599914550781,262.0,4425000
2023-10-03,241.35919189453125,254.49000549316406,258.29998779296875,253.8699951171875,257.2099914550781,3408100
2023-10-04,242.61105346679688,255.80999755859375,256.25,254.00999450683594,255.3300018310547,2820000
2023-10-05,239.21580505371094,252.22999572753906,257.8500061035156,251.5800018310547,256.0,3799600
2023-10-06,235.41270446777344,248.22000122070312,250.82000732421875,245.72999572753906,250.0,5130700
2023-10-09,237.02496337890625,249.9199981689453,249.99000549316406,247.25999450683594,247.72000122070312,2782300
2023-10-10,238.54241943359375,251.52000427246094,253.42999267578125,250.5,251.72000122070312,3129600
2023-10-11,237.973388671875,250.9199981689453,252.69000244140625,249.38999938964844,252.58999633789062,2919400
2023-10-12,233.4874267578125,246.19000244140625,252.14999389648438,245.8800048828125,251.69000244140625,3528300
2023-10-13,235.498046875,248.30999755859375,248.80999755859375,246.0,246.82000732421875,2646500
2023-10-16,237.0439453125,249.94000244140625,250.49000549316406,248.07000732421875,249.22000122070312,2774700
2023-10-17,238.18202209472656,251.13999938964844,251.39999389648438,249.3800048828125,250.08999633789062,2627500
2023-10-18,242.81973266601562,256.0299987792969,257.0899963378906,252.33999633789062,252.85000610351562,4559200
2023-10-19,245.0484619140625,258.3800048828125,262.55999755859375,256.260009765625,256.260009765625,5646200
2023-10-20,244.79238891601562,258.1099853515625,260.3399963378906,257.55999755859375,258.9599914550781,3779200
2023-10-23,241.6057586669922,254.75,257.239990234375,254.5399932861328,256.6099853515625,3409800
2023-10-24,243.99571228027344,257.2699890136719,257.760009765625,254.67999267578125,254.67999267578125,2468000
2023-10-25,244.7165069580078,258.0299987792969,259.42999267578125,256.94000244140625,258.1199951171875,2759100
2023-10-26,242.63006591796875,255.8300018310547,259.5400085449219,255.67999267578125,258.3599853515625,2702600
2023-10-27,242.5636749267578,255.75999450683594,259.3800048828125,254.8699951171875,256.54998779296875,3209000
2023-10-30,246.72715759277344,260.1499938964844,262.05999755859375,254.60000610351562,260.1000061035156,6305100
2023-10-31,248.64291381835938,262.1700134277344,263.69000244140625,259.75,263.4599914550781,3990600
2023-11-01,248.45323181152344,261.9700012207031,263.3900146484375,259.8299865722656,263.0,3543000
2023-11-02,253.08140563964844,266.8500061035156,267.4200134277344,263.510009765625,263.5899963378906,4109700
2023-11-03,254.04885864257812,267.8699951171875,268.6099853515625,265.489990234375,267.55999755859375,3126500
2023-11-06,255.0351104736328,268.9100036621094,269.1099853515625,267.29998779296875,268.010009765625,3090600
2023-11-07,254.80758666992188,268.6700134277344,269.7900085449219,268.1099853515625,268.79998779296875,2360800
2023-11-08,253.6884307861328,267.489990234375,270.05999755859375,267.2799987792969,268.8299865722656,2223300
2023-11-09,253.13836669921875,266.9100036621094,268.3399963378906,265.94000244140625,268.239990234375,2501700
2023-11-10,253.9729766845703,267.7900085449219,268.1300048828125,265.2099914550781,267.3299865722656,2664900
2023-11-13,255.31019592285156,269.20001220703125,269.7200012207031,267.260009765625,267.3999938964844,2591900
2023-11-14,257.4820251464844,271.489990234375,271.6600036621094,269.3500061035156,270.0,2647800
2023-11-15,256.4388427734375,270.3900146484375,273.1000061035156,269.0199890136719,272.42999267578125,2575900
2023-11-16,261.8731994628906,276.1199951171875,276.1600036621094,271.0299987792969,271.07000732421875,3593700
2023-11-17,261.52227783203125,275.75,277.1199951171875,275.1499938964844,276.54998779296875,2604800
2023-11-20,264.63299560546875,279.0299987792969,279.79998779296875,275.0199890136719,275.3500061035156,3499400
2023-11-21,265.9986877441406,280.4700012207031,280.6700134277344,278.42999267578125,279.8699951171875,2940800
2023-11-22,267.3833923339844,281.92999267578125,282.4100036621094,281.20001220703125,281.25,2285000
2023-11-24,267.9619140625,282.5400085449219,282.5899963378906,281.0299987792969,282.0,1218000
2023-11-27,267.29803466796875,281.8399963378906,283.8999938964844,281.0899963378906,282.6600036621094,3703900
2023-11-28,267.5351257324219,282.0899963378906,283.5400085449219,281.3500061035156,281.5,2199600
2023-11-29,265.9133605957031,280.3800048828125,282.4700012207031,279.5,282.2099914550781,2433400
2023-11-30,268.899658203125,281.8399963378906,282.2799987792969,278.05999755859375,280.4200134277344,5030400
2023-12-01,272.8304138183594,285.9599914550781,286.8599853515625,283.0,283.25,4967400
2023-12-04,272.99267578125,286.1300048828125,287.3999938964844,284.989990234375,284.989990234375,3522900
2023-12-05,273.3838195800781,286.5400085449219,288.760009765625,285.2099914550781,286.54998779296875,3005300
2023-12-06,273.6891784667969,286.8599853515625,287.3699951171875,283.3999938964844,286.7300109863281,2765100
2023-12-07,273.62237548828125,286.7900085449219,288.1499938964844,285.6400146484375,287.489990234375,3131900
2023-12-08,272.4202575683594,285.5299987792969,287.8999938964844,285.04998779296875,287.3299865722656,3623600
2023-12-11,275.8739929199219,289.1499938964844,289.30999755859375,285.55999755859375,285.55999755859375,3353000
2023-12-12,278.0397644042969,291.4200134277344,291.70001220703125,288.510009765625,289.1199951171875,2252200
2023-12-13,282.3426818847656,295.92999267578125,295.9700012207031,291.54998779296875,291.69000244140625,3312300
2023-12-14,276.70404052734375,290.0199890136719,295.2699890136719,288.010009765625,294.6000061035156,4626800
2023-12-15,274.080322265625,287.2699890136719,291.75,285.7200012207031,290.4100036621094,6328500
2023-12-18,276.9044494628906,290.2300109863281,290.5899963378906,287.55999755859375,288.6499938964844,2490100
2023-12-19,277.3815002441406,290.7300109863281,291.7200012207031,289.5899963378906,290.6700134277344,2054200
2023-12-20,275.7213134765625,288.989990234375,291.6700134277344,288.7200012207031,290.7300109863281,2398500
2023-12-21,278.01116943359375,291.3900146484375,291.5299987792969,289.2900085449219,290.57000732421875,2313100
2023-12-22,278.3069763183594,291.70001220703125,292.4700012207031,290.5,290.70001220703125,1700300
2023-12-26,279.4136657714844,292.8599853515625,293.04998779296875,290.8900146484375,291.2200012207031,1381500
2023-12-27,281.0260314941406,294.54998779296875,294.6300048828125,292.4599914550781,292.5,1892100
2023-12-28,282.2568359375,295.8399963378906,296.4700012207031,294.0,294.4700012207031,1907100
2023-12-29,282.8960876464844,296.510009765625,296.8500061035156,295.30999755859375,295.8299865722656,2227800
2024-01-02,283.4017639160156,297.0400085449219,297.2799987792969,295.04998779296875,295.04998779296875,4458400
2024-01-03,280.8734436035156,294.3900146484375,297.989990234375,294.25,297.0,3114800
2024-01-04,278.3450622558594,291.739990234375,297.2699890136719,290.9200134277344,295.32000732421875,4615400
2024-01-05,275.7213134765625,288.989990234375,290.3299865722656,287.20001220703125,289.2099914550781,3407300
2024-01-08,278.4977722167969,291.8999938964844,292.0,287.5199890136719,288.510009765625,3097000
2024-01-09,277.5150146484375,290.8699951171875,290.8699951171875,287.5199890136719,289.6300048828125,2176400
2024-01-10,280.58721923828125,294.0899963378906,294.3900146484375,290.8699951171875,291.0,2199700
2024-01-11,280.6444091796875,294.1499938964844,294.95001220703125,290.6499938964844,294.45001220703125,2047400
2024-01-12,279.99566650390625,293.4700012207031,295.75,292.8399963378906,295.4599914550781,1714800
2024-01-16,277.72491455078125,291.0899963378906,294.25,289.9800109863281,293.4700012207031,2859000
2024-01-17,277.791748046875,291.1600036621094,292.3399963378906,290.1300048828125,290.1400146484375,2008200
2024-01-18,280.8448181152344,294.3599853515625,294.4800109863281,291.30999755859375,292.0899963378906,2221200
2024-01-19,286.73150634765625,300.5299987792969,301.0799865722656,296.5199890136719,298.0,4250900
2024-01-22,284.70880126953125,298.4100036621094,302.3900146484375,297.739990234375,300.95001220703125,3250200
2024-01-23,286.2735595703125,300.04998779296875,300.2099914550781,297.1300048828125,297.44000244140625,1874000
2024-01-24,286.6456604003906,300.44000244140625,302.0400085449219,299.30999755859375,300.0,3209700
2024-01-25,283.56396484375,297.2099914550781,301.30999755859375,296.0899963378906,300.739990234375,3219600
2024-01-26,278.8412170410156,292.260009765625,295.9800109863281,291.70001220703125,295.3299865722656,4210500
2024-01-29,278.8889465332031,292.30999755859375,292.760009765625,288.30999755859375,291.6400146484375,3899700
2024-01-30,281.1214294433594,294.6499938964844,294.9200134277344,290.20001220703125,292.1400146484375,2524200
2024-01-31,279.28009033203125,292.7200012207031,297.44000244140625,291.6499938964844,295.8999938964844,3476200
2024-02-01,284.3939514160156,298.0799865722656,298.1300048828125,290.2799987792969,291.70001220703125,3380600
2024-02-02,283.4112548828125,297.04998779296875,298.1700134277344,293.3500061035156,296.07000732421875,3971600
2024-02-05,272.8400573730469,285.9700012207031,291.44000244140625,283.3299865722656,287.010009765625,7581900
2024-02-06,271.5805969238281,284.6499938964844,284.67999267578125,281.5400085449219,282.9700012207031,5927200
2024-02-07,274.1375427246094,287.3299865722656,290.5299987792969,284.1099853515625,285.04998779296875,3954700
2024-02-08,278.5263977050781,291.92999267578125,293.1499938964844,284.20001220703125,286.20001220703125,4605000
2024-02-09,276.1792907714844,289.4700012207031,292.510009765625,288.9200134277344,292.1499938964844,3323000
2024-02-12,276.1507263183594,289.44000244140625,291.19000244140625,288.760009765625,289.0,2392300
2024-02-13,273.92767333984375,287.1099853515625,289.8999938964844,285.6700134277344,288.6300048828125,2756100
2024-02-14,274.93902587890625,288.1700134277344,288.32000732421875,286.5899963378906,287.32000732421875,2139300
2024-02-15,278.45953369140625,291.8599853515625,292.1000061035156,287.2799987792969,287.8999938964844,2401400
2024-02-16,278.6121520996094,292.0199890136719,293.70001220703125,289.260009765625,290.7900085449219,2837500
2024-02-20,279.2132873535156,292.6499938964844,295.5,291.8399963378906,292.0,2264000
2024-02-21,280.4154357910156,293.9100036621094,295.20001220703125,292.25,293.0899963378906,2076400
2024-02-22,282.3330993652344,295.9200134277344,296.6700134277344,293.25,294.0,3146600
2024-02-23,284.07916259765625,297.75,298.739990234375,295.07000732421875,296.0,2199000
2024-02-26,283.47808837890625,297.1199951171875,298.67999267578125,296.3999938964844,298.2099914550781,2595300
2024-02-27,280.2723388671875,293.760009765625,296.79998779296875,293.32000732421875,296.79998779296875,2811200
2024-02-28,281.6366882324219,295.19000244140625,296.1000061035156,292.7200012207031,294.0299987792969,2507300
2024-02-29,280.4468688964844,292.2799987792969,294.75,291.7099914550781,294.20001220703125,3601700
2024-03-01,278.9596252441406,290.7300109863281,292.6700134277344,289.5299987792969,291.3900146484375,3028900
2024-03-04,279.1611633300781,290.94000244140625,291.239990234375,288.5,289.3699951171875,2832000
2024-03-05,280.6963806152344,292.5400085449219,293.510009765625,288.9200134277344,291.55999755859375,2969600
2024-03-06,281.0705871582031,292.92999267578125,295.1400146484375,292.1499938964844,293.3299865722656,2348000
2024-03-07,279.3242492675781,291.1099853515625,294.9200134277344,291.0299987792969,294.20001220703125,2237700
2024-03-08,280.7059631347656,292.54998779296875,293.4800109863281,288.8299865722656,290.0400085449219,2482300
2024-03-11,282.88409423828125,294.82000732421875,295.45001220703125,291.8699951171875,292.1499938964844,2893300
2024-03-12,282.39471435546875,294.30999755859375,296.3599853515625,293.5400085449219,295.67999267578125,2233100
2024-03-13,271.40826416015625,282.8599853515625,293.4700012207031,282.6000061035156,292.260009765625,5441300
2024-03-14,270.3240051269531,281.7300109863281,282.5199890136719,277.8299865722656,282.4200134277344,4659300
2024-03-15,267.8388671875,279.1400146484375,284.2300109863281,278.3800048828125,281.8900146484375,5071700
2024-03-18,267.3015441894531,278.5799865722656,280.29998779296875,278.07000732421875,279.4700012207031,3319400
2024-03-19,271.4178466796875,282.8699951171875,284.3999938964844,278.5799865722656,279.20001220703125,4055400
2024-03-20,272.9339294433594,284.45001220703125,284.6000061035156,281.3699951171875,283.5,2867300
2024-03-21,272.0511169433594,283.5299987792969,285.5799865722656,282.6400146484375,284.5,3653300
2024-03-22,271.1875915527344,282.6300048828125,284.3900146484375,282.1199951171875,283.8800048828125,2556100
2024-03-25,267.33990478515625,278.6199951171875,280.5799865722656,277.6400146484375,280.0,2985500
2024-03-26,267.33990478515625,278.6199951171875,279.45001220703125,277.1700134277344,279.2200012207031,2572100
2024-03-27,270.60223388671875,282.0199890136719,282.29998779296875,278.1000061035156,278.1000061035156,2605000
2024-03-28,270.53509521484375,281.95001220703125,283.3800048828125,281.25,282.25,3453900
2024-04-01,268.8750915527344,280.2200012207031,281.54998779296875,278.6400146484375,281.5,2408800
2024-04-02,266.4955749511719,277.739990234375,280.4800109863281,277.45001220703125,280.0,2907700
2024-04-03,264.3846130371094,275.5400085449219,277.9599914550781,275.1499938964844,276.57000732421875,2748000
2024-04-04,259.1552429199219,270.0899963378906,276.239990234375,269.9200134277344,276.239990234375,4095100
2024-04-05,255.89288330078125,266.69000244140625,270.6199951171875,266.3599853515625,269.4200134277344,6816000
2024-04-08,256.7276611328125,267.55999755859375,268.69000244140625,265.8699951171875,267.239990234375,3753200
2024-04-09,258.5315856933594,269.44000244140625,269.6700134277344,265.5,266.2200012207031,3934900
2024-04-10,257.7927551269531,268.6700134277344,268.989990234375,265.1099853515625,266.9700012207031,3817500
2024-04-11,257.7447814941406,268.6199951171875,269.8800048828125,267.1499938964844,269.5,2519200
2024-04-12,256.5645751953125,267.3900146484375,268.2300109863281,266.5799865722656,267.9100036621094,2708400
2024-04-15,255.4515380859375,266.2300109863281,268.5199890136719,266.04998779296875,267.8599853515625,3686700
2024-04-16,254.68392944335938,265.42999267578125,266.989990234375,265.1499938964844,266.1300048828125,2912900
2024-04-17,259.0209655761719,269.95001220703125,270.1199951171875,265.5199890136719,266.5,3383100
2024-04-18,260.0092468261719,270.9800109863281,271.2900085449219,268.8500061035156,270.9800109863281,3402700
2024-04-19,260.9783630371094,271.989990234375,272.2200012207031,270.4800109863281,272.010009765625,3017100
2024-04-22,264.4230041503906,275.5799865722656,276.5,272.32000732421875,273.75,3129300
2024-04-23,265.6703796386719,276.8800048828125,277.3999938964844,274.239990234375,276.82000732421875,3275700
2024-04-24,265.5456237792969,276.75,277.0299987792969,272.8900146484375,275.5400085449219,4071600
2024-04-25,264.4421691894531,275.6000061035156,279.82000732421875,274.7200012207031,277.0199890136719,4179800
2024-04-26,262.0338134765625,273.0899963378906,276.1099853515625,270.3699951171875,271.2300109863281,3636500
2024-04-29,262.4751892089844,273.54998779296875,274.42999267578125,272.6000061035156,273.8299865722656,3148900
2024-04-30,261.98583984375,273.0400085449219,276.8699951171875,262.6300048828125,264.3299865722656,6894400
2024-05-01,263.31951904296875,274.42999267578125,276.42999267578125,270.04998779296875,271.3800048828125,4843200
2024-05-02,262.2160949707031,273.2799987792969,276.30999755859375,272.7099914550781,274.510009765625,3084000
2024-05-03,259.3759765625,270.32000732421875,274.6199951171875,268.8900146484375,274.1400146484375,2642100
2024-05-06,258.397216796875,269.29998779296875,271.8800048828125,269.0400085449219,271.05999755859375,2481300
2024-05-07,256.6701354980469,267.5,270.6700134277344,266.989990234375,270.0400085449219,3160000
2024-05-08,257.6200256347656,268.489990234375,268.92999267578125,266.05999755859375,267.5,3259800
2024-05-09,257.1018981933594,267.95001220703125,268.4800109863281,267.0199890136719,268.4599914550781,3140000
2024-05-10,263.866455078125,275.0,275.3800048828125,267.8399963378906,268.1700134277344,4983500
2024-05-13,260.33544921875,271.32000732421875,276.739990234375,271.1400146484375,275.3800048828125,3840700
2024-05-14,259.7021789550781,270.6600036621094,272.7699890136719,268.7099914550781,272.1199951171875,3143200
2024-05-15,262.7822570800781,273.8699951171875,274.3699951171875,270.2300109863281,271.1099853515625,2982500
2024-05-16,262.43682861328125,273.510009765625,275.55999755859375,272.9200134277344,274.510009765625,2339900
2024-05-17,261.3525085449219,272.3800048828125,274.05999755859375,270.9200134277344,274.05999755859375,2454500
2024-05-20,257.025146484375,267.8699951171875,272.1300048828125,267.2799987792969,271.739990234375,2651100
2024-05-21,255.10609436035156,265.8699951171875,269.0799865722656,265.44000244140625,268.510009765625,2362600
2024-05-22,255.01016235351562,265.7699890136719,266.82000732421875,264.54998779296875,265.8699951171875,1906100
2024-05-23,247.487548828125,257.92999267578125,265.6199951171875,257.6000061035156,265.1300048828125,5636200
2024-05-24,247.66024780273438,258.1099853515625,260.4599914550781,257.5199890136719,258.739990234375,3382900
2024-05-28,243.27529907226562,253.5399932861328,258.80999755859375,252.64999389648438,257.3900146484375,4324700
2024-05-29,239.2741241455078,249.3699951171875,253.8000030517578,249.16000366210938,253.36000061035156,4029300
2024-05-30,241.8648223876953,252.07000732421875,252.9600067138672,250.10000610351562,250.61000061035156,3597800
2024-05-31,248.40870666503906,258.8900146484375,259.25,253.50999450683594,254.19000244140625,6125400
2024-06-03,250.85205078125,259.75,259.95001220703125,255.60000610351562,257.92999267578125,4342800
2024-06-04,253.7202606201172,262.7200012207031,263.0899963378906,259.25,259.3399963378906,4592700
2024-06-05,251.0837860107422,259.989990234375,261.739990234375,258.6600036621094,261.5,4136800
2024-06-06,251.78880310058594,260.7200012207031,261.7900085449219,258.92999267578125,260.9100036621094,3354300
2024-06-07,247.43328857421875,256.2099914550781,261.3999938964844,255.33999633789062,260.07000732421875,2290100
2024-06-10,245.11550903320312,253.80999755859375,256.0,253.14999389648438,256.0,2866200
2024-06-11,245.5694122314453,254.27999877929688,254.69000244140625,252.10000610351562,253.00999450683594,2729400
2024-06-12,245.76255798339844,254.47999572753906,256.30999755859375,253.41000366210938,254.8800048828125,3169600
2024-06-13,245.00929260253906,253.6999969482422,254.74000549316406,251.17999267578125,253.58999633789062,3153000
2024-06-14,244.8933868408203,253.5800018310547,253.6199951171875,250.61000061035156,252.86000061035156,2806600
2024-06-17,244.82579040527344,253.50999450683594,254.52000427246094,251.8800048828125,252.3000030517578,2532900
2024-06-18,242.19895935058594,250.7899932861328,254.35000610351562,249.35000610351562,253.9499969482422,2956300
2024-06-20,245.10585021972656,253.8000030517578,255.69000244140625,249.50999450683594,250.27000427246094,4046500
2024-06-21,250.50437927246094,259.3900146484375,261.4599914550781,255.61000061035156,258.2799987792969,8425800
2024-06-24,251.46046447753906,260.3800048828125,261.3699951171875,257.79998779296875,259.0,3901200
2024-06-25,248.56321716308594,257.3800048828125,260.1300048828125,255.58999633789062,260.1300048828125,3903800
2024-06-26,248.99777221679688,257.8299865722656,258.1700134277344,254.67999267578125,256.6499938964844,2796100
2024-06-27,249.326171875,258.1700134277344,258.8299865722656,256.9700012207031,258.0,2651000
2024-06-28,246.11021423339844,254.83999633789062,259.489990234375,252.86000061035156,257.5400085449219,8958700
2024-07-01,241.4263458251953,249.99000549316406,255.33999633789062,249.72000122070312,254.8300018310547,3817600
2024-07-02,239.3017120361328,247.7899932861328,251.02999877929688,247.41000366210938,249.67999267578125,3944900
2024-07-03,241.43603515625,250.0,250.97999572753906,248.17999267578125,248.5,2026100
2024-07-05,242.48867797851562,251.08999633789062,251.4199981689453,248.80999755859375,251.0,2814300
2024-07-08,239.3596649169922,247.85000610351562,252.5800018310547,247.05999755859375,251.75999450683594,3163900
2024-07-09,237.3992156982422,245.82000732421875,247.39999389648438,243.52999877929688,247.22999572753906,4927300
2024-07-10,241.9092559814453,250.49000549316406,250.55999755859375,245.89999389648438,247.0,4092700
2024-07-11,246.0716094970703,254.8000030517578,255.64999389648438,249.8699951171875,251.22000122070312,5546400
2024-07-12,245.20242309570312,253.89999389648438,256.9200134277344,251.80999755859375,254.25,4543000
2024-07-15,242.91360473632812,251.52999877929688,255.72999572753906,251.19000244140625,253.63999938964844,3393600
2024-07-16,248.4569549560547,257.2699890136719,257.30999755859375,250.10000610351562,251.0,4173000
2024-07-17,252.05921936035156,261.0,262.04998779296875,257.8599853515625,258.9700012207031,3711500
2024-07-18,250.62986755371094,259.5199890136719,262.3299865722656,257.6000061035156,258.0299987792969,3421800
2024-07-19,248.4666290283203,257.2799987792969,260.44000244140625,255.02999877929688,260.3900146484375,3470600
2024-07-22,250.6492156982422,259.5400085449219,259.7900085449219,256.3999938964844,258.29998779296875,2759500
2024-07-23,245.34727478027344,254.0500030517578,260.1400146484375,253.50999450683594,259.67999267578125,2653100
2024-07-24,244.69058227539062,253.3699951171875,254.3300018310547,246.1199951171875,246.32000732421875,5983300
2024-07-25,242.84600830078125,251.4600067138672,256.0899963378906,251.10000610351562,254.19000244140625,3323100
2024-07-26,243.36752319335938,252.0,254.0500030517578,250.75,252.89999389648438,4002900
2024-07-29,252.46482849121094,261.4200134277344,263.92999267578125,250.22999572753906,253.5500030517578,9381000
2024-07-30,257.3128356933594,266.44000244140625,267.3699951171875,260.30999755859375,261.0,4936600
2024-07-31,256.3085021972656,265.3999938964844,267.6700134277344,263.20001220703125,265.4200134277344,4652100
2024-08-01,259.5437316894531,268.75,268.7699890136719,262.3999938964844,266.82000732421875,4936000
2024-08-02,267.2117614746094,276.69000244140625,276.80999755859375,268.79998779296875,269.3999938964844,9585900
2024-08-05,259.2540283203125,268.45001220703125,277.8699951171875,267.67999267578125,274.0400085449219,6794900
2024-08-06,260.8088684082031,270.05999755859375,273.20001220703125,268.0799865722656,269.8599853515625,3369300
2024-08-07,260.1424560546875,269.3699951171875,273.1400146484375,268.5799865722656,269.55999755859375,3540000
2024-08-08,261.900146484375,271.19000244140625,273.6499938964844,268.0799865722656,268.92999267578125,3227200
2024-08-09,258.73248291015625,267.9100036621094,271.70001220703125,266.9599914550781,271.70001220703125,2664900
2024-08-12,260.2294006347656,269.4599914550781,269.5299987792969,265.3299865722656,267.4599914550781,3008100
2024-08-13,261.0502624511719,270.30999755859375,272.0,267.5400085449219,270.30999755859375,2603600
2024-08-14,261.86151123046875,271.1499938964844,271.510009765625,268.5,269.8599853515625,2242100
2024-08-15,265.4541015625,274.8699951171875,275.760009765625,271.8500061035156,272.0,2445200
2024-08-16,268.95001220703125,278.489990234375,279.5,274.70001220703125,274.75,3286000
2024-08-19,277.6996765136719,287.54998779296875,288.32000732421875,281.7200012207031,282.3299865722656,5268800
2024-08-20,275.8454895019531,285.6300048828125,290.2699890136719,285.2099914550781,286.5,3697600
2024-08-21,279.78570556640625,289.7099914550781,289.9700012207031,286.2699890136719,287.1499938964844,2686300
2024-08-22,279.3028259277344,289.2099914550781,290.5,287.54998779296875,289.54998779296875,1746400
2024-08-23,279.60223388671875,289.5199890136719,290.7799987792969,287.1300048828125,290.3800048828125,2145900
2024-08-26,278.7909851074219,288.67999267578125,292.2099914550781,287.8699951171875,289.25,2018500
2024-08-27,279.7181396484375,289.6400146484375,290.29998779296875,288.05999755859375,289.0799865722656,2897600
2024-08-28,277.2168273925781,287.04998779296875,290.9599914550781,285.260009765625,289.95001220703125,2603800
2024-08-29,277.9991149902344,287.8599853515625,289.1099853515625,284.7799987792969,287.7799987792969,1797100
2024-08-30,278.7716979980469,288.6600036621094,288.8800048828125,286.2900085449219,287.55999755859375,2528500
2024-09-03,277.34381103515625,285.5199890136719,288.2099914550781,283.7099914550781,286.3599853515625,2902800
2024-09-04,279.78192138671875,288.0299987792969,288.9700012207031,285.989990234375,286.54998779296875,2558300
2024-09-05,279.7236328125,287.9700012207031,289.54998779296875,286.239990234375,289.0,2412500
2024-09-06,281.2195129394531,289.510009765625,292.19000244140625,287.57000732421875,287.82000732421875,3863600
2024-09-09,282.94854736328125,291.2900085449219,291.739990234375,287.79998779296875,290.0299987792969,3208600
2024-09-10,282.9290771484375,291.2699890136719,296.2300109863281,291.0400085449219,292.80999755859375,2497100
2024-09-11,281.9189147949219,290.2300109863281,291.44000244140625,285.8299865722656,290.8299865722656,2747500
2024-09-12,283.9781799316406,292.3500061035156,292.69000244140625,288.260009765625,290.1700134277344,2274200
2024-09-13,288.03851318359375,296.5299987792969,296.739990234375,292.6199951171875,294.489990234375,2205500
2024-09-16,288.19390869140625,296.69000244140625,300.1099853515625,295.0400085449219,297.4200134277344,2916200
2024-09-17,285.3381042480469,293.75,297.3900146484375,292.1700134277344,297.0,2997400
2024-09-18,283.6673583984375,292.0299987792969,295.1000061035156,290.3699951171875,293.8800048828125,1788200
2024-09-19,285.4352722167969,293.8500061035156,295.0799865722656,290.8999938964844,294.25,2271400
2024-09-20,288.32989501953125,296.8299865722656,298.04998779296875,292.8299865722656,292.94000244140625,5817300
2024-09-23,290.49603271484375,299.05999755859375,300.2200012207031,296.8900146484375,299.0,2312400
2024-09-24,291.67138671875,300.2699890136719,301.45001220703125,297.70001220703125,299.05999755859375,2408100
2024-09-25,291.8656921386719,300.4700012207031,301.79998779296875,298.3999938964844,300.3299865722656,1986200
2024-09-26,294.95458984375,303.6499938964844,304.2900085449219,300.739990234375,301.1499938964844,1971100
2024-09-27,294.99346923828125,303.69000244140625,306.9599914550781,303.5199890136719,303.5199890136719,3402800
2024-09-30,295.78997802734375,304.510009765625,305.0299987792969,302.1000061035156,303.75,2286500
2024-10-01,294.3038330078125,302.9800109863281,305.2300109863281,302.25,304.510009765625,3036200
2024-10-02,295.0614929199219,303.760009765625,304.0799865722656,299.5799865722656,300.5799865722656,2352400
2024-10-03,294.7603454589844,303.45001220703125,304.0199890136719,301.260009765625,303.5,1802500
2024-10-04,295.0614929199219,303.760009765625,305.8900146484375,301.3800048828125,303.04998779296875,2432400
2024-10-07,292.23480224609375,300.8500061035156,305.1199951171875,300.0,303.760009765625,2091800
2024-10-08,293.25469970703125,301.8999938964844,303.3500061035156,300.3599853515625,302.6400146484375,2038300
2024-10-09,295.1294250488281,303.8299865722656,305.010009765625,301.9599914550781,302.94000244140625,1854100
2024-10-10,295.33343505859375,304.0400085449219,305.75,302.92999267578125,304.0299987792969,1739500
2024-10-11,296.3048400878906,305.0400085449219,305.5,302.9700012207031,304.4200134277344,1775600
2024-10-14,300.9673156738281,309.8399963378906,310.4200134277344,304.5,305.1499938964844,2376300
2024-10-15,304.36712646484375,313.3399963378906,315.3599853515625,311.010009765625,312.0,3067100
2024-10-16,303.9591369628906,312.9200134277344,313.7300109863281,310.1099853515625,313.32000732421875,1821300
2024-10-17,305.6882019042969,314.70001220703125,315.04998779296875,312.4800109863281,313.9800109863281,3095200
2024-10-18,307.4949035644531,316.55999755859375,317.17999267578125,314.2300109863281,315.57000732421875,2531200
2024-10-21,305.8727722167969,314.8900146484375,317.8999938964844,314.4100036621094,317.1300048828125,2404100
2024-10-22,305.6784973144531,314.69000244140625,315.739990234375,313.29998779296875,314.0899963378906,5889100
2024-10-23,290.0201110839844,298.57000732421875,301.6000061035156,290.8299865722656,292.7699890136719,18792000
2024-10-24,292.9438781738281,301.5799865722656,302.3900146484375,298.2799987792969,299.1199951171875,5522600
2024-10-25,284.230712890625,292.6099853515625,301.6000061035156,292.20001220703125,301.0,8863200
2024-10-28,288.29107666015625,296.7900085449219,299.9200134277344,296.5400085449219,299.20001220703125,6656000
2024-10-29,286.55230712890625,295.0,302.70001220703125,295.0,297.6000061035156,9048900
2024-10-30,283.1719665527344,291.5199890136719,295.3699951171875,289.8399963378906,294.5,4924000
2024-10-31,283.7450866699219,292.1099853515625,294.3800048828125,291.1700134277344,292.25,4277400
2024-11-01,286.75628662109375,295.2099914550781,296.8800048828125,293.2799987792969,294.510009765625,4131800
2024-11-04,284.4638977050781,292.8500061035156,294.9599914550781,291.79998779296875,294.739990234375,2583100
2024-11-05,288.8058776855469,297.32000732421875,297.3800048828125,292.55999755859375,293.75,3032100
2024-11-06,285.5809631347656,294.0,300.3299865722656,292.7200012207031,300.2799987792969,4646400
2024-11-07,286.2220764160156,294.6600036621094,296.5400085449219,293.80999755859375,294.8399963378906,3357400
2024-11-08,290.4085998535156,298.9700012207031,301.8299865722656,295.25,295.6000061035156,3279100
2024-11-11,292.8952941894531,301.5299987792969,303.80999755859375,300.0199890136719,300.489990234375,2872400
2024-11-12,290.0977783203125,298.6499938964844,301.3999938964844,297.5199890136719,300.1400146484375,2452900
2024-11-13,288.8349914550781,297.3500061035156,299.1300048828125,295.2200012207031,298.8999938964844,2327100
2024-11-14,290.0103759765625,298.55999755859375,300.1099853515625,296.5899963378906,298.0,1932600
2024-11-15,284.25018310546875,292.6300048828125,299.5,289.7200012207031,297.7200012207031,4039400
2024-11-18,282.7640075683594,291.1000061035156,295.44000244140625,290.7900085449219,293.010009765625,2865000
2024-11-19,282.40460205078125,290.7300109863281,292.07000732421875,287.6000061035156,290.0,2353300
2024-11-20,282.5794677734375,290.9100036621094,291.32000732421875,288.260009765625,290.6199951171875,2524600
2024-11-21,280.2093200683594,288.4700012207031,288.6000061035156,283.4599914550781,285.0,4475700
2024-11-22,281.9674377441406,290.2799987792969,290.6000061035156,288.1400146484375,288.4700012207031,2879100
2024-11-25,287.7082214355469,296.19000244140625,296.6099853515625,291.7699890136719,291.7699890136719,5021800
2024-11-26,287.8442077636719,296.3299865722656,297.2799987792969,294.8299865722656,297.0,2254200
2024-11-27,286.6300048828125,295.0799865722656,299.5,294.9800109863281,297.0,2240300
2024-11-29,287.53338623046875,296.010009765625,297.04998779296875,294.0199890136719,294.1600036621094,1655900
2024-12-02,285.7744445800781,292.44000244140625,294.2300109863281,290.94000244140625,293.5,3149900
2024-12-03,287.7875061035156,294.5,294.8500061035156,290.2900085449219,292.32000732421875,3031000
2024-12-04,288.364013671875,295.0899963378906,296.0400085449219,291.82000732421875,292.2799987792969,3742500
2024-12-05,292.6441955566406,299.4700012207031,299.739990234375,294.92999267578125,295.5400085449219,2594800
2024-12-06,292.1653747558594,298.9800109863281,303.79998779296875,298.6099853515625,300.55999755859375,4158700
2024-12-09,294.5008544921875,301.3699951171875,302.6199951171875,297.0899963378906,297.5799865722656,2391600
2024-12-10,293.8559265136719,300.7099914550781,302.82000732421875,295.8399963378906,300.1300048828125,3523000
2024-12-11,289.35101318359375,296.1000061035156,301.8999938964844,295.9700012207031,301.3399963378906,3037600
2024-12-12,289.86895751953125,296.6300048828125,298.54998779296875,295.0899963378906,296.20001220703125,2040700
2024-12-13,289.839599609375,296.6000061035156,299.20001220703125,295.42999267578125,296.2900085449219,2547600
2024-12-16,290.92431640625,297.7099914550781,302.1199951171875,297.1700134277344,297.17999267578125,3179900
2024-12-17,289.3314514160156,296.0799865722656,300.0,294.82000732421875,297.6199951171875,3295800
2024-12-18,284.2499694824219,290.8800048828125,298.9800109863281,290.6700134277344,295.0199890136719,3800900
2024-12-19,283.6148376464844,290.2300109863281,292.8599853515625,288.8500061035156,290.8800048828125,3438500
2024-12-20,286.0089111328125,292.67999267578125,296.1000061035156,289.29998779296875,289.5199890136719,7678000
2024-12-23,284.6506652832031,291.2900085449219,293.1000061035156,289.7300109863281,292.260009765625,2492200
2024-12-24,287.2890930175781,293.989990234375,294.2699890136719,290.7900085449219,291.2799987792969,1461000
2024-12-26,288.0805969238281,294.79998779296875,295.44000244140625,292.6000061035156,293.0,1433900
2024-12-27,286.927490234375,293.6199951171875,296.4800109863281,292.739990234375,293.3399963378906,1617200
2024-12-30,282.9991455078125,289.6000061035156,291.4700012207031,289.0,291.4700012207031,1936700
2024-12-31,283.2825622558594,289.8900146484375,291.239990234375,288.5799865722656,290.0799865722656,1915600
2025-01-02,285.84283447265625,292.510009765625,295.760009765625,290.25,290.95001220703125,3117000
2025-01-03,288.06109619140625,294.7799987792969,294.9599914550781,290.70001220703125,292.8299865722656,2240100
2025-01-06,285.5203552246094,292.17999267578125,295.6000061035156,291.739990234375,293.2799987792969,2838900
2025-01-07,282.7450866699219,289.3399963378906,294.92999267578125,288.2799987792969,293.7799987792969,3419500
2025-01-08,280.3607177734375,286.8999938964844,289.1400146484375,286.54998779296875,288.9700012207031,2724200
2025-01-10,275.87530517578125,282.30999755859375,287.7699890136719,281.7799987792969,287.5,3946000
2025-01-13,277.16522216796875,283.6300048828125,284.5,280.3500061035156,282.94000244140625,3394300
2025-01-14,275.1619567871094,281.5799865722656,285.3500061035156,279.3800048828125,285.0199890136719,2238900
2025-01-15,275.8655090332031,282.29998779296875,284.6499938964844,280.6099853515625,284.3299865722656,2867800
2025-01-16,273.3638610839844,279.739990234375,280.95001220703125,276.5299987792969,280.239990234375,3403700
2025-01-17,274.5462951660156,280.95001220703125,284.0799865722656,280.0,280.9800109863281,3312800
2025-01-21,276.16845703125,282.6099853515625,282.8999938964844,278.7300109863281,280.760009765625,3858600
2025-01-22,274.9372253417969,281.3500061035156,283.5299987792969,280.3999938964844,283.29998779296875,3660600
2025-01-23,277.94696044921875,284.42999267578125,285.0,280.6499938964844,280.75,2279400
2025-01-24,278.9534912109375,285.4599914550781,286.8500061035156,283.2799987792969,284.510009765625,2523000
2025-01-27,286.4096374511719,293.0899963378906,293.42999267578125,285.80999755859375,286.6099853515625,4343000
2025-01-28,284.5138244628906,291.1499938964844,294.489990234375,290.0,292.3999938964844,3180100
2025-01-29,283.4975280761719,290.1099853515625,293.1400146484375,290.0,291.3800048828125,2358300
2025-01-30,283.7027587890625,290.32000732421875,292.0799865722656,289.3599853515625,290.9100036621094,2125200
2025-01-31,282.11968994140625,288.70001220703125,291.25,287.3500061035156,289.8299865722656,2556500
2025-02-03,283.43890380859375,290.04998779296875,290.8999938964844,284.19000244140625,287.0199890136719,3048800
2025-02-04,283.165283203125,289.7699890136719,290.6400146484375,288.3699951171875,289.760009765625,2976900
2025-02-05,282.2467041015625,288.8299865722656,290.2699890136719,286.3399963378906,290.0,2362900
2025-02-06,287.6506652832031,294.3599853515625,297.1499938964844,290.32000732421875,291.5899963378906,3590000
2025-02-07,287.592041015625,294.29998779296875,296.8500061035156,293.82000732421875,294.3599853515625,2858000
2025-02-10,301.3902282714844,308.4200134277344,310.2799987792969,301.510009765625,302.2699890136719,8052000
2025-02-11,303.1393737792969,310.2099914550781,311.5899963378906,306.1700134277344,307.3699951171875,4180400
2025-02-12,300.5888671875,307.6000061035156,310.0899963378906,305.7699890136719,309.5799865722656,3110200
2025-02-13,302.9537048339844,310.0199890136719,311.5299987792969,305.6300048828125,307.5,3096800
2025-02-14,301.5172119140625,308.54998779296875,311.0,307.7799987792969,310.20001220703125,2674400
2025-02-18,297.88201904296875,304.8299865722656,307.3500061035156,303.5400085449219,307.3500061035156,3367800
2025-02-19,295.057861328125,301.94000244140625,303.7900085449219,299.510009765625,303.32000732421875,2990700
2025-02-20,296.142578125,303.04998779296875,303.1300048828125,298.1499938964844,300.8299865722656,3020000
2025-02-21,297.86248779296875,304.80999755859375,305.9599914550781,301.5899963378906,303.9200134277344,3036700
2025-02-24,300.5595703125,307.57000732421875,310.44000244140625,304.1199951171875,305.0,3397600
2025-02-25,303.63775634765625,310.7200012207031,311.7099914550781,307.989990234375,309.17999267578125,3891600
2025-02-26,297.3347473144531,304.2699890136719,314.54998779296875,303.67999267578125,311.70001220703125,4140900
2025-02-27,302.8853454589844,309.95001220703125,311.7799987792969,304.2200012207031,305.19000244140625,3350400
2025-02-28,301.3022155761719,308.3299865722656,308.5199890136719,303.8800048828125,307.6099853515625,4972900
2025-03-03,299.0711975097656,304.2900085449219,309.489990234375,302.42999267578125,308.1099853515625,4371300
2025-03-04,300.5257568359375,305.7699890136719,312.92999267578125,304.5899963378906,304.5899963378906,3954500
2025-03-05,302.1769714355469,307.45001220703125,308.4599914550781,303.3699951171875,304.0,2327500
2025-03-06,305.046875,310.3699951171875,311.3500061035156,304.3800048828125,307.79998779296875,2954900
2025-03-07,315.77960205078125,321.2900085449219,323.1700134277344,310.3500061035156,310.82000732421875,7607600
2025-03-10,311.8088684082031,317.25,326.32000732421875,315.739990234375,320.0899963378906,4707600
2025-03-11,301.4988098144531,306.760009765625,317.70001220703125,306.30999755859375,317.6199951171875,4513100
2025-03-12,294.2650146484375,299.3999938964844,306.42999267578125,296.3500061035156,303.69000244140625,4546200
2025-03-13,292.39764404296875,297.5,303.4599914550781,297.2699890136719,300.42999267578125,4178600
2025-03-14,294.6876525878906,299.8299865722656,300.6700134277344,295.7099914550781,296.9700012207031,2696800
2025-03-17,298.75665283203125,303.9700012207031,305.2300109863281,300.0299987792969,301.29998779296875,2758400
2025-03-18,298.39300537109375,303.6000061035156,304.9700012207031,302.2699890136719,304.9700012207031,2435400
2025-03-19,301.65606689453125,306.9200134277344,308.0799865722656,303.6300048828125,303.989990234375,2812200
2025-03-20,301.73468017578125,307.0,309.6600036621094,305.510009765625,308.0299987792969,2723500
2025-03-21,300.201416015625,305.44000244140625,307.0,301.6400146484375,306.3900146484375,6016100
2025-03-24,300.427490234375,305.6700134277344,307.95001220703125,304.5299987792969,306.29998779296875,3443400
2025-03-25,301.65606689453125,306.9200134277344,308.6600036621094,304.0299987792969,306.92999267578125,2657100
2025-03-26,308.2018127441406,313.5799865722656,314.05999755859375,307.7900085449219,307.8999938964844,2624400
2025-03-27,307.32708740234375,312.69000244140625,316.6400146484375,310.67999267578125,315.1600036621094,3119500
2025-03-28,301.8231506347656,307.0899963378906,310.0,305.989990234375,309.0,3211600
2025-03-31,307.0126037597656,312.3699951171875,313.20001220703125,304.44000244140625,305.0,4418800
2025-04-01,308.2509765625,313.6300048828125,314.7799987792969,310.95001220703125,313.0799865722656,2411200
2025-04-02,306.2361145019531,311.5799865722656,313.92999267578125,309.8299865722656,312.7099914550781,2776800
2025-04-03,312.8114013671875,318.2699890136719,319.7200012207031,311.29998779296875,311.3800048828125,7023900
2025-04-04,294.96282958984375,300.1099853515625,314.9599914550781,299.29998779296875,314.57000732421875,8831100
2025-04-07,294.74664306640625,299.8900146484375,304.8800048828125,290.5,292.6000061035156,7725900
2025-04-08,294.6876525878906,299.8299865722656,308.25,294.9200134277344,303.7799987792969,5562500
2025-04-09,298.746826171875,303.9599914550781,311.6499938964844,296.7099914550781,297.4100036621094,8265700
2025-04-10,301.5184631347656,306.7799987792969,307.6300048828125,296.9200134277344,301.3399963378906,6049500
2025-04-11,304.5849609375,309.8999938964844,310.8900146484375,303.9599914550781,306.4700012207031,4439900
2025-04-14,310.6491394042969,316.07000732421875,318.20001220703125,311.1300048828125,312.42999267578125,4068300
2025-04-15,307.1207275390625,312.4800109863281,317.20001220703125,311.8399963378906,316.1300048828125,2901200
2025-04-16,303.7986755371094,309.1000061035156,314.2900085449219,307.3699951171875,313.57000732421875,3098900
2025-04-17,305.9609375,311.29998779296875,312.989990234375,307.1300048828125,309.2200012207031,2728500
2025-04-21,303.4251708984375,308.7200012207031,311.2799987792969,305.1199951171875,311.0,2669900
2025-04-22,313.60748291015625,319.0799865722656,320.0,311.19000244140625,311.760009765625,4200700
2025-04-23,313.017822265625,318.4800109863281,319.8999938964844,314.7900085449219,318.5,3210100
2025-04-24,310.7965393066406,316.2200012207031,318.8900146484375,313.5299987792969,318.42999267578125,2479500
2025-04-25,311.3076171875,316.739990234375,321.7799987792969,315.0299987792969,316.5,2282900
2025-04-28,311.37646484375,316.80999755859375,318.0199890136719,314.25,317.70001220703125,2578300
2025-04-29,309.1060791015625,314.5,316.7300109863281,313.0,316.05999755859375,3164500
2025-04-30,314.167724609375,319.6499938964844,321.0,313.1000061035156,316.7900085449219,5564600
2025-05-01,308.2608337402344,313.6400146484375,319.25,311.6000061035156,313.1499938964844,5186900
2025-05-02,306.609619140625,311.9599914550781,315.9700012207031,310.67999267578125,313.54998779296875,3994600
2025-05-05,310.30511474609375,315.7200012207031,317.3999938964844,310.70001220703125,313.0,3534100
2025-05-06,311.35675048828125,316.7900085449219,317.239990234375,312.8699951171875,315.1099853515625,2691700
2025-05-07,312.673828125,318.1300048828125,319.239990234375,316.1199951171875,316.4800109863281,2725900
2025-05-08,308.1133728027344,313.489990234375,319.6600036621094,313.17999267578125,318.0799865722656,2131500
2025-05-09,308.30010986328125,313.67999267578125,314.25,311.1700134277344,312.8999938964844,1917800
2025-05-12,306.5703125,311.9200134277344,312.17999267578125,305.010009765625,312.010009765625,4137900
2025-05-13,303.3957214355469,308.69000244140625,312.1700134277344,308.45001220703125,311.6499938964844,3018600
2025-05-14,302.2261047363281,307.5,308.9100036621094,305.69000244140625,308.239990234375,2656600
2025-05-15,309.0863952636719,314.4800109863281,315.1300048828125,307.79998779296875,307.79998779296875,2928500
2025-05-16,313.14556884765625,318.6099853515625,318.6600036621094,313.3699951171875,314.3699951171875,2636900
2025-05-19,315.72064208984375,321.2300109863281,321.6099853515625,318.0299987792969,318.1099853515625,2748600
2025-05-20,314.31512451171875,319.79998779296875,321.7200012207031,318.8500061035156,321.2200012207031,2035000
2025-05-21,311.0127868652344,316.44000244140625,318.6700134277344,315.1700134277344,317.5199890136719,2386700
2025-05-22,308.9192810058594,314.30999755859375,316.6199951171875,312.6300048828125,316.1199951171875,2642000
2025-05-23,309.17486572265625,314.57000732421875,315.6499938964844,313.0299987792969,315.07000732421875,2701500
2025-05-27,309.54833984375,314.95001220703125,315.6199951171875,312.1600036621094,314.510009765625,2526700
2025-05-28,307.4745178222656,312.8399963378906,315.6499938964844,312.19000244140625,314.95001220703125,1935600
2025-05-29,306.5113220214844,311.8599853515625,313.5,310.0400085449219,312.3699951171875,2248800
2025-05-30,308.4671936035156,313.8500061035156,315.2900085449219,310.5799865722656,312.0,4062900
2025-06-02,309.06024169921875,312.67999267578125,313.25,309.3900146484375,310.7300109863281,2577000
2025-06-03,308.77362060546875,312.3900146484375,314.3900146484375,309.1499938964844,311.8399963378906,3028100
2025-06-04,307.9631042480469,311.57000732421875,314.25,309.4800109863281,313.0,2069500
2025-06-05,305.403076171875,308.9800109863281,312.0,307.7699890136719,312.0,3813500
2025-06-06,303.80181884765625,307.3599853515625,309.8599853515625,306.80999755859375,307.1499938964844,2622800
2025-06-09,301.251708984375,304.7799987792969,305.2300109863281,299.8500061035156,303.7300109863281,4059800
2025-06-10,296.9520568847656,300.42999267578125,302.4100036621094,299.45001220703125,300.010009765625,4698700
2025-06-11,298.22711181640625,301.7200012207031,303.20001220703125,297.19000244140625,300.20001220703125,3312100
2025-06-12,299.6504821777344,303.1600036621094,303.17999267578125,300.07000732421875,301.6700134277344,2584700
2025-06-13,298.4149475097656,301.9100036621094,305.1099853515625,301.1499938964844,301.80999755859375,2435500
2025-06-16,292.8600158691406,296.2900085449219,304.0,295.75,303.1400146484375,4045700
2025-06-17,288.9260559082031,292.30999755859375,296.010009765625,291.7900085449219,296.0,3379000
2025-06-18,286.277099609375,289.6300048828125,293.1099853515625,288.6000061035156,293.0,4008700
2025-06-20,284.1322021484375,287.4599914550781,290.6099853515625,285.57000732421875,289.7699890136719,7085000
2025-06-23,286.1683654785156,289.5199890136719,289.5199890136719,285.8699951171875,288.5199890136719,5172500
2025-06-24,288.0957946777344,291.4700012207031,292.1000061035156,288.5799865722656,289.6199951171875,4461200
2025-06-25,282.2442932128906,285.54998779296875,291.0799865722656,284.30999755859375,290.8599853515625,4259800
2025-06-26,282.3233947753906,285.6300048828125,286.7900085449219,283.4700012207031,285.95001220703125,5354900
2025-06-27,288.1748352050781,291.54998779296875,292.19000244140625,285.239990234375,286.010009765625,7422200
2025-06-30,288.7877197265625,292.1700134277344,293.5799865722656,290.8800048828125,290.8800048828125,5054800
2025-07-01,294.0461120605469,297.489990234375,299.6499938964844,292.3500061035156,292.5,5121900
2025-07-02,291.2192077636719,294.6300048828125,298.0799865722656,292.6000061035156,298.0799865722656,4021500
2025-07-03,290.675537109375,294.0799865722656,294.8299865722656,292.6099853515625,294.6700134277344,1678600
2025-07-07,290.1319274902344,293.5299987792969,295.67999267578125,292.489990234375,294.1199951171875,3404300
2025-07-08,288.2934875488281,291.6700134277344,293.0199890136719,290.260009765625,293.010009765625,3123600
2025-07-09,289.6278076171875,293.0199890136719,293.82000732421875,291.3399963378906,292.25,3265800
2025-07-10,294.9356994628906,298.3900146484375,300.7799987792969,295.0199890136719,296.29998779296875,5366800
2025-07-11,296.4380798339844,299.9100036621094,302.739990234375,297.2900085449219,298.1400146484375,4524100
2025-07-14,298.3852844238281,301.8800048828125,302.07000732421875,294.8299865722656,299.17999267578125,5707500
2025-07-15,296.1514587402344,299.6199951171875,302.7900085449219,299.239990234375,301.29998779296875,2937600
2025-07-16,295.4397888183594,298.8999938964844,300.4800109863281,296.2099914550781,299.7799987792969,2804700
2025-07-17,296.89276123046875,300.3699951171875,302.45001220703125,298.4200134277344,299.7699890136719,3134300
2025-07-18,293.6309509277344,297.07000732421875,300.3999938964844,296.42999267578125,299.739990234375,3481300
2025-07-21,292.31634521484375,295.739990234375,298.79998779296875,295.2799987792969,298.1099853515625,3037500
2025-07-22,295.7066650390625,299.1700134277344,300.1000061035156,295.04998779296875,295.8599853515625,2672000
2025-07-23,294.6687927246094,298.1199951171875,299.8800048828125,296.9200134277344,299.489990234375,2467600
2025-07-24,291.0709533691406,294.4800109863281,297.4599914550781,294.4100036621094,296.9100036621094,4426000
2025-07-25,295.0147399902344,298.4700012207031,298.6400146484375,294.8999938964844,296.80999755859375,3401000
2025-07-28,295.7560729980469,299.2200012207031,299.9100036621094,294.989990234375,297.05999755859375,3070500
2025-07-29,299.1661376953125,302.6700134277344,302.8299865722656,298.29998779296875,298.95001220703125,3147700
2025-07-30,300.09521484375,303.6099853515625,305.42999267578125,301.0799865722656,302.57000732421875,2805900
2025-07-31,296.5962219238281,300.07000732421875,303.4700012207031,300.0,301.0199890136719,3639600
2025-08-01,299.38360595703125,302.8900146484375,303.70001220703125,301.3800048828125,303.5,3344800
2025-08-04,300.7080993652344,304.2300109863281,306.3500061035156,300.5299987792969,300.5299987792969,4734500
2025-08-05,295.311279296875,298.7699890136719,304.6000061035156,298.3699951171875,303.0,4222900
2025-08-06,304.0983581542969,307.6600036621094,310.3999938964844,301.739990234375,307.0,6474300
2025-08-07,304.345458984375,307.9100036621094,310.1700134277344,304.3500061035156,309.1600036621094,3603300
2025-08-08,301.9139404296875,305.45001220703125,308.54998779296875,303.8900146484375,307.0,2622000
2025-08-11,300.8365478515625,304.3599853515625,307.29998779296875,303.7799987792969,305.5,2649000
2025-08-12,298.1480712890625,301.6400146484375,305.5,299.8900146484375,305.1700134277344,3438300
2025-08-13,301.538330078125,305.07000732421875,305.30999755859375,301.3999938964844,301.70001220703125,2999100
2025-08-14,305.3734436035156,308.95001220703125,309.2900085449219,302.70001220703125,305.5,4699400
2025-08-15,305.3536376953125,308.92999267578125,310.1600036621094,306.5,310.1600036621094,3416600
2025-08-18,305.1263427734375,308.70001220703125,309.9800109863281,306.55999755859375,308.3699951171875,3272600
2025-08-19,307.3304748535156,310.92999267578125,314.2200012207031,308.45001220703125,308.70001220703125,2893600
2025-08-20,309.45562744140625,313.0799865722656,316.1499938964844,312.3900146484375,313.6700134277344,3879900
2025-08-21,309.593994140625,313.2200012207031,313.6000061035156,311.1700134277344,311.8699951171875,2282200
2025-08-22,310.4341735839844,314.07000732421875,316.79998779296875,313.1499938964844,314.6300048828125,2796700
2025-08-25,309.81146240234375,313.44000244140625,315.54998779296875,311.95001220703125,313.7300109863281,2944300
2025-08-26,309.3172607421875,312.94000244140625,315.1199951171875,312.29998779296875,313.42999267578125,2807600
2025-08-27,307.82470703125,311.42999267578125,315.7200012207031,311.3399963378906,313.3599853515625,3234400
2025-08-28,308.6055908203125,312.2200012207031,312.5199890136719,309.3500061035156,311.1199951171875,3471700
2025-08-29,309.9103088378906,313.5400085449219,313.8999938964844,311.42999267578125,312.2300109863281,2492500
2025-09-02,313.8764953613281,315.760009765625,316.1300048828125,312.3299865722656,313.04998779296875,3228700
2025-09-03,314.50274658203125,316.3900146484375,316.8699951171875,312.9800109863281,315.0199890136719,3219500
2025-09-04,315.0991516113281,316.989990234375,319.42999267578125,316.4800109863281,317.82000732421875,2881300
2025-09-05,312.5047302246094,314.3800048828125,318.0400085449219,313.2699890136719,317.3699951171875,2533100
2025-09-08,310.93414306640625,312.79998779296875,313.0799865722656,309.760009765625,312.82000732421875,2873600
2025-09-09,310.65582275390625,312.5199890136719,313.70001220703125,310.7300109863281,311.2099914550781,2310800
2025-09-10,304.1150817871094,305.94000244140625,312.0899963378906,304.6099853515625,312.0899963378906,3479500
2025-09-11,306.5902099609375,308.42999267578125,308.94000244140625,305.25,306.2300109863281,2761500
2025-09-12,303.5782775878906,305.3999938964844,308.510009765625,305.25,307.6199951171875,2072600
2025-09-15,300.2681579589844,302.07000732421875,305.7099914550781,300.510009765625,305.1400146484375,3584500
2025-09-16,301.48089599609375,303.2900085449219,306.0,302.70001220703125,303.5,3578500
2025-09-17,303.1508483886719,304.9700012207031,306.5799865722656,303.9100036621094,304.8999938964844,2681600
2025-09-18,299.3437194824219,301.1400146484375,302.69000244140625,297.8800048828125,301.4700012207031,4654100
2025-09-19,300.5763244628906,302.3800048828125,304.79998779296875,300.75,301.70001220703125,5696900
2025-09-22,301.1826477050781,302.989990234375,304.25,300.4200134277344,302.32000732421875,3657900
2025-09-23,301.3814697265625,303.19000244140625,304.45001220703125,300.32000732421875,303.739990234375,2976900
2025-09-24,302.5146484375,304.3299865722656,305.9800109863281,302.010009765625,302.489990234375,2427300
2025-09-25,300.49676513671875,302.29998779296875,306.3299865722656,301.95001220703125,305.8800048828125,2558400
2025-09-26,303.41925048828125,305.239990234375,305.7799987792969,302.010009765625,303.3699951171875,2284700
2025-09-29,301.1826477050781,302.989990234375,306.1099853515625,301.8500061035156,305.8800048828125,3073800
2025-09-30,302.0773010253906,303.8900146484375,304.4800109863281,302.0,302.75,2640100
2025-10-01,298.7273864746094,300.5199890136719,304.7699890136719,298.29998779296875,303.260009765625,3055300
2025-10-02,298.0912170410156,299.8800048828125,302.3800048828125,298.95001220703125,299.6000061035156,2690400
2025-10-03,299.1846618652344,300.9800109863281,301.3900146484375,298.6600036621094,298.8999938964844,2599100
2025-10-06,294.2741394042969,296.0400085449219,299.6499938964844,294.9100036621094,299.0400085449219,3814200
2025-10-07,294.5524597167969,296.32000732421875,298.07000732421875,294.1300048828125,295.0,2515700
2025-10-08,292.6438903808594,294.3999938964844,296.6600036621094,293.42999267578125,296.3800048828125,2464600
2025-10-09,292.05743408203125,293.80999755859375,295.1199951171875,292.0400085449219,293.6499938964844,2802700
2025-10-10,295.23834228515625,297.010009765625,297.95001220703125,292.8900146484375,294.70001220703125,4016200
2025-10-13,298.31982421875,300.1099853515625,300.4200134277344,294.0,294.6000061035156,3369300
2025-10-14,302.7432861328125,304.55999755859375,305.5199890136719,300.1099853515625,300.1600036621094,2992800
2025-10-15,303.42919921875,305.25,309.1000061035156,303.6300048828125,303.6300048828125,2522100
2025-10-16,303.5086975097656,305.3299865722656,307.2799987792969,304.7099914550781,305.7900085449219,2021600
2025-10-17,306.2522277832031,308.0899963378906,308.3299865722656,306.30999755859375,306.79998779296875,2194200
2025-10-20,305.93414306640625,307.7699890136719,308.70001220703125,305.8399963378906,307.95001220703125,2329600
2025-10-21,305.6459045410156,307.4800109863281,308.54998779296875,306.3900146484375,308.54998779296875,2461100
2025-10-22,308.26019287109375,310.1099853515625,312.7900085449219,307.1499938964844,308.2200012207031,2735700
2025-10-23,305.138916015625,306.9700012207031,311.9700012207031,306.2200012207031,311.9700012207031,2081500
2025-10-24,303.9659729003906,305.7900085449219,307.70001220703125,305.0199890136719,307.6300048828125,1994500
2025-10-27,308.1508483886719,310.0,310.0899963378906,305.3399963378906,305.8999938964844,2139700
2025-10-28,304.57232666015625,306.3999938964844,310.5799865722656,306.3299865722656,308.5400085449219,2336500
2025-10-29,300.5464782714844,302.3500061035156,304.7799987792969,301.2200012207031,304.70001220703125,2502300
2025-10-30,300.6260070800781,302.42999267578125,304.3900146484375,300.1000061035156,300.5,3128400
2025-10-31,296.6498718261719,298.42999267578125,300.7099914550781,297.0,300.0,3582700
2025-11-03,294.6021423339844,296.3699951171875,297.9200134277344,294.44000244140625,297.6700134277344,3899300
2025-11-04,297.4252014160156,299.2099914550781,299.75,296.4200134277344,298.2099914550781,4151300
2025-11-05,303.8466796875,305.6700134277344,310.1700134277344,299.2099914550781,299.55999755859375,6070300
2025-11-06,296.6300048828125,298.4100036621094,306.4100036621094,297.510009765625,304.260009765625,3544900
2025-11-07,297.8725280761719,299.6600036621094,302.54998779296875,298.3299865722656,300.3399963378906,3250100
2025-11-10,297.3158874511719,299.1000061035156,300.0199890136719,296.0400085449219,299.0,3824300
2025-11-11,304.999755859375,306.8299865722656,307.2900085449219,300.8500061035156,300.8599853515625,2755800
2025-11-12,305.1091003417969,306.94000244140625,309.0899963378906,305.7799987792969,306.7799987792969,2818600
2025-11-13,305.7452697753906,307.5799865722656,310.1000061035156,306.5,307.29998779296875,2294300
2025-11-14,305.1985778808594,307.0299987792969,310.75,303.3299865722656,308.45001220703125,3112500
2025-11-17,303.0812683105469,304.8999938964844,307.70001220703125,304.1000061035156,307.1700134277344,2435700
2025-11-18,302.77313232421875,304.5899963378906,308.44000244140625,304.1600036621094,305.67999267578125,2773800
2025-11-19,300.93414306640625,302.739990234375,304.8399963378906,302.0400085449219,304.5899963378906,2008300
2025-11-20,302.345703125,304.1600036621094,305.6400146484375,301.8699951171875,302.45001220703125,4205100
2025-11-21,307.5047302246094,309.3500061035156,310.5400085449219,306.1600036621094,306.2699890136719,3348900
2025-11-24,303.0812683105469,304.8999938964844,310.3399963378906,304.0299987792969,308.989990234375,3687300
2025-11-25,308.5981750488281,310.45001220703125,311.4599914550781,306.75,306.75,4189600
2025-11-26,310.5365295410156,312.3999938964844,312.8699951171875,309.7200012207031,311.57000732421875,2786600
2025-11-28,309.9599914550781,311.82000732421875,313.29998779296875,310.69000244140625,312.3699951171875,1850700
2025-12-01,303.57000732421875,303.57000732421875,309.5,303.3699951171875,309.4800109863281,3354100
