Price,Adj Close,Close,High,Low,Open,Volume
Ticker,CTSH,CTSH,CTSH,CTSH,CTSH,CTSH
Date,,,,,,
2000-01-03,1.7731109857559204,2.0,2.3125,1.7291669845581055,2.296875,3955200
2000-01-04,1.7130844593048096,1.9322919845581055,2.0442709922790527,1.8567709922790527,1.9596350193023682,2971200
2000-01-05,1.807742714881897,2.039062976837158,2.039062976837158,1.6875,1.8671879768371582,2836800
2000-01-06,1.7153929471969604,1.9348959922790527,2.0416669845581055,1.9348959922790527,2.03125,1147200
2000-01-07,1.736170768737793,1.9583330154418945,1.9583330154418945,1.7916669845581055,1.9192709922790527,1324800
2000-01-10,1.7696481943130493,1.996093988418579,2.2213540077209473,1.9791669845581055,2.0625,2788800
2000-01-11,1.7511779069900513,1.9752600193023682,2.0989580154418945,1.953125,2.0,2064000
2000-01-12,1.6761441230773926,1.890625,1.9765629768371582,1.8372399806976318,1.9674479961395264,691200
2000-01-13,1.736170768737793,1.9583330154418945,1.9583330154418945,1.8828129768371582,1.9036459922790527,907200
2000-01-14,1.6853792667388916,1.9010419845581055,2.071614980697632,1.875,2.0416669845581055,1396800
2000-01-18,1.5029890537261963,1.6953129768371582,1.96875,1.6666669845581055,1.8854169845581055,2304000
2000-01-19,1.6230429410934448,1.8307290077209473,1.890625,1.6848959922790527,1.6953129768371582,1411200
2000-01-20,1.5687881708145142,1.769531011581421,1.9583330154418945,1.7447919845581055,1.875,2294400
2000-01-21,1.5145318508148193,1.7083330154418945,1.7838540077209473,1.6588540077209473,1.7486979961395264,2030400
2000-01-24,1.6207345724105835,1.828125,1.875,1.6822919845581055,1.6822919845581055,2832000
2000-01-25,1.6576743125915527,1.8697919845581055,1.875,1.7890629768371582,1.832031011581421,916800
2000-01-26,1.6807609796524048,1.8958330154418945,2.1197919845581055,1.8684899806976318,1.875,2577600
2000-01-27,1.6807609796524048,1.8958330154418945,2.0260419845581055,1.8958330154418945,1.9466149806976318,912000
2000-01-28,1.6553659439086914,1.8671879768371582,1.96875,1.8567709922790527,1.96875,297600
2000-01-31,1.3898603916168213,1.5677080154418945,1.9375,1.5208330154418945,1.8268229961395264,5491200
2000-02-01,1.6253516674041748,1.8333330154418945,1.875,1.5833330154418945,1.6536459922790527,3057600
2000-02-02,1.6992316246032715,1.9166669845581055,1.9583330154418945,1.84375,1.8958330154418945,1252800
2000-02-03,1.7223187685012817,1.9427080154418945,1.9791669845581055,1.84375,1.9244790077209473,1987200
2000-02-04,1.7869635820388794,2.015625,2.0364580154418945,1.9401040077209473,2.0364580154418945,1099200
2000-02-07,2.006293773651123,2.2630209922790527,2.2708330154418945,2.0130209922790527,2.0130209922790527,5011200
2000-02-08,2.2833423614501953,2.5755209922790527,2.679687976837158,2.3385419845581055,2.462239980697632,10214400
2000-02-09,2.259100914001465,2.5481770038604736,2.625,2.4166669845581055,2.625,3787200
2000-02-10,2.2856504917144775,2.578125,2.597656011581421,2.417968988418579,2.5208330154418945,2452800
2000-02-11,2.401087522506714,2.7083330154418945,2.7447919845581055,2.4739580154418945,2.5794270038604736,9974400
2000-02-14,2.3849265575408936,2.6901040077209473,2.8098959922790527,2.5833330154418945,2.8072919845581055,5020800
2000-02-15,2.357222318649292,2.6588540077209473,2.7291669845581055,2.5833330154418945,2.7291669845581055,1272000
2000-02-16,2.290268659591675,2.5833330154418945,2.6666669845581055,2.5833330154418945,2.640625,1708800
2000-02-17,2.2694907188415527,2.5598959922790527,2.65625,2.5,2.6041669845581055,5707200
2000-02-18,2.1355831623077393,2.4088540077209473,2.5598959922790527,2.4075520038604736,2.5598959922790527,2476800
2000-02-22,2.1251938343048096,2.397135019302368,2.4401040077209473,2.3125,2.40625,2496000
2000-02-23,2.1044139862060547,2.3736979961395264,2.4036459922790527,2.371093988418579,2.3958330154418945,2913600
2000-02-24,2.0132200717926025,2.2708330154418945,2.390625,2.2708330154418945,2.375,2630400
2000-02-25,2.0871002674102783,2.3541669845581055,2.3919270038604736,2.28125,2.2916669845581055,2505600
2000-02-28,1.9935954809188843,2.2486979961395264,2.4075520038604736,2.2486979961395264,2.3723959922790527,2054400
2000-02-29,2.015528440475464,2.273437976837158,2.3177080154418945,2.209635019302368,2.3092451095581055,1440000
2000-03-01,1.999367594718933,2.2552080154418945,2.2916669845581055,2.2083330154418945,2.2916669845581055,1761600
2000-03-02,2.186375617980957,2.4661459922790527,2.5416669845581055,2.3177080154418945,2.34375,9590400
2000-03-03,2.236013174057007,2.522135019302368,2.6041669845581055,2.4791669845581055,2.4791669845581055,5625600
2000-03-06,2.334134340286255,2.632812976837158,2.6875,2.5625,2.671875,6091200
2000-03-07,2.2625632286071777,2.5520830154418945,2.7161459922790527,2.5520830154418945,2.6666669845581055,1708800
2000-03-08,2.2654500007629395,2.5553390979766846,2.59375,2.398437976837158,2.59375,1910400
2000-03-09,2.424175500869751,2.734375,2.7916669845581055,2.457031011581421,2.5208330154418945,2016000
2000-03-10,2.2694907188415527,2.5598959922790527,2.7916669845581055,2.4895830154418945,2.7630209922790527,2116800
2000-03-13,2.2163889408111572,2.5,2.7161459922790527,2.4505209922790527,2.4895830154418945,2121600
2000-03-14,2.0686287879943848,2.3333330154418945,2.6458330154418945,2.2604169845581055,2.6458330154418945,4036800
2000-03-15,1.8631521463394165,2.101562976837158,2.3580729961395264,1.8763020038604736,2.3580729961395264,6057600
2000-03-16,1.8100512027740479,2.0416669845581055,2.1354169845581055,1.9947919845581055,2.058593988418579,5798400
2000-03-17,2.077864646911621,2.34375,2.3958330154418945,2.03125,2.0416669845581055,3758400
2000-03-20,2.098644256591797,2.367187976837158,2.582031011581421,2.3125,2.3541669845581055,2536800
2000-03-21,2.2048449516296387,2.4869790077209473,2.5,2.2395830154418945,2.2916669845581055,3088800
2000-03-22,2.2873826026916504,2.580077886581421,2.6041669845581055,2.5,2.539062976837158,1610400
2000-03-23,2.396470069885254,2.703125,2.90625,2.625,2.703125,6228000
2000-03-24,2.4588069915771484,2.773437976837158,2.9166669845581055,2.6979169845581055,2.71875,2445600
2000-03-27,2.539612293243408,2.8645830154418945,3.0052080154418945,2.75,2.890625,1953600
2000-03-28,2.581169843673706,2.9114580154418945,3.0,2.8333330154418945,2.953125,2025600
2000-03-29,2.4380271434783936,2.75,2.9348959922790527,2.3541669845581055,2.925781011581421,4636800
2000-03-30,2.2025363445281982,2.484375,2.7083330154418945,2.4244790077209473,2.6458330154418945,2155200
2000-03-31,2.308738946914673,2.6041669845581055,2.6380209922790527,2.390625,2.5416669845581055,1495200
2000-04-03,1.9947501420974731,2.25,2.6041669845581055,2.2057290077209473,2.5455729961395264,1713600
2000-04-04,2.0801730155944824,2.3463540077209473,2.3958330154418945,1.6666669845581055,2.25,3427200
2000-04-05,1.9208711385726929,2.1666669845581055,2.2083330154418945,2.0364580154418945,2.0677080154418945,1749600
2000-04-06,1.9924414157867432,2.2473959922790527,2.375,2.1197919845581055,2.1666669845581055,772800
2000-04-07,1.9301049709320068,2.1770830154418945,2.375,2.0833330154418945,2.2552080154418945,2160000
2000-04-10,1.6692184209823608,1.8828129768371582,2.1744790077209473,1.8828129768371582,2.167968988418579,2085600
2000-04-11,1.736170768737793,1.9583330154418945,2.0833330154418945,1.7760419845581055,1.859375,1663200
2000-04-12,1.6253516674041748,1.8333330154418945,1.96875,1.75,1.921875,1620000
2000-04-13,1.5803314447402954,1.7825520038604736,1.8567709922790527,1.7447919845581055,1.8333330154418945,1852800
2000-04-14,1.288275957107544,1.453125,1.75,1.2890629768371582,1.7395830154418945,2630400
2000-04-17,1.3298336267471313,1.5,1.5026040077209473,1.0104169845581055,1.0104169845581055,4077600
2000-04-18,1.4129477739334106,1.59375,1.7083330154418945,1.25,1.5052080154418945,2443200
2000-04-19,1.5560894012451172,1.7552080154418945,1.7552080154418945,1.6432290077209473,1.6536459922790527,3484800
2000-04-20,1.6576743125915527,1.8697919845581055,1.8958330154418945,1.7552080154418945,1.7552080154418945,998400
2000-04-24,1.634587049484253,1.84375,1.84375,1.5989580154418945,1.8177080154418945,3235200
2000-04-25,1.6923052072525024,1.9088540077209473,2.0,1.8229169845581055,1.8229169845581055,1819200
2000-04-26,1.6276609897613525,1.8359379768371582,1.9661459922790527,1.765625,1.90625,1214400
2000-04-27,1.6207345724105835,1.828125,1.875,1.6328129768371582,1.6614580154418945,1814400
2000-04-28,1.6946139335632324,1.9114580154418945,1.9166669845581055,1.8723959922790527,1.875,828000
2000-05-01,1.9583872556686401,2.208983898162842,2.3541669845581055,1.9453129768371582,2.0130209922790527,1490400
2000-05-02,2.006293773651123,2.2630209922790527,2.3541669845581055,2.2083330154418945,2.28125,2647200
2000-05-03,1.858534336090088,2.0963540077209473,2.265625,2.005858898162842,2.265625,1694400
2000-05-04,2.0501596927642822,2.3125,2.3541669845581055,2.0416669845581055,2.0885419845581055,1891200
2000-05-05,2.1078786849975586,2.3776040077209473,2.4524741172790527,2.21875,2.2604169845581055,1864800
2000-05-08,2.1979196071624756,2.4791669845581055,2.5104169845581055,2.3776040077209473,2.3776040077209473,2160000
2000-05-09,2.2048449516296387,2.4869790077209473,2.507812976837158,2.4270830154418945,2.5,1958400
2000-05-10,2.1101865768432617,2.3802080154418945,2.4895830154418945,2.375,2.4895830154418945,1936800
2000-05-11,2.096334218978882,2.3645830154418945,2.453125,2.2447919845581055,2.3854169845581055,1766400
2000-05-12,2.091717481613159,2.359375,2.4401040077209473,2.296875,2.296875,446400
2000-05-15,2.2440929412841797,2.53125,2.53125,2.3411459922790527,2.375,931200
2000-05-16,2.2625632286071777,2.5520830154418945,2.625,2.5260419845581055,2.625,2630400
2000-05-17,2.3225905895233154,2.6197919845581055,2.6666669845581055,2.4635419845581055,2.539062976837158,1737600
2000-05-18,2.3272082805633545,2.625,2.664062976837158,2.5963540077209473,2.601562976837158,655200
2000-05-19,2.2440929412841797,2.53125,2.6666669845581055,2.53125,2.65625,3033600
2000-05-22,2.3410604000091553,2.640625,2.7083330154418945,2.1666669845581055,2.5182290077209473,1651200
2000-05-23,2.1240394115448,2.3958330154418945,2.6770830154418945,2.3802080154418945,2.6458330154418945,1512000
2000-05-24,2.142509698867798,2.4166669845581055,2.5,2.1145830154418945,2.3854169845581055,1634400
2000-05-25,2.0039851665496826,2.2604169845581055,2.414062976837158,2.21875,2.414062976837158,2640000
2000-05-26,1.99013352394104,2.2447919845581055,2.28125,2.1276040077209473,2.2604169845581055,700800
2000-05-30,1.9254887104034424,2.171875,2.28125,2.0338540077209473,2.2760419845581055,1694400
2000-05-31,2.0686287879943848,2.3333330154418945,2.425781011581421,2.1432290077209473,2.1692709922790527,892800
2000-06-01,2.0871002674102783,2.3541669845581055,2.4166669845581055,2.2083330154418945,2.2864580154418945,2203200
2000-06-02,2.1251938343048096,2.397135019302368,2.5,2.3541669845581055,2.390625,616800
2000-06-05,2.0547773838043213,2.3177080154418945,2.4401040077209473,2.3125,2.3125,1212000
2000-06-06,2.0247647762298584,2.2838540077209473,2.375,2.2838540077209473,2.328125,770400
2000-06-07,1.9808971881866455,2.234375,2.3020830154418945,2.2083330154418945,2.3020830154418945,1180800
2000-06-08,1.985514760017395,2.2395830154418945,2.2630209922790527,2.2239580154418945,2.234375,902400
2000-06-09,1.9762812852859497,2.2291669845581055,2.2473959922790527,2.1875,2.238281011581421,540000
2000-06-12,1.858534336090088,2.0963540077209473,2.234375,2.0572919845581055,2.225260019302368,828000
2000-06-13,1.8285207748413086,2.0625,2.1041669845581055,2.0026040077209473,2.03125,1310400
2000-06-14,1.8054333925247192,2.0364580154418945,2.0885419845581055,2.0208330154418945,2.0885419845581055,1528800
2000-06-15,1.6622916460037231,1.875,2.0651040077209473,1.8287760019302368,2.0416669845581055,1269600
2000-06-16,1.7454060316085815,1.96875,1.9791669845581055,1.84375,1.921875,1723200
2000-06-19,1.6992316246032715,1.9166669845581055,1.9817709922790527,1.875,1.96875,1317600
2000-06-20,1.7823463678359985,2.0104169845581055,2.0416669845581055,1.828125,1.9166669845581055,3158400
2000-06-21,1.7263596057891846,1.9472659826278687,1.9791669845581055,1.8958330154418945,1.9192709922790527,712800
2000-06-22,1.537619709968567,1.734375,1.9479169845581055,1.7291669845581055,1.9166669845581055,2320800
2000-06-23,1.5884124040603638,1.7916669845581055,1.8359379768371582,1.7135419845581055,1.7291669845581055,3988800
2000-06-26,1.5745599269866943,1.7760419845581055,1.8854169845581055,1.75,1.8854169845581055,3045600
2000-06-27,1.5029890537261963,1.6953129768371582,1.7708330154418945,1.65625,1.7552080154418945,4576800
2000-06-28,1.44065260887146,1.625,1.6979169845581055,1.625,1.6953129768371582,5983200
2000-06-29,1.3990955352783203,1.578125,1.6458330154418945,1.5546879768371582,1.625,3960000
2000-06-30,1.2259407043457031,1.3828129768371582,1.5833330154418945,1.3541669845581055,1.5833330154418945,9252000
2000-07-03,1.2467190027236938,1.40625,1.453125,1.3697919845581055,1.3854169845581055,4286400
2000-07-05,1.1959259510040283,1.3489580154418945,1.4375,1.3333330154418945,1.421875,3206400
2000-07-06,1.3205980062484741,1.4895830154418945,1.6458330154418945,1.2890629768371582,1.3385419845581055,4927200
2000-07-07,1.42680025100708,1.609375,1.625,1.4895830154418945,1.4895830154418945,3000000
2000-07-10,1.44065260887146,1.625,1.75,1.5911459922790527,1.5989580154418945,2596800
2000-07-11,1.44065260887146,1.625,1.6875,1.6223959922790527,1.6223959922790527,1994400
2000-07-12,1.4014042615890503,1.5807290077209473,1.6875,1.5416669845581055,1.6510419845581055,2683200
2000-07-13,1.3852429389953613,1.5625,1.5807290077209473,1.53125,1.5520830154418945,3520800
2000-07-14,1.643822193145752,1.8541669845581055,1.8541669845581055,1.5625,1.578125,6756000
2000-07-17,1.616117238998413,1.8229169845581055,1.875,1.7447919845581055,1.8697919845581055,1034400
2000-07-18,1.7315540313720703,1.953125,2.0364580154418945,1.796875,1.84375,3204000
2000-07-19,1.604573130607605,1.8098959922790527,2.0416669845581055,1.7916669845581055,1.9453129768371582,4790400
2000-07-20,1.641513466835022,1.8515629768371582,1.8958330154418945,1.7916669845581055,1.8125,1826400
2000-07-21,1.6299697160720825,1.8385419845581055,1.90625,1.8177080154418945,1.8333330154418945,1262400
2000-07-24,1.587835431098938,1.7910159826278687,1.875,1.5885419845581055,1.8645830154418945,2371200
2000-07-25,1.7217415571212769,1.9420570135116577,1.9583330154418945,1.5520830154418945,1.7395830154418945,2047200
2000-07-26,1.7500234842300415,1.9739580154418945,2.0,1.734375,1.8671879768371582,3115200
2000-07-27,1.7315540313720703,1.953125,1.9895830154418945,1.8645830154418945,1.9583330154418945,1668000
2000-07-28,1.537619709968567,1.734375,1.953125,1.734375,1.9270830154418945,868800
2000-07-31,1.5191503763198853,1.7135419845581055,1.8333330154418945,1.6979169845581055,1.7291669845581055,2997600
2000-08-01,1.4591224193572998,1.6458330154418945,1.7135419845581055,1.6354169845581055,1.7083330154418945,1932000
2000-08-02,1.5514723062515259,1.75,1.8229169845581055,1.6354169845581055,1.6354169845581055,854400
2000-08-03,1.6299697160720825,1.8385419845581055,1.8802080154418945,1.6666669845581055,1.6692709922790527,964800
2000-08-04,1.7038490772247314,1.921875,1.9270830154418945,1.8333330154418945,1.8333330154418945,1903200
2000-08-07,1.5745599269866943,1.7760419845581055,1.933593988418579,1.75,1.933593988418579,460800
2000-08-08,1.5145318508148193,1.7083330154418945,1.8333330154418945,1.7083330154418945,1.792968988418579,456000
2000-08-09,1.4868271350860596,1.6770830154418945,1.7395830154418945,1.640625,1.7291669845581055,736800
2000-08-10,1.5052978992462158,1.6979169845581055,1.8203129768371582,1.6666669845581055,1.6666669845581055,664800
2000-08-11,1.5745599269866943,1.7760419845581055,1.7916669845581055,1.6875,1.6875,364800
2000-08-14,1.5514723062515259,1.75,1.7916669845581055,1.7447919845581055,1.7604169845581055,249600
2000-08-15,1.4845188856124878,1.6744790077209473,1.8118489980697632,1.671875,1.7630209922790527,722400
2000-08-16,1.606882095336914,1.8125,1.8125,1.6927080154418945,1.703125,676800
2000-08-17,1.5832170248031616,1.7858070135116577,1.8125,1.7473959922790527,1.7473959922790527,237600
2000-08-18,1.5814855098724365,1.7838540077209473,1.828125,1.7708330154418945,1.8098959922790527,208800
2000-08-21,1.5884124040603638,1.7916669845581055,1.8020830154418945,1.7239580154418945,1.8020830154418945,523200
2000-08-22,1.6299697160720825,1.8385419845581055,1.8463540077209473,1.7916669845581055,1.796875,1041600
2000-08-23,1.5745599269866943,1.7760419845581055,1.8541669845581055,1.7552080154418945,1.84375,1190400
2000-08-24,1.590720772743225,1.7942709922790527,1.8125,1.765625,1.765625,789600
2000-08-25,1.549163579940796,1.7473959922790527,1.8229169845581055,1.6666669845581055,1.8229169845581055,996000
2000-08-28,1.546854853630066,1.7447919845581055,1.796875,1.7291669845581055,1.7369790077209473,1250400
2000-08-29,1.4960622787475586,1.6875,1.7942709922790527,1.6875,1.7942709922790527,1399200
2000-08-30,1.5999561548233032,1.8046879768371582,1.8072919845581055,1.6875,1.6875,753600
2000-08-31,1.5791773796081543,1.78125,1.8619790077209473,1.7604169845581055,1.8203129768371582,691200
2000-09-01,1.4175649881362915,1.5989580154418945,1.8020830154418945,1.5286459922790527,1.7916669845581055,6734400
2000-09-05,1.3875516653060913,1.5651040077209473,1.5989580154418945,1.5416669845581055,1.5572919845581055,2200800
2000-09-06,1.1636041402816772,1.3125,1.5572919845581055,1.3125,1.5416669845581055,6919200
2000-09-07,1.306746244430542,1.4739580154418945,1.5,1.4114580154418945,1.421875,9434400
2000-09-08,1.3205980062484741,1.4895830154418945,1.5208330154418945,1.4479169845581055,1.515625,2378400
2000-09-11,1.3690820932388306,1.5442709922790527,1.5598959922790527,1.4635419845581055,1.4973959922790527,1735200
2000-09-12,1.3621551990509033,1.5364580154418945,1.5911459922790527,1.5364580154418945,1.558593988418579,1720800
2000-09-13,1.3661965131759644,1.5410159826278687,1.5703129768371582,1.4791669845581055,1.5546879768371582,1869600
2000-09-14,1.3506124019622803,1.5234379768371582,1.5572919845581055,1.5,1.543619990348816,957600
2000-09-15,1.3898603916168213,1.5677080154418945,1.5885419845581055,1.4895830154418945,1.5364580154418945,950400
2000-09-18,1.3898603916168213,1.5677080154418945,1.5833330154418945,1.4921879768371582,1.5625,1790400
2000-09-19,1.454505205154419,1.640625,1.65625,1.515625,1.5338540077209473,2119200
2000-09-20,1.500679850578308,1.6927080154418945,1.7005209922790527,1.5703129768371582,1.6119790077209473,1274400
2000-09-21,1.5237675905227661,1.71875,1.75,1.6484379768371582,1.6731770038604736,2215200
2000-09-22,1.526076078414917,1.7213540077209473,1.7239580154418945,1.5833330154418945,1.5833330154418945,1334400
2000-09-25,1.5837939977645874,1.7864580154418945,1.7916669845581055,1.7161459922790527,1.7161459922790527,1987200
2000-09-26,1.4718207120895386,1.660156011581421,1.6979169845581055,1.5989580154418945,1.6901040077209473,921600
2000-09-27,1.394478440284729,1.5729169845581055,1.6927080154418945,1.5442709922790527,1.6692709922790527,957600
2000-09-28,1.4498878717422485,1.6354169845581055,1.6354169845581055,1.4375,1.5807290077209473,1644000
2000-09-29,1.44065260887146,1.625,1.6666669845581055,1.5520830154418945,1.5572919845581055,1922400
2000-10-02,1.4383442401885986,1.6223959922790527,1.6666669845581055,1.5989580154418945,1.6171879768371582,2244000
2000-10-03,1.3529210090637207,1.5260419845581055,1.6302080154418945,1.5130209922790527,1.625,1003200
2000-10-04,1.3298336267471313,1.5,1.5286459922790527,1.4895830154418945,1.5208330154418945,2145600
2000-10-05,1.3275249004364014,1.4973959922790527,1.5703129768371582,1.4921879768371582,1.4986979961395264,981600
2000-10-06,1.2952024936676025,1.4609379768371582,1.5286459922790527,1.4270830154418945,1.4895830154418945,3333600
2000-10-09,1.2513359785079956,1.4114580154418945,1.4635419845581055,1.3958330154418945,1.4635419845581055,4737600
2000-10-10,1.2744234800338745,1.4375,1.4557290077209473,1.390625,1.40625,1792800
2000-10-11,1.311363935470581,1.4791669845581055,1.4947919845581055,1.40625,1.40625,1291200
2000-10-12,1.2605714797973633,1.421875,1.4895830154418945,1.4140629768371582,1.4765629768371582,1413600
2000-10-13,1.297511100769043,1.4635419845581055,1.4869790077209473,1.40625,1.40625,3489600
2000-10-16,1.2952024936676025,1.4609379768371582,1.5,1.4270830154418945,1.4583330154418945,2697600
2000-10-17,1.3506124019622803,1.5234379768371582,1.5833330154418945,1.4791669845581055,1.5234379768371582,6511200
2000-10-18,1.3667733669281006,1.5416669845581055,1.5520830154418945,1.4947919845581055,1.4947919845581055,1284000
2000-10-19,1.44527006149292,1.6302080154418945,1.6614580154418945,1.546875,1.5572919845581055,2472000
2000-10-20,1.4412298202514648,1.6256510019302368,1.671875,1.59375,1.6015629768371582,705600
2000-10-23,1.429108738899231,1.6119790077209473,1.625,1.4583330154418945,1.625,3372000
2000-10-24,1.4221830368041992,1.6041669845581055,1.6171879768371582,1.5722659826278687,1.5729169845581055,1068000
2000-10-25,1.468357801437378,1.65625,1.6875,1.578125,1.578125,967200
2000-10-26,1.4729745388031006,1.6614580154418945,1.6666669845581055,1.5260419845581055,1.6614580154418945,1651200
2000-10-27,1.4637407064437866,1.6510419845581055,1.7083330154418945,1.6354169845581055,1.6536459922790527,972000
2000-10-30,1.4221830368041992,1.6041669845581055,1.6412760019302368,1.5520830154418945,1.640625,679200
2000-10-31,1.5145318508148193,1.7083330154418945,1.7083330154418945,1.6041669845581055,1.6041669845581055,2047200
2000-11-01,1.454505205154419,1.640625,1.6770830154418945,1.6119790077209473,1.6770830154418945,931200
2000-11-02,1.4752843379974365,1.6640629768371582,1.6640629768371582,1.628255009651184,1.6354169845581055,660000
2000-11-03,1.549163579940796,1.7473959922790527,1.7708330154418945,1.6354169845581055,1.6972659826278687,1327200
2000-11-06,1.5330028533935547,1.7291669845581055,1.7708330154418945,1.6875,1.7708330154418945,1262400
2000-11-07,1.6530565023422241,1.8645830154418945,1.875,1.6875,1.6927080154418945,1507200
2000-11-08,1.5514723062515259,1.75,1.8697919845581055,1.75,1.8671879768371582,1317600
2000-11-09,1.5699418783187866,1.7708330154418945,1.8125,1.7395830154418945,1.7526040077209473,2829600
2000-11-10,1.512223482131958,1.7057290077209473,1.7864580154418945,1.6692709922790527,1.75,1308000
2000-11-13,1.4221830368041992,1.6041669845581055,1.6666669845581055,1.5625,1.65625,1929600
2000-11-14,1.5722514390945435,1.7734379768371582,1.7786459922790527,1.6145830154418945,1.6145830154418945,7111200
2000-11-15,1.5837939977645874,1.7864580154418945,1.8489580154418945,1.75,1.78125,6679200
2000-11-16,1.4868271350860596,1.6770830154418945,1.7708330154418945,1.6666669845581055,1.7708330154418945,1485600
2000-11-17,1.482210397720337,1.671875,1.703125,1.6614580154418945,1.703125,1864800
2000-11-20,1.4637407064437866,1.6510419845581055,1.671875,1.6041669845581055,1.6614580154418945,912000
2000-11-21,1.4729745388031006,1.6614580154418945,1.6927080154418945,1.625,1.625,1795200
2000-11-22,1.4475793838500977,1.6328129768371582,1.65625,1.625,1.65625,2265600
2000-11-24,1.4360356330871582,1.6197919845581055,1.652994990348816,1.6197919845581055,1.6354169845581055,1939200
2000-11-27,1.419874668121338,1.6015629768371582,1.671875,1.5989580154418945,1.640625,1444800
2000-11-28,1.3898603916168213,1.5677080154418945,1.609375,1.5572919845581055,1.5989580154418945,5448000
2000-11-29,1.3667733669281006,1.5416669845581055,1.5833330154418945,1.5208330154418945,1.5520830154418945,5013600
2000-11-30,1.3667733669281006,1.5416669845581055,1.5572919845581055,1.4947919845581055,1.515625,3712800
2000-12-01,1.42680025100708,1.609375,1.65625,1.5416669845581055,1.546875,751200
2000-12-04,1.43141770362854,1.6145830154418945,1.6302080154418945,1.5989580154418945,1.6067709922790527,540000
2000-12-05,1.6392042636871338,1.8489580154418945,1.8489580154418945,1.6145830154418945,1.6145830154418945,1891200
2000-12-06,1.546854853630066,1.7447919845581055,1.8333330154418945,1.7447919845581055,1.8125,1084800
2000-12-07,1.454505205154419,1.640625,1.8072919845581055,1.6354169845581055,1.7291669845581055,1956000
2000-12-08,1.4845188856124878,1.6744790077209473,1.6901040077209473,1.6464840173721313,1.6822919845581055,2469600
2000-12-11,1.4954851865768433,1.6868489980697632,1.703125,1.6484379768371582,1.6875,921600
2000-12-12,1.4591224193572998,1.6458330154418945,1.703125,1.640625,1.703125,516000
2000-12-13,1.4014042615890503,1.5807290077209473,1.6666669845581055,1.5364580154418945,1.6666669845581055,3600000
2000-12-14,1.4037127494812012,1.5833330154418945,1.5989580154418945,1.5416669845581055,1.5807290077209473,1094400
2000-12-15,1.3690820932388306,1.5442709922790527,1.5833330154418945,1.5260419845581055,1.5833330154418945,2102400
2000-12-18,1.3621551990509033,1.5364580154418945,1.5625,1.534505009651184,1.5625,3328800
2000-12-19,1.3506124019622803,1.5234379768371582,1.546875,1.5208330154418945,1.5260419845581055,307200
2000-12-20,1.2605714797973633,1.421875,1.5052080154418945,1.3958330154418945,1.5052080154418945,1855200
2000-12-21,1.2559536695480347,1.4166669845581055,1.4270830154418945,1.375,1.4114580154418945,2510400
2000-12-22,1.2784639596939087,1.4420570135116577,1.4420570135116577,1.3932290077209473,1.4140629768371582,2112000
2000-12-26,1.2143970727920532,1.3697919845581055,1.4322919845581055,1.359375,1.4296879768371582,5347200
2000-12-27,1.1405166387557983,1.2864580154418945,1.3723959922790527,1.203125,1.3723959922790527,4644000
2000-12-28,1.279041051864624,1.4427080154418945,1.4479169845581055,1.2734379768371582,1.2864580154418945,2260800
2000-12-29,1.3413772583007812,1.5130209922790527,1.5416669845581055,1.3333330154418945,1.4791669845581055,6784800
2001-01-02,1.2236311435699463,1.3802080154418945,1.5208330154418945,1.3541669845581055,1.519531011581421,1521600
2001-01-03,1.4498878717422485,1.6354169845581055,1.6354169845581055,1.3645830154418945,1.3802080154418945,1692000
2001-01-04,1.4660494327545166,1.6536459922790527,1.6666669845581055,1.5989580154418945,1.5989580154418945,1744800
2001-01-05,1.2836589813232422,1.4479169845581055,1.6549479961395264,1.3125,1.6549479961395264,2925600
2001-01-08,1.2328664064407349,1.390625,1.4713540077209473,1.3802080154418945,1.4635419845581055,717600
2001-01-09,1.3229076862335205,1.4921879768371582,1.5,1.4166669845581055,1.4166669845581055,684000
2001-01-10,1.3159807920455933,1.484375,1.5,1.453125,1.5,1236000
2001-01-11,1.4221830368041992,1.6041669845581055,1.6041669845581055,1.4895830154418945,1.4895830154418945,576000
2001-01-12,1.4729745388031006,1.6614580154418945,1.6770830154418945,1.5807290077209473,1.59375,1336800
2001-01-16,1.641513466835022,1.8515629768371582,1.875,1.640625,1.671875,3192000
2001-01-17,1.6992316246032715,1.9166669845581055,1.9375,1.8463540077209473,1.8697919845581055,2445600
2001-01-18,1.7500234842300415,1.9739580154418945,2.0130209922790527,1.875,1.9166669845581055,921600
2001-01-19,1.8060100078582764,2.037108898162842,2.0416669845581055,1.9479169845581055,1.9791669845581055,1116000
2001-01-22,1.7569499015808105,1.9817709922790527,2.0416669845581055,1.8333330154418945,2.0416669845581055,1586400
2001-01-23,1.8400646448135376,2.0755209922790527,2.2395830154418945,1.9270830154418945,1.9583330154418945,2932800
2001-01-24,1.8562251329421997,2.09375,2.09375,1.96875,2.09375,2616000
2001-01-25,1.8516085147857666,2.0885419845581055,2.0885419845581055,1.9791669845581055,2.0833330154418945,895200
2001-01-26,1.7454060316085815,1.96875,2.1145830154418945,1.9583330154418945,2.03125,1024800
2001-01-29,1.8008161783218384,2.03125,2.0625,1.8548179864883423,2.0026040077209473,1159200
2001-01-30,1.8516085147857666,2.0885419845581055,2.0885419845581055,2.007812976837158,2.015625,595200
2001-01-31,1.8192851543426514,2.0520830154418945,2.0911459922790527,2.046875,2.0729169845581055,705600
2001-02-01,1.833138108253479,2.0677080154418945,2.0807290077209473,1.9824219942092896,2.0286459922790527,436800
2001-02-02,1.736170768737793,1.9583330154418945,2.0729169845581055,1.8932290077209473,2.064452886581421,1044000
2001-02-05,1.7177016735076904,1.9375,1.96875,1.9036459922790527,1.9661459922790527,823200
2001-02-06,1.76849365234375,1.9947919845581055,2.0625,1.9609379768371582,1.984375,3360000
2001-02-07,1.701540231704712,1.9192709922790527,2.015625,1.9010419845581055,2.015625,1341600
2001-02-08,1.6853792667388916,1.9010419845581055,1.9635419845581055,1.9010419845581055,1.9453129768371582,679200
2001-02-09,1.6599829196929932,1.8723959922790527,1.9427080154418945,1.8697919845581055,1.921875,1315200
2001-02-12,1.6299697160720825,1.8385419845581055,1.8723959922790527,1.7786459922790527,1.8619790077209473,1567200
2001-02-13,1.5699418783187866,1.7708330154418945,1.8958330154418945,1.75,1.8385419845581055,751200
2001-02-14,1.4868271350860596,1.6770830154418945,1.7864580154418945,1.6770830154418945,1.7682290077209473,950400
2001-02-15,1.5445464849472046,1.7421879768371582,1.7421879768371582,1.6796879768371582,1.6875,1185600
2001-02-16,1.5191503763198853,1.7135419845581055,1.75,1.6875,1.7135419845581055,818400
2001-02-20,1.6253516674041748,1.8333330154418945,1.8333330154418945,1.6666669845581055,1.7265629768371582,1408800
2001-02-21,1.5988008975982666,1.8033850193023682,1.8541669845581055,1.7447919845581055,1.7447919845581055,1476000
2001-02-22,1.5145318508148193,1.7083330154418945,1.7916669845581055,1.6588540077209473,1.7916669845581055,1634400
2001-02-23,1.5330028533935547,1.7291669845581055,1.7291669845581055,1.6015629768371582,1.71875,1956000
2001-02-26,1.5514723062515259,1.75,1.7760419845581055,1.7239580154418945,1.734375,816000
2001-02-27,1.537619709968567,1.734375,1.7864580154418945,1.7291669845581055,1.75,751200
2001-02-28,1.5514723062515259,1.75,1.75,1.7135419845581055,1.7356770038604736,1524000
2001-03-01,1.560707449913025,1.7604169845581055,1.7708330154418945,1.703125,1.7395830154418945,2328000
2001-03-02,1.5283846855163574,1.7239580154418945,1.7395830154418945,1.71875,1.7291669845581055,1730400
2001-03-05,1.4729745388031006,1.6614580154418945,1.7291669845581055,1.6328129768371582,1.7278649806976318,1296000
2001-03-06,1.5145318508148193,1.7083330154418945,1.7083330154418945,1.6666669845581055,1.671875,288000
2001-03-07,1.4960622787475586,1.6875,1.7239580154418945,1.6875,1.7083330154418945,1020000
2001-03-08,1.4937537908554077,1.6848959922790527,1.71875,1.6666669845581055,1.6927080154418945,1274400
2001-03-09,1.4868271350860596,1.6770830154418945,1.6927080154418945,1.6614580154418945,1.6848959922790527,2556000
2001-03-12,1.4037127494812012,1.5833330154418945,1.5963540077209473,1.4947919845581055,1.5442709922790527,2611200
2001-03-13,1.3927468061447144,1.570963978767395,1.609375,1.4791669845581055,1.5377600193023682,3612000
2001-03-14,1.3021281957626343,1.46875,1.5677080154418945,1.46875,1.546875,4140000
2001-03-15,1.292893648147583,1.4583330154418945,1.5,1.4244790077209473,1.46875,2215200
2001-03-16,1.1913092136383057,1.34375,1.484375,1.3385419845581055,1.453125,3225600
2001-03-19,1.288275957107544,1.453125,1.453125,1.3541669845581055,1.386718988418579,1478400
2001-03-20,1.2836589813232422,1.4479169845581055,1.5104169845581055,1.421875,1.421875,991200
2001-03-21,1.3119410276412964,1.4798179864883423,1.5052080154418945,1.4609379768371582,1.4921879768371582,823200
2001-03-22,1.3713908195495605,1.546875,1.625,1.4791669845581055,1.4791669845581055,1704000
2001-03-23,1.3459943532943726,1.5182290077209473,1.5703129768371582,1.5,1.5625,4317600
2001-03-26,1.3298336267471313,1.5,1.5260419845581055,1.484375,1.5136719942092896,3345600
2001-03-27,1.306746244430542,1.4739580154418945,1.4973959922790527,1.4244790077209473,1.4954429864883423,2448000
2001-03-28,1.224208116531372,1.3808590173721313,1.46875,1.3515629768371582,1.46875,2671200
2001-03-29,1.0481675863265991,1.1822919845581055,1.3854169845581055,1.1588540077209473,1.3463540077209473,3619200
2001-03-30,1.1105027198791504,1.2526040077209473,1.296875,1.1979169845581055,1.203125,6177600
2001-04-02,1.2213225364685059,1.3776040077209473,1.4270830154418945,1.25,1.2526040077209473,5433600
2001-04-03,1.2351751327514648,1.3932290077209473,1.4322919845581055,1.3333330154418945,1.378906011581421,8186400
2001-04-04,1.2467190027236938,1.40625,1.5260419845581055,1.3932290077209473,1.3984379768371582,3295200
2001-04-05,1.3760079145431519,1.5520830154418945,1.5625,1.3958330154418945,1.4244790077209473,2443200
2001-04-06,1.3275249004364014,1.4973959922790527,1.5104169845581055,1.4635419845581055,1.4973959922790527,1183200
2001-04-09,1.2559536695480347,1.4166669845581055,1.5075000524520874,1.412500023841858,1.4791669845581055,1413600
2001-04-10,1.3667733669281006,1.5416669845581055,1.6291669607162476,1.4170830249786377,1.4266669750213623,1104000
2001-04-11,1.2426557540893555,1.4016669988632202,1.5625,1.3962500095367432,1.537500023841858,3900000
2001-04-12,1.2293566465377808,1.386667013168335,1.4191670417785645,1.1604169607162476,1.3333330154418945,13485600
2001-04-16,1.1628652811050415,1.3116669654846191,1.4162499904632568,1.2645829916000366,1.375,4752000
2001-04-17,1.3981719017028809,1.5770829916000366,1.6462500095367432,1.2945829629898071,1.303333044052124,9549600
2001-04-18,1.6279373168945312,1.8362499475479126,1.9216669797897339,1.6683330535888672,1.6866669654846191,8253600
2001-04-19,1.7084662914276123,1.9270830154418945,1.9833329916000366,1.8366669416427612,1.840000033378601,5246400
2001-04-20,1.5411287546157837,1.738332986831665,1.8329169750213623,1.6749999523162842,1.7954169511795044,3386400
2001-04-23,1.468357801437378,1.65625,1.738332986831665,1.65625,1.738332986831665,2709600
2001-04-24,1.4037127494812012,1.5833330154418945,1.6725000143051147,1.5629169940948486,1.6691670417785645,2493600
2001-04-25,1.469835638999939,1.6579170227050781,1.6974999904632568,1.5833330154418945,1.5954170227050781,1476000
2001-04-26,1.4561678171157837,1.6425000429153442,1.7083330154418945,1.6362500190734863,1.7083330154418945,760800
2001-04-27,1.4436079263687134,1.6283329725265503,1.6916669607162476,1.6245830059051514,1.6908329725265503,696000
2001-04-30,1.5618153810501099,1.761667013168335,1.8370829820632935,1.6266670227050781,1.6729170083999634,5428800
2001-05-01,1.5876728296279907,1.7908329963684082,1.7933330535888672,1.7083330154418945,1.7583329677581787,1336800
2001-05-02,1.5994943380355835,1.8041670322418213,1.8333330154418945,1.7625000476837158,1.784999966621399,4286400
2001-05-03,1.5987547636032104,1.803333044052124,1.8041670322418213,1.75,1.8041670322418213,1161600
2001-05-04,1.5754830837249756,1.7770830392837524,1.789167046546936,1.7424999475479126,1.7854169607162476,648000
2001-05-07,1.5451929569244385,1.7429169416427612,1.8541669845581055,1.7291669845581055,1.8283330202102661,1279200
2001-05-08,1.5304169654846191,1.7262500524520874,1.7625000476837158,1.710832953453064,1.7625000476837158,151200
2001-05-09,1.478331446647644,1.6675000190734863,1.75,1.6104170083999634,1.75,1435200
2001-05-10,1.5108387470245361,1.7041670083999634,1.7374999523162842,1.6666669845581055,1.6749999523162842,988800
2001-05-11,1.5226593017578125,1.7174999713897705,1.7174999713897705,1.6458330154418945,1.7041670083999634,880800
2001-05-14,1.4735288619995117,1.6620830297470093,1.7174999713897705,1.6604169607162476,1.7174999713897705,842400
2001-05-15,1.4975404739379883,1.6891670227050781,1.7079169750213623,1.6458330154418945,1.6620830297470093,470400
2001-05-16,1.5282001495361328,1.7237499952316284,1.759166955947876,1.664167046546936,1.6749999523162842,700800
2001-05-17,1.554426908493042,1.7533329725265503,1.778749942779541,1.675832986831665,1.7741669416427612,852000
2001-05-18,1.568095326423645,1.7687499523162842,1.7808330059051514,1.7291669845581055,1.75,717600
2001-05-21,1.6227666139602661,1.8304170370101929,1.8333330154418945,1.7545830011367798,1.7625000476837158,1567200
2001-05-22,1.6375420093536377,1.8470829725265503,1.8762500286102295,1.7999999523162842,1.832082986831665,2632800
2001-05-23,1.606882095336914,1.8125,1.8587499856948853,1.75,1.8454170227050781,1329600
2001-05-24,1.652317762374878,1.8637499809265137,1.875,1.8125,1.8125,664800
2001-05-25,1.6264598369598389,1.834583044052124,1.8854169845581055,1.8333330154418945,1.8637499809265137,1089600
2001-05-29,1.5721584558486938,1.773332953453064,1.8541669845581055,1.7570830583572388,1.8541669845581055,722400
2001-05-30,1.4775930643081665,1.6666669845581055,1.7712500095367432,1.6375000476837158,1.7712500095367432,1898400
2001-05-31,1.5075143575668335,1.7004170417785645,1.7329169511795044,1.6691670417785645,1.6691670417785645,1908000
2001-06-01,1.5064059495925903,1.699167013168335,1.7179169654846191,1.5958329439163208,1.7062499523162842,916800
2001-06-04,1.5145318508148193,1.7083330154418945,1.725000023841858,1.6549999713897705,1.725000023841858,1077600
2001-06-05,1.578068733215332,1.7799999713897705,1.7945829629898071,1.6941670179367065,1.6941670179367065,974400
2001-06-06,1.5976465940475464,1.8020830154418945,1.818750023841858,1.7916669845581055,1.818750023841858,4780800
2001-06-07,1.6024494171142578,1.8075000047683716,1.8645830154418945,1.8025000095367432,1.804582953453064,2373600
2001-06-08,1.6279373168945312,1.8362499475479126,1.8583329916000366,1.816249966621399,1.8166669607162476,3170400
2001-06-11,1.6216585636138916,1.8291670083999634,1.8666670322418213,1.8200000524520874,1.837499976158142,1516800
2001-06-12,1.6456687450408936,1.8562500476837158,1.8562500476837158,1.817916989326477,1.832082986831665,760800
2001-06-13,1.6316319704055786,1.8404170274734497,1.8562500476837158,1.8333330154418945,1.8558330535888672,2076000
2001-06-14,1.5082522630691528,1.7012499570846558,1.8333330154418945,1.7012499570846558,1.8333330154418945,585600
2001-06-15,1.4480403661727905,1.6333329677581787,1.6791670322418213,1.5591670274734497,1.6770830154418945,3494400
2001-06-18,1.3815488815307617,1.5583330392837524,1.6395829916000366,1.5583330392837524,1.6387499570846558,532800
2001-06-19,1.403343915939331,1.5829169750213623,1.7166670560836792,1.5499999523162842,1.5854170322418213,1039200
2001-06-20,1.5034502744674683,1.6958329677581787,1.7041670083999634,1.5420830249786377,1.570417046546936,681600
2001-06-21,1.487566590309143,1.6779170036315918,1.7041670083999634,1.6124999523162842,1.7041670083999634,643200
2001-06-22,1.4465638399124146,1.6316670179367065,1.6924999952316284,1.6316670179367065,1.6854170560836792,424800
2001-06-25,1.4221830368041992,1.6041669845581055,1.6404169797897339,1.588333010673523,1.631250023841858,2282400
2001-06-26,1.468357801437378,1.65625,1.65625,1.5862499475479126,1.6124999523162842,1123200
2001-06-27,1.5256142616271973,1.7208329439163208,1.7679170370101929,1.659999966621399,1.659999966621399,1317600
2001-06-28,1.5459314584732056,1.743749976158142,1.8116669654846191,1.721250057220459,1.7395830154418945,4459200
2001-06-29,1.568095326423645,1.7687499523162842,1.78125,1.7258330583572388,1.7520829439163208,4173600
2001-07-02,1.5474094152450562,1.7454169988632202,1.7949999570846558,1.7074999809265137,1.756250023841858,1296000
2001-07-03,1.5411287546157837,1.738332986831665,1.7708330154418945,1.7083330154418945,1.744583010673523,504000
2001-07-05,1.4295706748962402,1.6124999523162842,1.7083330154418945,1.588333010673523,1.7074999809265137,4725600
2001-07-06,1.4535815715789795,1.6395829916000366,1.6566669940948486,1.5916670560836792,1.5920829772949219,1555200
2001-07-09,1.4461934566497803,1.631250023841858,1.7312500476837158,1.631250023841858,1.6595829725265503,1543200
2001-07-10,1.4277242422103882,1.6104170083999634,1.649999976158142,1.6104170083999634,1.6458330154418945,1473600
2001-07-11,1.4413915872573853,1.6258330345153809,1.6495829820632935,1.6070829629898071,1.6124999523162842,2700000
2001-07-12,1.5861960649490356,1.789167046546936,1.7975000143051147,1.6708329916000366,1.6708329916000366,2140800
2001-07-13,1.5699418783187866,1.7708330154418945,1.790416955947876,1.7708330154418945,1.787500023841858,1022400
2001-07-16,1.553318738937378,1.7520829439163208,1.7854169607162476,1.7312500476837158,1.774999976158142,1560000
2001-07-17,1.6316319704055786,1.8404170274734497,1.8833329677581787,1.773332953453064,1.774999976158142,4780800
2001-07-18,1.6327402591705322,1.8416670560836792,1.8541669845581055,1.8370829820632935,1.837499976158142,3220800
2001-07-19,1.5736361742019653,1.774999976158142,1.8479169607162476,1.7716670036315918,1.8424999713897705,2083200
2001-07-20,1.5588598251342773,1.7583329677581787,1.7725000381469727,1.7345830202102661,1.7712500095367432,2409600
2001-07-23,1.6050355434417725,1.8104170560836792,1.8104170560836792,1.7583329677581787,1.7645829916000366,1620000
2001-07-24,1.6242434978485107,1.832082986831665,1.8350000381469727,1.7862499952316284,1.7862499952316284,2464800
2001-07-25,1.6308926343917847,1.8395830392837524,1.8395830392837524,1.8229169845581055,1.8333330154418945,1980000
2001-07-26,1.6656156778335571,1.878749966621399,1.8791669607162476,1.8291670083999634,1.8395830392837524,4519200
2001-07-27,1.6826088428497314,1.8979170322418213,1.9187500476837158,1.8729170560836792,1.8745830059051514,6141600
2001-07-30,1.6597055196762085,1.8720829486846924,1.8879170417785645,1.8591669797897339,1.871250033378601,2280000
2001-07-31,1.634587049484253,1.84375,1.8683329820632935,1.8229169845581055,1.8620829582214355,2157600
2001-08-01,1.6622916460037231,1.875,1.8791669607162476,1.817916989326477,1.84375,1812000
2001-08-02,1.6766979694366455,1.8912500143051147,1.9104169607162476,1.8745830059051514,1.875,3343200
2001-08-03,1.643083095550537,1.8533329963684082,1.8933329582214355,1.8283330202102661,1.8933329582214355,609600
2001-08-06,1.5828710794448853,1.7854169607162476,1.8295830488204956,1.7770830392837524,1.8245830535888672,1771200
2001-08-07,1.5902595520019531,1.7937500476837158,1.8083330392837524,1.7604169845581055,1.7791670560836792,681600
2001-08-08,1.5027117729187012,1.6950000524520874,1.806249976158142,1.6479170322418213,1.7937500476837158,2395200
2001-08-09,1.55258047580719,1.7512500286102295,1.752500057220459,1.6895829439163208,1.690000057220459,1188000
2001-08-10,1.6098369359970093,1.8158329725265503,1.8700000047683716,1.7254170179367065,1.7487499713897705,3026400
2001-08-13,1.606882095336914,1.8125,1.851667046546936,1.800832986831665,1.8458329439163208,1149600
2001-08-14,1.634587049484253,1.84375,1.8524999618530273,1.8020830154418945,1.8066669702529907,592800
2001-08-15,1.536696434020996,1.7333329916000366,1.8541669845581055,1.722499966621399,1.8324999809265137,993600
2001-08-16,1.5171180963516235,1.7112499475479126,1.738332986831665,1.6833330392837524,1.725000023841858,1756800
2001-08-17,1.5237675905227661,1.71875,1.7433329820632935,1.7000000476837158,1.7087500095367432,1008000
2001-08-20,1.5330028533935547,1.7291669845581055,1.753749966621399,1.696666955947876,1.7287499904632568,984000
2001-08-21,1.5182265043258667,1.712499976158142,1.747499942779541,1.7016669511795044,1.7416670322418213,2647200
2001-08-22,1.5237675905227661,1.71875,1.7283329963684082,1.6916669607162476,1.7083330154418945,2347200
2001-08-23,1.5293079614639282,1.725000023841858,1.7658330202102661,1.725000023841858,1.7541669607162476,1293600
2001-08-24,1.5407599210739136,1.7379169464111328,1.7583329677581787,1.7233330011367798,1.7404170036315918,912000
2001-08-27,1.5278302431106567,1.7233330011367798,1.7704169750213623,1.7229169607162476,1.7458330392837524,1677600
2001-08-28,1.5474094152450562,1.7454169988632202,1.7566670179367065,1.7233330011367798,1.725000023841858,1716000
2001-08-29,1.5389125347137451,1.7358330488204956,1.75,1.725000023841858,1.725000023841858,475200
2001-08-30,1.5337411165237427,1.7300000190734863,1.7404170036315918,1.7050000429153442,1.7358330488204956,796800
2001-08-31,1.5621845722198486,1.7620830535888672,1.7704169750213623,1.7183330059051514,1.7433329820632935,1418400
2001-09-04,1.5389125347137451,1.7358330488204956,1.7620830535888672,1.727916955947876,1.7620830535888672,1010400
2001-09-05,1.5330028533935547,1.7291669845581055,1.7491669654846191,1.709583044052124,1.7374999523162842,10819200
2001-09-06,1.5071444511413574,1.7000000476837158,1.7100000381469727,1.6829169988632202,1.7083330154418945,2824800
2001-09-07,1.3774858713150024,1.5537500381469727,1.6775000095367432,1.4833329916000366,1.6770830154418945,5220000
2001-09-10,1.379702091217041,1.556249976158142,1.6033329963684082,1.4716670513153076,1.5412499904632568,3266400
2001-09-17,1.2167972326278687,1.372499942779541,1.5516669750213623,1.3683329820632935,1.5425000190734863,3492000
2001-09-18,1.1443949937820435,1.2908329963684082,1.3891669511795044,1.2795829772949219,1.3870830535888672,4804800
2001-09-19,1.1067167520523071,1.2483329772949219,1.2829170227050781,1.1845829486846924,1.2779170274734497,3180000
2001-09-20,0.8414892554283142,0.949167013168335,1.1979169845581055,0.949167013168335,1.1979169845581055,10615200
2001-09-21,0.817847490310669,0.9225000143051147,0.9495829939842224,0.7604169845581055,0.9495829939842224,10922400
2001-09-24,0.8311458230018616,0.9375,0.9770830273628235,0.8374999761581421,0.9333329796791077,6252000
2001-09-25,0.8126762509346008,0.9166669845581055,0.9579169750213623,0.8791670203208923,0.956250011920929,1663200
2001-09-26,0.7967919111251831,0.8987500071525574,0.9375,0.8566669821739197,0.9375,3554400
2001-09-27,0.7735198140144348,0.8725000023841858,0.8929169774055481,0.8304169774055481,0.8645830154418945,3806400
2001-09-28,0.8274517059326172,0.9333329796791077,0.9608330130577087,0.8629170060157776,0.8725000023841858,1807200
2001-10-01,0.7676090598106384,0.8658329844474792,0.9375,0.8637499809265137,0.9375,1996800
2001-10-02,0.7572664022445679,0.8541669845581055,0.8854169845581055,0.8374999761581421,0.8745830059051514,1504800
2001-10-03,0.7550503015518188,0.8516669869422913,0.875,0.7954170107841492,0.8458330035209656,6804000
2001-10-04,0.8477686643600464,0.956250011920929,1.0641670227050781,0.8770830035209656,0.8770830035209656,7281600
2001-10-05,0.8437057137489319,0.9516670107841492,0.9649999737739563,0.8799999952316284,0.9558330178260803,2016000
2001-10-08,0.7387961745262146,0.8333330154418945,0.8999999761581421,0.8145830035209656,0.8500000238418579,4668000
2001-10-09,0.7498779892921448,0.8458330035209656,0.862500011920929,0.737500011920929,0.8120830059051514,4744800
2001-10-10,0.7757361531257629,0.875,0.9204170107841492,0.7970830202102661,0.8545830249786377,4080000
2001-10-11,0.920539915561676,1.0383330583572388,1.0383330583572388,0.9041669964790344,0.9041669964790344,5935200
2001-10-12,0.8869253396987915,1.0004169940948486,1.0795830488204956,0.9870830178260803,1.0762499570846558,4968000
2001-10-15,0.8865554928779602,1.0,1.0058330297470093,0.9733330011367798,0.9887499809265137,1876800
2001-10-16,0.9918339252471924,1.118749976158142,1.1583329439163208,1.0379170179367065,1.0416669845581055,6765600
2001-10-17,1.0572173595428467,1.1924999952316284,1.238332986831665,1.159999966621399,1.1604169607162476,9252000
2001-10-18,1.0099347829818726,1.1391669511795044,1.1974999904632568,1.0654170513153076,1.1974999904632568,2966400
2001-10-19,0.9951586723327637,1.122499942779541,1.1349999904632568,1.0729169845581055,1.125,2040000
2001-10-22,1.0176925659179688,1.1479170322418213,1.1645829677581787,1.1083329916000366,1.1241669654846191,796800
2001-10-23,1.0365318059921265,1.1691670417785645,1.1875,1.153749942779541,1.165416955947876,1792800
2001-10-24,1.034314751625061,1.1666669845581055,1.1995830535888672,1.1541670560836792,1.1833330392837524,1087200
2001-10-25,1.01621413230896,1.1462500095367432,1.1645829677581787,1.117082953453064,1.1541670560836792,1447200
2001-10-26,1.1480895280838013,1.2949999570846558,1.3224999904632568,1.1454169750213623,1.1649999618530273,3312000
2001-10-29,1.1421784162521362,1.2883330583572388,1.3166669607162476,1.2566670179367065,1.3041670322418213,3405600
2001-10-30,1.034314751625061,1.1666669845581055,1.2845829725265503,1.1316670179367065,1.2783329486846924,5301600
2001-10-31,1.0424412488937378,1.175832986831665,1.2333329916000366,1.1354169845581055,1.1658329963684082,1317600
2001-11-01,1.0564790964126587,1.1916669607162476,1.193750023841858,1.1629170179367065,1.1762499809265137,823200
2001-11-02,1.0380085706710815,1.1708329916000366,1.1924999952316284,1.1666669845581055,1.1833330392837524,746400
2001-11-05,1.0450273752212524,1.1787500381469727,1.1875,1.1008330583572388,1.1745829582214355,1497600
2001-11-06,1.0767954587936401,1.2145830392837524,1.2291669845581055,1.1666669845581055,1.1666669845581055,3086400
2001-11-07,1.1030232906341553,1.2441669702529907,1.2916669845581055,1.2083330154418945,1.224166989326477,2212800
2001-11-08,1.1111496686935425,1.2533329725265503,1.2670830488204956,1.210832953453064,1.2541669607162476,1934400
2001-11-09,1.113735556602478,1.256250023841858,1.287500023841858,1.227916955947876,1.252500057220459,1675200
2001-11-12,1.0974819660186768,1.2379169464111328,1.2625000476837158,1.148332953453064,1.2366670370101929,1255200
2001-11-13,1.143656849861145,1.2899999618530273,1.2899999618530273,1.2583329677581787,1.2687499523162842,1831200
2001-11-14,1.1322052478790283,1.2770830392837524,1.3333330154418945,1.2545830011367798,1.2899999618530273,1996800
2001-11-15,1.2378532886505127,1.3962500095367432,1.4020830392837524,1.2495830059051514,1.2625000476837158,2083200
2001-11-16,1.2001746892929077,1.3537499904632568,1.4191670417785645,1.3129169940948486,1.402500033378601,1190400
2001-11-19,1.2337899208068848,1.3916670083999634,1.4104169607162476,1.337499976158142,1.3691669702529907,1111200
2001-11-20,1.2001746892929077,1.3537499904632568,1.4104169607162476,1.3333330154418945,1.40625,919200
2001-11-21,1.211995005607605,1.367082953453064,1.375,1.3233330249786377,1.337499976158142,547200
2001-11-23,1.2016524076461792,1.355417013168335,1.4108330011367798,1.349166989326477,1.3741669654846191,542400
2001-11-26,1.2171671390533447,1.3729170560836792,1.4112499952316284,1.3420829772949219,1.377500057220459,1060800
2001-11-27,1.2729458808898926,1.4358329772949219,1.459583044052124,1.4020830392837524,1.4249999523162842,1293600
2001-11-28,1.2411779165267944,1.399999976158142,1.4629169702529907,1.399999976158142,1.4474999904632568,981600
2001-11-29,1.2374831438064575,1.3958330154418945,1.414167046546936,1.3833329677581787,1.4058330059051514,1116000
2001-11-30,1.1824434995651245,1.3337500095367432,1.4158329963684082,1.3158329725265503,1.3875000476837158,2575200
2001-12-03,1.2079317569732666,1.3624999523162842,1.3979170322418213,1.3354170322418213,1.341249942779541,3513600
2001-12-04,1.278856873512268,1.4424999952316284,1.445417046546936,1.3679169416427612,1.384166955947876,859200
2001-12-05,1.4576455354690552,1.6441669464111328,1.6487499475479126,1.4383330345153809,1.4500000476837158,6388800
2001-12-06,1.4764845371246338,1.665416955947876,1.7024999856948853,1.618749976158142,1.6229170560836792,3194400
2001-12-07,1.4646636247634888,1.6520830392837524,1.6866669654846191,1.6024999618530273,1.6866669654846191,1219200
2001-12-10,1.4391748905181885,1.6233329772949219,1.6666669845581055,1.6208330392837524,1.6662499904632568,1560000
2001-12-11,1.4679877758026123,1.6558330059051514,1.6666669845581055,1.6216670274734497,1.6399999856948853,933600
2001-12-12,1.4413915872573853,1.6258330345153809,1.6666669845581055,1.6145830154418945,1.6254169940948486,1233600
2001-12-13,1.4679877758026123,1.6558330059051514,1.65625,1.5504169464111328,1.6150000095367432,1704000
2001-12-14,1.4432387351989746,1.6279170513153076,1.6495829820632935,1.5729169845581055,1.6262500286102295,1958400
2001-12-17,1.460970163345337,1.6479170322418213,1.649999976158142,1.6037499904632568,1.6437499523162842,1572000
2001-12-18,1.4971706867218018,1.6887500286102295,1.6887500286102295,1.6229170560836792,1.649999976158142,1744800
2001-12-19,1.5330028533935547,1.7291669845581055,1.7354170083999634,1.6583329439163208,1.6875,3926400
2001-12-20,1.5518416166305542,1.7504169940948486,1.7799999713897705,1.7029169797897339,1.7145830392837524,4044000
2001-12-21,1.6087285280227661,1.8145829439163208,1.8145829439163208,1.7379169464111328,1.7754169702529907,3465600
2001-12-24,1.6486234664916992,1.8595830202102661,1.869583010673523,1.7825000286102295,1.7825000286102295,1468800
2001-12-26,1.6659858226776123,1.8791669607162476,1.8879170417785645,1.8066669702529907,1.8708330392837524,2767200
2001-12-27,1.6271989345550537,1.8354170322418213,1.8833329677581787,1.8145829439163208,1.8608330488204956,4173600
2001-12-28,1.5861960649490356,1.789167046546936,1.8333330154418945,1.7374999523162842,1.8133330345153809,2896800
2001-12-31,1.5137939453125,1.7074999809265137,1.783750057220459,1.6708329916000366,1.7629170417785645,3789600
2002-01-02,1.4170109033584595,1.5983330011367798,1.7166670560836792,1.5979169607162476,1.7050000429153442,3350400
2002-01-03,1.4513654708862305,1.6370830535888672,1.6566669940948486,1.5666669607162476,1.6062500476837158,5721600
2002-01-04,1.4498878717422485,1.6354169845581055,1.6979169845581055,1.5458329916000366,1.6549999713897705,7536000
2002-01-07,1.393370270729065,1.571666955947876,1.7379169464111328,1.5708329677581787,1.675832986831665,4495200
2002-01-08,1.433264970779419,1.6166670322418213,1.6708329916000366,1.5700000524520874,1.5712499618530273,9792000
2002-01-09,1.4092535972595215,1.5895830392837524,1.6541670560836792,1.5833330154418945,1.6345829963684082,7056000
2002-01-10,1.354952096939087,1.5283329486846924,1.6262500286102295,1.5208330154418945,1.5837500095367432,4905600
2002-01-11,1.3852429389953613,1.5625,1.5791670083999634,1.5104169845581055,1.5295829772949219,2304000
2002-01-14,1.403343915939331,1.5829169750213623,1.5829169750213623,1.53125,1.5383330583572388,1946400
2002-01-15,1.3752694129943848,1.5512499809265137,1.6416670083999634,1.525833010673523,1.5862499475479126,1226400
2002-01-16,1.363079309463501,1.537500023841858,1.5625,1.5008330345153809,1.5537500381469727,1670400
2002-01-17,1.3926305770874023,1.5708329677581787,1.5729169845581055,1.5412499904632568,1.5416669845581055,758400
2002-01-18,1.3165351152420044,1.4850000143051147,1.5625,1.4612499475479126,1.5416669845581055,1752000
2002-01-22,1.326139211654663,1.4958330392837524,1.5162500143051147,1.4545830488204956,1.4904170036315918,5659200
2002-01-23,1.3283555507659912,1.4983329772949219,1.522083044052124,1.4674999713897705,1.5,2145600
2002-01-24,1.3483028411865234,1.5208330154418945,1.5637500286102295,1.4874999523162842,1.5,686400
2002-01-25,1.3667733669281006,1.5416669845581055,1.5462499856948853,1.4979170560836792,1.5241669416427612,1116000
2002-01-28,1.3667733669281006,1.5416669845581055,1.6020829677581787,1.5354169607162476,1.5379170179367065,1732800
2002-01-29,1.2467190027236938,1.40625,1.5670830011367798,1.3583329916000366,1.559999942779541,7029600
2002-01-30,1.270729422569275,1.4333330392837524,1.445417046546936,1.3520829677581787,1.3858330249786377,4502400
2002-01-31,1.35606050491333,1.5295829772949219,1.5416669845581055,1.462499976158142,1.462499976158142,3482400
2002-02-01,1.3660337924957275,1.5408329963684082,1.5416669845581055,1.5041669607162476,1.5333329439163208,1843200
2002-02-04,1.27664053440094,1.440000057220459,1.5416669845581055,1.4375,1.5020829439163208,1903200
2002-02-05,1.303975224494934,1.4708329439163208,1.5187499523162842,1.4479169845581055,1.4833329916000366,1855200
2002-02-06,1.2496737241744995,1.4095829725265503,1.4833329916000366,1.4041670560836792,1.4833329916000366,1956000
2002-02-07,1.219383716583252,1.3754169940948486,1.4375,1.3479169607162476,1.408750057220459,2628000
2002-02-08,1.2807033061981201,1.4445830583572388,1.4616669416427612,1.375,1.3754169940948486,1260000
2002-02-11,1.2478269338607788,1.4075000286102295,1.4500000476837158,1.3941669464111328,1.446666955947876,914400
2002-02-12,1.2607557773590088,1.4220830202102661,1.441249966621399,1.3966670036315918,1.399999976158142,2116800
2002-02-13,1.3128405809402466,1.4808330535888672,1.4820829629898071,1.4291670322418213,1.4291670322418213,1723200
2002-02-14,1.2921550273895264,1.4574999809265137,1.5041669607162476,1.4541670083999634,1.4620829820632935,1370400
2002-02-15,1.292893648147583,1.4583330154418945,1.46875,1.4083329439163208,1.4579169750213623,2649600
2002-02-19,1.2862437963485718,1.4508329629898071,1.4683330059051514,1.4208329916000366,1.4483330249786377,1826400
2002-02-20,1.292893648147583,1.4583330154418945,1.4733330011367798,1.4187500476837158,1.440000057220459,1759200
2002-02-21,1.2921550273895264,1.4574999809265137,1.475000023841858,1.4187500476837158,1.4395829439163208,1461600
2002-02-22,1.2843973636627197,1.4487500190734863,1.4691669940948486,1.4416669607162476,1.4458329677581787,2515200
2002-02-25,1.292893648147583,1.4583330154418945,1.475000023841858,1.4375,1.4375,1272000
2002-02-26,1.2988039255142212,1.465000033378601,1.4887499809265137,1.4512499570846558,1.4704170227050781,794400
2002-02-27,1.3446093797683716,1.5166670083999634,1.5316669940948486,1.4708329439163208,1.4708329439163208,756000
2002-02-28,1.309885859489441,1.4774999618530273,1.5433330535888672,1.460832953453064,1.5208330154418945,1219200
2002-03-01,1.3298336267471313,1.5,1.5149999856948853,1.475000023841858,1.4858330488204956,1401600
2002-03-04,1.4273544549942017,1.6100000143051147,1.6145830154418945,1.4783329963684082,1.4783329963684082,2174400
2002-03-05,1.4077767133712769,1.5879169702529907,1.6100000143051147,1.5708329677581787,1.5770829916000366,1984800
2002-03-06,1.4147943258285522,1.5958329439163208,1.6033329963684082,1.5620830059051514,1.59375,1382400
2002-03-07,1.3974335193634033,1.5762499570846558,1.6095830202102661,1.5449999570846558,1.6037499904632568,1106400
2002-03-08,1.3992799520492554,1.5783330202102661,1.5829169750213623,1.539167046546936,1.5800000429153442,1173600
2002-03-11,1.4066683053970337,1.5866669416427612,1.597499966621399,1.5170830488204956,1.5729169845581055,835200
2002-03-12,1.4129477739334106,1.59375,1.6020829677581787,1.5641670227050781,1.5787500143051147,681600
2002-03-13,1.3741612434387207,1.5499999523162842,1.59375,1.5229170322418213,1.59375,571200
2002-03-14,1.469835638999939,1.6579170227050781,1.6775000095367432,1.5670830011367798,1.5758329629898071,3050400
2002-03-15,1.4827643632888794,1.6725000143051147,1.7220829725265503,1.6583329439163208,1.6691670417785645,3417600
2002-03-18,1.4742683172225952,1.6629170179367065,1.6833330392837524,1.6458330154418945,1.6791670322418213,876000
2002-03-19,1.4931074380874634,1.6841670274734497,1.6875,1.6566669940948486,1.6741670370101929,1176000
2002-03-20,1.5263534784317017,1.7216670513153076,1.7216670513153076,1.6666669845581055,1.6862499713897705,1881600
2002-03-21,1.5211812257766724,1.7158329486846924,1.7237499952316284,1.7000000476837158,1.7083330154418945,1927200
2002-03-22,1.535588026046753,1.7320829629898071,1.7320829629898071,1.7041670083999634,1.7045830488204956,1639200
2002-03-25,1.5108387470245361,1.7041670083999634,1.725000023841858,1.7012499570846558,1.7191669940948486,1039200
2002-03-26,1.5197044610977173,1.7141669988632202,1.7220829725265503,1.6708329916000366,1.7020829916000366,1363200
2002-03-27,1.5422372817993164,1.7395830154418945,1.7654169797897339,1.693750023841858,1.7154170274734497,897600
2002-03-28,1.5551666021347046,1.7541669607162476,1.7687499523162842,1.7483329772949219,1.7504169940948486,1140000
2002-04-01,1.5474094152450562,1.7454169988632202,1.773332953453064,1.7291669845581055,1.7604169845581055,1125600
2002-04-02,1.5389125347137451,1.7358330488204956,1.7545830011367798,1.7229169607162476,1.7324999570846558,1099200
2002-04-03,1.5414984226226807,1.7387499809265137,1.7658330202102661,1.7312500476837158,1.7316670417785645,880800
2002-04-04,1.5595992803573608,1.759166955947876,1.7699999809265137,1.625,1.7466670274734497,4255200
2002-04-05,1.5004955530166626,1.6924999952316284,1.7491669654846191,1.681249976158142,1.7491669654846191,1312800
2002-04-08,1.5016037225723267,1.693750023841858,1.7020829916000366,1.6687500476837158,1.6749999523162842,3996000
2002-04-09,1.4328954219818115,1.6162500381469727,1.727916955947876,1.6004170179367065,1.7020829916000366,3192000
2002-04-10,1.4299405813217163,1.6129169464111328,1.6416670083999634,1.5833330154418945,1.6083329916000366,1824000
2002-04-11,1.393000602722168,1.5712499618530273,1.6112500429153442,1.5637500286102295,1.59375,1010400
2002-04-12,1.4214439392089844,1.6033329963684082,1.6033329963684082,1.5645829439163208,1.5645829439163208,1101600
2002-04-15,1.4074069261550903,1.587499976158142,1.681249976158142,1.5833330154418945,1.6091669797897339,3072000
2002-04-16,1.6375420093536377,1.8470829725265503,1.8624999523162842,1.6233329772949219,1.6233329772949219,8335200
2002-04-17,1.7158547639846802,1.9354170560836792,1.9800000190734863,1.8583329916000366,1.8733329772949219,8092800
2002-04-18,1.758334994316101,1.9833329916000366,1.9958330392837524,1.8770829439163208,1.9479169845581055,3645600
2002-04-19,1.7084662914276123,1.9270830154418945,1.9541670083999634,1.84375,1.931249976158142,5220000
2002-04-22,1.6696795225143433,1.8833329677581787,1.8916670083999634,1.8520829677581787,1.8875000476837158,2791200
2002-04-23,1.6992316246032715,1.9166669845581055,1.9187500476837158,1.875,1.8791669607162476,2596800
2002-04-24,1.6696795225143433,1.8833329677581787,1.934999942779541,1.8791669607162476,1.8908330202102661,2740800
2002-04-25,1.71991765499115,1.940000057220459,1.9462499618530273,1.8245830535888672,1.8791669607162476,2272800
2002-04-26,1.688888430595398,1.9049999713897705,1.9583330154418945,1.9016669988632202,1.9479169845581055,1233600
2002-04-29,1.6778064966201782,1.8925000429153442,1.9220830202102661,1.8716670274734497,1.909999966621399,1363200
2002-04-30,1.736170768737793,1.9583330154418945,2.004167079925537,1.8908330202102661,1.9079170227050781,4024800
2002-05-01,1.736170768737793,1.9583330154418945,1.962499976158142,1.9012500047683716,1.9495830535888672,1231200
2002-05-02,1.6770678758621216,1.8916670083999634,1.9583330154418945,1.8875000476837158,1.9470829963684082,1058400
2002-05-03,1.736170768737793,1.9583330154418945,1.966249942779541,1.8825000524520874,1.8912500143051147,3763200
2002-05-06,1.7731109857559204,2.0,2.0208330154418945,1.9375,1.9504170417785645,2988000
2002-05-07,1.7383872270584106,1.960832953453064,2.0174999237060547,1.9379169940948486,2.004167079925537,2750400
2002-05-08,1.8100512027740479,2.0416669845581055,2.043750047683716,1.9754170179367065,1.9791669845581055,2114400
2002-05-09,1.8015544414520264,2.032083034515381,2.0562500953674316,2.012083053588867,2.03125,957600
2002-05-10,1.8096815347671509,2.041249990463257,2.075000047683716,2.0254170894622803,2.047916889190674,3072000
2002-05-13,1.9164382219314575,2.1616671085357666,2.1854169368743896,2.0325000286102295,2.037916898727417,4857600
2002-05-14,1.946728229522705,2.1958329677581787,2.21875,2.1479170322418213,2.1533329486846924,6775200
2002-05-15,1.9397099018096924,2.1879169940948486,2.3125,2.134999990463257,2.1962499618530273,5272800
2002-05-16,1.9400789737701416,2.188333034515381,2.262500047683716,2.15625,2.1875,4005600
2002-05-17,1.9958586692810059,2.2512500286102295,2.2791669368743896,2.19083309173584,2.19083309173584,6648000
2002-05-20,2.0028765201568604,2.259166955947876,2.276249885559082,2.233333110809326,2.269166946411133,2282400
2002-05-21,1.9264116287231445,2.172916889190674,2.2604169845581055,2.1504170894622803,2.2604169845581055,6530400
2002-05-22,1.9108972549438477,2.155416965484619,2.1666669845581055,2.108750104904175,2.1516671180725098,7790400
2002-05-23,1.9393397569656372,2.1875,2.200000047683716,2.1270830631256104,2.157917022705078,2894400
2002-05-24,1.9555935859680176,2.2058329582214355,2.2104170322418213,2.168750047683716,2.1812500953674316,1257600
2002-05-28,1.9581798315048218,2.208750009536743,2.245832920074463,2.1770830154418945,2.235416889190674,3160800
2002-05-29,1.957809329032898,2.2083330154418945,2.2125000953674316,2.1791670322418213,2.1958329677581787,2472000
2002-05-30,1.9537458419799805,2.203749895095825,2.203749895095825,2.1500000953674316,2.1875,4852800
2002-05-31,1.8015544414520264,2.032083034515381,2.204166889190674,2.026249885559082,2.2033329010009766,13852800
2002-06-03,1.4986485242843628,1.6904170513153076,2.0054171085357666,1.6791670322418213,2.0054171085357666,20695200
2002-06-04,1.6393892765045166,1.849166989326477,1.8533329963684082,1.7170829772949219,1.7295830249786377,16351200
2002-06-05,1.679653286933899,1.894582986831665,1.9166669845581055,1.8270829916000366,1.8495830297470093,5248800
2002-06-06,1.6659858226776123,1.8791669607162476,1.9158329963684082,1.84375,1.884166955947876,2640000
2002-06-07,1.671895980834961,1.8858330249786377,1.909999966621399,1.8125,1.8408329486846924,3525600
2002-06-10,1.706249713897705,1.9245829582214355,1.9500000476837158,1.8883329629898071,1.899999976158142,2930400
2002-06-11,1.643822193145752,1.8541669845581055,1.9541670083999634,1.8466670513153076,1.9500000476837158,2760000
2002-06-12,1.6641381978988647,1.8770829439163208,1.8916670083999634,1.8041670322418213,1.8583329916000366,6571200
2002-06-13,1.8067266941070557,2.037916898727417,2.102916955947876,1.8895829916000366,1.8949999809265137,10716000
2002-06-14,1.8436661958694458,2.079582929611206,2.079582929611206,1.965000033378601,2.002500057220459,7896000
2002-06-17,1.861767053604126,2.0999999046325684,2.123332977294922,2.074167013168335,2.0833330154418945,4483200
2002-06-18,1.8839306831359863,2.125,2.1624999046325684,2.0899999141693115,2.0899999141693115,5944800
2002-06-19,1.789364218711853,2.0183329582214355,2.1220829486846924,2.014583110809326,2.098750114440918,3744000
2002-06-20,1.796013593673706,2.0258328914642334,2.0604169368743896,2.007082939147949,2.0308330059051514,2071200
2002-06-21,1.8089427947998047,2.040416955947876,2.0520830154418945,1.9979170560836792,2.046250104904175,2246400
2002-06-24,1.8255659341812134,2.05916690826416,2.0941669940948486,2.0204169750213623,2.0204169750213623,7250400
2002-06-25,1.7882565259933472,2.017082929611206,2.0799999237060547,1.9691669940948486,2.0587499141693115,3643200
2002-06-26,1.8429268598556519,2.078749895095825,2.1041669845581055,1.9424999952316284,2.0020830631256104,4651200
2002-06-27,1.9064644575119019,2.1504170894622803,2.174999952316284,2.077083110809326,2.079166889190674,5126400
2002-06-28,1.985514760017395,2.2395830154418945,2.25,2.157083034515381,2.184999942779541,4759200
2002-07-01,1.9116357564926147,2.15625,2.2166669368743896,2.1145830154418945,2.216249942779541,7538400
2002-07-02,1.8455132246017456,2.081666946411133,2.1333329677581787,2.052500009536743,2.1145830154418945,5479200
2002-07-03,1.85585618019104,2.0933330059051514,2.1333329677581787,2.0670828819274902,2.069166898727417,4761600
2002-07-05,1.889471411705017,2.1312499046325684,2.172916889190674,2.0854170322418213,2.0854170322418213,3760800
2002-07-08,1.924564242362976,2.170833110809326,2.1895830631256104,2.112499952316284,2.112499952316284,3237600
2002-07-09,1.8728485107421875,2.112499952316284,2.1645829677581787,2.0958330631256104,2.142082929611206,2361600
2002-07-10,1.7904728651046753,2.019582986831665,2.141666889190674,1.9924999475479126,2.1166670322418213,6158400
2002-07-11,1.8314757347106934,2.06583309173584,2.0916669368743896,1.9787499904632568,2.0,4831200
2002-07-12,1.878389596939087,2.1187500953674316,2.227916955947876,2.055417060852051,2.09375,9348000
2002-07-15,1.8137445449829102,2.045833110809326,2.120832920074463,1.9487500190734863,2.0999999046325684,12636000
2002-07-16,2.023932456970215,2.282917022705078,2.3954169750213623,2.0941669940948486,2.1145830154418945,36600000
2002-07-17,2.03205943107605,2.2920830249786377,2.353749990463257,2.2750000953674316,2.295833110809326,10161600
2002-07-18,2.043510913848877,2.305000066757202,2.3229169845581055,2.2733330726623535,2.2870829105377197,7392000
2002-07-19,2.019500255584717,2.27791690826416,2.3120830059051514,2.2495830059051514,2.2583329677581787,17208000
2002-07-22,1.9873627424240112,2.2416670322418213,2.311666965484619,2.177917003631592,2.2766671180725098,10735200
2002-07-23,2.0132200717926025,2.2708330154418945,2.300832986831665,2.25,2.2704169750213623,10053600
2002-07-24,2.0649361610412598,2.329166889190674,2.339582920074463,2.1770830154418945,2.25,13101600
2002-07-25,2.0501596927642822,2.3125,2.3645830154418945,2.2874999046325684,2.34708309173584,10334400
2002-07-26,2.1040918827056885,2.373332977294922,2.44083309173584,2.3079171180725098,2.308332920074463,10696800
2002-07-29,2.22119140625,2.5054171085357666,2.5104169845581055,2.416249990463257,2.4462499618530273,15403200
2002-07-30,2.2030909061431885,2.484999895095825,2.5208330154418945,2.4583330154418945,2.519166946411133,14172000
2002-07-31,2.161717176437378,2.438333034515381,2.518749952316284,2.3958330154418945,2.4791669845581055,8428800
2002-08-01,2.15728497505188,2.433332920074463,2.5062499046325684,2.389583110809326,2.472917079925537,6703200
2002-08-02,2.1240394115448,2.3958330154418945,2.4633328914642334,2.391666889190674,2.4291670322418213,4860000
2002-08-05,1.8174395561218262,2.049999952316284,2.34375,2.0129170417785645,2.3433330059051514,48148800
2002-08-06,1.8905795812606812,2.132499933242798,2.1904170513153076,1.9462499618530273,2.009999990463257,35760000
2002-08-07,1.91828453540802,2.163749933242798,2.2708330154418945,2.067500114440918,2.1937499046325684,16656000
2002-08-08,1.9615044593811035,2.2125000953674316,2.225832939147949,2.1458330154418945,2.1887500286102295,9434400
2002-08-09,1.952269434928894,2.202083110809326,2.2125000953674316,2.141666889190674,2.208750009536743,5877600
2002-08-12,1.9393397569656372,2.1875,2.242917060852051,2.123332977294922,2.1624999046325684,5160000
2002-08-13,1.9814512729644775,2.234999895095825,2.2708330154418945,2.1762499809265137,2.194582939147949,8791200
2002-08-14,2.040555000305176,2.3016669750213623,2.311666965484619,2.183332920074463,2.2320830821990967,5649600
2002-08-15,2.159132242202759,2.4354169368743896,2.4554169178009033,2.3062500953674316,2.3066670894622803,14040000
2002-08-16,2.1628262996673584,2.4395830631256104,2.4987499713897705,2.4000000953674316,2.430417060852051,4305600
2002-08-19,2.134752035140991,2.407917022705078,2.4937500953674316,2.396250009536743,2.4666669368743896,6340800
2002-08-20,2.0930097103118896,2.360832929611206,2.422916889190674,2.3545830249786377,2.413332939147949,5731200
2002-08-21,2.1454646587371826,2.4200000762939453,2.4362499713897705,2.3645830154418945,2.375,4504800
2002-08-22,2.2041983604431152,2.4862499237060547,2.4979169368743896,2.4108328819274902,2.430000066757202,7092000
2002-08-23,2.164673089981079,2.441667079925537,2.476249933242798,2.3958330154418945,2.4733328819274902,6506400
2002-08-26,2.207153797149658,2.4895830154418945,2.4895830154418945,2.402082920074463,2.441667079925537,6628800
2002-08-27,2.1480512619018555,2.422916889190674,2.555833101272583,2.4195830821990967,2.4891669750213623,17313600
2002-08-28,2.1055691242218018,2.375,2.4191670417785645,2.296250104904175,2.418750047683716,11834400
2002-08-29,2.1181297302246094,2.389167070388794,2.4120829105377197,2.3125,2.3499999046325684,8546400
2002-08-30,2.120713472366333,2.392082929611206,2.40958309173584,2.3154170513153076,2.379167079925537,7588800
2002-09-03,2.127364158630371,2.399583101272583,2.4004170894622803,2.3162500858306885,2.370832920074463,12324000
2002-09-04,2.2093701362609863,2.4920830726623535,2.4920830726623535,2.357917070388794,2.3958330154418945,10245600
2002-09-05,2.1561763286590576,2.4320828914642334,2.475416898727417,2.3666670322418213,2.4749999046325684,11774400
2002-09-06,2.2363359928131104,2.5225000381469727,2.5225000381469727,2.440000057220459,2.4437499046325684,10929600
2002-09-09,2.322406053543091,2.6195828914642334,2.6737499237060547,2.4862499237060547,2.5062499046325684,17508000
2002-09-10,2.3201892375946045,2.6170830726623535,2.6479170322418213,2.535417079925537,2.637500047683716,11018400
2002-09-11,2.3523266315460205,2.6533329486846924,2.671250104904175,2.578749895095825,2.579166889190674,7653600
2002-09-12,2.3312716484069824,2.6295828819274902,2.6379170417785645,2.5854170322418213,2.625,9357600
2002-09-13,2.3098466396331787,2.605417013168335,2.6354169845581055,2.563333034515381,2.609999895095825,8181600
2002-09-16,2.3438310623168945,2.643749952316284,2.65625,2.579166889190674,2.5899999141693115,6324000
2002-09-17,2.327946901321411,2.625833034515381,2.7008330821990967,2.615000009536743,2.651249885559082,10274400
2002-09-18,2.319821357727051,2.6166670322418213,2.6479170322418213,2.52791690826416,2.5779170989990234,11071200
2002-09-19,2.1731693744659424,2.4512500762939453,2.5204169750213623,2.3958330154418945,2.485416889190674,21552000
2002-09-20,2.2053072452545166,2.487499952316284,2.5083329677581787,2.4287500381469727,2.454166889190674,10951200
2002-09-23,2.0904247760772705,2.357917070388794,2.500833034515381,2.339582920074463,2.500833034515381,9410400
2002-09-24,1.9836678504943848,2.237499952316284,2.325000047683716,2.233750104904175,2.2495830059051514,21302400
2002-09-25,2.027996301651001,2.2874999046325684,2.3125,2.2191669940948486,2.250833034515381,18033600
2002-09-26,2.106677532196045,2.3762500286102295,2.384582996368408,2.2874999046325684,2.3162500858306885,14601600
2002-09-27,2.149527072906494,2.4245829582214355,2.4791669845581055,2.3516669273376465,2.3670830726623535,13814400
2002-09-30,2.1229310035705566,2.394582986831665,2.416249990463257,2.3254170417785645,2.3958330154418945,14971200
2002-10-01,2.040555000305176,2.3016669750213623,2.4116671085357666,2.259582996368408,2.402082920074463,21242400
2002-10-02,2.0420327186584473,2.303333044052124,2.3595829010009766,2.2470829486846924,2.316667079925537,16804800
2002-10-03,2.0335371494293213,2.293750047683716,2.3187499046325684,2.2545828819274902,2.295833110809326,11834400
2002-10-04,1.9120051860809326,2.1566669940948486,2.3379170894622803,2.1404170989990234,2.3129169940948486,32292000
2002-10-07,1.7731109857559204,2.0,2.137083053588867,1.9704170227050781,2.083750009536743,48672000
2002-10-08,1.8384941816329956,2.0737500190734863,2.0804169178009033,2.0137500762939453,2.0604169368743896,31768800
2002-10-09,1.955963134765625,2.206249952316284,2.2174999713897705,2.0470829010009766,2.0487499237060547,45225600
2002-10-10,2.1166512966156006,2.387500047683716,2.4149999618530273,2.2058329582214355,2.2083330154418945,32647200
2002-10-11,2.159132242202759,2.4354169368743896,2.4633328914642334,2.3729169368743896,2.4354169368743896,26409600
2002-10-14,2.1794490814208984,2.4583330154418945,2.4666669368743896,2.399583101272583,2.4337499141693115,11169600
2002-10-15,2.3142805099487305,2.610416889190674,2.625,2.481250047683716,2.485416889190674,17673600
2002-10-16,2.3316409587860107,2.630000114440918,2.674999952316284,2.4862499237060547,2.566667079925537,29313600
2002-10-17,2.392221689224243,2.6983330249786377,2.7816669940948486,2.6145830154418945,2.7816669940948486,23229600
2002-10-18,2.378185510635376,2.682499885559082,2.7441670894622803,2.627500057220459,2.6816670894622803,18607200
2002-10-21,2.4380271434783936,2.75,2.7708330154418945,2.640000104904175,2.6887500286102295,19255200
2002-10-22,2.4720122814178467,2.788332939147949,2.8333330154418945,2.6895830631256104,2.7416670322418213,17582400
2002-10-23,2.519296169281006,2.8416669368743896,2.853749990463257,2.7441670894622803,2.765000104904175,11392800
2002-10-24,2.540351152420044,2.865417003631592,2.916249990463257,2.8104169368743896,2.8595829010009766,23532000
2002-10-25,2.57064151763916,2.899583101272583,2.9345829486846924,2.8137500286102295,2.8450000286102295,16512000
2002-10-28,2.478292465209961,2.795417070388794,2.9166669845581055,2.7833330631256104,2.90625,15350400
2002-10-29,2.4768147468566895,2.793750047683716,2.8183329105377197,2.745832920074463,2.796250104904175,8671200
2002-10-30,2.4612996578216553,2.776249885559082,2.877500057220459,2.764583110809326,2.7874999046325684,15124800
2002-10-31,2.4443066120147705,2.757082939147949,2.839582920074463,2.757082939147949,2.8304169178009033,17484000
2002-11-01,2.50451922416687,2.825000047683716,2.831666946411133,2.6666669845581055,2.759999990463257,14100000
2002-11-04,2.589480400085449,2.920833110809326,2.9895830154418945,2.8450000286102295,2.8770830631256104,17822400
2002-11-05,2.596869707107544,2.9291670322418213,2.9433329105377197,2.8695828914642334,2.9316670894622803,8263200
2002-11-06,2.731698513031006,3.081249952316284,3.0829169750213623,2.9024999141693115,2.9379169940948486,15108000
2002-11-07,2.6873719692230225,3.03125,3.0729169845581055,2.9800000190734863,3.035417079925537,10591200
2002-11-08,2.5857880115509033,2.9166669845581055,2.9866669178009033,2.875,2.949583053588867,16903200
2002-11-11,2.4757065773010254,2.7925000190734863,2.9166669845581055,2.7816669940948486,2.9166669845581055,10886400
2002-11-12,2.554758071899414,2.881666898727417,2.915416955947876,2.787916898727417,2.825000047683716,12304800
2002-11-13,2.56325364112854,2.891249895095825,2.9354169368743896,2.84375,2.879167079925537,7881600
2002-11-14,2.660405158996582,3.000833034515381,3.005000114440918,2.925416946411133,2.9295830726623535,10077600
2002-11-15,2.5240976810455322,2.84708309173584,2.916249990463257,2.764583110809326,2.8666670322418213,41056800
2002-11-18,2.4531726837158203,2.767082929611206,2.8787500858306885,2.7441670894622803,2.8491671085357666,23884800
2002-11-19,2.4250988960266113,2.735416889190674,2.802500009536743,2.725416898727417,2.764583110809326,8426400
2002-11-20,2.463886260986328,2.7791669368743896,2.790416955947876,2.7270829677581787,2.735832929611206,7677600
2002-11-21,2.6134932041168213,2.9479169845581055,2.9774999618530273,2.782083034515381,2.795417070388794,27081600
2002-11-22,2.6895880699157715,3.033750057220459,3.0399999618530273,2.9191670417785645,2.971250057220459,9837600
2002-11-25,2.695498466491699,3.040416955947876,3.115833044052124,3.011667013168335,3.023750066757202,10917600
2002-11-26,2.5783989429473877,2.9083330631256104,3.0570828914642334,2.896250009536743,3.045833110809326,8728800
2002-11-27,2.665207624435425,3.0062499046325684,3.037916898727417,2.9529170989990234,2.954582929611206,10248000
2002-11-29,2.6371331214904785,2.9745829105377197,3.0683329105377197,2.9608330726623535,3.0104169845581055,3674400
2002-12-02,2.698453187942505,3.043750047683716,3.061666965484619,2.992500066757202,3.0254170894622803,6405600
2002-12-03,2.661513328552246,3.0020830631256104,3.041249990463257,2.964582920074463,3.041249990463257,9069600
2002-12-04,2.660036087036133,3.0004169940948486,3.0208330154418945,2.9583330154418945,2.9725000858306885,9789600
2002-12-05,2.607581853866577,2.9412500858306885,3.0416669845581055,2.93416690826416,3.0374999046325684,7816800
2002-12-06,2.6489548683166504,2.987916946411133,3.0020830631256104,2.8983330726623535,2.9270830154418945,7824000
2002-12-09,2.522989273071289,2.8458330631256104,2.990417003631592,2.8458330631256104,2.990000009536743,11064000
2002-12-10,2.5957608222961426,2.927917003631592,2.9404170513153076,2.852916955947876,2.852916955947876,8520000
2002-12-11,2.5857880115509033,2.9166669845581055,2.9329171180725098,2.889167070388794,2.90625,7372800
2002-12-12,2.6175553798675537,2.952500104904175,2.9791669845581055,2.920833110809326,2.9287500381469727,4375200
2002-12-13,2.6142311096191406,2.9487500190734863,2.9625000953674316,2.90958309173584,2.94083309173584,6343200
2002-12-16,2.6596672534942627,3.0,3.0,2.9437499046325684,2.9483330249786377,6770400
2002-12-17,2.65708065032959,2.9970829486846924,3.0225000381469727,2.985832929611206,2.9995830059051514,6405600
2002-12-18,2.6592977046966553,2.9995830059051514,3.016666889190674,2.9795830249786377,3.001667022705078,8162400
2002-12-19,2.6762893199920654,3.018749952316284,3.018749952316284,2.992917060852051,2.995832920074463,7317600
2002-12-20,2.7224643230438232,3.0708329677581787,3.086250066757202,3.0,3.0,9561600
2002-12-23,2.7948670387268066,3.1524999141693115,3.1524999141693115,3.038332939147949,3.072499990463257,11445600
2002-12-24,2.7390875816345215,3.089582920074463,3.1879169940948486,3.0625,3.155416965484619,5020800
2002-12-26,2.7811992168426514,3.137083053588867,3.148750066757202,3.0833330154418945,3.092082977294922,5918400
2002-12-27,2.7590343952178955,3.1120829582214355,3.132082939147949,3.103332996368408,3.1312499046325684,5428800
2002-12-30,2.74684476852417,3.0983328819274902,3.1295828819274902,3.022083044052124,3.1166670322418213,6444000
2002-12-31,2.668163299560547,3.009582996368408,3.1120829582214355,3.0012500286102295,3.1041669845581055,9979200
2003-01-02,2.6689021587371826,3.0104169845581055,3.0333330631256104,2.925832986831665,3.0291669368743896,13646400
2003-01-03,2.6515400409698486,2.990833044052124,3.0570828914642334,2.990833044052124,3.009582996368408,8426400
2003-01-06,2.6541261672973633,2.9937500953674316,3.019166946411133,2.9708330631256104,2.997499942779541,21456000
2003-01-07,2.4768147468566895,2.793750047683716,3.0020830631256104,2.7833330631256104,3.0020830631256104,30477600
2003-01-08,2.384464740753174,2.6895830631256104,2.7754170894622803,2.6666669845581055,2.7750000953674316,40257600
2003-01-09,2.376338243484497,2.680417060852051,2.683332920074463,2.575000047683716,2.634166955947876,47724000
2003-01-10,2.307260274887085,2.6024999618530273,2.6716670989990234,2.5883328914642334,2.652082920074463,26896800
2003-01-13,2.2884204387664795,2.581249952316284,2.666249990463257,2.5808329582214355,2.6024999618530273,22118400
2003-01-14,2.269582748413086,2.559999942779541,2.6166670322418213,2.543750047683716,2.5783329010009766,17232000
2003-01-15,2.270320415496826,2.560832977294922,2.5783329010009766,2.5274999141693115,2.5604169368743896,17930400
2003-01-16,2.2706902027130127,2.5612499713897705,2.5995829105377197,2.5516669750213623,2.563333034515381,27710400
2003-01-17,2.22156023979187,2.5058329105377197,2.572082996368408,2.5,2.5512499809265137,22096800
2003-01-21,2.185729742050171,2.46541690826416,2.519582986831665,2.441667079925537,2.5045828819274902,16689600
2003-01-22,2.1506357192993164,2.425832986831665,2.4683330059051514,2.4041669368743896,2.4604170322418213,20978400
2003-01-23,2.1683666706085205,2.4458329677581787,2.46875,2.421250104904175,2.4312500953674316,27643200
2003-01-24,2.136599063873291,2.4100000858306885,2.4625000953674316,2.401249885559082,2.4625000953674316,31646400
2003-01-27,2.079711675643921,2.3458330631256104,2.393749952316284,2.319999933242798,2.3466670513153076,16982400
2003-01-28,2.0871002674102783,2.3541669845581055,2.370832920074463,2.3258330821990967,2.353749990463257,27256800
2003-01-29,2.1055691242218018,2.375,2.3770830631256104,2.3233330249786377,2.3350000381469727,32460000
2003-01-30,2.1702146530151367,2.4479169845581055,2.4683330059051514,2.3520829677581787,2.384166955947876,46365600
2003-01-31,2.2263619899749756,2.5112500190734863,2.514583110809326,2.433332920074463,2.4512500762939453,49324800
2003-02-03,2.3098466396331787,2.605417013168335,2.62166690826416,2.545833110809326,2.582082986831665,55790400
2003-02-04,2.241877794265747,2.528749942779541,2.605833053588867,2.4979169368743896,2.589582920074463,63062400
2003-02-05,2.241877794265747,2.528749942779541,2.575000047683716,2.4970829486846924,2.52791690826416,74368800
2003-02-06,2.3079993724823,2.603332996368408,2.6333329677581787,2.5208330154418945,2.524583101272583,88785600
2003-02-07,2.4040439128875732,2.711667060852051,2.7750000953674316,2.689167022705078,2.7750000953674316,121130400
2003-02-10,2.4047820568084717,2.7125000953674316,2.7291669845581055,2.694582939147949,2.71875,18931200
2003-02-11,2.4380271434783936,2.75,2.75333309173584,2.700000047683716,2.720417022705078,19070400
2003-02-12,2.3966548442840576,2.7033329010009766,2.7841670513153076,2.6812500953674316,2.7391669750213623,21799200
2003-02-13,2.42842435836792,2.7391669750213623,2.75,2.6933329105377197,2.7125000953674316,41198400
2003-02-14,2.4849414825439453,2.802917003631592,2.8350000381469727,2.7366669178009033,2.7395830154418945,32740800
2003-02-18,2.511906623840332,2.8333330154418945,2.858750104904175,2.816667079925537,2.8187499046325684,33967200
2003-02-19,2.507474184036255,2.8283329010009766,2.8375000953674316,2.8208329677581787,2.8375000953674316,25903200
2003-02-20,2.4849414825439453,2.802917003631592,2.8283329010009766,2.7920830249786377,2.819166898727417,21213600
2003-02-21,2.5174481868743896,2.839582920074463,2.8399999141693115,2.8041670322418213,2.8079171180725098,35162400
2003-02-24,2.524467706680298,2.8475000858306885,2.899167060852051,2.8229169845581055,2.831249952316284,16646400
2003-02-25,2.5824625492095947,2.912916898727417,2.9166669845581055,2.842082977294922,2.8566670417785645,21398400
2003-02-26,2.571749210357666,2.9008328914642334,2.9329171180725098,2.8887500762939453,2.904582977294922,14121600
2003-02-27,2.5602991580963135,2.8879170417785645,2.9175000190734863,2.855417013168335,2.90291690826416,13584000
2003-02-28,2.593175172805786,2.924999952316284,2.924999952316284,2.8495829105377197,2.8958330154418945,18451200
2003-03-03,2.596869707107544,2.9291670322418213,2.9666669368743896,2.9166669845581055,2.921250104904175,7320000
2003-03-04,2.5861563682556152,2.9170830249786377,2.9375,2.908750057220459,2.9312500953674316,11971200
2003-03-05,2.5772910118103027,2.907083034515381,2.9270830154418945,2.8829169273376465,2.908750057220459,11073600
2003-03-06,2.5950212478637695,2.9270830154418945,2.94083309173584,2.8979170322418213,2.9100000858306885,13315200
2003-03-07,2.5695340633392334,2.8983330726623535,2.94083309173584,2.8983330726623535,2.915832996368408,12259200
2003-03-10,2.5078446865081787,2.828749895095825,2.9024999141693115,2.7941670417785645,2.893749952316284,18386400
2003-03-11,2.4926981925964355,2.811666965484619,2.829582929611206,2.779582977294922,2.829166889190674,9129600
2003-03-12,2.42842435836792,2.7391669750213623,2.8041670322418213,2.7320830821990967,2.7995829582214355,24972000
2003-03-13,2.307260274887085,2.6024999618530273,2.7808330059051514,2.5687499046325684,2.764583110809326,69700800
2003-03-14,2.3560218811035156,2.6575000286102295,2.680417060852051,2.607917070388794,2.6295828819274902,23829600
2003-03-17,2.3789234161376953,2.683332920074463,2.6875,2.634582996368408,2.6500000953674316,16360800
2003-03-18,2.406259775161743,2.7141671180725098,2.7270829677581787,2.675416946411133,2.691667079925537,9290400
2003-03-19,2.3619325160980225,2.6641669273376465,2.7241671085357666,2.610832929611206,2.72208309173584,14812800
2003-03-20,2.3715357780456543,2.674999952316284,2.7054169178009033,2.625833034515381,2.6566669940948486,10593600
2003-03-21,2.392592430114746,2.6987500190734863,2.7225000858306885,2.6670830249786377,2.686666965484619,11796000
2003-03-24,2.4524343013763428,2.766249895095825,2.7874999046325684,2.6675000190734863,2.6912500858306885,17131200
2003-03-25,2.511906623840332,2.8333330154418945,2.84708309173584,2.709167003631592,2.78125,19032000
2003-03-26,2.5351791381835938,2.8595829010009766,2.8854169845581055,2.8045830726623535,2.8087499141693115,16120800
2003-03-27,2.515601396560669,2.8375000953674316,2.863332986831665,2.8066670894622803,2.847917079925537,14532000
2003-03-28,2.4694273471832275,2.785417079925537,2.827083110809326,2.7629170417785645,2.819166898727417,11488800
2003-03-31,2.486419200897217,2.8045830726623535,2.841249942779541,2.6937499046325684,2.734999895095825,22963200
2003-04-01,2.4354424476623535,2.7470829486846924,2.8229169845581055,2.7395830154418945,2.8125,22392000
2003-04-02,2.4369194507598877,2.7487499713897705,2.875,2.71875,2.833750009536743,32181600
2003-04-03,2.5266830921173096,2.8499999046325684,2.908750057220459,2.700000047683716,2.8112499713897705,19139200
2003-04-04,2.513385057449341,2.8350000381469727,2.913749933242798,2.793750047683716,2.8575000762939453,10957600
2003-04-07,2.487896203994751,2.8062500953674316,2.9262499809265137,2.7874999046325684,2.916249990463257,14249600
2003-04-08,2.50451922416687,2.825000047683716,2.831249952316284,2.757499933242798,2.8062500953674316,13448800
2003-04-09,2.4491097927093506,2.762500047683716,2.862499952316284,2.7537500858306885,2.827500104904175,16811200
2003-04-10,2.1631956100463867,2.440000057220459,2.4625000953674316,2.278749942779541,2.450000047683716,98054400
2003-04-11,2.0989203453063965,2.367500066757202,2.4649999141693115,2.3187499046325684,2.4462499618530273,20157600
2003-04-14,2.1055691242218018,2.375,2.411250114440918,2.325000047683716,2.384999990463257,24292000
2003-04-15,2.193117380142212,2.473750114440918,2.5,2.3812499046325684,2.46875,13684800
2003-04-16,2.2341201305389404,2.5199999809265137,2.5999999046325684,2.5,2.512500047683716,19200800
2003-04-17,2.2828807830810547,2.575000047683716,2.5799999237060547,2.4725000858306885,2.518749952316284,16328000
2003-04-21,2.2817728519439697,2.5737500190734863,2.6075000762939453,2.5250000953674316,2.583750009536743,17416000
2003-04-22,2.2041983604431152,2.4862499237060547,2.5199999809265137,2.325000047683716,2.4987499713897705,61018400
2003-04-23,2.1897926330566406,2.4700000286102295,2.512500047683716,2.4625000953674316,2.4987499713897705,19748800
2003-04-24,2.153221607208252,2.4287500381469727,2.4625000953674316,2.3499999046325684,2.4375,28159200
2003-04-25,2.1055691242218018,2.375,2.444999933242798,2.3524999618530273,2.442500114440918,14775200
2003-04-28,2.0701076984405518,2.3350000381469727,2.375,2.2274999618530273,2.3637499809265137,33412800
2003-04-29,2.065673828125,2.3299999237060547,2.372499942779541,2.3187499046325684,2.351249933242798,25601600
2003-04-30,1.9903173446655273,2.244999885559082,2.322499990463257,2.2249999046325684,2.3137500286102295,22547200
2003-05-01,1.9382323026657104,2.1862499713897705,2.226249933242798,2.140000104904175,2.2249999046325684,23744000
2003-05-02,2.027996301651001,2.2874999046325684,2.2899999618530273,2.1875,2.206249952316284,18027200
2003-05-05,2.0689990520477295,2.333750009536743,2.362499952316284,2.262500047683716,2.3212499618530273,12353600
2003-05-06,2.0623507499694824,2.3262500762939453,2.353749990463257,2.2874999046325684,2.3375000953674316,13513600
2003-05-07,2.0667829513549805,2.331249952316284,2.3499999046325684,2.2750000953674316,2.307499885559082,10672800
2003-05-08,2.010265350341797,2.2674999237060547,2.331249952316284,2.25,2.3237500190734863,9919200
2003-05-09,2.0424022674560547,2.3037500381469727,2.3324999809265137,2.2562499046325684,2.28125,5665600
2003-05-12,2.012481451034546,2.2699999809265137,2.299999952316284,2.2587499618530273,2.2987499237060547,6356000
2003-05-13,2.0424022674560547,2.3037500381469727,2.348750114440918,2.273750066757202,2.3125,13676800
2003-05-14,2.0867295265197754,2.353749990463257,2.365000009536743,2.299999952316284,2.3499999046325684,7059200
2003-05-15,2.3061537742614746,2.601249933242798,2.601249933242798,2.3550000190734863,2.3575000762939453,25273600
2003-05-16,2.3283169269561768,2.6262500286102295,2.668750047683716,2.5399999618530273,2.565000057220459,17526400
2003-05-19,2.2219297885894775,2.5062499046325684,2.603749990463257,2.483750104904175,2.5924999713897705,10640000
2003-05-20,2.2263619899749756,2.5112500190734863,2.5350000858306885,2.4700000286102295,2.4912500381469727,10400000
2003-05-21,2.246309995651245,2.533750057220459,2.5425000190734863,2.416249990463257,2.5250000953674316,7820000
2003-05-22,2.2706902027130127,2.5612499713897705,2.5637500286102295,2.5,2.5225000381469727,6515200
2003-05-23,2.2706902027130127,2.5612499713897705,2.569999933242798,2.5174999237060547,2.5174999237060547,8768800
2003-05-27,2.3150177001953125,2.6112499237060547,2.612499952316284,2.516249895095825,2.528749942779541,4819200
2003-05-28,2.290637493133545,2.583750009536743,2.634999990463257,2.5512499809265137,2.612499952316284,6107200
2003-05-29,2.3105854988098145,2.606250047683716,2.609999895095825,2.505000114440918,2.509999990463257,6312800
2003-05-30,2.2995033264160156,2.59375,2.6212499141693115,2.5850000381469727,2.6112499237060547,7192800
2003-06-02,2.193117380142212,2.473750114440918,2.6187500953674316,2.4512500762939453,2.6075000762939453,17512000
2003-06-03,2.178710699081421,2.4574999809265137,2.483750104904175,2.356250047683716,2.4512500762939453,16539200
2003-06-04,2.4347033500671387,2.7462499141693115,2.75,2.473750114440918,2.481250047683716,28266400
2003-06-05,2.4324872493743896,2.7437500953674316,2.7850000858306885,2.692500114440918,2.7125000953674316,10921600
2003-06-06,2.547739267349243,2.8737499713897705,2.901249885559082,2.786250114440918,2.8125,16360000
2003-06-09,2.547739267349243,2.8737499713897705,2.9337499141693115,2.84375,2.8475000858306885,9841600
2003-06-10,2.649693489074707,2.9887499809265137,3.0537500381469727,2.8762500286102295,2.8762500286102295,22455200
2003-06-11,2.6740732192993164,3.016249895095825,3.0374999046325684,2.9512500762939453,3.028749942779541,19852800
2003-06-12,2.712860107421875,3.059999942779541,3.0762500762939453,2.9937500953674316,3.0137500762939453,13846400
2003-06-13,2.6873719692230225,3.03125,3.098750114440918,2.9625000953674316,3.049999952316284,11808800
2003-06-16,2.742781639099121,3.09375,3.106250047683716,2.992500066757202,3.0399999618530273,10495200
2003-06-17,2.7472145557403564,3.098750114440918,3.106250047683716,3.0625,3.0975000858306885,6804000
2003-06-18,2.7339162826538086,3.083750009536743,3.125,3.043750047683716,3.072499990463257,7770400
2003-06-19,2.6408276557922363,2.978749990463257,3.108750104904175,2.9574999809265137,3.081249952316284,7154400
2003-06-20,2.6308536529541016,2.9674999713897705,3.016249895095825,2.90625,2.976249933242798,4875200
2003-06-23,2.543307065963745,2.8687500953674316,2.9700000286102295,2.853749990463257,2.96875,5821600
2003-06-24,2.53776478767395,2.862499952316284,2.8862500190734863,2.8125,2.862499952316284,7979200
2003-06-25,2.5832011699676514,2.913749933242798,2.958750009536743,2.8662500381469727,2.8687500953674316,11092800
2003-06-26,2.792649745941162,3.1500000953674316,3.15625,2.9362499713897705,2.9462499618530273,16108800
2003-06-27,2.7693774700164795,3.1237499713897705,3.299999952316284,3.0875000953674316,3.200000047683716,12502400
2003-06-30,2.702885866165161,3.0487499237060547,3.15625,3.0087499618530273,3.1162500381469727,17900000
2003-07-01,2.7782440185546875,3.1337499618530273,3.153749942779541,3.0,3.018749952316284,8187200
2003-07-02,2.875765085220337,3.2437500953674316,3.276249885559082,3.1187500953674316,3.1624999046325684,13122400
2003-07-03,2.925633430480957,3.299999952316284,3.3550000190734863,3.1875,3.223750114440918,7217600
2003-07-07,3.0253708362579346,3.4124999046325684,3.4262499809265137,3.328749895095825,3.328749895095825,10780800
2003-07-08,3.1018362045288086,3.4987499713897705,3.5062499046325684,3.3424999713897705,3.387500047683716,8376800
2003-07-09,3.0586159229278564,3.450000047683716,3.487499952316284,3.3550000190734863,3.487499952316284,12230400
2003-07-10,3.139514684677124,3.541249990463257,3.6675000190734863,3.450000047683716,3.450000047683716,14178400
2003-07-11,3.151705026626587,3.555000066757202,3.578749895095825,3.5,3.53125,6896000
2003-07-14,3.2791476249694824,3.6987500190734863,3.6987500190734863,3.5587499141693115,3.625,8372000
2003-07-15,3.1760854721069336,3.5824999809265137,3.8237500190734863,3.541249990463257,3.7174999713897705,14611200
2003-07-16,3.170544385910034,3.5762500762939453,3.684999942779541,3.526249885559082,3.583750009536743,5361600
2003-07-17,3.0696988105773926,3.4625000953674316,3.575000047683716,3.418750047683716,3.5,6642400
2003-07-18,3.0508596897125244,3.4412500858306885,3.4649999141693115,3.403749942779541,3.4512500762939453,2818400
2003-07-21,2.9954497814178467,3.3787500858306885,3.4375,3.362499952316284,3.416249990463257,5926400
2003-07-22,3.405482053756714,3.841249942779541,3.8424999713897705,3.523750066757202,3.5399999618530273,32021600
2003-07-23,3.4819467067718506,3.927500009536743,3.984999895095825,3.7512500286102295,3.84375,14118400
2003-07-24,3.4819467067718506,3.927500009536743,4.098750114440918,3.922499895095825,3.9987499713897705,18249600
2003-07-25,3.4642155170440674,3.9075000286102295,3.9487500190734863,3.8125,3.887500047683716,12896000
2003-07-28,3.4730818271636963,3.9175000190734863,3.9862499237060547,3.9000000953674316,3.924999952316284,10300000
2003-07-29,3.485272169113159,3.9312500953674316,4.098750114440918,3.8975000381469727,3.924999952316284,17608000
2003-07-30,3.3855340480804443,3.8187499046325684,4.012499809265137,3.8187499046325684,3.9262499809265137,11794400
2003-07-31,3.4143476486206055,3.851249933242798,3.956249952316284,3.8187499046325684,3.875,6930400
2003-08-01,3.364478826522827,3.7950000762939453,3.9024999141693115,3.788749933242798,3.851249933242798,4097600
2003-08-04,3.3766684532165527,3.8087499141693115,3.853749990463257,3.7925000190734863,3.8162500858306885,5080800
2003-08-05,3.343423366546631,3.771250009536743,3.96875,3.7637500762939453,3.8125,7440000
2003-08-06,3.2525506019592285,3.668750047683716,3.7799999713897705,3.6524999141693115,3.7750000953674316,4783200
2003-08-07,3.228170156478882,3.641249895095825,3.7225000858306885,3.5399999618530273,3.661250114440918,3952000
2003-08-08,3.260307788848877,3.677500009536743,3.71875,3.625,3.625,3441600
2003-08-11,3.213764190673828,3.625,3.6937499046325684,3.622499942779541,3.6837499141693115,3432000
2003-08-12,3.258091926574707,3.674999952316284,3.737499952316284,3.625,3.627500057220459,6560800
2003-08-13,3.259200096130371,3.6762499809265137,3.7225000858306885,3.6449999809265137,3.6812500953674316,2449600
2003-08-14,3.213764190673828,3.625,3.690000057220459,3.612499952316284,3.6862499713897705,3539200
2003-08-15,3.2514424324035645,3.6675000190734863,3.7487499713897705,3.5999999046325684,3.643749952316284,2481600
2003-08-18,3.346747636795044,3.7750000953674316,3.8612499237060547,3.637500047683716,3.6700000762939453,10619200
2003-08-19,3.5085434913635254,3.9574999809265137,3.971250057220459,3.755000114440918,3.805000066757202,8800800
2003-08-20,3.4287538528442383,3.867500066757202,3.9937500953674316,3.846250057220459,3.9774999618530273,6750400
2003-08-21,3.4409430027008057,3.8812499046325684,3.952500104904175,3.8262500762939453,3.898750066757202,7543200
2003-08-22,3.5351407527923584,3.987499952316284,4.125,3.950000047683716,3.961250066757202,13135200
2003-08-25,3.5362489223480225,3.9887499809265137,4.003749847412109,3.859999895095825,3.987499952316284,8248800
2003-08-26,3.585008382797241,4.043749809265137,4.045000076293945,3.908750057220459,3.9749999046325684,5399200
2003-08-27,3.700261116027832,4.173749923706055,4.173749923706055,4.03249979019165,4.046249866485596,8261600
2003-08-28,3.867600202560425,4.362500190734863,4.375,4.222499847412109,4.227499961853027,12126400
2003-08-29,3.859842300415039,4.353750228881836,4.417500019073486,4.336249828338623,4.403749942779541,6131200
2003-09-02,4.087021827697754,4.610000133514404,4.632500171661377,4.396249771118164,4.40500020980835,13902400
2003-09-03,4.1723527908325195,4.706250190734863,4.909999847412109,4.633749961853027,4.633749961853027,21516800
2003-09-04,4.246601104736328,4.789999961853027,4.789999961853027,4.568749904632568,4.744999885559082,11864800
2003-09-05,4.296470642089844,4.846250057220459,4.881249904632568,4.724999904632568,4.757500171661377,8201600
2003-09-08,4.18121862411499,4.716249942779541,4.846250057220459,4.701250076293945,4.798749923706055,9045600
2003-09-09,4.14243221282959,4.672500133514404,4.743750095367432,4.570000171661377,4.731249809265137,10645600
2003-09-10,3.972876787185669,4.481249809265137,4.675000190734863,4.440000057220459,4.619999885559082,8156800
2003-09-11,4.082589149475098,4.605000019073486,4.671249866485596,4.46875,4.46875,6374400
2003-09-12,4.106967926025391,4.632500171661377,4.65625,4.554999828338623,4.576250076293945,3956800
2003-09-15,4.044909954071045,4.5625,4.701250076293945,4.552499771118164,4.65749979019165,3648000
2003-09-16,4.2754130363464355,4.822500228881836,4.84375,4.614999771118164,4.614999771118164,10056000
2003-09-17,4.521433353424072,5.099999904632568,5.103750228881836,4.81125020980835,4.820000171661377,17286400
2003-09-18,4.413938999176025,4.978750228881836,5.097499847412109,4.925000190734863,5.097499847412109,10352800
2003-09-19,4.478213787078857,5.051249980926514,5.065000057220459,4.9375,4.956250190734863,5589600
2003-09-22,4.340796947479248,4.896249771118164,4.991250038146973,4.817500114440918,4.985000133514404,6460800
2003-09-23,4.365178108215332,4.923749923706055,4.954999923706055,4.847499847412109,4.903749942779541,4633600
2003-09-24,4.152405261993408,4.683750152587891,4.943749904632568,4.627500057220459,4.943749904632568,10031200
2003-09-25,4.044909954071045,4.5625,4.71875,4.543749809265137,4.631249904632568,6505600
2003-09-26,4.010555267333984,4.523749828338623,4.668749809265137,4.446249961853027,4.53000020980835,6272800
2003-09-29,4.137998104095459,4.667500019073486,4.803750038146973,4.523749828338623,4.523749828338623,6816000
2003-09-30,4.040477752685547,4.557499885559082,4.737500190734863,4.454999923706055,4.611249923706055,9141600
2003-10-01,4.120266914367676,4.647500038146973,4.667500019073486,4.567500114440918,4.573750019073486,5116000
2003-10-02,4.210031509399414,4.74875020980835,4.74875020980835,4.650000095367432,4.677499771118164,4747200
2003-10-03,4.399532318115234,4.962500095367432,4.997499942779541,4.817500114440918,4.822500228881836,5898400
2003-10-06,4.475996494293213,5.048749923706055,5.082499980926514,4.949999809265137,4.96875,7381600
2003-10-07,4.4327778816223145,5.0,5.036250114440918,4.892499923706055,5.023749828338623,6651200
2003-10-08,4.385125160217285,4.946249961853027,5.18874979019165,4.926249980926514,4.96875,8916000
2003-10-09,4.442752838134766,5.011250019073486,5.237500190734863,4.989999771118164,5.0,7056000
2003-10-10,4.874947547912598,5.49875020980835,5.49875020980835,5.118750095367432,5.173749923706055,17011200
2003-10-13,4.876054286956787,5.5,5.62375020980835,5.375,5.525000095367432,10391200
2003-10-14,4.873838901519775,5.497499942779541,5.525000095367432,5.446249961853027,5.514999866485596,5378400
2003-10-15,4.879379749298096,5.503749847412109,5.618750095367432,5.460000038146973,5.574999809265137,9036800
2003-10-16,4.748614311218262,5.356249809265137,5.518750190734863,5.333749771118164,5.502500057220459,6764000
2003-10-17,4.679904937744141,5.278749942779541,5.478750228881836,5.263750076293945,5.331250190734863,6271200
2003-10-20,4.862756729125977,5.485000133514404,5.597499847412109,5.302499771118164,5.34375,12127200
2003-10-21,4.671039581298828,5.268750190734863,5.574999809265137,5.175000190734863,5.53125,22136800
2003-10-22,4.648876190185547,5.243750095367432,5.326250076293945,5.1875,5.242499828338623,8155200
2003-10-23,4.6555256843566895,5.25124979019165,5.3125,5.013750076293945,5.081250190734863,6958400
2003-10-24,4.587925910949707,5.175000190734863,5.292500019073486,5.125,5.243750095367432,5091200
2003-10-27,4.624495506286621,5.216249942779541,5.304999828338623,5.167500019073486,5.168749809265137,6280800
2003-10-28,4.746396541595459,5.353750228881836,5.369999885559082,5.242499828338623,5.257500171661377,8028800
2003-10-29,4.831727027893066,5.449999809265137,5.56125020980835,5.293749809265137,5.318749904632568,8805600
2003-10-30,4.956954002380371,5.591249942779541,5.619999885559082,5.397500038146973,5.557499885559082,10461600
2003-10-31,5.030096054077148,5.673749923706055,5.74875020980835,5.556250095367432,5.577499866485596,9659200
2003-11-03,5.102126598358154,5.755000114440918,5.962500095367432,5.65625,5.71750020980835,13937600
2003-11-04,5.068882465362549,5.71750020980835,5.768750190734863,5.65625,5.762499809265137,5640800
2003-11-05,4.991307735443115,5.630000114440918,5.760000228881836,5.491250038146973,5.735000133514404,5651200
2003-11-06,5.089936256408691,5.741250038146973,5.801249980926514,5.611249923706055,5.65625,7568800
2003-11-07,5.225136756896973,5.893750190734863,5.927499771118164,5.792500019073486,5.801249980926514,8588800
2003-11-10,5.073315143585205,5.722499847412109,5.933750152587891,5.650000095367432,5.894999980926514,7661600
2003-11-11,4.930357456207275,5.56125020980835,5.761250019073486,5.521249771118164,5.693749904632568,6088800
2003-11-12,5.19299840927124,5.857500076293945,5.897500038146973,5.5625,5.56374979019165,7176000
2003-11-13,5.161970138549805,5.822500228881836,5.893750190734863,5.763750076293945,5.835000038146973,2316000
2003-11-14,5.074421405792236,5.723750114440918,5.861249923706055,5.663750171661377,5.793749809265137,5308800
2003-11-17,4.966928958892822,5.602499961853027,5.659999847412109,5.551249980926514,5.658750057220459,4381600
2003-11-18,4.919274806976318,5.548749923706055,5.766250133514404,5.543749809265137,5.644999980926514,4786400
2003-11-19,4.995739936828613,5.635000228881836,5.662499904632568,5.552499771118164,5.56374979019165,3705600
2003-11-20,4.989092826843262,5.627500057220459,5.75,5.542500019073486,5.570000171661377,3833600
2003-11-21,4.856109142303467,5.477499961853027,5.724999904632568,5.392499923706055,5.628749847412109,7188000
2003-11-24,5.042285919189453,5.6875,5.75,5.525000095367432,5.5625,5628800
2003-11-25,5.133155822753906,5.789999961853027,5.868750095367432,5.682499885559082,5.699999809265137,4686400
2003-11-26,5.110991954803467,5.764999866485596,5.837500095367432,5.621250152587891,5.832499980926514,4273600
2003-11-28,5.083288669586182,5.733749866485596,5.798749923706055,5.71875,5.767499923706055,1797600
2003-12-01,5.262814044952393,5.93625020980835,5.99875020980835,5.737500190734863,5.739999771118164,11984800
2003-12-02,5.363661289215088,6.050000190734863,6.112500190734863,5.949999809265137,5.965000152587891,10994400
2003-12-03,5.240651607513428,5.911250114440918,6.198750019073486,5.896249771118164,6.15500020980835,12770400
2003-12-04,5.107668399810791,5.761250019073486,5.996250152587891,5.65625,5.926249980926514,11800800
2003-12-05,5.12650728225708,5.78249979019165,5.84375,5.65500020980835,5.698750019073486,6412800
2003-12-08,5.297170162200928,5.974999904632568,5.991250038146973,5.75124979019165,5.756249904632568,8746400
2003-12-09,5.08661413192749,5.737500190734863,6.025000095367432,5.6875,6.019999980926514,5820800
2003-12-10,4.983551502227783,5.621250152587891,5.736249923706055,5.518750190734863,5.726250171661377,8915200
2003-12-11,5.113209247589111,5.767499923706055,5.793749809265137,5.597499847412109,5.613749980926514,7292800
2003-12-12,5.067774295806885,5.716249942779541,5.801249980926514,5.696249961853027,5.769999980926514,4600800
2003-12-15,4.97357702255249,5.610000133514404,5.898749828338623,5.591249942779541,5.891250133514404,5568800
2003-12-16,4.731990814208984,5.337500095367432,5.585000038146973,5.283750057220459,5.5625,25284800
2003-12-17,4.54581356048584,5.127500057220459,5.34375,5.101250171661377,5.3125,14467200
2003-12-18,4.823971271514893,5.441249847412109,5.474999904632568,5.162499904632568,5.212500095367432,14360800
2003-12-19,4.698744773864746,5.300000190734863,5.487500190734863,5.28125,5.382500171661377,8883200
2003-12-22,4.782968044281006,5.394999980926514,5.46875,5.127500057220459,5.24875020980835,8249600
2003-12-23,4.9414381980896,5.573750019073486,5.650000095367432,5.420000076293945,5.425000190734863,8712800
2003-12-24,4.88159704208374,5.506249904632568,5.59250020980835,5.462500095367432,5.56374979019165,2580000
2003-12-26,4.843918323516846,5.463749885559082,5.537499904632568,5.448750019073486,5.466249942779541,2523200
2003-12-29,5.026770114898682,5.670000076293945,5.692500114440918,5.494999885559082,5.513750076293945,8764800
2003-12-30,5.021228313446045,5.663750171661377,5.724999904632568,5.587500095367432,5.724999904632568,3820000
2003-12-31,5.05780029296875,5.704999923706055,5.768750190734863,5.642499923706055,5.675000190734863,5958400
2004-01-02,5.215163707733154,5.882500171661377,5.913750171661377,5.739999771118164,5.772500038146973,11239200
2004-01-05,5.576434135437012,6.289999961853027,6.362500190734863,5.96875,6.125,22427200
2004-01-06,5.624087333679199,6.34375,6.449999809265137,6.122499942779541,6.260000228881836,14342400
2004-01-07,5.809154510498047,6.552499771118164,6.552499771118164,6.335000038146973,6.420000076293945,14074400
2004-01-08,5.721609115600586,6.453750133514404,6.637499809265137,6.40749979019165,6.605000019073486,9201600
2004-01-09,5.651791095733643,6.375,6.743750095367432,6.303750038146973,6.493750095367432,14663200
2004-01-12,5.804723262786865,6.547500133514404,6.612500190734863,6.416250228881836,6.474999904632568,11812000
2004-01-13,5.58419132232666,6.298749923706055,6.496250152587891,6.168749809265137,6.432499885559082,9772800
2004-01-14,5.708308219909668,6.43874979019165,6.458749771118164,6.273749828338623,6.302499771118164,8832000
2004-01-15,5.829102516174316,6.574999809265137,6.639999866485596,6.286250114440918,6.442500114440918,10404800
2004-01-16,5.88118839263916,6.633749961853027,6.68874979019165,6.53125,6.631249904632568,7785600
2004-01-20,5.713849067687988,6.445000171661377,6.653749942779541,6.40749979019165,6.652500152587891,12772800
2004-01-21,6.144937992095947,6.931250095367432,6.947500228881836,6.59499979019165,6.621250152587891,54574400
2004-01-22,6.1671013832092285,6.956250190734863,6.96875,6.849999904632568,6.963749885559082,15956800
2004-01-23,6.279029369354248,7.082499980926514,7.148749828338623,6.943749904632568,6.947500228881836,12369600
2004-01-26,6.179291725158691,6.96999979019165,7.103750228881836,6.912499904632568,7.09499979019165,9640000
2004-01-27,6.234701156616211,7.03249979019165,7.142499923706055,6.974999904632568,7.041250228881836,12361600
2004-01-28,6.0163893699646,6.786250114440918,7.074999809265137,6.744999885559082,7.058750152587891,12824800
2004-01-29,5.986467361450195,6.752500057220459,6.867499828338623,6.591249942779541,6.798749923706055,14515200
2004-01-30,6.0008745193481445,6.768750190734863,6.858749866485596,6.650000095367432,6.81125020980835,5637600
2004-02-02,5.951004505157471,6.712500095367432,6.867499828338623,6.652500152587891,6.78125,5450400
2004-02-03,5.999765396118164,6.767499923706055,6.856249809265137,6.676249980926514,6.741250038146973,8161600
2004-02-04,5.743772506713867,6.478750228881836,6.741250038146973,6.463749885559082,6.741250038146973,10826400
2004-02-05,5.85680627822876,6.606249809265137,6.65500020980835,6.465000152587891,6.502500057220459,7311200
2004-02-06,5.873431205749512,6.625,6.681250095367432,6.553750038146973,6.578750133514404,7418400
2004-02-09,5.757070064544678,6.493750095367432,6.661250114440918,6.481249809265137,6.661250114440918,14559200
2004-02-10,5.628520488739014,6.348750114440918,6.53249979019165,6.018750190734863,6.53249979019165,32328800
2004-02-11,5.770370960235596,6.508749961853027,6.548749923706055,6.3125,6.332499980926514,7574400
2004-02-12,5.750421524047852,6.486249923706055,6.652500152587891,6.432499885559082,6.652500152587891,6752800
2004-02-13,5.555379390716553,6.266250133514404,6.521249771118164,6.193749904632568,6.493750095367432,16658400
2004-02-17,5.485563278198242,6.1875,6.28125,6.09375,6.176249980926514,13585600
2004-02-18,5.454532623291016,6.152500152587891,6.25,6.112500190734863,6.226250171661377,6439200
2004-02-19,5.262814044952393,5.93625020980835,6.235000133514404,5.869999885559082,6.211249828338623,13892000
2004-02-20,5.393582344055176,6.083749771118164,6.199999809265137,5.875,5.943749904632568,10753600
2004-02-23,5.298277854919434,5.976250171661377,6.25,5.96875,6.237500190734863,12775200
2004-02-24,5.183026313781738,5.846250057220459,5.96999979019165,5.757500171661377,5.921249866485596,10540000
2004-02-25,5.311574935913086,5.991250038146973,6.034999847412109,5.824999809265137,5.856249809265137,4308000
2004-02-26,5.318225383758545,5.99875020980835,6.025000095367432,5.901249885559082,6.010000228881836,5174400
2004-02-27,5.2384352684021,5.908750057220459,6.09375,5.908750057220459,6.050000190734863,7108800
2004-03-01,5.276114463806152,5.951250076293945,6.019999980926514,5.867499828338623,5.886250019073486,8706400
2004-03-02,5.093262672424316,5.744999885559082,5.893750190734863,5.6875,5.837500095367432,12388800
2004-03-03,5.00903844833374,5.650000095367432,5.777500152587891,5.59499979019165,5.724999904632568,14125600
2004-03-04,5.072205066680908,5.721250057220459,5.786250114440918,5.628749847412109,5.6875,6172800
2004-03-05,5.137589454650879,5.795000076293945,5.81125020980835,5.547500133514404,5.664999961853027,10631200
2004-03-08,4.953629493713379,5.587500095367432,5.8125,5.5625,5.8125,10023200
2004-03-09,4.800698757171631,5.414999961853027,5.653749942779541,5.388750076293945,5.5625,12397600
2004-03-10,4.681014060974121,5.28000020980835,5.516250133514404,5.258749961853027,5.392499923706055,9502400
2004-03-11,4.754154682159424,5.362500190734863,5.512499809265137,5.242499828338623,5.260000228881836,10546400
2004-03-12,4.8538923263549805,5.474999904632568,5.53000020980835,5.352499961853027,5.380000114440918,6632800
2004-03-15,4.757478713989258,5.366250038146973,5.5,5.328750133514404,5.489999771118164,7591200
2004-03-16,4.816213130950928,5.432499885559082,5.526249885559082,5.329999923706055,5.402500152587891,11300800
2004-03-17,4.923708915710449,5.553750038146973,5.599999904632568,5.43874979019165,5.465000152587891,8720000
2004-03-18,4.847242832183838,5.46750020980835,5.574999809265137,5.388750076293945,5.574999809265137,6291200
2004-03-19,4.864974498748779,5.487500190734863,5.617499828338623,5.40749979019165,5.502500057220459,5752000
2004-03-22,4.719799995422363,5.323750019073486,5.446249961853027,5.21875,5.445000171661377,7631200
2004-03-23,4.644442558288574,5.238749980926514,5.393750190734863,5.237500190734863,5.393750190734863,8238400
2004-03-24,4.6677141189575195,5.264999866485596,5.318749904632568,5.043749809265137,5.262499809265137,13362400
2004-03-25,4.910410404205322,5.538750171661377,5.597499847412109,5.300000190734863,5.31374979019165,13883200
2004-03-26,4.934789657592773,5.566249847412109,5.697500228881836,5.505000114440918,5.547500133514404,6981600
2004-03-29,5.069990158081055,5.71875,5.803750038146973,5.636250019073486,5.636250019073486,6930400
2004-03-30,5.030096054077148,5.673749923706055,5.768750190734863,5.586249828338623,5.712500095367432,8098400
2004-03-31,5.014580726623535,5.65625,5.703750133514404,5.5625,5.648749828338623,8111200
2004-04-01,5.117642879486084,5.772500038146973,5.793749809265137,5.651249885559082,5.651249885559082,5758400
2004-04-02,5.33041524887085,6.012499809265137,6.0625,5.892499923706055,5.929999828338623,8116000
2004-04-05,5.389149188995361,6.078750133514404,6.082499980926514,5.980000019073486,6.041250228881836,5354400
2004-04-06,5.235110759735107,5.90500020980835,6.079999923706055,5.853750228881836,6.047500133514404,4432000
2004-04-07,5.198540687561035,5.863749980926514,5.90625,5.762499809265137,5.903749942779541,4529600
2004-04-08,5.185242176055908,5.848750114440918,6.025000095367432,5.806250095367432,5.927499771118164,3532000
2004-04-12,5.202972412109375,5.868750095367432,5.90500020980835,5.831250190734863,5.867499828338623,2893600
2004-04-13,5.176375865936279,5.838749885559082,6.050000190734863,5.8125,6.045000076293945,8564800
2004-04-14,5.125399589538574,5.78125,5.8125,5.75124979019165,5.756249904632568,9145600
2004-04-15,5.1309404373168945,5.787499904632568,5.872499942779541,5.664999961853027,5.800000190734863,6532800
2004-04-16,5.148670673370361,5.807499885559082,5.818749904632568,5.732500076293945,5.793749809265137,5244000
2004-04-19,5.324874401092529,6.006249904632568,6.058750152587891,5.800000190734863,5.828750133514404,8319200
2004-04-20,5.15532112121582,5.815000057220459,6.041250228881836,5.693749904632568,5.728750228881836,18237600
2004-04-21,5.232894420623779,5.902500152587891,5.940000057220459,5.752500057220459,5.81374979019165,7539200
2004-04-22,5.39690637588501,6.087500095367432,6.125,5.84250020980835,5.916250228881836,6509600
2004-04-23,5.343714237213135,6.027500152587891,6.164999961853027,5.9375,6.099999904632568,8291200
2004-04-26,5.280545711517334,5.956250190734863,6.045000076293945,5.90500020980835,6.006249904632568,6155200
2004-04-27,5.148670673370361,5.807499885559082,5.962500095367432,5.797500133514404,5.949999809265137,8207200
2004-04-28,4.959169387817383,5.59375,5.815000057220459,5.5,5.8125,12012800
2004-04-29,4.847242832183838,5.46750020980835,5.65749979019165,5.387499809265137,5.523749828338623,7190400
2004-04-30,4.794048309326172,5.40749979019165,5.59499979019165,5.398749828338623,5.456250190734863,6444800
2004-05-03,4.761910915374756,5.371250152587891,5.49875020980835,5.316249847412109,5.411250114440918,10856800
2004-05-04,4.841701984405518,5.461249828338623,5.547500133514404,5.34375,5.34375,6169600
2004-05-05,4.97357702255249,5.610000133514404,5.653749942779541,5.492499828338623,5.505000114440918,4709600
2004-05-06,4.907085418701172,5.534999847412109,5.622499942779541,5.518750190734863,5.56374979019165,6479200
2004-05-07,4.73974609375,5.346250057220459,5.537499904632568,5.34375,5.518750190734863,12219200
2004-05-10,4.729773998260498,5.335000038146973,5.456250190734863,5.18625020980835,5.28249979019165,13024800
2004-05-11,4.740856170654297,5.347499847412109,5.456250190734863,5.302499771118164,5.364999771118164,5700000
2004-05-12,4.787399768829346,5.400000095367432,5.416250228881836,5.231249809265137,5.337500095367432,9230400
2004-05-13,4.864974498748779,5.487500190734863,5.587500095367432,5.286250114440918,5.377500057220459,7045600
2004-05-14,4.6555256843566895,5.25124979019165,5.491250038146973,4.945000171661377,5.487500190734863,23323200
2004-05-17,4.514785289764404,5.09250020980835,5.184999942779541,4.900000095367432,4.945000171661377,20349600
2004-05-18,4.767453193664551,5.377500057220459,5.553750038146973,5.28125,5.368750095367432,20782400
2004-05-19,4.7552618980407715,5.363749980926514,5.574999809265137,5.326250076293945,5.378749847412109,8476000
2004-05-20,4.729773998260498,5.335000038146973,5.487500190734863,5.309999942779541,5.324999809265137,6509600
2004-05-21,4.788507461547852,5.401249885559082,5.423749923706055,5.318749904632568,5.375,3913600
2004-05-24,4.8971099853515625,5.523749828338623,5.574999809265137,5.488749980926514,5.525000095367432,5844000
2004-05-25,5.062231540679932,5.710000038146973,5.711249828338623,5.431250095367432,5.527500152587891,8036000
2004-05-26,5.08661413192749,5.737500190734863,5.818749904632568,5.6875,5.695000171661377,8249600
2004-05-27,5.047825813293457,5.693749904632568,5.792500019073486,5.631249904632568,5.762499809265137,2890400
2004-05-28,5.124290943145752,5.78000020980835,5.789999961853027,5.630000114440918,5.699999809265137,4788800
2004-06-01,5.112100601196289,5.766250133514404,5.90625,5.691249847412109,5.691249847412109,7275200
2004-06-02,5.1320481300354,5.788750171661377,5.831250190734863,5.724999904632568,5.772500038146973,5265600
2004-06-03,4.900437831878662,5.527500152587891,5.787499904632568,5.5,5.787499904632568,9652800
2004-06-04,4.993523120880127,5.632500171661377,5.762499809265137,5.587500095367432,5.638750076293945,6968800
2004-06-07,5.08661413192749,5.737500190734863,5.764999866485596,5.647500038146973,5.662499904632568,3512000
2004-06-08,5.096587181091309,5.74875020980835,5.791250228881836,5.643750190734863,5.71875,3192800
2004-06-09,5.034528732299805,5.678750038146973,5.767499923706055,5.664999961853027,5.699999809265137,3395200
2004-06-10,5.093262672424316,5.744999885559082,5.797500133514404,5.662499904632568,5.68625020980835,4003200
2004-06-14,5.133155822753906,5.789999961853027,5.848750114440918,5.71875,5.71875,6160000
2004-06-15,5.374743938446045,6.0625,6.184999942779541,5.801249980926514,5.818749904632568,14272000
2004-06-16,5.471154689788818,6.171249866485596,6.197500228881836,6.082499980926514,6.090000152587891,7576800
2004-06-17,5.464504718780518,6.163750171661377,6.190000057220459,6.074999809265137,6.162499904632568,6651200
2004-06-18,5.432369709014893,6.127500057220459,6.247499942779541,6.050000190734863,6.107500076293945,7125600
2004-06-21,5.507726192474365,6.212500095367432,6.367499828338623,6.139999866485596,6.247499942779541,5793600
2004-06-22,5.452317237854004,6.150000095367432,6.347499847412109,6.119999885559082,6.28000020980835,5050400
2004-06-23,5.625195503234863,6.34499979019165,6.34499979019165,6.112500190734863,6.150000095367432,5063200
2004-06-24,5.60081672668457,6.317500114440918,6.447500228881836,6.28249979019165,6.375,5086800
2004-06-25,5.747095108032227,6.482500076293945,6.570000171661377,6.352499961853027,6.375,5225200
2004-06-28,5.837968826293945,6.585000038146973,6.659999847412109,6.460000038146973,6.59250020980835,7610400
2004-06-29,5.591949462890625,6.307499885559082,6.4375,6.167500019073486,6.420000076293945,12554800
2004-06-30,5.6318440437316895,6.352499961853027,6.372499942779541,6.252500057220459,6.267499923706055,4460400
2004-07-01,5.496644973754883,6.199999809265137,6.449999809265137,6.179999828338623,6.40500020980835,5106000
2004-07-02,5.4877800941467285,6.190000057220459,6.264999866485596,6.135000228881836,6.177499771118164,2904000
2004-07-06,5.381391525268555,6.070000171661377,6.242499828338623,5.940000057220459,6.239999771118164,5492400
2004-07-07,5.372527122497559,6.059999942779541,6.1875,6.017499923706055,6.039999961853027,2542400
2004-07-08,5.248408794403076,5.920000076293945,6.072500228881836,5.875,6.012499809265137,4474800
2004-07-09,5.498860836029053,6.202499866485596,6.224999904632568,5.922500133514404,5.922500133514404,4726400
2004-07-12,5.352578639984131,6.037499904632568,6.112500190734863,5.949999809265137,6.002500057220459,7684400
2004-07-13,5.5941643714904785,6.309999942779541,6.349999904632568,6.202499866485596,6.337500095367432,6567200
2004-07-14,5.5941643714904785,6.309999942779541,6.422500133514404,6.182499885559082,6.247499942779541,3721600
2004-07-15,5.563136100769043,6.275000095367432,6.349999904632568,6.21750020980835,6.327499866485596,3364800
2004-07-16,5.523240089416504,6.230000019073486,6.34499979019165,6.192500114440918,6.309999942779541,2774800
2004-07-19,5.461182117462158,6.159999847412109,6.3125,6.074999809265137,6.202499866485596,3725200
2004-07-20,5.394689559936523,6.085000038146973,6.175000190734863,6.002500057220459,6.172500133514404,5251600
2004-07-21,5.241759777069092,5.912499904632568,6.175000190734863,5.912499904632568,6.037499904632568,5256800
2004-07-22,5.250627040863037,5.922500133514404,6.0,5.710000038146973,5.909999847412109,4678400
2004-07-23,5.0666656494140625,5.715000152587891,5.954999923706055,5.715000152587891,5.900000095367432,2546400
2004-07-26,5.722715854644775,6.454999923706055,6.537499904632568,6.077499866485596,6.215000152587891,15652000
2004-07-27,6.09728479385376,6.877500057220459,6.96750020980835,6.347499847412109,6.349999904632568,11522400
2004-07-28,6.008630275726318,6.777500152587891,6.982500076293945,6.587500095367432,6.96750020980835,6638400
2004-07-29,6.079553604125977,6.857500076293945,6.960000038146973,6.777500152587891,6.867499828338623,5321600
2004-07-30,6.106151103973389,6.887499809265137,6.9375,6.737500190734863,6.820000171661377,4332400
2004-08-02,6.024144649505615,6.795000076293945,6.869999885559082,6.587500095367432,6.8125,4981600
2004-08-03,5.860134124755859,6.610000133514404,6.864999771118164,6.59250020980835,6.78249979019165,2858800
2004-08-04,5.800291061401367,6.542500019073486,6.574999809265137,6.375,6.574999809265137,5699600
2004-08-05,5.6318440437316895,6.352499961853027,6.5625,6.34499979019165,6.545000076293945,5536400
2004-08-06,5.485563278198242,6.1875,6.260000228881836,6.052499771118164,6.255000114440918,6886800
2004-08-09,5.576434135437012,6.289999961853027,6.394999980926514,6.152500152587891,6.210000038146973,4450000
2004-08-10,5.687254428863525,6.414999961853027,6.447500228881836,6.210000038146973,6.34499979019165,3453200
2004-08-11,5.598598003387451,6.315000057220459,6.400000095367432,6.235000133514404,6.267499923706055,4682400
2004-08-12,5.423503875732422,6.117499828338623,6.474999904632568,6.099999904632568,6.287499904632568,4159600
2004-08-13,5.507726192474365,6.212500095367432,6.222499847412109,6.005000114440918,6.114999771118164,4164000
2004-08-16,5.603031158447266,6.320000171661377,6.385000228881836,6.175000190734863,6.224999904632568,4023600
2004-08-17,5.618546962738037,6.337500095367432,6.487500190734863,6.317500114440918,6.317500114440918,3064400
2004-08-18,5.78920841217041,6.53000020980835,6.574999809265137,6.247499942779541,6.287499904632568,3528800
2004-08-19,5.724932670593262,6.457499980926514,6.585000038146973,6.377500057220459,6.579999923706055,2615200
2004-08-20,5.877863883972168,6.630000114440918,6.650000095367432,6.420000076293945,6.4375,1660400
2004-08-23,5.782557487487793,6.522500038146973,6.675000190734863,6.514999866485596,6.627500057220459,2420000
2004-08-24,5.806938171386719,6.550000190734863,6.625,6.4375,6.585000038146973,1740000
2004-08-25,5.951004505157471,6.712500095367432,6.737500190734863,6.429999828338623,6.512499809265137,2801200
2004-08-26,5.984249114990234,6.75,6.795000076293945,6.622499942779541,6.715000152587891,5047600
2004-08-27,6.033009052276611,6.804999828338623,6.875,6.739999771118164,6.760000228881836,2980400
2004-08-30,5.973169326782227,6.737500190734863,6.795000076293945,6.659999847412109,6.755000114440918,4006400
2004-08-31,6.077338218688965,6.855000019073486,6.872499942779541,6.732500076293945,6.735000133514404,5604400
2004-09-01,6.201456546783447,6.994999885559082,7.002500057220459,6.775000095367432,6.862500190734863,4659200
2004-09-02,6.161560535430908,6.949999809265137,7.0625,6.800000190734863,7.0,5477200
2004-09-03,6.092854022979736,6.872499942779541,6.974999904632568,6.829999923706055,6.857500076293945,2693600
2004-09-07,6.072906017303467,6.849999904632568,6.972499847412109,6.800000190734863,6.889999866485596,4928000
2004-09-08,6.179291725158691,6.96999979019165,7.0625,6.792500019073486,6.862500190734863,4177200
2004-09-09,6.4053635597229,7.224999904632568,7.275000095367432,7.0,7.027500152587891,9055600
2004-09-10,6.471856117248535,7.300000190734863,7.394999980926514,7.175000190734863,7.372499942779541,4614400
2004-09-13,6.538348197937012,7.375,7.425000190734863,7.302499771118164,7.369999885559082,3069600
2004-09-14,6.507317066192627,7.340000152587891,7.375,7.227499961853027,7.25,5025600
2004-09-15,6.372118949890137,7.1875,7.324999809265137,7.107500076293945,7.275000095367432,2804000
2004-09-16,6.447474956512451,7.272500038146973,7.327499866485596,7.197500228881836,7.199999809265137,2392000
2004-09-17,6.385415554046631,7.202499866485596,7.332499980926514,7.125,7.257500171661377,3552000
2004-09-20,6.3277907371521,7.137499809265137,7.287499904632568,7.105000019073486,7.202499866485596,2608000
2004-09-21,6.431960582733154,7.255000114440918,7.320000171661377,7.127500057220459,7.127500057220459,2164800
2004-09-22,6.312274932861328,7.119999885559082,7.269999980926514,7.072500228881836,7.215000152587891,2909200
2004-09-23,6.334439754486084,7.144999980926514,7.1875,7.070000171661377,7.082499980926514,2784400
2004-09-24,6.338871955871582,7.150000095367432,7.230000019073486,7.114999771118164,7.162499904632568,3798000
2004-09-27,6.219186782836914,7.014999866485596,7.144999980926514,6.985000133514404,7.107500076293945,2596000
2004-09-28,6.314492702484131,7.122499942779541,7.147500038146973,7.0,7.0,3035600
2004-09-29,6.536129474639893,7.372499942779541,7.5,7.114999771118164,7.137499809265137,9392000
2004-09-30,6.762203216552734,7.627500057220459,7.662499904632568,7.297500133514404,7.315000057220459,11116800
2004-10-01,6.684629440307617,7.539999961853027,7.647500038146973,7.465000152587891,7.597499847412109,5192000
2004-10-04,6.915134429931641,7.800000190734863,7.940000057220459,7.625,7.724999904632568,7865200
2004-10-05,6.919567108154297,7.804999828338623,7.934999942779541,7.760000228881836,7.837500095367432,6544800
2004-10-06,6.884104251861572,7.764999866485596,7.795000076293945,7.412499904632568,7.5625,7996800
2004-10-07,6.897401332855225,7.78000020980835,7.824999809265137,7.670000076293945,7.75,6127600
2004-10-08,6.702361106872559,7.559999942779541,7.787499904632568,7.527500152587891,7.78249979019165,8219200
2004-10-11,6.824260711669922,7.697500228881836,7.769999980926514,7.5625,7.5625,5233200
2004-10-12,7.152286052703857,8.067500114440918,8.095000267028809,7.762499809265137,7.789999961853027,9193600
2004-10-13,7.065846920013428,7.96999979019165,8.262499809265137,7.949999809265137,8.1875,6008400
2004-10-14,7.127908229827881,8.039999961853027,8.137499809265137,7.960000038146973,8.0,4028000
2004-10-15,7.161153793334961,8.077500343322754,8.194999694824219,7.9375,8.104999542236328,7947600
2004-10-18,7.136773586273193,8.050000190734863,8.102499961853027,8.0024995803833,8.087499618530273,4844800
2004-10-19,7.050333023071289,7.952499866485596,8.162500381469727,7.90749979019165,8.0649995803833,4498400
2004-10-20,6.9904913902282715,7.885000228881836,7.96750020980835,7.757500171661377,7.925000190734863,6478800
2004-10-21,7.041468620300293,7.942500114440918,8.0625,7.897500038146973,7.942500114440918,8600000
2004-10-22,7.0880126953125,7.994999885559082,8.042499542236328,7.824999809265137,8.0,8183200
2004-10-25,7.147854328155518,8.0625,8.237500190734863,7.925000190734863,8.010000228881836,9183200
2004-10-26,6.824260711669922,7.697500228881836,7.982500076293945,7.582499980926514,7.837500095367432,13413200
2004-10-27,7.280838489532471,8.212499618530273,8.242500305175781,7.75,7.885000228881836,8655200
2004-10-28,7.695305347442627,8.680000305175781,8.734999656677246,8.297499656677246,8.319999694824219,12524800
2004-10-29,7.535722732543945,8.5,8.792499542236328,8.4375,8.680000305175781,9330400
2004-11-01,7.542372226715088,8.507499694824219,8.677499771118164,8.399999618530273,8.667499542236328,9130800
2004-11-02,7.6975202560424805,8.682499885559082,9.0649995803833,8.430000305175781,8.537500381469727,11845600
2004-11-03,7.992300987243652,9.015000343322754,9.475000381469727,8.755000114440918,9.015000343322754,16191200
2004-11-04,8.069870948791504,9.102499961853027,9.130000114440918,8.925000190734863,9.029999732971191,4308000
2004-11-05,8.076520919799805,9.109999656677246,9.274999618530273,8.9399995803833,9.255000114440918,6440800
2004-11-08,8.118633270263672,9.157500267028809,9.300000190734863,9.107500076293945,9.15999984741211,4263600
2004-11-09,8.120850563049316,9.15999984741211,9.244999885559082,9.039999961853027,9.1899995803833,4011600
2004-11-10,8.085387229919434,9.119999885559082,9.1875,9.007499694824219,9.1875,5108000
2004-11-11,8.225019454956055,9.27750015258789,9.292499542236328,9.0625,9.125,4692400
2004-11-12,8.486553192138672,9.572500228881836,9.577500343322754,9.267499923706055,9.329999923706055,5120400
2004-11-15,8.422276496887207,9.5,9.675000190734863,9.412500381469727,9.59749984741211,5683600
2004-11-16,8.422276496887207,9.5,9.625,9.430000305175781,9.592499732971191,3879200
2004-11-17,8.55526065826416,9.649999618530273,9.817500114440918,9.40250015258789,9.427499771118164,4384000
2004-11-18,8.515365600585938,9.604999542236328,9.680000305175781,9.462499618530273,9.672499656677246,4314400
2004-11-19,8.406763076782227,9.482500076293945,9.640000343322754,9.399999618530273,9.637499809265137,3556800
2004-11-22,8.240533828735352,9.295000076293945,9.475000381469727,7.744999885559082,9.25,15234000
2004-11-23,8.38681411743164,9.460000038146973,9.47249984741211,9.164999961853027,9.282500267028809,5674400
2004-11-24,8.522014617919922,9.612500190734863,9.6225004196167,9.352499961853027,9.475000381469727,2136800
2004-11-26,8.686027526855469,9.797499656677246,9.9399995803833,9.569999694824219,9.625,2193200
2004-11-29,8.590723037719727,9.6899995803833,9.927499771118164,9.422499656677246,9.892499923706055,6300000
2004-11-30,8.451089859008789,9.532500267028809,9.797499656677246,9.532500267028809,9.710000038146973,4772000
2004-12-01,8.533097267150879,9.625,9.779999732971191,9.567500114440918,9.574999809265137,5658800
2004-12-02,8.4533052444458,9.53499984741211,9.72249984741211,9.425000190734863,9.614999771118164,5741600
2004-12-03,8.397899627685547,9.47249984741211,9.729999542236328,9.352499961853027,9.587499618530273,6112400
2004-12-06,8.375734329223633,9.447500228881836,9.5625,9.390000343322754,9.555000305175781,4175600
2004-12-07,8.138581275939941,9.180000305175781,9.487500190734863,9.15999984741211,9.425000190734863,4760400
2004-12-08,8.160747528076172,9.204999923706055,9.337499618530273,9.182499885559082,9.182499885559082,4792400
2004-12-09,8.377948760986328,9.449999809265137,9.482500076293945,9.125,9.287500381469727,5060400
2004-12-10,8.488768577575684,9.574999809265137,9.779999732971191,9.454999923706055,9.545000076293945,5081600
2004-12-13,8.812363624572754,9.9399995803833,9.947500228881836,9.664999961853027,9.697500228881836,5761600
2004-12-14,9.069461822509766,10.229999542236328,10.270000457763672,9.8149995803833,9.949999809265137,8090800
2004-12-15,8.991888999938965,10.142499923706055,10.332500457763672,10.067500114440918,10.1274995803833,5855200
2004-12-16,8.721492767333984,9.837499618530273,10.204999923706055,9.604999542236328,10.142499923706055,8081600
2004-12-17,8.830095291137695,9.960000038146973,9.96500015258789,9.707500457763672,9.832500457763672,7497600
2004-12-20,8.801280975341797,9.927499771118164,10.017499923706055,9.71500015258789,9.922499656677246,5227200
2004-12-21,8.838957786560059,9.970000267028809,10.074999809265137,9.832500457763672,9.987500190734863,4579200
2004-12-22,8.739222526550293,9.857500076293945,9.925000190734863,9.767499923706055,9.84000015258789,3942800
2004-12-23,8.95421028137207,10.100000381469727,10.232500076293945,10.074999809265137,10.192500114440918,6498000
2004-12-27,8.980807304382324,10.130000114440918,10.212499618530273,9.947500228881836,10.204999923706055,3922400
2004-12-28,9.4794921875,10.692500114440918,10.704999923706055,10.162500381469727,10.199999809265137,30698000
2004-12-29,9.35759449005127,10.555000305175781,10.667499542236328,10.4375,10.600000381469727,7362800
2004-12-30,9.40857219696045,10.612500190734863,10.657500267028809,10.475000381469727,10.649999618530273,3127600
2004-12-31,9.381974220275879,10.582500457763672,10.732500076293945,10.539999961853027,10.539999961853027,2515200
2005-01-03,9.271154403686523,10.457500457763672,11.020000457763672,10.199999809265137,10.9375,9426000
2005-01-04,9.16698932647705,10.34000015258789,10.832500457763672,10.337499618530273,10.5024995803833,10338000
2005-01-05,9.08276081085205,10.244999885559082,10.5,10.242500305175781,10.324999809265137,5955600
2005-01-06,8.974161148071289,10.1225004196167,10.305000305175781,10.017499923706055,10.292499542236328,5600400
2005-01-07,8.980807304382324,10.130000114440918,10.350000381469727,10.082500457763672,10.25,4964000
2005-01-10,8.759170532226562,9.880000114440918,10.267499923706055,9.822500228881836,10.244999885559082,8606400
2005-01-11,8.448875427246094,9.529999732971191,9.875,9.167499542236328,9.875,14228000
2005-01-12,8.369083404541016,9.4399995803833,9.697500228881836,9.194999694824219,9.680000305175781,12242800
2005-01-13,8.216153144836426,9.267499923706055,9.470000267028809,9.22249984741211,9.4399995803833,10736800
2005-01-14,8.433359146118164,9.512499809265137,9.522500038146973,9.270000457763672,9.392499923706055,6204800
2005-01-18,8.606240272521973,9.707500457763672,9.774999618530273,9.5,9.539999961853027,6906400
2005-01-19,8.517583847045898,9.607500076293945,9.779999732971191,9.5625,9.774999618530273,6935200
2005-01-20,8.200638771057129,9.25,9.614999771118164,9.15250015258789,9.59000015258789,13633200
2005-01-21,7.947969436645508,8.96500015258789,9.345000267028809,8.892499923706055,9.324999809265137,12371600
2005-01-24,8.034408569335938,9.0625,9.3100004196167,8.987500190734863,9.079999923706055,9964400
2005-01-25,7.992300987243652,9.015000343322754,9.274999618530273,8.912500381469727,9.0625,6944400
2005-01-26,8.120850563049316,9.15999984741211,9.234999656677246,8.952500343322754,9.007499694824219,5502800
2005-01-27,8.258265495300293,9.3149995803833,9.399999618530273,9.154999732971191,9.207500457763672,6690800
2005-01-28,8.154095649719238,9.197500228881836,9.375,9.100000381469727,9.362500190734863,5885600
2005-01-31,8.400115966796875,9.475000381469727,9.512499809265137,9.212499618530273,9.362500190734863,8711600
2005-02-01,8.457738876342773,9.539999961853027,9.6225004196167,9.47249984741211,9.550000190734863,5727200
2005-02-02,8.466605186462402,9.550000190734863,9.680000305175781,9.447500228881836,9.667499542236328,4936800
2005-02-03,8.309242248535156,9.3725004196167,9.595000267028809,9.3125,9.587499618530273,4851600
2005-02-04,8.488768577575684,9.574999809265137,9.587499618530273,9.265000343322754,9.364999771118164,3478000
2005-02-07,8.411197662353516,9.487500190734863,9.727499961853027,9.4350004196167,9.6850004196167,4251600
2005-02-08,8.342488288879395,9.40999984741211,9.577500343322754,9.307499885559082,9.477499961853027,5292000
2005-02-09,8.13636589050293,9.177499771118164,9.412500381469727,9.125,9.412500381469727,9886400
2005-02-10,9.550419807434082,10.772500038146973,10.835000038146973,9.949999809265137,9.975000381469727,34493600
2005-02-11,10.089001655578613,11.380000114440918,11.670000076293945,10.774999618530273,10.842499732971191,22496400
2005-02-14,10.162138938903809,11.462499618530273,11.75,11.270000457763672,11.447500228881836,8756800
2005-02-15,9.975966453552246,11.2524995803833,11.442500114440918,11.057499885559082,11.260000228881836,11796800
2005-02-16,10.000347137451172,11.279999732971191,11.3149995803833,11.087499618530273,11.237500190734863,6288400
2005-02-17,9.869579315185547,11.132499694824219,11.34749984741211,11.032500267028809,11.292499542236328,4214000
2005-02-18,9.918338775634766,11.1875,11.22249984741211,11.042499542236328,11.192500114440918,4145200
2005-02-22,9.732163429260254,10.977499961853027,11.220000267028809,10.932499885559082,11.1850004196167,6475200
2005-02-23,9.885093688964844,11.149999618530273,11.274999618530273,10.982500076293945,11.057499885559082,8000800
2005-02-24,10.17322826385498,11.475000381469727,11.567500114440918,11.162500381469727,11.162500381469727,8498400
2005-02-25,10.57439136505127,11.927499771118164,11.960000038146973,11.425000190734863,11.542499542236328,10608800
2005-02-28,10.434760093688965,11.770000457763672,12.045000076293945,11.510000228881836,11.947500228881836,8162000
2005-03-01,10.552228927612305,11.90250015258789,11.97249984741211,11.757499694824219,11.895000457763672,6236000
2005-03-02,10.550009727478027,11.899999618530273,12.170000076293945,11.8100004196167,11.925000190734863,6924800
2005-03-03,10.388214111328125,11.717499732971191,11.994999885559082,11.487500190734863,11.989999771118164,4400400
2005-03-04,10.776084899902344,12.154999732971191,12.210000038146973,11.707500457763672,11.852499961853027,5376800
2005-03-07,10.747272491455078,12.1225004196167,12.3725004196167,12.050000190734863,12.242500305175781,5848400
2005-03-08,10.335025787353516,11.657500267028809,11.914999961853027,11.52750015258789,11.8100004196167,11184800
2005-03-09,10.13554859161377,11.432499885559082,11.75,11.34749984741211,11.617500305175781,6984400
2005-03-10,10.257445335388184,11.569999694824219,11.602499961853027,11.21500015258789,11.447500228881836,6332800
2005-03-11,10.383779525756836,11.712499618530273,11.782500267028809,11.484999656677246,11.647500038146973,7089600
2005-03-14,10.372700691223145,11.699999809265137,11.949999809265137,11.585000038146973,11.832500457763672,5831200
2005-03-15,10.168793678283691,11.470000267028809,11.795000076293945,11.244999885559082,11.789999961853027,7516400
2005-03-16,10.004777908325195,11.28499984741211,11.625,11.225000381469727,11.4350004196167,6524400
2005-03-17,9.902826309204102,11.170000076293945,11.262499809265137,10.8100004196167,11.262499809265137,7625600
2005-03-18,9.87401294708252,11.137499809265137,11.1875,11.010000228881836,11.130000114440918,4313200
2005-03-21,9.94715404510498,11.220000267028809,11.272500038146973,10.992500305175781,11.140000343322754,4171200
2005-03-22,10.120030403137207,11.414999961853027,11.557499885559082,11.282500267028809,11.462499618530273,6323600
2005-03-23,10.2640962600708,11.577500343322754,11.602499961853027,11.225000381469727,11.399999618530273,5159200
2005-03-24,10.308423042297363,11.6274995803833,11.710000038146973,11.5024995803833,11.579999923706055,4423600
2005-03-28,10.111164093017578,11.404999732971191,11.737500190734863,11.279999732971191,11.717499732971191,6191600
2005-03-29,9.871796607971191,11.135000228881836,11.574999809265137,11.102499961853027,11.442500114440918,6476000
2005-03-30,10.071270942687988,11.359999656677246,11.430000305175781,11.130000114440918,11.180000305175781,4222400
2005-03-31,10.239716529846191,11.550000190734863,11.717499732971191,11.300000190734863,11.414999961853027,5469600
2005-04-01,10.186525344848633,11.489999771118164,11.702500343322754,11.28499984741211,11.675000190734863,6567200
2005-04-04,10.297341346740723,11.614999771118164,11.6875,11.397500038146973,11.427499771118164,3060000
2005-04-05,10.629801750183105,11.989999771118164,12.007499694824219,11.6274995803833,11.680000305175781,6460400
2005-04-06,10.527846336364746,11.875,12.102499961853027,11.800000190734863,12.047499656677246,5781200
2005-04-07,10.536711692810059,11.885000228881836,11.9375,11.760000228881836,11.9375,4111600
2005-04-08,10.1510591506958,11.449999809265137,11.862500190734863,11.430000305175781,11.862500190734863,5633600
2005-04-11,10.009212493896484,11.289999961853027,11.579999923706055,11.279999732971191,11.5625,4242400
2005-04-12,10.184308052062988,11.487500190734863,11.59000015258789,11.202500343322754,11.279999732971191,4560800
2005-04-13,10.006997108459473,11.287500381469727,11.53499984741211,11.279999732971191,11.53499984741211,3873600
2005-04-14,9.133740425109863,10.302499771118164,10.970000267028809,10.274999618530273,10.949999809265137,25404000
2005-04-15,8.852253913879395,9.984999656677246,10.25,9.770000457763672,10.167499542236328,23721200
2005-04-18,9.124873161315918,10.292499542236328,10.425000190734863,9.887499809265137,9.932499885559082,8788400
2005-04-19,9.09827709197998,10.262499809265137,10.375,10.0625,10.237500190734863,9731200
2005-04-20,9.093843460083008,10.257499694824219,10.547499656677246,10.197500228881836,10.52750015258789,12070400
2005-04-21,9.308833122253418,10.5,10.529999732971191,10.270000457763672,10.345000267028809,8181200
2005-04-22,9.17806625366211,10.352499961853027,10.532500267028809,10.28499984741211,10.477499961853027,4989200
2005-04-25,9.36867618560791,10.567500114440918,10.572500228881836,10.367500305175781,10.4375,4344000
2005-04-26,9.087194442749023,10.25,10.5,10.177499771118164,10.492500305175781,8327200
2005-04-27,9.3309965133667,10.524999618530273,10.524999618530273,9.529999732971191,10.117500305175781,18486800
2005-04-28,9.288885116577148,10.477499961853027,10.770000457763672,10.432499885559082,10.477499961853027,6292400
2005-04-29,9.311051368713379,10.5024995803833,10.617500305175781,10.232500076293945,10.609999656677246,7247200
2005-05-02,9.35315990447998,10.550000190734863,10.582500457763672,10.352499961853027,10.5024995803833,5009600
2005-05-03,9.477278709411621,10.6899995803833,10.807499885559082,10.477499961853027,10.517499923706055,5268800
2005-05-04,9.475062370300293,10.6875,10.7475004196167,10.517499923706055,10.699999809265137,6924400
2005-05-05,9.683403968811035,10.922499656677246,10.9375,10.582500457763672,10.737500190734863,6896400
2005-05-06,9.789788246154785,11.042499542236328,11.055000305175781,10.899999618530273,11.0,3488000
2005-05-09,9.752108573913574,11.0,11.069999694824219,10.8125,11.0600004196167,2675200
2005-05-10,9.512742042541504,10.729999542236328,10.9375,10.675000190734863,10.892499923706055,4273200
2005-05-11,9.610264778137207,10.84000015258789,10.897500038146973,10.505000114440918,10.757499694824219,5533600
2005-05-12,9.388622283935547,10.59000015258789,10.882499694824219,10.5024995803833,10.84000015258789,3959600
2005-05-13,9.439599990844727,10.647500038146973,10.842499732971191,10.557499885559082,10.65999984741211,4744400
2005-05-16,9.559285163879395,10.782500267028809,10.852499961853027,10.532500267028809,10.607500076293945,4235200
2005-05-17,9.639076232910156,10.8725004196167,10.8725004196167,10.614999771118164,10.727499961853027,5696400
2005-05-18,9.953803062438965,11.227499961853027,11.25,10.84749984741211,10.882499694824219,7826800
2005-05-19,10.111164093017578,11.404999732971191,11.447500228881836,11.147500038146973,11.25,4787200
2005-05-20,10.075704574584961,11.364999771118164,11.457500457763672,11.272500038146973,11.3774995803833,4150000
2005-05-23,10.312856674194336,11.632499694824219,11.75,11.257499694824219,11.34749984741211,5218800
2005-05-24,10.377132415771484,11.704999923706055,11.807499885559082,11.515000343322754,11.667499542236328,5374400
2005-05-25,10.248581886291504,11.5600004196167,11.767499923706055,11.487500190734863,11.704999923706055,5125600
2005-05-26,10.505681991577148,11.850000381469727,11.850000381469727,11.625,11.6875,5105200
2005-05-27,10.501254081726074,11.845000267028809,11.954999923706055,11.757499694824219,11.867500305175781,3769200
2005-05-31,10.63866901397705,12.0,12.055000305175781,11.767499923706055,11.892499923706055,15978800
2005-06-01,10.63645076751709,11.9975004196167,12.029999732971191,11.827500343322754,12.022500038146973,5202800
2005-06-02,10.6320161819458,11.992500305175781,12.0,11.864999771118164,11.9375,3436400
2005-06-03,10.421462059020996,11.755000114440918,12.005000114440918,11.667499542236328,12.005000114440918,4214800
2005-06-06,10.583257675170898,11.9375,11.942500114440918,11.6899995803833,11.7524995803833,2546800
2005-06-07,10.465788841247559,11.805000305175781,12.010000228881836,11.762499809265137,11.967499732971191,3458400
2005-06-08,10.383779525756836,11.712499618530273,11.890000343322754,11.572500228881836,11.875,3326400
2005-06-09,10.567741394042969,11.920000076293945,11.925000190734863,11.475000381469727,11.765000343322754,5521600
2005-06-10,10.450273513793945,11.787500381469727,12.020000457763672,11.707500457763672,12.017499923706055,3450000
2005-06-13,10.454706192016602,11.792499542236328,12.225000381469727,11.592499732971191,11.800000190734863,6984000
2005-06-14,10.558876991271973,11.90999984741211,11.917499542236328,11.732500076293945,11.737500190734863,3104400
2005-06-15,10.79381275177002,12.175000190734863,12.1875,11.875,11.90999984741211,5542400
2005-06-16,10.960042953491211,12.362500190734863,12.449999809265137,12.0625,12.242500305175781,5645200
2005-06-17,11.119624137878418,12.542499542236328,12.577500343322754,12.375,12.404999732971191,10452800
2005-06-20,10.86695671081543,12.257499694824219,12.545000076293945,12.085000038146973,12.545000076293945,7183600
2005-06-21,10.561091423034668,11.912500381469727,12.3725004196167,11.862500190734863,12.3725004196167,8102000
2005-06-22,10.550009727478027,11.899999618530273,12.087499618530273,11.720000267028809,11.9975004196167,6926000
2005-06-23,10.352751731872559,11.677499771118164,12.0,11.574999809265137,11.9399995803833,8532000
2005-06-24,10.193174362182617,11.4975004196167,11.774999618530273,11.479999542236328,11.6850004196167,5729600
2005-06-27,10.235285758972168,11.545000076293945,11.545000076293945,11.375,11.5,5983600
2005-06-28,10.496817588806152,11.84000015258789,11.864999771118164,11.5625,11.612500190734863,5302800
2005-06-29,10.481303215026855,11.822500228881836,11.920000076293945,11.647500038146973,11.899999618530273,6358000
2005-06-30,10.445839881896973,11.782500267028809,11.967499732971191,11.75,11.822500228881836,6280800
2005-07-01,10.468005180358887,11.807499885559082,11.942500114440918,11.59000015258789,11.8125,3466400
2005-07-05,10.563310623168945,11.914999961853027,11.944999694824219,11.635000228881836,11.697500228881836,4497200
2005-07-06,10.598773956298828,11.954999923706055,12.135000228881836,11.927499771118164,12.020000457763672,4786800
2005-07-07,10.516763687133789,11.862500190734863,11.864999771118164,11.632499694824219,11.757499694824219,4689600
2005-07-08,10.73840618133545,12.112500190734863,12.119999885559082,11.767499923706055,11.9375,4081200
2005-07-11,10.789379119873047,12.170000076293945,12.210000038146973,11.975000381469727,12.182499885559082,3220400
2005-07-12,10.58104419708252,11.9350004196167,12.167499542236328,11.34749984741211,11.8725004196167,15388400
2005-07-13,10.530064582824707,11.8774995803833,12.03499984741211,11.787500381469727,11.96500015258789,6033200
2005-07-14,10.423676490783691,11.757499694824219,11.9375,11.704999923706055,11.9375,4805200
2005-07-15,10.663046836853027,12.02750015258789,12.050000190734863,11.704999923706055,11.845000267028809,3961200
2005-07-18,10.791594505310059,12.172499656677246,12.364999771118164,11.947500228881836,11.949999809265137,4612000
2005-07-19,10.986639022827148,12.392499923706055,12.4350004196167,12.104999542236328,12.305000305175781,4494000
2005-07-20,10.971126556396484,12.375,12.420000076293945,12.149999618530273,12.317500114440918,2798800
2005-07-21,10.787164688110352,12.167499542236328,12.395000457763672,12.0,12.375,3365600
2005-07-22,10.709593772888184,12.079999923706055,12.274999618530273,12.010000228881836,12.175000190734863,3887600
2005-07-25,10.824844360351562,12.210000038146973,12.210000038146973,11.904999732971191,12.050000190734863,4804400
2005-07-26,10.913500785827637,12.3100004196167,12.324999809265137,12.21500015258789,12.255000114440918,4314000
2005-07-27,11.093029022216797,12.512499809265137,12.5625,12.135000228881836,12.305000305175781,5477600
2005-07-28,10.450273513793945,11.787500381469727,12.862500190734863,11.635000228881836,12.770000457763672,23240800
2005-07-29,10.878039360046387,12.270000457763672,12.369999885559082,12.0625,12.0625,12942800
2005-08-01,10.897982597351074,12.292499542236328,12.489999771118164,12.2475004196167,12.300000190734863,5229600
2005-08-02,10.960042953491211,12.362500190734863,12.399999618530273,12.212499618530273,12.354999542236328,5267600
2005-08-03,10.975560188293457,12.380000114440918,12.475000381469727,12.300000190734863,12.3725004196167,6018000
2005-08-04,10.864739418029785,12.255000114440918,12.375,12.140000343322754,12.2524995803833,4450000
2005-08-05,10.585474967956543,11.9399995803833,12.289999961853027,11.824999809265137,12.207500457763672,6783200
2005-08-08,10.554444313049316,11.904999732971191,12.087499618530273,11.824999809265137,11.949999809265137,3080800
2005-08-09,10.685211181640625,12.052499771118164,12.119999885559082,11.899999618530273,11.9975004196167,4671600
2005-08-10,10.439188003540039,11.774999618530273,12.132499694824219,11.664999961853027,12.125,7507600
2005-08-11,10.556661605834961,11.907500267028809,11.9399995803833,11.737500190734863,11.757499694824219,5826400
2005-08-12,10.31064224243164,11.630000114440918,11.90999984741211,11.5,11.7475004196167,6785600
2005-08-15,10.217552185058594,11.524999618530273,11.602499961853027,11.4975004196167,11.550000190734863,4090400
2005-08-16,10.02694320678711,11.3100004196167,11.592499732971191,11.287500381469727,11.454999923706055,7203200
2005-08-17,10.24193000793457,11.552499771118164,11.614999771118164,11.074999809265137,11.297499656677246,8686000
2005-08-18,10.108948707580566,11.40250015258789,11.524999618530273,11.327500343322754,11.512499809265137,5999200
2005-08-19,10.13554859161377,11.432499885559082,11.532500267028809,11.342499732971191,11.382499694824219,3980000
2005-08-22,9.90503978729248,11.172499656677246,11.422499656677246,10.9375,11.407500267028809,12686400
2005-08-23,9.942720413208008,11.21500015258789,11.239999771118164,11.09000015258789,11.09000015258789,6757600
2005-08-24,10.1156005859375,11.40999984741211,11.552499771118164,11.194999694824219,11.204999923706055,6434400
2005-08-25,10.21312427520752,11.520000457763672,11.552499771118164,11.392499923706055,11.392499923706055,4686400
2005-08-26,10.14663028717041,11.444999694824219,11.550000190734863,11.407500267028809,11.477499961853027,3266800
2005-08-29,10.13998031616211,11.4375,11.484999656677246,11.354999542236328,11.395000457763672,4996000
2005-08-30,9.962669372558594,11.237500190734863,11.432499885559082,11.1875,11.362500190734863,4876000
2005-08-31,10.091217041015625,11.382499694824219,11.40999984741211,11.21500015258789,11.270000457763672,6322000
2005-09-01,10.297341346740723,11.614999771118164,11.72249984741211,11.319999694824219,11.335000038146973,6702800
2005-09-02,10.224201202392578,11.532500267028809,11.6875,11.507499694824219,11.667499542236328,2572000
2005-09-06,10.332804679870605,11.654999732971191,11.654999732971191,11.457500457763672,11.539999961853027,3659600
2005-09-07,10.28404712677002,11.600000381469727,11.6899995803833,11.454999923706055,11.649999618530273,3364000
2005-09-08,10.348320960998535,11.672499656677246,11.692500114440918,11.524999618530273,11.524999618530273,4626400
2005-09-09,10.716240882873535,12.087499618530273,12.095000267028809,11.577500343322754,11.672499656677246,7231200
2005-09-12,10.685211181640625,12.052499771118164,12.227499961853027,12.0,12.03499984741211,4966000
2005-09-13,10.545578002929688,11.895000457763672,12.109999656677246,11.854999542236328,12.104999542236328,3033600
2005-09-14,10.363832473754883,11.6899995803833,11.904999732971191,11.6899995803833,11.854999542236328,3452400
2005-09-15,10.219771385192871,11.52750015258789,11.774999618530273,11.520000457763672,11.72249984741211,3620000
2005-09-16,10.270747184753418,11.585000038146973,11.642499923706055,11.364999771118164,11.552499771118164,6561200
2005-09-19,10.071270942687988,11.359999656677246,11.604999542236328,11.329999923706055,11.494999885559082,3395200
2005-09-20,10.100085258483887,11.392499923706055,11.712499618530273,11.324999809265137,11.427499771118164,6435600
2005-09-21,9.79865550994873,11.052499771118164,11.390000343322754,11.029999732971191,11.390000343322754,4353600
2005-09-22,9.752108573913574,11.0,11.069999694824219,10.609999656677246,11.03499984741211,8683200
2005-09-23,9.84298324584961,11.102499961853027,11.114999771118164,10.885000228881836,11.02750015258789,3431600
2005-09-26,9.956019401550293,11.229999542236328,11.319999694824219,11.102499961853027,11.199999809265137,6181200
2005-09-27,10.033592224121094,11.317500114440918,11.412500381469727,11.217499732971191,11.297499656677246,6762000
2005-09-28,10.031378746032715,11.3149995803833,11.390000343322754,11.202500343322754,11.364999771118164,4456400
2005-09-29,10.142192840576172,11.4399995803833,11.52750015258789,11.27750015258789,11.3125,5063200
2005-09-30,10.326153755187988,11.647500038146973,11.672499656677246,11.3149995803833,11.482500076293945,4418400
2005-10-03,10.14663028717041,11.444999694824219,11.75,11.425000190734863,11.670000076293945,7941200
2005-10-04,10.080137252807617,11.369999885559082,11.557499885559082,11.307499885559082,11.487500190734863,7014800
2005-10-05,9.794219970703125,11.047499656677246,11.3125,11.032500267028809,11.305000305175781,6921200
2005-10-06,9.530473709106445,10.75,11.092499732971191,10.637499809265137,11.092499732971191,6292000
2005-10-07,9.672323226928711,10.90999984741211,11.069999694824219,10.7475004196167,10.774999618530273,5035200
2005-10-10,9.94715404510498,11.220000267028809,11.244999885559082,10.977499961853027,11.102499961853027,8748000
2005-10-11,10.066839218139648,11.354999542236328,11.835000038146973,11.265000343322754,11.640000343322754,11844400
2005-10-12,9.765412330627441,11.015000343322754,11.579999923706055,10.867500305175781,11.359999656677246,10828800
2005-10-13,9.707784652709961,10.949999809265137,11.0024995803833,10.77750015258789,10.930000305175781,5896000
2005-10-14,9.889528274536133,11.154999732971191,11.182499885559082,10.922499656677246,10.947500228881836,3146000
2005-10-17,9.851848602294922,11.112500190734863,11.197500228881836,11.0,11.1875,5022800
2005-10-18,9.687836647033691,10.927499771118164,11.1225004196167,10.927499771118164,11.109999656677246,4911200
2005-10-19,9.754327774047852,11.0024995803833,11.037500381469727,10.5625,10.907500267028809,10644000
2005-10-20,9.73437786102295,10.979999542236328,11.2475004196167,10.850000381469727,11.104999542236328,6498000
2005-10-21,9.987046241760254,11.265000343322754,11.28499984741211,10.9975004196167,11.085000038146973,5657600
2005-10-24,10.224201202392578,11.532500267028809,11.612500190734863,11.260000228881836,11.282500267028809,6480000
2005-10-25,10.182088851928711,11.484999656677246,11.587499618530273,11.3774995803833,11.512499809265137,2731600
2005-10-26,10.031378746032715,11.3149995803833,11.600000381469727,11.265000343322754,11.404999732971191,6051600
2005-10-27,9.625771522521973,10.857500076293945,11.324999809265137,10.857500076293945,11.324999809265137,8094400
2005-10-28,10.060192108154297,11.34749984741211,11.470000267028809,10.984999656677246,11.024999618530273,8972800
2005-10-31,9.74767780303955,10.994999885559082,11.260000228881836,10.827500343322754,11.09749984741211,12477200
2005-11-01,9.645723342895508,10.880000114440918,11.117500305175781,10.802499771118164,11.012499809265137,6718000
2005-11-02,9.60804557800293,10.837499618530273,11.0,10.7475004196167,10.84000015258789,9350800
2005-11-03,9.97375202178955,11.25,11.342499732971191,10.845000267028809,10.845000267028809,8288400
2005-11-04,9.987046241760254,11.265000343322754,11.332500457763672,11.087499618530273,11.300000190734863,3802800
2005-11-07,10.020295143127441,11.302499771118164,11.399999618530273,11.130000114440918,11.350000381469727,4398000
2005-11-08,10.009212493896484,11.289999961853027,11.354999542236328,11.194999694824219,11.257499694824219,3146000
2005-11-09,10.020295143127441,11.302499771118164,11.329999923706055,11.180000305175781,11.327500343322754,2598000
2005-11-10,10.162138938903809,11.462499618530273,11.487500190734863,11.164999961853027,11.3125,4624000
2005-11-11,10.122245788574219,11.417499542236328,11.484999656677246,11.295000076293945,11.479999542236328,3895200
2005-11-14,10.332804679870605,11.654999732971191,11.734999656677246,11.3149995803833,11.3725004196167,7014800
2005-11-15,10.572176933288574,11.925000190734863,11.989999771118164,11.75,11.774999618530273,10543200
2005-11-16,10.543362617492676,11.892499923706055,12.125,11.78499984741211,11.975000381469727,9423200
2005-11-17,10.74948787689209,12.125,12.125,11.880000114440918,11.962499618530273,6282000
2005-11-18,10.71845817565918,12.09000015258789,12.234999656677246,11.992500305175781,12.229999542236328,4600000
2005-11-21,10.74948787689209,12.125,12.227499961853027,11.932499885559082,12.140000343322754,4225200
2005-11-22,10.840361595153809,12.227499961853027,12.242500305175781,12.0024995803833,12.072500228881836,4180000
2005-11-23,10.838144302368164,12.225000381469727,12.25,12.104999542236328,12.175000190734863,3062400
2005-11-25,10.946745872497559,12.34749984741211,12.34749984741211,12.225000381469727,12.244999885559082,1249200
2005-11-28,10.73840618133545,12.112500190734863,12.369999885559082,12.02750015258789,12.34749984741211,3223200
2005-11-29,10.813762664794922,12.197500228881836,12.305000305175781,12.125,12.167499542236328,3847200
2005-11-30,10.76943588256836,12.147500038146973,12.25,12.112500190734863,12.162500381469727,5566800
2005-12-01,11.02653694152832,12.4375,12.612500190734863,12.15250015258789,12.15250015258789,8299200
2005-12-02,10.948960304260254,12.350000381469727,12.4375,12.217499732971191,12.395000457763672,3765600
2005-12-05,10.73397445678711,12.107500076293945,12.332500457763672,12.015000343322754,12.295000076293945,5396800
2005-12-06,10.853658676147461,12.242500305175781,12.345000267028809,12.1274995803833,12.1274995803833,5803600
2005-12-07,10.875821113586426,12.267499923706055,12.392499923706055,12.194999694824219,12.22249984741211,4574400
2005-12-08,10.76500129699707,12.142499923706055,12.375,12.029999732971191,12.262499809265137,5184800
2005-12-09,10.964476585388184,12.367500305175781,12.382499694824219,12.082500457763672,12.125,5112000
2005-12-12,10.997721672058105,12.404999732971191,12.477499961853027,12.237500190734863,12.392499923706055,6374800
2005-12-13,11.022103309631348,12.432499885559082,12.477499961853027,12.212499618530273,12.412500381469727,5976800
2005-12-14,10.922364234924316,12.319999694824219,12.432499885559082,12.274999618530273,12.397500038146973,5690400
2005-12-15,11.119624137878418,12.542499542236328,12.555000305175781,12.317500114440918,12.317500114440918,8175600
2005-12-16,11.08637523651123,12.505000114440918,12.574999809265137,12.359999656677246,12.375,9326400
2005-12-19,11.159517288208008,12.587499618530273,12.744999885559082,12.475000381469727,12.579999923706055,6580000
2005-12-20,11.268119812011719,12.710000038146973,12.744999885559082,12.537500381469727,12.5649995803833,5528000
2005-12-21,11.401104927062988,12.859999656677246,12.869999885559082,12.667499542236328,12.7475004196167,5794400
2005-12-22,11.580631256103516,13.0625,13.069999694824219,12.817500114440918,12.859999656677246,5352000
2005-12-23,11.412185668945312,12.8725004196167,13.117500305175781,12.78499984741211,13.039999961853027,3919600
2005-12-27,11.268119812011719,12.710000038146973,12.987500190734863,12.607500076293945,12.954999923706055,3648400
2005-12-28,11.20163345336914,12.635000228881836,12.862500190734863,12.5,12.744999885559082,3636000
2005-12-29,11.241525650024414,12.680000305175781,12.8725004196167,12.602499961853027,12.6899995803833,5400400
2005-12-30,11.141790390014648,12.567500114440918,12.645000457763672,12.475000381469727,12.595000267028809,3106000
2006-01-03,11.230443954467773,12.667499542236328,12.744999885559082,12.267499923706055,12.484999656677246,7660800
2006-01-04,11.299149513244629,12.744999885559082,12.765000343322754,12.5,12.72249984741211,5683600
2006-01-05,11.146222114562988,12.572500228881836,12.767499923706055,12.515000343322754,12.717499732971191,5012000
2006-01-06,11.381159782409668,12.837499618530273,12.925000190734863,12.609999656677246,12.729999542236328,3900000
2006-01-09,11.580631256103516,13.0625,13.109999656677246,12.8125,12.822500228881836,5664400
2006-01-10,11.456513404846191,12.922499656677246,13.162500381469727,12.859999656677246,13.0625,5090400
2006-01-11,11.166166305541992,12.595000267028809,12.857500076293945,12.319999694824219,12.322500228881836,10697200
2006-01-12,11.01988697052002,12.430000305175781,12.550000190734863,12.362500190734863,12.53499984741211,6162800
2006-01-13,10.937880516052246,12.337499618530273,12.5,12.300000190734863,12.454999923706055,3731600
2006-01-17,10.904634475708008,12.300000190734863,12.4399995803833,12.164999961853027,12.34749984741211,5843600
2006-01-18,11.192764282226562,12.625,12.710000038146973,12.1274995803833,12.167499542236328,6974800
2006-01-19,11.52522087097168,13.0,13.067500114440918,12.574999809265137,12.649999618530273,7962000
2006-01-20,11.073081016540527,12.489999771118164,12.954999923706055,12.477499961853027,12.922499656677246,5988400
2006-01-23,10.964476585388184,12.367500305175781,12.707500457763672,12.342499732971191,12.555000305175781,4749200
2006-01-24,11.234874725341797,12.672499656677246,12.71500015258789,12.364999771118164,12.380000114440918,4137200
2006-01-25,11.03096866607666,12.442500114440918,12.72249984741211,12.399999618530273,12.670000076293945,3504000
2006-01-26,11.17724895477295,12.607500076293945,12.712499618530273,12.462499618530273,12.59749984741211,3531200
2006-01-27,11.281418800354004,12.725000381469727,12.895000457763672,12.555000305175781,12.682499885559082,4577600
2006-01-30,11.412185668945312,12.8725004196167,12.9375,12.72249984741211,12.72249984741211,5362400
2006-01-31,11.607229232788086,13.092499732971191,13.114999771118164,12.824999809265137,12.912500381469727,4603600
2006-02-01,11.596145629882812,13.079999923706055,13.199999809265137,12.90999984741211,12.992500305175781,3996800
2006-02-02,11.409972190856934,12.869999885559082,13.3125,12.819999694824219,13.217499732971191,5984000
2006-02-03,11.221577644348145,12.657500267028809,12.802499771118164,12.5649995803833,12.7524995803833,3084000
2006-02-06,11.259255409240723,12.699999809265137,12.77750015258789,12.579999923706055,12.59000015258789,4794000
2006-02-07,11.474245071411133,12.942500114440918,13.02750015258789,12.582500457763672,12.65999984741211,9810400
2006-02-08,11.115191459655762,12.537500381469727,13.077500343322754,12.412500381469727,12.90250015258789,8229200
2006-02-09,12.20121955871582,13.762499809265137,14.074999809265137,13.5649995803833,13.5649995803833,21727600
2006-02-10,12.245550155639648,13.8125,13.904999732971191,13.677499771118164,13.720000267028809,8884000
2006-02-13,12.09040355682373,13.637499809265137,13.797499656677246,13.4375,13.795000076293945,6068000
2006-02-14,12.121432304382324,13.672499656677246,13.737500190734863,13.399999618530273,13.4975004196167,4920000
2006-02-15,12.2167329788208,13.779999732971191,13.90999984741211,13.524999618530273,13.675000190734863,5327600
2006-02-16,12.23890209197998,13.805000305175781,13.890000343322754,13.617500305175781,13.869999885559082,3216800
2006-02-17,12.243335723876953,13.8100004196167,14.012499809265137,13.725000381469727,13.84749984741211,4323600
2006-02-21,12.114781379699707,13.664999961853027,13.947500228881836,13.517499923706055,13.797499656677246,3664000
2006-02-22,12.560274124145508,14.167499542236328,14.302499771118164,13.6225004196167,13.649999618530273,5794000
2006-02-23,12.573573112487793,14.182499885559082,14.399999618530273,14.0625,14.117500305175781,3957600
2006-02-24,12.726505279541016,14.354999542236328,14.380000114440918,14.15250015258789,14.207500457763672,3076000
2006-02-27,12.94371223449707,14.600000381469727,14.762499809265137,14.34000015258789,14.34000015258789,4474400
2006-02-28,12.76861572265625,14.40250015258789,14.600000381469727,14.175000190734863,14.574999809265137,5086800
2006-03-01,13.030153274536133,14.697500228881836,14.765000343322754,14.287500381469727,14.395000457763672,6058800
2006-03-02,12.912680625915527,14.5649995803833,14.670000076293945,14.352499961853027,14.657500267028809,5100800
2006-03-03,13.016850471496582,14.682499885559082,14.850000381469727,14.345000267028809,14.482500076293945,3740800
2006-03-06,12.520380020141602,14.1225004196167,14.699999809265137,14.069999694824219,14.6875,4384800
2006-03-07,12.524811744689941,14.1274995803833,14.154999732971191,13.967499732971191,14.09000015258789,4786800
2006-03-08,12.340852737426758,13.920000076293945,14.092499732971191,13.857500076293945,14.0649995803833,4408000
2006-03-09,12.274362564086914,13.845000267028809,14.109999656677246,13.842499732971191,14.02750015258789,2835200
2006-03-10,12.440587997436523,14.032500267028809,14.242500305175781,13.734999656677246,13.835000038146973,3705200
2006-03-13,12.55362606048584,14.15999984741211,14.305000305175781,14.052499771118164,14.052499771118164,2624800
2006-03-14,12.657795906066895,14.27750015258789,14.27750015258789,14.020000457763672,14.1225004196167,2712000
2006-03-15,12.737586975097656,14.367500305175781,14.367500305175781,14.09749984741211,14.274999618530273,3347600
2006-03-16,12.578009605407715,14.1875,14.375,14.114999771118164,14.3100004196167,4534000
2006-03-17,12.648932456970215,14.267499923706055,14.3100004196167,14.102499961853027,14.1899995803833,3778800
2006-03-20,12.396262168884277,13.982500076293945,14.3100004196167,13.975000381469727,14.204999923706055,3029200
2006-03-21,12.269928932189941,13.84000015258789,14.154999732971191,13.774999618530273,13.84000015258789,4855200
2006-03-22,12.491565704345703,14.09000015258789,14.1274995803833,13.725000381469727,13.757499694824219,3570400
2006-03-23,12.684394836425781,14.307499885559082,14.369999885559082,13.917499542236328,14.042499542236328,5078000
2006-03-24,12.78413200378418,14.420000076293945,14.460000038146973,14.279999732971191,14.369999885559082,3800000
2006-03-27,12.779698371887207,14.414999961853027,14.492500305175781,14.227499961853027,14.432499885559082,3732800
2006-03-28,13.063395500183105,14.734999656677246,14.992500305175781,14.425000190734863,14.484999656677246,6731600
2006-03-29,13.333792686462402,15.039999961853027,15.145000457763672,14.72249984741211,14.7475004196167,5083600
2006-03-30,13.203030586242676,14.892499923706055,15.125,14.725000381469727,15.055000305175781,5427200
2006-03-31,13.18529987335205,14.8725004196167,14.970000267028809,14.647500038146973,14.922499656677246,3785200
2006-04-03,13.205245971679688,14.895000457763672,14.994999885559082,14.744999885559082,14.957500457763672,5198000
2006-04-04,13.526619911193848,15.257499694824219,15.305000305175781,14.817500114440918,14.8725004196167,5160800
2006-04-05,13.22962760925293,14.922499656677246,15.242500305175781,14.880000114440918,15.197500228881836,6038000
2006-04-06,13.021284103393555,14.6875,14.942500114440918,14.635000228881836,14.869999885559082,6251600
2006-04-07,12.868354797363281,14.515000343322754,14.772500038146973,14.40999984741211,14.677499771118164,3664800
2006-04-10,12.733153343200684,14.362500190734863,14.524999618530273,14.3149995803833,14.4975004196167,4294000
2006-04-11,12.606820106506348,14.220000267028809,14.4975004196167,14.112500190734863,14.432499885559082,4257200
2006-04-12,13.200811386108398,14.890000343322754,14.949999809265137,14.430000305175781,14.609999656677246,9231600
2006-04-13,13.214110374450684,14.904999732971191,14.9350004196167,14.600000381469727,14.90250015258789,3285600
2006-04-17,13.828048706054688,15.59749984741211,15.734999656677246,15.125,15.1274995803833,12048800
2006-04-18,14.029740333557129,15.824999809265137,15.897500038146973,15.632499694824219,15.664999961853027,5369600
2006-04-19,14.096232414245605,15.899999618530273,15.949999809265137,15.600000381469727,15.885000228881836,6272000
2006-04-20,14.169374465942383,15.982500076293945,16.270000457763672,15.895000457763672,15.920000076293945,5460800
2006-04-21,13.941088676452637,15.725000381469727,16.012500762939453,15.532500267028809,15.970000267028809,5108000
2006-04-24,14.04747200012207,15.845000267028809,15.90999984741211,15.510000228881836,15.6875,3491200
2006-04-25,14.04747200012207,15.845000267028809,15.962499618530273,15.720000267028809,15.890000343322754,2586000
2006-04-26,13.896757125854492,15.675000190734863,16.0,15.637499809265137,15.920000076293945,3406000
2006-04-27,14.03860855102539,15.835000038146973,16.107500076293945,15.462499618530273,15.625,4756800
2006-04-28,14.098448753356934,15.90250015258789,16.084999084472656,15.817500114440918,15.975000381469727,2957200
2006-05-01,13.761558532714844,15.522500038146973,16.104999542236328,15.457500457763672,16.100000381469727,6219600
2006-05-02,13.533270835876465,15.265000343322754,15.637499809265137,15.1875,15.637499809265137,8204400
2006-05-03,14.825428009033203,16.72249984741211,17.417499542236328,16.517499923706055,16.600000381469727,19376000
2006-05-04,15.160101890563965,17.100000381469727,17.274999618530273,16.684999465942383,16.81999969482422,5171200
2006-05-05,15.295299530029297,17.252500534057617,17.327499389648438,16.975000381469727,17.15999984741211,3360000
2006-05-08,15.250975608825684,17.202499389648438,17.297500610351562,16.875,17.25,4676800
2006-05-09,15.284214973449707,17.239999771118164,17.25,17.059999465942383,17.1875,3458400
2006-05-10,15.2022066116333,17.147499084472656,17.27750015258789,17.02750015258789,17.1875,4513600
2006-05-11,15.149016380310059,17.087499618530273,17.36750030517578,16.822500228881836,17.157499313354492,6256400
2006-05-12,14.530646324157715,16.389999389648438,17.049999237060547,16.350000381469727,17.049999237060547,7744800
2006-05-15,14.637033462524414,16.510000228881836,16.59000015258789,16.264999389648438,16.274999618530273,5120400
2006-05-16,14.738987922668457,16.625,16.674999237060547,16.350000381469727,16.46500015258789,6473600
2006-05-17,14.249166488647461,16.072500228881836,16.642499923706055,15.957500457763672,16.579999923706055,7370800
2006-05-18,14.176025390625,15.989999771118164,16.19499969482422,15.9375,16.087499618530273,5949200
2006-05-19,14.229211807250977,16.049999237060547,16.197500228881836,15.670000076293945,15.977499961853027,6632400
2006-05-22,13.74604320526123,15.505000114440918,15.987500190734863,15.142499923706055,15.987500190734863,11400400
2006-05-23,14.018662452697754,15.8125,16.077499389648438,15.75,15.944999694824219,7214800
2006-05-24,13.482293128967285,15.207500457763672,15.807499885559082,14.852499961853027,15.625,9309200
2006-05-25,13.586465835571289,15.324999809265137,15.4375,15.147500038146973,15.305000305175781,7047200
2006-05-26,13.30055046081543,15.0024995803833,15.449999809265137,14.960000038146973,15.399999618530273,5874800
2006-05-30,12.879435539245605,14.52750015258789,15.092499732971191,14.414999961853027,14.975000381469727,6822400
2006-05-31,13.076696395874023,14.75,14.885000228881836,14.342499732971191,14.47249984741211,8414400
2006-06-01,13.75269603729248,15.512499809265137,15.607500076293945,14.75,14.75,10674000
2006-06-02,13.92557144165039,15.707500457763672,15.975000381469727,15.34000015258789,15.704999923706055,6098800
2006-06-05,13.559866905212402,15.295000076293945,15.774999618530273,15.257499694824219,15.645000457763672,4539200
2006-06-06,13.7593412399292,15.520000457763672,15.585000038146973,15.157500267028809,15.300000190734863,6824000
2006-06-07,13.533270835876465,15.265000343322754,15.619999885559082,15.229999542236328,15.47249984741211,3649600
2006-06-08,13.577595710754395,15.3149995803833,15.392499923706055,14.717499732971191,15.1225004196167,9046400
2006-06-09,13.69506549835205,15.447500228881836,16.05500030517578,15.324999809265137,15.412500381469727,8534000
2006-06-12,13.12102222442627,14.800000190734863,15.72249984741211,14.779999732971191,15.532500267028809,6046400
2006-06-13,12.965876579284668,14.625,14.994999885559082,14.3100004196167,14.75,7620000
2006-06-14,13.087778091430664,14.762499809265137,14.795000076293945,14.382499694824219,14.574999809265137,5066000
2006-06-15,13.965465545654297,15.7524995803833,15.8125,15.012499809265137,15.012499809265137,6421600
2006-06-16,14.100666046142578,15.904999732971191,15.942500114440918,15.550000190734863,15.75,7355200
2006-06-19,13.788156509399414,15.552499771118164,16.037500381469727,15.350000381469727,15.892499923706055,8330800
2006-06-20,13.847996711730957,15.619999885559082,15.682499885559082,15.157500267028809,15.524999618530273,7348400
2006-06-21,14.386578559875488,16.227500915527344,16.3075008392334,15.664999961853027,15.712499618530273,9792000
2006-06-22,14.364418983459473,16.202499389648438,16.262500762939453,15.867500305175781,16.177499771118164,4152400
2006-06-23,14.752284049987793,16.639999389648438,16.842500686645508,16.09000015258789,16.102500915527344,5978000
2006-06-26,14.703524589538574,16.584999084472656,16.735000610351562,16.354999542236328,16.6825008392334,3215600
2006-06-27,14.158292770385742,15.970000267028809,16.655000686645508,15.904999732971191,16.625,6167200
2006-06-28,14.096232414245605,15.899999618530273,16.0674991607666,15.574999809265137,16.0674991607666,6989600
2006-06-29,14.940675735473633,16.852500915527344,16.852500915527344,15.954999923706055,16.03499984741211,6557600
2006-06-30,14.931811332702637,16.842500686645508,17.09000015258789,16.790000915527344,16.917499542236328,6947600
2006-07-03,15.171184539794922,17.112499237060547,17.137500762939453,16.842500686645508,16.950000762939453,1895200
2006-07-05,14.756721496582031,16.645000457763672,17.094999313354492,16.5,17.087499618530273,5075600
2006-07-06,15.060362815856934,16.987499237060547,17.094999313354492,16.690000534057617,16.760000228881836,3422400
2006-07-07,14.546160697937012,16.407499313354492,16.962499618530273,16.34749984741211,16.940000534057617,5434400
2006-07-10,14.167154312133789,15.979999542236328,16.540000915527344,15.827500343322754,16.427499771118164,5521600
2006-07-11,14.09179973602295,15.895000457763672,15.895000457763672,15.3774995803833,15.850000381469727,9142400
2006-07-12,14.444206237792969,16.292499542236328,16.84000015258789,16.25,16.5049991607666,13727200
2006-07-13,14.109530448913574,15.914999961853027,16.450000762939453,15.800000190734863,16.227500915527344,4958000
2006-07-14,13.852432250976562,15.625,15.992500305175781,15.454999923706055,15.992500305175781,5040800
2006-07-17,13.743827819824219,15.5024995803833,15.704999923706055,15.375,15.5625,3052800
2006-07-18,13.834701538085938,15.604999542236328,15.645000457763672,15.137499809265137,15.574999809265137,7159200
2006-07-19,14.331171035766602,16.165000915527344,16.372499465942383,15.574999809265137,15.574999809265137,7486400
2006-07-20,13.852432250976562,15.625,16.237499237060547,15.537500381469727,16.204999923706055,4392800
2006-07-21,13.53105354309082,15.262499809265137,15.545000076293945,15.042499542236328,15.522500038146973,4976000
2006-07-24,13.9854154586792,15.774999618530273,15.84000015258789,15.265000343322754,15.265000343322754,4138800
2006-07-25,13.8856782913208,15.662500381469727,15.792499542236328,15.432499885559082,15.739999771118164,4185200
2006-07-26,13.918924331665039,15.699999809265137,15.9399995803833,15.5,15.609999656677246,3471200
2006-07-27,13.854649543762207,15.6274995803833,15.805000305175781,15.479999542236328,15.692500114440918,10187600
2006-07-28,14.304572105407715,16.135000228881836,16.225000381469727,15.672499656677246,15.787500381469727,4044800
2006-07-31,14.515131950378418,16.372499465942383,16.65999984741211,16.1825008392334,16.225000381469727,7673200
2006-08-01,14.078498840332031,15.880000114440918,16.217500686645508,15.774999618530273,16.125,6657200
2006-08-02,14.900784492492676,16.8075008392334,17.237499237060547,16.65999984741211,16.982500076293945,12674000
2006-08-03,15.583431243896484,17.577499389648438,17.864999771118164,16.732500076293945,16.790000915527344,9271600
2006-08-04,15.153453826904297,17.092500686645508,17.997499465942383,16.877500534057617,17.772499084472656,8189200
2006-08-07,14.940675735473633,16.852500915527344,17.125,16.684999465942383,17.02750015258789,4869600
2006-08-08,14.730121612548828,16.614999771118164,17.0,16.5,16.962499618530273,4537200
2006-08-09,14.364418983459473,16.202499389648438,16.81999969482422,16.200000762939453,16.71500015258789,5564400
2006-08-10,14.683572769165039,16.5625,16.752500534057617,16.162500381469727,16.267499923706055,4215200
2006-08-11,14.561676979064941,16.424999237060547,16.600000381469727,16.27750015258789,16.4424991607666,2695200
2006-08-14,14.781097412109375,16.672500610351562,16.96500015258789,16.542499542236328,16.542499542236328,3682400
2006-08-15,15.41054916381836,17.38249969482422,17.422500610351562,16.737499237060547,16.959999084472656,5946400
2006-08-16,15.623321533203125,17.622499465942383,17.735000610351562,17.22249984741211,17.447500228881836,6521200
2006-08-17,15.563484191894531,17.55500030517578,17.6924991607666,17.40999984741211,17.607500076293945,5051200
2006-08-18,15.69646167755127,17.704999923706055,17.75,17.325000762939453,17.55500030517578,4586800
2006-08-21,15.446014404296875,17.422500610351562,17.6825008392334,17.2549991607666,17.6825008392334,2907600
2006-08-22,15.645490646362305,17.647499084472656,17.712499618530273,17.299999237060547,17.457500457763672,2880800
2006-08-23,15.3285493850708,17.290000915527344,17.809999465942383,17.190000534057617,17.782499313354492,3442400
2006-08-24,15.44822883605957,17.424999237060547,17.459999084472656,17.127500534057617,17.4375,2262800
2006-08-25,15.310818672180176,17.270000457763672,17.582500457763672,17.237499237060547,17.30500030517578,3888000
2006-08-28,15.78068733215332,17.799999237060547,17.799999237060547,17.125,17.247499465942383,3822400
2006-08-29,15.636625289916992,17.637500762939453,17.895000457763672,17.190000534057617,17.799999237060547,7928800
2006-08-30,15.647705078125,17.649999618530273,17.770000457763672,17.4424991607666,17.735000610351562,3212000
2006-08-31,15.49477767944336,17.477500915527344,17.815000534057617,17.44499969482422,17.72249984741211,3926000
2006-09-01,15.457094192504883,17.434999465942383,17.739999771118164,17.4325008392334,17.604999542236328,3387600
2006-09-05,15.847177505493164,17.875,17.917499542236328,17.38249969482422,17.514999389648438,5179200
2006-09-06,15.472609519958496,17.452499389648438,17.787500381469727,17.4325008392334,17.690000534057617,4362800
2006-09-07,15.284214973449707,17.239999771118164,17.587499618530273,17.110000610351562,17.417499542236328,4312400
2006-09-08,15.348490715026855,17.3125,17.524999618530273,17.190000534057617,17.190000534057617,2864000
2006-09-11,15.430496215820312,17.405000686645508,17.514999389648438,17.022499084472656,17.25,3450400
2006-09-12,15.891507148742676,17.924999237060547,17.96500015258789,17.34000015258789,17.385000228881836,4567600
2006-09-13,16.241701126098633,18.31999969482422,18.552499771118164,17.93000030517578,17.962499618530273,8130800
2006-09-14,16.21953010559082,18.295000076293945,18.4325008392334,17.887500762939453,18.1875,4865200
2006-09-15,15.862695693969727,17.892499923706055,18.577499389648438,17.684999465942383,18.412500381469727,10177600
2006-09-18,16.079904556274414,18.137500762939453,18.364999771118164,17.899999618530273,17.954999923706055,4268000
2006-09-19,15.889296531677246,17.922500610351562,18.322500228881836,17.752500534057617,18.24250030517578,4518800
2006-09-20,16.102067947387695,18.162500381469727,18.399999618530273,17.922500610351562,18.06999969482422,7376400
2006-09-21,16.261646270751953,18.342500686645508,18.700000762939453,18.212499618530273,18.287500381469727,7824800
2006-09-22,16.099851608276367,18.15999984741211,18.302499771118164,18.00749969482422,18.262500762939453,3109200
2006-09-25,16.549772262573242,18.667499542236328,18.667499542236328,18.030000686645508,18.142499923706055,4853600
2006-09-26,16.538694381713867,18.655000686645508,18.6924991607666,18.325000762939453,18.65999984741211,5807200
2006-09-27,16.636219024658203,18.764999389648438,19.162500381469727,18.662500381469727,18.707500457763672,7511600
2006-09-28,16.625131607055664,18.752500534057617,19.09000015258789,18.592500686645508,18.94499969482422,5677600
2006-09-29,16.403493881225586,18.502500534057617,18.857500076293945,18.467500686645508,18.827499389648438,5046800
2006-10-02,16.097633361816406,18.157499313354492,18.69499969482422,18.077499389648438,18.604999542236328,5541200
2006-10-03,16.215103149414062,18.290000915527344,18.579999923706055,17.962499618530273,18.184999465942383,4688400
2006-10-04,16.57637596130371,18.697500228881836,18.697500228881836,18.162500381469727,18.282499313354492,4242800
2006-10-05,16.72043800354004,18.860000610351562,18.954999923706055,18.55500030517578,18.655000686645508,3960000
2006-10-06,16.558645248413086,18.677499771118164,18.885000228881836,18.5575008392334,18.75,2254400
2006-10-09,16.78028106689453,18.927499771118164,19.112499237060547,18.5674991607666,18.612499237060547,3368400
2006-10-10,16.973106384277344,19.145000457763672,19.332500457763672,18.940000534057617,19.037500381469727,5435200
2006-10-11,16.80023193359375,18.950000762939453,19.594999313354492,18.74250030517578,19.450000762939453,7869600
2006-10-12,17.044029235839844,19.225000381469727,19.25,18.892499923706055,19.092500686645508,5092800
2006-10-13,17.119388580322266,19.309999465942383,19.55500030517578,19.21500015258789,19.25,4327600
2006-10-16,17.374271392822266,19.59749984741211,19.707500457763672,19.357500076293945,19.447500228881836,6573200
2006-10-17,17.192527770996094,19.392499923706055,19.53499984741211,19.137500762939453,19.44499969482422,3765600
2006-10-18,17.154850006103516,19.350000381469727,19.647499084472656,19.200000762939453,19.600000381469727,3620400
2006-10-19,17.170364379882812,19.36750030517578,19.36750030517578,19.087499618530273,19.322500228881836,3128000
2006-10-20,16.999706268310547,19.174999237060547,19.47249984741211,19.010000228881836,19.329999923706055,4448800
2006-10-23,17.278968811035156,19.489999771118164,19.542499542236328,18.977500915527344,19.100000381469727,3654000
2006-10-24,17.27231216430664,19.482500076293945,19.579999923706055,19.302499771118164,19.44499969482422,2408800
2006-10-25,17.356538772583008,19.577499389648438,19.719999313354492,19.344999313354492,19.459999084472656,4290800
2006-10-26,17.59369468688965,19.844999313354492,19.852500915527344,19.577499389648438,19.665000915527344,3604400
2006-10-27,17.281187057495117,19.49250030517578,19.86750030517578,19.434999465942383,19.850000381469727,3056400
2006-10-30,17.234642028808594,19.440000534057617,19.6200008392334,19.102500915527344,19.440000534057617,7086800
2006-10-31,16.68497657775879,18.81999969482422,19.452499389648438,18.774999618530273,19.412500381469727,8319200
2006-11-01,16.514312744140625,18.627500534057617,18.987499237060547,18.135000228881836,18.88249969482422,16875200
2006-11-02,16.62291717529297,18.75,19.032499313354492,18.3125,18.315000534057617,12578400
2006-11-03,16.476634979248047,18.584999084472656,18.767499923706055,17.8799991607666,18.47249984741211,12272400
2006-11-06,16.946508407592773,19.114999771118164,19.25,18.575000762939453,18.625,8700800
2006-11-07,17.123823165893555,19.315000534057617,19.485000610351562,19.05500030517578,19.165000915527344,7240000
2006-11-08,17.092792510986328,19.280000686645508,19.454999923706055,18.99250030517578,19.147499084472656,6396400
2006-11-09,16.833477020263672,18.987499237060547,19.295000076293945,18.854999542236328,19.292499542236328,4968800
2006-11-10,16.897750854492188,19.059999465942383,19.122499465942383,18.862499237060547,18.9950008392334,2570000
2006-11-13,17.021867752075195,19.200000762939453,19.25,18.950000762939453,19.037500381469727,4197600
2006-11-14,17.631376266479492,19.887500762939453,19.912500381469727,19.399999618530273,19.889999389648438,11804000
2006-11-15,17.753273010253906,20.024999618530273,20.102500915527344,19.875,19.959999084472656,7956800
2006-11-16,17.7843074798584,20.059999465942383,20.174999237060547,19.825000762939453,20.149999618530273,83699200
2006-11-17,17.753273010253906,20.024999618530273,20.1875,19.8700008392334,20.0,9257200
2006-11-20,17.74884605407715,20.020000457763672,20.190000534057617,19.912500381469727,20.1200008392334,5927600
2006-11-21,17.624727249145508,19.8799991607666,19.922500610351562,19.762500762939453,19.922500610351562,6372400
2006-11-22,17.79095458984375,20.0674991607666,20.122499465942383,19.780000686645508,19.8799991607666,3706000
2006-11-24,17.66683578491211,19.927499771118164,19.99250030517578,19.875,19.889999389648438,1539200
2006-11-27,17.221343994140625,19.424999237060547,19.947500228881836,19.389999389648438,19.93000030517578,6404000
2006-11-28,17.564884185791016,19.8125,19.84749984741211,19.395000457763672,19.447500228881836,4599600
2006-11-29,17.76657485961914,20.040000915527344,20.059999465942383,19.802499771118164,19.887500762939453,4987200
2006-11-30,18.07686996459961,20.389999389648438,20.392499923706055,20.020000457763672,20.09000015258789,5962400
2006-12-01,17.824203491210938,20.104999542236328,20.5,19.875,20.4950008392334,5743600
2006-12-04,18.220932006835938,20.552499771118164,20.622499465942383,20.25,20.25,4823200
2006-12-05,18.03253936767578,20.34000015258789,20.594999313354492,20.25,20.510000228881836,4670400
2006-12-06,17.994863510131836,20.297500610351562,20.40250015258789,20.079999923706055,20.34000015258789,3536400
2006-12-07,17.793167114257812,20.06999969482422,20.440000534057617,19.954999923706055,20.440000534057617,4189200
2006-12-08,17.87960433959961,20.167499542236328,20.354999542236328,19.815000534057617,20.0049991607666,4742400
2006-12-11,17.653535842895508,19.912500381469727,20.25,19.897499084472656,20.104999542236328,4904800
2006-12-12,17.602561950683594,19.854999542236328,19.99250030517578,19.655000686645508,19.844999313354492,6452800
2006-12-13,17.724468231201172,19.99250030517578,20.155000686645508,19.905000686645508,19.99250030517578,4171600
2006-12-14,17.877391815185547,20.165000915527344,20.30500030517578,20.02750015258789,20.03499984741211,5032800
2006-12-15,17.828632354736328,20.110000610351562,20.325000762939453,20.0625,20.325000762939453,7337200
2006-12-18,17.520557403564453,19.762500762939453,20.155000686645508,19.59000015258789,19.792499542236328,6146400
2006-12-19,17.460712432861328,19.69499969482422,19.78499984741211,19.364999771118164,19.74250030517578,5837600
2006-12-20,17.29448127746582,19.50749969482422,19.725000381469727,19.4325008392334,19.72249984741211,3551600
2006-12-21,17.16593360900879,19.362499237060547,19.709999084472656,19.25749969482422,19.5,3751200
2006-12-22,16.85785484313965,19.014999389648438,19.412500381469727,18.8174991607666,19.299999237060547,5984800
2006-12-26,16.88666534423828,19.047500610351562,19.25,18.885000228881836,19.0575008392334,3816000
2006-12-27,17.221343994140625,19.424999237060547,19.512500762939453,19.207500457763672,19.217500686645508,3660800
2006-12-28,17.259017944335938,19.467500686645508,19.547500610351562,19.137500762939453,19.350000381469727,3493200
2006-12-29,17.101652145385742,19.290000915527344,19.5,19.200000762939453,19.420000076293945,2928000
2007-01-03,17.234642028808594,19.440000534057617,19.81999969482422,18.9375,19.427499771118164,9666400
2007-01-04,17.323299407958984,19.540000915527344,19.63249969482422,19.262500762939453,19.342500686645508,5710000
2007-01-05,17.090574264526367,19.27750015258789,19.582500457763672,18.950000762939453,19.49250030517578,6137200
2007-01-08,17.356538772583008,19.577499389648438,19.729999542236328,19.207500457763672,19.287500381469727,5546400
2007-01-09,17.40308952331543,19.6299991607666,19.707500457763672,19.38249969482422,19.674999237060547,4708400
2007-01-10,17.389785766601562,19.614999771118164,19.6875,19.31999969482422,19.475000381469727,5987600
2007-01-11,17.932809829711914,20.227500915527344,20.247499465942383,19.627500534057617,19.735000610351562,6644400
2007-01-12,18.050270080566406,20.360000610351562,20.454999923706055,20.049999237060547,20.239999771118164,4740400
2007-01-16,18.156661987304688,20.479999542236328,20.59000015258789,20.412500381469727,20.477500915527344,5993600
2007-01-17,18.220932006835938,20.552499771118164,20.604999542236328,20.375,20.479999542236328,5585600
2007-01-18,17.994863510131836,20.297500610351562,20.662500381469727,20.21500015258789,20.600000381469727,4733200
2007-01-19,18.09903335571289,20.415000915527344,20.4375,20.0,20.172500610351562,5260400
2007-01-22,18.090171813964844,20.405000686645508,20.4950008392334,20.174999237060547,20.40999984741211,5073600
2007-01-23,18.309585571289062,20.65250015258789,20.747499465942383,20.399999618530273,20.399999618530273,4582800
2007-01-24,18.690807342529297,21.082500457763672,21.104999542236328,20.53499984741211,20.735000610351562,4900800
2007-01-25,18.46695327758789,20.829999923706055,20.975000381469727,20.72249984741211,20.934999465942383,5483600
2007-01-26,18.422624588012695,20.780000686645508,20.977500915527344,20.607500076293945,20.905000686645508,3104000
2007-01-29,18.615449905395508,20.997499465942383,21.237499237060547,20.637500762939453,20.717500686645508,4809600
2007-01-30,18.861474990844727,21.274999618530273,21.30500030517578,20.987499237060547,21.024999618530273,6583600
2007-01-31,18.90358543395996,21.322500228881836,21.342500686645508,21.0674991607666,21.27750015258789,6288000
2007-02-01,18.883634567260742,21.299999237060547,21.385000228881836,21.167499542236328,21.34749984741211,5163200
2007-02-02,19.023269653320312,21.457500457763672,21.600000381469727,21.270000457763672,21.375,8103200
2007-02-05,20.601329803466797,23.237499237060547,23.3700008392334,22.25,22.4325008392334,20896000
2007-02-06,20.539270401000977,23.167499542236328,23.487499237060547,22.857500076293945,23.274999618530273,8048800
2007-02-07,21.029096603393555,23.719999313354492,23.725000381469727,23.237499237060547,23.272499084472656,7362400
2007-02-08,20.831838607788086,23.497499465942383,23.719999313354492,23.4375,23.610000610351562,7905600
2007-02-09,20.468353271484375,23.087499618530273,23.575000762939453,22.962499618530273,23.407499313354492,5801600
2007-02-12,20.490514755249023,23.112499237060547,23.184999465942383,22.75,22.7549991607666,5856000
2007-02-13,20.497163772583008,23.1200008392334,23.25,23.032499313354492,23.25,5377600
2007-02-14,20.904987335205078,23.579999923706055,23.592500686645508,23.075000762939453,23.122499465942383,6840000
2007-02-15,20.94044303894043,23.6200008392334,23.647499084472656,23.415000915527344,23.4950008392334,5100000
2007-02-16,20.76313018798828,23.420000076293945,23.649999618530273,23.420000076293945,23.649999618530273,3605200
2007-02-20,20.96260643005371,23.645000457763672,23.655000686645508,23.139999389648438,23.34000015258789,5165200
2007-02-21,20.96260643005371,23.645000457763672,23.649999618530273,23.44499969482422,23.547500610351562,3746000
2007-02-22,20.91827392578125,23.594999313354492,23.887500762939453,23.174999237060547,23.61750030517578,6086000
2007-02-23,20.964820861816406,23.647499084472656,23.737499237060547,23.387500762939453,23.547500610351562,4976400
2007-02-26,20.840707778930664,23.50749969482422,23.7450008392334,23.38249969482422,23.737499237060547,3499600
2007-02-27,19.59731101989746,22.104999542236328,23.24250030517578,22.002500534057617,23.147499084472656,13338000
2007-02-28,19.9918270111084,22.549999237060547,22.700000762939453,21.565000534057617,21.962499618530273,10275200
2007-03-01,19.80786895751953,22.342500686645508,22.56999969482422,21.582500457763672,21.84000015258789,12415600
2007-03-02,19.267065048217773,21.732500076293945,22.232500076293945,21.729999542236328,22.112499237060547,5822400
2007-03-05,18.947908401489258,21.372499465942383,21.8125,21.30500030517578,21.350000381469727,8241600
2007-03-06,19.91425323486328,22.462499618530273,22.485000610351562,21.637500762939453,21.642499923706055,11064800
2007-03-07,19.885440826416016,22.43000030517578,22.459999084472656,22.142499923706055,22.274999618530273,4890000
2007-03-08,20.173572540283203,22.7549991607666,22.88249969482422,22.514999389648438,22.690000534057617,7135600
2007-03-09,20.284385681152344,22.8799991607666,23.102500915527344,22.72249984741211,22.982500076293945,5455600
2007-03-12,20.339801788330078,22.9424991607666,23.0,22.700000762939453,22.915000915527344,3656400
2007-03-13,19.657155990600586,22.172500610351562,22.837499618530273,22.079999923706055,22.737499237060547,7042400
2007-03-14,19.90760612487793,22.454999923706055,22.542499542236328,21.84749984741211,22.1299991607666,6653600
2007-03-15,19.71034812927246,22.232500076293945,22.610000610351562,22.135000228881836,22.405000686645508,5658400
2007-03-16,19.68817710876465,22.207500457763672,22.287500381469727,21.975000381469727,22.25,6900800
2007-03-19,20.07383155822754,22.642499923706055,22.674999237060547,22.227500915527344,22.274999618530273,4149200
2007-03-20,20.235633850097656,22.825000762939453,22.875,22.592500686645508,22.725000381469727,3642800
2007-03-21,20.612415313720703,23.25,23.405000686645508,22.602500915527344,22.912500381469727,5531200
2007-03-22,20.610200881958008,23.247499465942383,23.475000381469727,23.040000915527344,23.389999389648438,3731200
2007-03-23,20.596899032592773,23.232500076293945,23.372499465942383,23.104999542236328,23.3075008392334,2738800
2007-03-26,20.969255447387695,23.65250015258789,23.667499542236328,23.174999237060547,23.325000762939453,5565600
2007-03-27,20.599123001098633,23.235000610351562,23.552499771118164,23.170000076293945,23.517499923706055,5465200
2007-03-28,20.027286529541016,22.59000015258789,23.100000381469727,22.53499984741211,23.052499771118164,9640800
2007-03-29,19.878795623779297,22.422500610351562,22.822500228881836,22.18000030517578,22.71500015258789,8569200
2007-03-30,19.564064025878906,22.0674991607666,22.5,21.770000457763672,22.5,8424400
2007-04-02,19.02770233154297,21.462499618530273,22.122499465942383,21.219999313354492,22.1200008392334,13350000
2007-04-03,19.71034812927246,22.232500076293945,22.377500534057617,21.532499313354492,21.607500076293945,8190000
2007-04-04,19.44881248474121,21.9375,22.344999313354492,21.9325008392334,22.329999923706055,5887600
2007-04-05,19.22939109802246,21.690000534057617,21.8075008392334,21.232500076293945,21.729999542236328,10823600
2007-04-09,19.069812774658203,21.510000228881836,21.827499389648438,21.344999313354492,21.732500076293945,7579200
2007-04-10,18.98780632019043,21.417499542236328,21.5,21.06999969482422,21.5,7590000
2007-04-11,18.440351486206055,20.799999237060547,21.149999618530273,20.662500381469727,21.1200008392334,14900800
2007-04-12,18.950124740600586,21.375,21.584999084472656,20.700000762939453,20.75,10949200
2007-04-13,19.36680793762207,21.844999313354492,22.217500686645508,21.625,21.639999389648438,11860000
2007-04-16,19.459897994995117,21.950000762939453,22.030000686645508,21.790000915527344,21.950000762939453,5869600
2007-04-17,19.599525451660156,22.107500076293945,22.184999465942383,21.8174991607666,21.850000381469727,8210400
2007-04-18,19.473194122314453,21.96500015258789,22.094999313354492,21.792499542236328,21.967500686645508,7423200
2007-04-19,19.165119171142578,21.61750030517578,21.892499923706055,21.467500686645508,21.892499923706055,4806800
2007-04-20,19.550764083862305,22.052499771118164,22.327499389648438,21.68000030517578,21.97249984741211,7156400
2007-04-23,19.561851501464844,22.065000534057617,22.2450008392334,21.9424991607666,22.137500762939453,4326800
2007-04-24,19.413349151611328,21.897499084472656,22.147499084472656,21.829999923706055,22.127500534057617,3731200
2007-04-25,19.854413986206055,22.395000457763672,22.482500076293945,21.737499237060547,21.897499084472656,5832400
2007-04-26,19.763538360595703,22.292499542236328,22.46500015258789,22.1299991607666,22.329999923706055,4486400
2007-04-27,20.08491325378418,22.655000686645508,22.74250030517578,22.137500762939453,22.24250030517578,6805600
2007-04-30,19.814517974853516,22.350000381469727,22.665000915527344,22.350000381469727,22.549999237060547,8208800
2007-05-01,19.60839080810547,22.11750030517578,22.547500610351562,21.8125,22.547500610351562,10285600
2007-05-02,18.697452545166016,21.09000015258789,21.61750030517578,20.6924991607666,21.5049991607666,23882000
2007-05-03,18.646484375,21.032499313354492,21.292499542236328,20.93000030517578,21.15250015258789,12177600
2007-05-04,18.595504760742188,20.975000381469727,21.274999618530273,20.854999542236328,21.184999465942383,7874800
2007-05-07,18.03253936767578,20.34000015258789,21.0,20.225000381469727,20.987499237060547,14174400
2007-05-08,17.797607421875,20.075000762939453,20.362499237060547,19.915000915527344,20.350000381469727,18494400
2007-05-09,17.66461753845215,19.924999237060547,20.077499389648438,19.782499313354492,19.907499313354492,11518400
2007-05-10,17.74884605407715,20.020000457763672,20.354999542236328,19.75,19.790000915527344,12747600
2007-05-11,17.875181198120117,20.162500381469727,20.274999618530273,20.0,20.0674991607666,6725600
2007-05-14,17.431900024414062,19.662500381469727,20.280000686645508,19.594999313354492,20.162500381469727,10273200
2007-05-15,17.352109909057617,19.572500228881836,19.979999542236328,19.53499984741211,19.59000015258789,11815600
2007-05-16,17.221343994140625,19.424999237060547,19.6875,19.1924991607666,19.572500228881836,9125600
2007-05-17,17.02629280090332,19.204999923706055,19.69499969482422,19.1200008392334,19.5575008392334,11231200
2007-05-18,17.47179412841797,19.707500457763672,19.86750030517578,19.145000457763672,19.252500534057617,12094800
2007-05-21,17.380924224853516,19.604999542236328,19.719999313354492,19.427499771118164,19.469999313354492,7340400
2007-05-22,17.440763473510742,19.672500610351562,20.135000228881836,19.582500457763672,19.8799991607666,8552000
2007-05-23,16.882232666015625,19.042499542236328,19.674999237060547,18.950000762939453,19.627500534057617,13672000
2007-05-24,16.609621047973633,18.735000610351562,19.142499923706055,18.6200008392334,19.017499923706055,12232400
2007-05-25,16.78028106689453,18.927499771118164,19.05500030517578,18.767499923706055,18.767499923706055,6113200
2007-05-29,16.942081451416016,19.110000610351562,19.262500762939453,18.877500534057617,18.889999389648438,7954800
2007-05-30,17.493959426879883,19.732500076293945,19.760000228881836,18.917499542236328,18.950000762939453,13501600
2007-05-31,17.41194725036621,19.639999389648438,19.875,19.5625,19.729999542236328,7858400
2007-06-01,17.312217712402344,19.52750015258789,19.832500457763672,19.44499969482422,19.787500381469727,6546000
2007-06-04,17.29669952392578,19.510000228881836,19.604999542236328,19.332500457763672,19.40999984741211,7535600
2007-06-05,17.41194725036621,19.639999389648438,19.65250015258789,19.315000534057617,19.475000381469727,6536400
2007-06-06,17.05954360961914,19.24250030517578,19.647499084472656,19.142499923706055,19.645000457763672,10688400
2007-06-07,16.61183738708496,18.737499237060547,19.170000076293945,18.674999237060547,19.127500534057617,9908000
2007-06-08,16.72709083557129,18.86750030517578,18.889999389648438,18.5,18.670000076293945,9804000
2007-06-11,16.92656135559082,19.092500686645508,19.200000762939453,18.802499771118164,18.875,10558400
2007-06-12,16.733739852905273,18.875,19.22249984741211,18.837499618530273,19.049999237060547,8742400
2007-06-13,17.493959426879883,19.732500076293945,19.799999237060547,18.950000762939453,18.950000762939453,14858000
2007-06-14,17.531635284423828,19.774999618530273,20.045000076293945,19.72249984741211,19.75,8516400
2007-06-15,17.513904571533203,19.7549991607666,20.209999084472656,19.727500915527344,20.012500762939453,10800400
2007-06-18,17.303348541259766,19.517499923706055,19.862499237060547,19.457500457763672,19.797500610351562,8772800
2007-06-19,17.219127655029297,19.422500610351562,19.592500686645508,19.27750015258789,19.422500610351562,5029600
2007-06-20,16.968673706054688,19.139999389648438,19.68000030517578,19.075000762939453,19.47249984741211,6476800
2007-06-21,16.95537567138672,19.125,19.219999313354492,18.9375,19.05500030517578,7765200
2007-06-22,16.82904052734375,18.982500076293945,19.225000381469727,18.860000610351562,19.125,5591200
2007-06-25,16.72930908203125,18.8700008392334,19.262500762939453,18.735000610351562,19.024999618530273,6214000
2007-06-26,16.58745002746582,18.709999084472656,19.045000076293945,18.65999984741211,18.899999618530273,6864000
2007-06-27,16.85342025756836,19.010000228881836,19.072500228881836,18.575000762939453,18.707500457763672,6791200
2007-06-28,16.977537155151367,19.149999618530273,19.34749984741211,18.802499771118164,18.887500762939453,7860400
2007-06-29,16.62291717529297,18.75,19.247499465942383,18.72249984741211,19.21500015258789,7244800
2007-07-02,16.884450912475586,19.045000076293945,19.112499237060547,18.762500762939453,18.842500686645508,5478000
2007-07-03,16.72265625,18.862499237060547,19.079999923706055,18.827499389648438,18.887500762939453,2946400
2007-07-05,16.492151260375977,18.602500915527344,18.844999313354492,18.512500762939453,18.809999465942383,7325600
2007-07-06,17.485097885131836,19.72249984741211,19.725000381469727,18.71500015258789,18.71500015258789,12094400
2007-07-09,17.731111526489258,20.0,20.424999237060547,19.889999389648438,19.985000610351562,17284800
2007-07-10,17.695648193359375,19.959999084472656,20.017499923706055,19.5,19.987499237060547,36556400
2007-07-11,18.209850311279297,20.540000915527344,20.559999465942383,19.69499969482422,19.712499618530273,18402400
2007-07-12,19.15846824645996,21.610000610351562,21.610000610351562,20.540000915527344,20.862499237060547,17805200
2007-07-13,19.100839614868164,21.545000076293945,21.575000762939453,20.977500915527344,21.547500610351562,11567200
2007-07-16,18.99002456665039,21.420000076293945,21.4950008392334,21.204999923706055,21.47249984741211,6398000
2007-07-17,18.728483200073242,21.125,21.575000762939453,21.012500762939453,21.434999465942383,8682400
2007-07-18,18.837087631225586,21.247499465942383,21.357500076293945,20.9424991607666,21.05500030517578,6639600
2007-07-19,19.397836685180664,21.8799991607666,22.0,21.552499771118164,21.592500686645508,8490800
2007-07-20,19.025484085083008,21.459999084472656,22.09749984741211,21.38249969482422,21.917499542236328,8024800
2007-07-23,18.852603912353516,21.264999389648438,21.637500762939453,21.204999923706055,21.540000915527344,5714400
2007-07-24,18.453655242919922,20.815000534057617,21.467500686645508,20.727500915527344,21.13249969482422,6812400
2007-07-25,18.240880966186523,20.575000762939453,21.177499771118164,20.52750015258789,20.979999542236328,7098400
2007-07-26,18.10124397277832,20.417499542236328,20.647499084472656,20.002500534057617,20.377500534057617,9561200
2007-07-27,18.072429656982422,20.385000228881836,20.790000915527344,19.917499542236328,20.422500610351562,11124000
2007-07-30,18.438140869140625,20.797500610351562,20.962499618530273,20.212499618530273,20.395000457763672,7161600
2007-07-31,17.948322296142578,20.2450008392334,21.235000610351562,20.149999618530273,21.22249984741211,12002800
2007-08-01,17.910634994506836,20.202499389648438,20.587499618530273,19.625,20.06999969482422,17264400
2007-08-02,18.617666244506836,21.0,21.05500030517578,20.3125,20.334999084472656,11370000
2007-08-03,18.362781524658203,20.712499618530273,21.139999389648438,20.667499542236328,21.024999618530273,8355200
2007-08-06,18.579992294311523,20.957500457763672,20.959999084472656,20.260000228881836,20.700000762939453,8266000
2007-08-07,18.845962524414062,21.25749969482422,21.364999771118164,20.74250030517578,20.7549991607666,9638000
2007-08-08,19.28923225402832,21.75749969482422,22.21500015258789,21.25,21.38249969482422,12075200
2007-08-09,18.865907669067383,21.280000686645508,22.219999313354492,21.012500762939453,21.43000030517578,11395600
2007-08-10,18.249746322631836,20.584999084472656,21.177499771118164,20.34000015258789,21.139999389648438,11060400
2007-08-13,18.274124145507812,20.612499237060547,20.99250030517578,20.514999389648438,20.885000228881836,4962800
2007-08-14,17.80868148803711,20.087499618530273,20.895000457763672,20.012500762939453,20.6924991607666,4455200
2007-08-15,17.29669952392578,19.510000228881836,20.209999084472656,19.489999771118164,19.897499084472656,6997600
2007-08-16,16.596315383911133,18.719999313354492,19.399999618530273,18.125,19.217500686645508,15110800
2007-08-17,16.61183738708496,18.737499237060547,19.1200008392334,18.15999984741211,18.922500610351562,21232400
2007-08-20,16.33035659790039,18.420000076293945,18.917499542236328,18.3125,18.8174991607666,9456800
2007-08-21,16.077686309814453,18.135000228881836,18.5575008392334,17.767499923706055,18.3125,10468000
2007-08-22,16.62734603881836,18.7549991607666,19.162500381469727,18.25,18.38249969482422,9755200
2007-08-23,16.523183822631836,18.637500762939453,18.979999542236328,18.415000915527344,18.809999465942383,6065600
2007-08-24,16.279380798339844,18.362499237060547,18.625,18.225000381469727,18.625,6321600
2007-08-27,16.133094787597656,18.197500228881836,18.732500076293945,18.037500381469727,18.072500228881836,7821600
2007-08-28,15.481477737426758,17.462499618530273,18.197500228881836,17.43000030517578,18.002500534057617,8230400
2007-08-29,15.980164527893066,18.024999618530273,18.0625,17.657499313354492,17.672500610351562,7412400
2007-08-30,15.942488670349121,17.982500076293945,18.157499313354492,17.719999313354492,17.852500915527344,7631200
2007-08-31,16.292675018310547,18.377500534057617,18.497499465942383,18.125,18.232500076293945,7224800
2007-09-04,16.281591415405273,18.364999771118164,18.497499465942383,18.059999465942383,18.3799991607666,6460000
2007-09-05,15.838318824768066,17.864999771118164,18.274999618530273,17.802499771118164,18.25,7301600
2007-09-06,15.980164527893066,18.024999618530273,18.197500228881836,17.875,18.0,6358400
2007-09-07,15.751879692077637,17.767499923706055,17.9375,17.59000015258789,17.762500762939453,5540000
2007-09-10,15.016033172607422,16.9375,17.834999084472656,16.899999618530273,17.834999084472656,16711600
2007-09-11,15.164536476135254,17.104999542236328,17.44499969482422,16.977500915527344,16.982500076293945,13540400
2007-09-12,15.492560386657715,17.475000381469727,17.739999771118164,17.299999237060547,17.424999237060547,9994800
2007-09-13,15.931403160095215,17.969999313354492,18.142499923706055,17.502500534057617,17.545000076293945,10977200
2007-09-14,15.973515510559082,18.017499923706055,18.19499969482422,17.575000762939453,17.767499923706055,10224400
2007-09-17,15.951350212097168,17.99250030517578,18.450000762939453,17.927499771118164,18.25749969482422,6328400
2007-09-18,16.467771530151367,18.575000762939453,18.71500015258789,18.084999084472656,18.165000915527344,13163200
2007-09-19,16.755897521972656,18.899999618530273,19.012500762939453,18.729999542236328,18.872499465942383,11536400
2007-09-20,16.270511627197266,18.352500915527344,18.927499771118164,18.177499771118164,18.927499771118164,9030800
2007-09-21,16.815746307373047,18.967500686645508,19.21500015258789,18.352500915527344,18.577499389648438,14023600
2007-09-24,16.585235595703125,18.707500457763672,19.077499389648438,18.5625,19.0,7789200
2007-09-25,17.126041412353516,19.3174991607666,19.337499618530273,18.545000076293945,18.6825008392334,7454400
2007-09-26,17.34767723083496,19.5674991607666,19.657499313354492,19.377500534057617,19.447500228881836,5522400
2007-09-27,17.673484802246094,19.934999465942383,19.950000762939453,19.56999969482422,19.702499389648438,7055600
2007-09-28,17.6845703125,19.947500228881836,20.202499389648438,19.8125,19.9950008392334,5401200
2007-10-01,18.267480850219727,20.604999542236328,20.637500762939453,19.959999084472656,20.110000610351562,7886800
2007-10-02,18.187686920166016,20.514999389648438,20.639999389648438,20.28499984741211,20.610000610351562,5448800
2007-10-03,18.371652603149414,20.72249984741211,20.75,20.4325008392334,20.547500610351562,4554800
2007-10-04,18.47138023376465,20.834999084472656,20.985000610351562,20.662500381469727,20.787500381469727,4517600
2007-10-05,19.014406204223633,21.447500228881836,21.5,20.827499389648438,20.8799991607666,5618000
2007-10-08,18.51793098449707,20.887500762939453,21.372499465942383,20.827499389648438,21.322500228881836,6485200
2007-10-09,18.78168487548828,21.184999465942383,21.262500762939453,20.899999618530273,20.899999618530273,6026400
2007-10-10,18.848175048828125,21.260000228881836,21.420000076293945,20.61750030517578,21.11750030517578,6806800
2007-10-11,17.994863510131836,20.297500610351562,21.197500228881836,20.227500915527344,21.147499084472656,12533200
2007-10-12,18.141141891479492,20.462499618530273,20.655000686645508,20.219999313354492,20.377500534057617,6952800
2007-10-15,17.80204200744629,20.079999923706055,20.415000915527344,19.719999313354492,20.34749984741211,7921600
2007-10-16,17.675695419311523,19.9375,20.30500030517578,19.592500686645508,19.9375,8845200
2007-10-17,18.42705726623535,20.78499984741211,20.844999313354492,20.30500030517578,20.549999237060547,6698400
2007-10-18,18.537872314453125,20.90999984741211,20.915000915527344,20.299999237060547,20.614999771118164,5359800
2007-10-19,17.739973068237305,20.010000228881836,21.075000762939453,20.0,20.8799991607666,7752800
2007-10-22,17.872961044311523,20.15999984741211,20.295000076293945,19.770000457763672,19.864999771118164,4230000
2007-10-23,17.98821258544922,20.290000915527344,20.485000610351562,19.795000076293945,20.075000762939453,4782400
2007-10-24,17.363187789916992,19.584999084472656,20.309999465942383,19.155000686645508,20.040000915527344,7607400
2007-10-25,17.376487731933594,19.600000381469727,20.100000381469727,19.2549991607666,19.950000762939453,4906000
2007-10-26,17.70450782775879,19.969999313354492,20.100000381469727,19.5,19.920000076293945,5299000
2007-10-29,17.886259078979492,20.174999237060547,20.43000030517578,20.0,20.1299991607666,3233400
2007-10-30,17.935022354125977,20.229999542236328,20.395000457763672,19.924999237060547,20.05500030517578,2930400
2007-10-31,18.3782958984375,20.729999542236328,20.729999542236328,19.920000076293945,20.3799991607666,4942200
2007-11-01,17.571533203125,19.81999969482422,21.0,19.770000457763672,20.700000762939453,5995600
2007-11-02,18.130062103271484,20.450000762939453,20.604999542236328,19.875,19.924999237060547,5686800
2007-11-05,17.5582275390625,19.80500030517578,20.450000762939453,19.405000686645508,20.450000762939453,8755000
2007-11-06,14.184887886047363,16.0,17.350000381469727,15.574999809265137,16.450000762939453,66946200
2007-11-07,14.668060302734375,16.545000076293945,17.239999771118164,15.979999542236328,16.09000015258789,24898200
2007-11-08,13.994279861450195,15.78499984741211,16.809999465942383,15.0,16.670000076293945,19244400
2007-11-09,13.648521423339844,15.395000457763672,16.1200008392334,15.024999618530273,15.279999732971191,16400000
2007-11-12,13.635226249694824,15.380000114440918,15.765000343322754,14.960000038146973,15.399999618530273,11981400
2007-11-13,14.31787395477295,16.149999618530273,16.2549991607666,15.380000114440918,15.569999694824219,11792800
2007-11-14,13.67512035369873,15.425000190734863,16.344999313354492,15.369999885559082,16.28499984741211,10308000
2007-11-15,13.78150463104248,15.545000076293945,15.869999885559082,15.350000381469727,15.430000305175781,9179800
2007-11-16,13.918924331665039,15.699999809265137,15.970000267028809,15.484999656677246,15.744999885559082,9504000
2007-11-19,13.528836250305176,15.260000228881836,15.6899995803833,15.25,15.595000267028809,8109600
2007-11-20,13.271738052368164,14.970000267028809,15.539999961853027,14.720000267028809,15.375,9905000
2007-11-21,13.34709644317627,15.055000305175781,15.34000015258789,14.729999542236328,14.760000228881836,7605600
2007-11-23,13.502240180969238,15.229999542236328,15.300000190734863,14.96500015258789,15.055000305175781,1797400
2007-11-26,13.191946983337402,14.880000114440918,15.359999656677246,14.859999656677246,15.210000038146973,5147000
2007-11-27,13.488944053649902,15.21500015258789,15.354999542236328,14.765000343322754,14.914999961853027,5698600
2007-11-28,14.437557220458984,16.28499984741211,16.344999313354492,15.25,15.404999732971191,9994600
2007-11-29,13.994279861450195,15.78499984741211,16.270000457763672,15.734999656677246,16.1299991607666,6323200
2007-11-30,13.78593921661377,15.550000190734863,16.225000381469727,15.28499984741211,16.065000534057617,8634600
2007-12-03,13.967683792114258,15.755000114440918,16.084999084472656,15.574999809265137,15.65999984741211,7181000
2007-12-04,13.723880767822266,15.479999542236328,15.835000038146973,15.300000190734863,15.364999771118164,5128400
2007-12-05,14.087367057800293,15.890000343322754,15.984999656677246,15.505000114440918,15.539999961853027,5621000
2007-12-06,14.078498840332031,15.880000114440918,15.949999809265137,15.5,15.795000076293945,6502400
2007-12-07,14.78774642944336,16.68000030517578,16.844999313354492,16.174999237060547,16.274999618530273,10839000
2007-12-10,15.253192901611328,17.204999923706055,17.299999237060547,16.770000457763672,16.864999771118164,8350600
2007-12-11,15.040414810180664,16.96500015258789,17.844999313354492,16.93000030517578,17.440000534057617,10391200
2007-12-12,14.978355407714844,16.895000457763672,17.709999084472656,16.545000076293945,17.450000762939453,9532000
2007-12-13,14.867539405822754,16.770000457763672,16.924999237060547,16.510000228881836,16.540000915527344,6163600
2007-12-14,14.504048347473145,16.360000610351562,16.700000762939453,16.225000381469727,16.424999237060547,4357200
2007-12-17,14.379932403564453,16.219999313354492,16.5,16.100000381469727,16.100000381469727,6513000
2007-12-18,14.77444839477539,16.665000915527344,16.7450008392334,16.145000457763672,16.329999923706055,4944800
2007-12-19,14.77444839477539,16.665000915527344,16.795000076293945,16.3799991607666,16.739999771118164,7708600
2007-12-20,15.563484191894531,17.55500030517578,17.579999923706055,16.985000610351562,17.114999771118164,11267400
2007-12-21,15.882648468017578,17.915000915527344,17.934999465942383,17.565000534057617,17.725000381469727,9022800
2007-12-24,15.847177505493164,17.875,18.135000228881836,17.610000610351562,17.899999618530273,1965000
2007-12-26,15.847177505493164,17.875,17.915000915527344,17.600000381469727,17.875,2793800
2007-12-27,15.27535343170166,17.229999542236328,17.75,17.21500015258789,17.69499969482422,3965000
2007-12-28,15.479259490966797,17.459999084472656,17.565000534057617,17.184999465942383,17.545000076293945,3735800
2007-12-31,15.044844627380371,16.969999313354492,17.44499969482422,16.920000076293945,17.354999542236328,4900200
2008-01-02,14.286840438842773,16.114999771118164,17.0,16.010000228881836,16.915000915527344,10133000
2008-01-03,14.51734733581543,16.375,16.649999618530273,16.174999237060547,16.239999771118164,6361800
2008-01-04,13.741613388061523,15.5,16.2549991607666,15.454999923706055,16.040000915527344,6718200
2008-01-07,13.839134216308594,15.609999656677246,16.030000686645508,15.399999618530273,15.545000076293945,9073000
2008-01-08,13.568732261657715,15.305000305175781,15.960000038146973,15.305000305175781,15.699999809265137,8094000
2008-01-09,13.7593412399292,15.520000457763672,15.524999618530273,14.944999694824219,15.199999809265137,9418000
2008-01-10,13.289467811584473,14.989999771118164,15.579999923706055,14.75,15.550000190734863,12558000
2008-01-11,12.017260551452637,13.555000305175781,14.680000305175781,13.53499984741211,14.675000190734863,24314200
2008-01-14,12.566926956176758,14.175000190734863,14.279999732971191,13.819999694824219,13.819999694824219,11027600
2008-01-15,11.822218894958496,13.335000038146973,14.170000076293945,13.199999809265137,13.880000114440918,12976400
2008-01-16,11.613876342773438,13.100000381469727,13.470000267028809,12.90999984741211,13.25,15139800
2008-01-17,12.0039644241333,13.539999961853027,13.925000190734863,12.920000076293945,13.239999771118164,20964400
2008-01-18,11.52522087097168,13.0,13.90999984741211,12.979999542236328,13.335000038146973,17061400
2008-01-22,11.259255409240723,12.699999809265137,12.944999694824219,11.6850004196167,12.399999618530273,13042800
2008-01-23,11.968498229980469,13.5,13.614999771118164,12.029999732971191,12.145000457763672,13104400
2008-01-24,11.884278297424316,13.404999732971191,13.6850004196167,13.020000457763672,13.210000038146973,8783600
2008-01-25,11.910877227783203,13.4350004196167,14.114999771118164,13.319999694824219,13.6850004196167,7909200
2008-01-28,12.212302207946777,13.774999618530273,13.819999694824219,13.380000114440918,13.539999961853027,6333200
2008-01-29,12.504867553710938,14.104999542236328,14.15999984741211,13.729999542236328,13.819999694824219,6715000
2008-01-30,12.495999336242676,14.095000267028809,14.404999732971191,13.774999618530273,13.984999656677246,7842200
2008-01-31,12.367451667785645,13.949999809265137,14.15999984741211,13.460000038146973,13.789999961853027,10242400
2008-02-01,13.227409362792969,14.920000076293945,15.125,13.960000038146973,14.050000190734863,13534200
2008-02-04,13.14762020111084,14.829999923706055,14.944999694824219,14.555000305175781,14.880000114440918,9754400
2008-02-05,12.677743911743164,14.300000190734863,14.595000267028809,14.180000305175781,14.444999694824219,9778000
2008-02-06,12.101483345031738,13.649999618530273,14.600000381469727,13.585000038146973,14.475000381469727,12587000
2008-02-07,12.092618942260742,13.640000343322754,13.800000190734863,13.029999732971191,13.579999923706055,19295400
2008-02-08,14.11396312713623,15.920000076293945,16.459999084472656,15.5,15.914999961853027,38536600
2008-02-11,14.229211807250977,16.049999237060547,16.25,15.694999694824219,16.0,8830400
2008-02-12,14.796613693237305,16.690000534057617,16.7450008392334,16.139999389648438,16.229999542236328,12944400
2008-02-13,14.876402854919434,16.780000686645508,16.9950008392334,16.360000610351562,16.770000457763672,13111000
2008-02-14,14.499615669250488,16.354999542236328,16.799999237060547,16.270000457763672,16.665000915527344,6600800
2008-02-15,14.433125495910645,16.280000686645508,16.334999084472656,16.0,16.30500030517578,5619200
2008-02-19,14.437557220458984,16.28499984741211,16.725000381469727,16.15999984741211,16.71500015258789,6743800
2008-02-20,14.64589786529541,16.520000457763672,16.614999771118164,15.925000190734863,16.079999923706055,7698600
2008-02-21,14.300138473510742,16.1299991607666,16.665000915527344,16.065000534057617,16.584999084472656,5123400
2008-02-22,14.251380920410156,16.075000762939453,16.295000076293945,15.675000190734863,16.25,8496800
2008-02-25,14.229211807250977,16.049999237060547,16.239999771118164,15.694999694824219,16.239999771118164,6332200
2008-02-26,14.495184898376465,16.350000381469727,16.43000030517578,15.789999961853027,16.049999237060547,5075000
2008-02-27,14.526215553283691,16.385000228881836,16.625,16.045000076293945,16.235000610351562,5896600
2008-02-28,14.34446907043457,16.18000030517578,16.469999313354492,16.110000610351562,16.170000076293945,3798600
2008-02-29,13.391422271728516,15.104999542236328,15.989999771118164,15.095000267028809,15.90999984741211,9358400
2008-03-03,13.307197570800781,15.010000228881836,15.164999961853027,14.869999885559082,15.03499984741211,8681000
2008-03-04,13.511107444763184,15.239999771118164,15.404999732971191,14.835000038146973,14.859999656677246,8110000
2008-03-05,13.803669929504395,15.569999694824219,15.75,15.225000381469727,15.244999885559082,10169800
2008-03-06,13.027932167053223,14.694999694824219,15.524999618530273,14.670000076293945,15.5,8987600
2008-03-07,12.939278602600098,14.595000267028809,14.989999771118164,14.295000076293945,14.5,8634000
2008-03-10,12.287657737731934,13.859999656677246,14.6899995803833,13.854999542236328,14.675000190734863,7070800
2008-03-11,13.063395500183105,14.734999656677246,14.734999656677246,13.989999771118164,14.225000381469727,8235200
2008-03-12,12.792998313903809,14.430000305175781,14.944999694824219,14.305000305175781,14.720000267028809,7494400
2008-03-13,12.71763801574707,14.345000267028809,14.539999961853027,13.734999656677246,14.029999732971191,7102000
2008-03-14,12.08818531036377,13.635000228881836,14.510000228881836,13.460000038146973,14.404999732971191,12667400
2008-03-17,11.884278297424316,13.404999732971191,13.520000457763672,12.875,13.300000190734863,13392600
2008-03-18,12.792998313903809,14.430000305175781,14.449999809265137,13.654999732971191,13.729999542236328,10451000
2008-03-19,12.367451667785645,13.949999809265137,15.010000228881836,13.949999809265137,14.760000228881836,6881800
2008-03-20,12.859487533569336,14.505000114440918,14.5649995803833,13.710000038146973,13.954999923706055,9502200
2008-03-24,13.635226249694824,15.380000114440918,15.545000076293945,14.510000228881836,14.520000457763672,8418000
2008-03-25,13.5465669631958,15.279999732971191,15.545000076293945,15.085000038146973,15.545000076293945,6076200
2008-03-26,13.5465669631958,15.279999732971191,15.425000190734863,15.010000228881836,15.180000305175781,4596400
2008-03-27,13.072258949279785,14.744999885559082,15.414999961853027,14.529999732971191,15.305000305175781,8554200
2008-03-28,12.93484878540039,14.59000015258789,15.21500015258789,14.449999809265137,15.21500015258789,6883000
2008-03-31,12.779698371887207,14.414999961853027,14.944999694824219,14.270000457763672,14.9350004196167,6255000
2008-04-01,13.373693466186523,15.085000038146973,15.085000038146973,14.46500015258789,14.585000038146973,7918600
2008-04-02,13.160917282104492,14.845000267028809,15.324999809265137,14.699999809265137,15.220000267028809,7158600
2008-04-03,13.103293418884277,14.779999732971191,14.984999656677246,14.635000228881836,14.819999694824219,7218200
2008-04-04,13.027932167053223,14.694999694824219,14.869999885559082,14.385000228881836,14.869999885559082,6271200
2008-04-07,12.841757774353027,14.484999656677246,14.96500015258789,14.4350004196167,14.96500015258789,4837600
2008-04-08,12.642280578613281,14.260000228881836,14.4399995803833,14.09000015258789,14.345000267028809,5266400
2008-04-09,12.336420059204102,13.914999961853027,14.385000228881836,13.824999809265137,14.350000381469727,5186600
2008-04-10,12.407344818115234,13.994999885559082,14.140000343322754,13.59000015258789,13.770000457763672,11748400
2008-04-11,11.760160446166992,13.265000343322754,13.925000190734863,13.260000228881836,13.850000381469727,10729000
2008-04-14,11.9552001953125,13.484999656677246,13.550000190734863,13.15999984741211,13.234999656677246,9023800
2008-04-15,12.996906280517578,14.65999984741211,14.729999542236328,13.6899995803833,13.875,17451800
2008-04-16,13.298333168029785,15.0,15.050000190734863,14.364999771118164,14.899999618530273,12132400
2008-04-17,12.97031021118164,14.630000114440918,15.119999885559082,14.430000305175781,15.114999771118164,6854000
2008-04-18,13.723880767822266,15.479999542236328,15.539999961853027,15.0,15.079999923706055,11428000
2008-04-21,13.927786827087402,15.710000038146973,15.800000190734863,15.1850004196167,15.5600004196167,9681800
2008-04-22,13.34266185760498,15.050000190734863,15.444999694824219,14.899999618530273,15.420000076293945,8194200
2008-04-23,13.67955207824707,15.430000305175781,15.545000076293945,14.9350004196167,15.194999694824219,6084200
2008-04-24,13.910056114196777,15.6899995803833,15.904999732971191,15.050000190734863,15.345000267028809,5555000
2008-04-25,13.852432250976562,15.625,15.805000305175781,15.244999885559082,15.65999984741211,3722800
2008-04-28,13.825834274291992,15.595000267028809,15.800000190734863,15.489999771118164,15.649999618530273,4537600
2008-04-29,14.23808479309082,16.059999465942383,16.219999313354492,15.800000190734863,16.03499984741211,7772400
2008-04-30,14.295708656311035,16.125,16.420000076293945,15.979999542236328,16.174999237060547,6775400
2008-05-01,14.28240966796875,16.110000610351562,16.125,15.335000038146973,15.75,9961200
2008-05-02,14.654766082763672,16.530000686645508,16.674999237060547,16.204999923706055,16.385000228881836,5803000
2008-05-05,14.734556198120117,16.6200008392334,16.719999313354492,16.31999969482422,16.684999465942383,5584000
2008-05-06,14.960624694824219,16.875,17.454999923706055,15.914999961853027,16.280000686645508,16834200
2008-05-07,13.391422271728516,15.104999542236328,15.78499984741211,15.005000114440918,15.380000114440918,29635800
2008-05-08,13.227409362792969,14.920000076293945,15.300000190734863,14.420000076293945,15.225000381469727,21132000
2008-05-09,13.178647994995117,14.864999771118164,15.104999542236328,14.505000114440918,14.880000114440918,10304000
2008-05-12,13.373693466186523,15.085000038146973,15.149999618530273,14.505000114440918,14.869999885559082,13062200
2008-05-13,13.262870788574219,14.960000038146973,15.15999984741211,14.574999809265137,15.149999618530273,9951000
2008-05-14,13.577595710754395,15.3149995803833,15.494999885559082,14.845000267028809,14.984999656677246,8789800
2008-05-15,14.02087688446045,15.8149995803833,15.835000038146973,14.824999809265137,15.239999771118164,11695600
2008-05-16,13.9854154586792,15.774999618530273,15.944999694824219,15.350000381469727,15.880000114440918,8532200
2008-05-19,14.065205574035645,15.864999771118164,16.065000534057617,15.670000076293945,15.670000076293945,9944000
2008-05-20,13.635226249694824,15.380000114440918,16.0,15.220000267028809,15.694999694824219,9109400
2008-05-21,13.34709644317627,15.055000305175781,15.524999618530273,14.96500015258789,15.4399995803833,10465400
2008-05-22,13.741613388061523,15.5,15.5600004196167,15.039999961853027,15.1899995803833,8242600
2008-05-23,13.475646018981934,15.199999809265137,15.489999771118164,15.005000114440918,15.449999809265137,4864200
2008-05-27,13.972116470336914,15.760000228881836,15.760000228881836,15.204999923706055,15.21500015258789,7255600
2008-05-28,14.277978897094727,16.104999542236328,16.125,15.71500015258789,15.75,6955800
2008-05-29,14.845372200012207,16.7450008392334,17.25,16.03499984741211,16.075000762939453,15098600
2008-05-30,15.638838768005371,17.639999389648438,17.899999618530273,16.735000610351562,16.735000610351562,16300000
2008-06-02,15.301944732666016,17.260000228881836,17.665000915527344,16.875,17.665000915527344,10694000
2008-06-03,15.457094192504883,17.434999465942383,17.760000228881836,17.2450008392334,17.424999237060547,7968000
2008-06-04,15.740797996520996,17.7549991607666,18.0,17.31999969482422,17.399999618530273,9124800
2008-06-05,16.303756713867188,18.389999389648438,18.43000030517578,17.94499969482422,17.94499969482422,12143800
2008-06-06,15.41276741027832,17.385000228881836,18.2450008392334,17.295000076293945,18.184999465942383,11855600
2008-06-09,15.678742408752441,17.684999465942383,17.770000457763672,17.389999389648438,17.4950008392334,9645400
2008-06-10,15.297515869140625,17.2549991607666,17.5,16.899999618530273,17.434999465942383,8503400
2008-06-11,15.137937545776367,17.075000762939453,17.520000457763672,17.05500030517578,17.2549991607666,9420200
2008-06-12,15.324112892150879,17.28499984741211,17.84000015258789,17.075000762939453,17.31999969482422,7002000
2008-06-13,15.847177505493164,17.875,17.905000686645508,17.385000228881836,17.565000534057617,9929600
2008-06-16,15.873783111572266,17.905000686645508,17.94499969482422,17.514999389648438,17.65999984741211,7388400
2008-06-17,15.838318824768066,17.864999771118164,18.065000534057617,17.729999542236328,18.020000457763672,7089000
2008-06-18,15.838318824768066,17.864999771118164,18.1200008392334,17.725000381469727,17.959999084472656,12674200
2008-06-19,16.27273178100586,18.354999542236328,18.549999237060547,17.829999923706055,17.84000015258789,9892400
2008-06-20,15.501425743103027,17.485000610351562,17.8799991607666,17.309999465942383,17.655000686645508,16908800
2008-06-23,15.567917823791504,17.559999465942383,17.825000762939453,17.399999618530273,17.704999923706055,10607200
2008-06-24,15.22658920288086,17.174999237060547,17.614999771118164,16.854999542236328,17.5,11738000
2008-06-25,15.266486167907715,17.219999313354492,17.459999084472656,17.049999237060547,17.299999237060547,8978200
2008-06-26,14.410962104797363,16.2549991607666,17.030000686645508,16.174999237060547,16.989999771118164,13644400
2008-06-27,14.579402923583984,16.44499969482422,16.614999771118164,16.079999923706055,16.270000457763672,9330400
2008-06-30,14.410962104797363,16.2549991607666,16.450000762939453,16.079999923706055,16.364999771118164,9976800
2008-07-01,14.158292770385742,15.970000267028809,16.239999771118164,15.720000267028809,16.135000228881836,15803800
2008-07-02,13.905623435974121,15.6850004196167,16.25,15.645000457763672,15.875,8726800
2008-07-03,14.096232414245605,15.899999618530273,16.145000457763672,15.664999961853027,15.859999656677246,5972400
2008-07-07,13.887895584106445,15.664999961853027,16.264999389648438,15.350000381469727,15.84000015258789,10243000
2008-07-08,13.896757125854492,15.675000190734863,15.824999809265137,14.979999542236328,15.625,13075600
2008-07-09,13.333792686462402,15.039999961853027,16.18000030517578,15.024999618530273,15.545000076293945,19355800
2008-07-10,13.40915298461914,15.125,15.175000190734863,14.640000343322754,15.055000305175781,19456400
2008-07-11,12.48270320892334,14.079999923706055,14.520000457763672,13.795000076293945,14.354999542236328,17756000
2008-07-14,12.473838806152344,14.069999694824219,14.350000381469727,14.015000343322754,14.164999961853027,13597200
2008-07-15,12.28322696685791,13.854999542236328,14.130000114440918,13.430000305175781,14.005000114440918,12781200
2008-07-16,12.54476261138916,14.149999618530273,14.220000267028809,13.654999732971191,13.84000015258789,12336000
2008-07-17,12.730937004089355,14.359999656677246,14.510000228881836,13.960000038146973,14.225000381469727,6780200
2008-07-18,12.451671600341797,14.045000076293945,14.5,13.9399995803833,14.5,13193200
2008-07-21,12.411778450012207,14.0,14.430000305175781,13.875,14.15999984741211,10660000
2008-07-22,12.318690299987793,13.895000457763672,14.0,13.654999732971191,13.899999618530273,13599600
2008-07-23,12.668879508972168,14.289999961853027,14.545000076293945,13.930000305175781,13.984999656677246,10173600
2008-07-24,11.791190147399902,13.300000190734863,14.375,13.300000190734863,14.220000267028809,12203200
2008-07-25,11.999530792236328,13.53499984741211,13.725000381469727,13.34000015258789,13.444999694824219,11363200
2008-07-28,11.862114906311035,13.380000114440918,13.835000038146973,13.359999656677246,13.670000076293945,14884200
2008-07-29,12.331987380981445,13.90999984741211,14.010000228881836,13.335000038146973,13.335000038146973,14124200
2008-07-30,12.500433921813965,14.100000381469727,14.279999732971191,13.835000038146973,14.045000076293945,11611200
2008-07-31,12.442808151245117,14.03499984741211,14.194999694824219,13.5,13.760000228881836,21186200
2008-08-01,13.014634132385254,14.680000305175781,14.805000305175781,14.100000381469727,14.135000228881836,28850600
2008-08-04,12.792998313903809,14.430000305175781,14.710000038146973,14.305000305175781,14.614999771118164,9875400
2008-08-05,13.14318561553955,14.824999809265137,14.845000267028809,14.399999618530273,14.619999885559082,11318800
2008-08-06,13.426884651184082,15.145000457763672,15.1899995803833,14.635000228881836,14.800000190734863,9542600
2008-08-07,13.14762020111084,14.829999923706055,15.100000381469727,14.770000457763672,15.069999694824219,11005800
2008-08-08,13.635226249694824,15.380000114440918,15.555000305175781,14.710000038146973,14.920000076293945,12301000
2008-08-11,13.870163917541504,15.645000457763672,15.845000267028809,15.154999732971191,15.199999809265137,12079200
2008-08-12,13.688414573669434,15.4399995803833,15.569999694824219,15.270000457763672,15.460000038146973,7115600
2008-08-13,13.45348072052002,15.175000190734863,15.59000015258789,15.0649995803833,15.350000381469727,9444200
2008-08-14,13.768208503723145,15.529999732971191,15.585000038146973,14.949999809265137,15.0649995803833,7011200
2008-08-15,13.639657020568848,15.385000228881836,15.739999771118164,15.260000228881836,15.600000381469727,6272800
2008-08-18,13.457915306091309,15.180000305175781,15.520000457763672,14.975000381469727,15.470000267028809,6881600
2008-08-19,13.183080673217773,14.869999885559082,15.180000305175781,14.710000038146973,15.125,8258800
2008-08-20,13.262870788574219,14.960000038146973,15.09000015258789,14.625,14.970000267028809,6614200
2008-08-21,13.258438110351562,14.954999923706055,14.970000267028809,14.640000343322754,14.8149995803833,6801600
2008-08-22,13.435750961303711,15.154999732971191,15.21500015258789,14.875,14.994999885559082,4608200
2008-08-25,12.806294441223145,14.444999694824219,15.095000267028809,14.34000015258789,15.024999618530273,9302400
2008-08-26,12.87278938293457,14.520000457763672,14.619999885559082,14.234999656677246,14.449999809265137,6837200
2008-08-27,13.191946983337402,14.880000114440918,14.954999923706055,14.470000267028809,14.604999542236328,5871000
2008-08-28,13.165349960327148,14.850000381469727,15.0,14.779999732971191,14.800000190734863,6345000
2008-08-29,12.996906280517578,14.65999984741211,14.864999771118164,14.395000457763672,14.78499984741211,5864600
2008-09-02,12.95257568359375,14.609999656677246,15.149999618530273,14.59000015258789,15.0,9480000
2008-09-03,13.094427108764648,14.770000457763672,14.845000267028809,14.470000267028809,14.59000015258789,10038400
2008-09-04,12.447243690490723,14.039999961853027,14.770000457763672,13.975000381469727,14.604999542236328,10979800
2008-09-05,12.300957679748535,13.875,14.050000190734863,13.609999656677246,14.050000190734863,10017800
2008-09-08,12.832892417907715,14.475000381469727,14.8100004196167,14.15999984741211,14.319999694824219,15169600
2008-09-09,12.354150772094727,13.9350004196167,14.595000267028809,13.904999732971191,14.555000305175781,11009800
2008-09-10,12.331987380981445,13.90999984741211,14.180000305175781,13.805000305175781,14.100000381469727,9197200
2008-09-11,11.999530792236328,13.53499984741211,13.835000038146973,13.345000267028809,13.635000228881836,14388600
2008-09-12,11.915306091308594,13.4399995803833,13.470000267028809,13.140000343322754,13.375,13779800
2008-09-15,11.033182144165039,12.444999694824219,13.0,12.149999618530273,12.96500015258789,17540000
2008-09-16,11.472028732299805,12.9399995803833,13.119999885559082,12.125,12.175000190734863,15969400
2008-09-17,10.847007751464844,12.234999656677246,13.015000343322754,12.199999809265137,12.619999885559082,12252400
2008-09-18,10.691861152648926,12.0600004196167,12.494999885559082,11.505000114440918,12.350000381469727,19703800
2008-09-19,11.777891159057617,13.28499984741211,13.574999809265137,12.5,13.020000457763672,23025200
2008-09-22,11.214925765991211,12.649999618530273,13.399999618530273,12.53499984741211,13.265000343322754,10130400
2008-09-23,10.988858222961426,12.395000457763672,13.024999618530273,12.350000381469727,12.744999885559082,9794600
2008-09-24,10.64753246307373,12.010000228881836,12.255000114440918,11.579999923706055,11.899999618530273,8663400
2008-09-25,10.962257385253906,12.364999771118164,12.515000343322754,12.010000228881836,12.229999542236328,6772800
2008-09-26,10.962257385253906,12.364999771118164,12.385000228881836,11.854999542236328,11.920000076293945,7595400
2008-09-29,9.335428237915039,10.529999732971191,12.069999694824219,10.425000190734863,11.8149995803833,17149200
2008-09-30,10.120030403137207,11.414999961853027,11.489999771118164,10.34000015258789,10.720000267028809,13506800
2008-10-01,9.800875663757324,11.055000305175781,11.345000267028809,10.824999809265137,11.15999984741211,9049600
2008-10-02,9.096062660217285,10.260000228881836,11.21500015258789,10.260000228881836,10.845000267028809,8745600
2008-10-03,8.537529945373535,9.630000114440918,10.574999809265137,9.545000076293945,10.4350004196167,20594400
2008-10-06,8.076520919799805,9.109999656677246,9.335000038146973,8.425000190734863,9.305000305175781,19768400
2008-10-07,7.469231605529785,8.425000190734863,9.489999771118164,8.425000190734863,9.354999542236328,15659400
2008-10-08,7.367278099060059,8.3100004196167,8.720000267028809,7.735000133514404,8.289999961853027,33415600
2008-10-09,7.158936977386475,8.074999809265137,8.75,8.024999618530273,8.34000015258789,14010200
2008-10-10,7.695305347442627,8.680000305175781,8.779999732971191,7.815000057220459,7.940000057220459,28560200
2008-10-13,9.140390396118164,10.3100004196167,10.329999923706055,9.125,9.234999656677246,15760200
2008-10-14,8.861123085021973,9.994999885559082,10.925000190734863,9.920000076293945,10.649999618530273,20906000
2008-10-15,7.939106464385986,8.954999923706055,9.989999771118164,8.925000190734863,9.755000114440918,13277200
2008-10-16,8.06322193145752,9.095000267028809,9.220000267028809,8.225000381469727,8.989999771118164,15349800
2008-10-17,8.2626953125,9.319999694824219,9.975000381469727,8.055000305175781,8.805000305175781,12486600
2008-10-20,8.8921537399292,10.029999732971191,10.069999694824219,9.5649995803833,9.609999656677246,8403200
2008-10-21,8.475472450256348,9.5600004196167,10.149999618530273,9.5600004196167,9.795000076293945,8923200
2008-10-22,7.952406406402588,8.970000267028809,9.539999961853027,8.65999984741211,9.199999809265137,7861800
2008-10-23,7.828286170959473,8.829999923706055,9.25,8.210000038146973,8.895000457763672,10793200
2008-10-24,7.380576133728027,8.324999809265137,8.640000343322754,8.050000190734863,8.460000038146973,9971400
2008-10-27,7.123473644256592,8.03499984741211,8.59000015258789,8.010000228881836,8.1899995803833,9713600
2008-10-28,8.076520919799805,9.109999656677246,9.125,7.920000076293945,8.305000305175781,13085400
2008-10-29,7.9568352699279785,8.975000381469727,9.4399995803833,8.829999923706055,9.140000343322754,9284600
2008-10-30,8.444441795349121,9.524999618530273,9.649999618530273,9.050000190734863,9.3149995803833,12850800
2008-10-31,8.510933876037598,9.600000381469727,9.899999618530273,9.265000343322754,9.5,9087000
2008-11-03,8.838957786560059,9.970000267028809,10.145000457763672,9.5600004196167,9.600000381469727,8780600
2008-11-04,9.308833122253418,10.5,10.5,9.925000190734863,10.274999618530273,7863400
2008-11-05,8.940913200378418,10.085000038146973,10.5600004196167,9.835000038146973,9.930000305175781,8285200
2008-11-06,8.253832817077637,9.3100004196167,10.0600004196167,9.1850004196167,9.8149995803833,10530400
2008-11-07,8.608453750610352,9.710000038146973,9.795000076293945,9.444999694824219,9.515000343322754,6953000
2008-11-10,8.369083404541016,9.4399995803833,10.130000114440918,9.28499984741211,10.0,6751800
2008-11-11,8.01889705657959,9.045000076293945,9.414999961853027,8.850000381469727,9.3100004196167,7763000
2008-11-12,7.398306846618652,8.345000267028809,8.96500015258789,8.3100004196167,8.829999923706055,11627800
2008-11-13,7.987864971160889,9.010000228881836,9.015000343322754,7.880000114440918,8.364999771118164,17797600
2008-11-14,7.478096008300781,8.4350004196167,9.0,8.40999984741211,8.765000343322754,6278600
2008-11-17,7.500260829925537,8.460000038146973,8.710000038146973,8.145000457763672,8.239999771118164,6524200
2008-11-18,7.385006904602051,8.329999923706055,8.6850004196167,8.09000015258789,8.385000228881836,9347800
2008-11-19,6.950594902038574,7.840000152587891,8.5600004196167,7.829999923706055,8.40999984741211,10238800
2008-11-20,6.507317066192627,7.340000152587891,8.0,7.315000057220459,7.824999809265137,17060800
2008-11-21,6.906267166137695,7.789999961853027,7.789999961853027,7.190000057220459,7.5,17923000
2008-11-24,7.797255992889404,8.795000076293945,8.859999656677246,7.90500020980835,8.015000343322754,12191200
2008-11-25,7.859313488006592,8.864999771118164,8.994999885559082,8.600000381469727,8.8100004196167,16417600
2008-11-26,8.338053703308105,9.404999732971191,9.604999542236328,8.5649995803833,8.5649995803833,11284400
2008-11-28,8.510933876037598,9.600000381469727,9.600000381469727,9.239999771118164,9.270000457763672,4325600
2008-12-01,7.775092601776123,8.770000457763672,9.40999984741211,8.765000343322754,9.329999923706055,9999200
2008-12-02,7.992300987243652,9.015000343322754,9.055000305175781,8.600000381469727,8.954999923706055,9767400
2008-12-03,8.320322036743164,9.385000228881836,9.399999618530273,8.6899995803833,8.704999923706055,10695800
2008-12-04,7.0436835289001465,7.945000171661377,9.385000228881836,7.744999885559082,9.385000228881836,17287200
2008-12-05,7.88591194152832,8.895000457763672,9.095000267028809,7.695000171661377,7.869999885559082,15041000
2008-12-08,8.209505081176758,9.260000228881836,9.270000457763672,8.854999542236328,8.890000343322754,11059600
2008-12-09,8.072089195251465,9.104999542236328,9.595000267028809,9.010000228881836,9.069999694824219,12010600
2008-12-10,8.351353645324707,9.420000076293945,9.489999771118164,9.140000343322754,9.225000381469727,8300800
2008-12-11,7.974567413330078,8.994999885559082,9.404999732971191,8.9350004196167,9.335000038146973,9088800
2008-12-12,8.036627769470215,9.0649995803833,9.239999771118164,8.640000343322754,8.805000305175781,8342000
2008-12-15,7.699735641479492,8.6850004196167,9.125,8.520000457763672,9.0649995803833,8638600
2008-12-16,7.633243083953857,8.609999656677246,8.875,8.274999618530273,8.835000038146973,17975000
2008-12-17,7.775092601776123,8.770000457763672,9.029999732971191,8.425000190734863,8.5,12745200
2008-12-18,7.588914394378662,8.5600004196167,8.920000076293945,8.475000381469727,8.729999542236328,8306800
2008-12-19,7.979000568389893,9.0,9.0649995803833,8.5600004196167,8.8100004196167,9803200
2008-12-22,7.677571773529053,8.65999984741211,9.020000457763672,8.494999885559082,8.779999732971191,9005400
2008-12-23,7.699735641479492,8.6850004196167,8.864999771118164,8.569999694824219,8.760000228881836,6286600
2008-12-24,7.726332187652588,8.71500015258789,8.75,8.5600004196167,8.734999656677246,2870600
2008-12-26,7.8105549812316895,8.8100004196167,8.829999923706055,8.569999694824219,8.734999656677246,4352800
2008-12-29,7.682004451751709,8.664999961853027,8.795000076293945,8.460000038146973,8.65999984741211,5905600
2008-12-30,7.841586112976074,8.845000267028809,8.845000267028809,8.579999923706055,8.710000038146973,6641000
2008-12-31,8.005594253540039,9.029999732971191,9.100000381469727,8.744999885559082,8.899999618530273,5732800
2009-01-02,8.475472450256348,9.5600004196167,9.625,8.890000343322754,8.890000343322754,9663600
2009-01-05,8.435576438903809,9.515000343322754,9.555000305175781,9.335000038146973,9.479999542236328,7532200
2009-01-06,8.617321014404297,9.720000267028809,9.850000381469727,9.505000114440918,9.539999961853027,7393600
2009-01-07,8.776899337768555,9.899999618530273,10.204999923706055,9.0649995803833,9.194999694824219,22620000
2009-01-08,9.14925479888916,10.319999694824219,10.345000267028809,9.829999923706055,9.914999961853027,13185600
2009-01-09,8.901021003723145,10.039999961853027,10.454999923706055,9.895000457763672,10.380000114440918,10096800
2009-01-12,8.737003326416016,9.854999542236328,10.21500015258789,9.734999656677246,10.21500015258789,9463200
2009-01-13,9.3442964553833,10.539999961853027,10.824999809265137,9.880000114440918,10.010000228881836,20675800
2009-01-14,8.728139877319336,9.845000267028809,10.324999809265137,9.704999923706055,10.170000076293945,20180200
2009-01-15,8.914316177368164,10.055000305175781,10.234999656677246,9.494999885559082,9.944999694824219,18452200
2009-01-16,9.025135040283203,10.180000305175781,10.414999961853027,9.835000038146973,10.204999923706055,11437800
2009-01-20,8.466605186462402,9.550000190734863,10.295000076293945,9.545000076293945,10.260000228881836,11348000
2009-01-21,8.58185863494873,9.680000305175781,9.845000267028809,9.350000381469727,9.789999961853027,15197400
2009-01-22,8.182906150817871,9.229999542236328,9.46500015258789,9.175000190734863,9.395000457763672,17798600
2009-01-23,8.395681381225586,9.470000267028809,9.694999694824219,9.125,9.229999542236328,15137800
2009-01-26,8.608453750610352,9.710000038146973,9.984999656677246,9.449999809265137,9.470000267028809,12221600
2009-01-27,8.448875427246094,9.529999732971191,9.895000457763672,9.430000305175781,9.895000457763672,12063200
2009-01-28,8.99410629272461,10.145000457763672,10.3100004196167,9.720000267028809,9.835000038146973,12801400
2009-01-29,8.6660795211792,9.774999618530273,10.055000305175781,9.694999694824219,9.960000038146973,9477200
2009-01-30,8.302594184875488,9.364999771118164,9.930000305175781,9.3149995803833,9.779999732971191,11903400
2009-02-02,8.289295196533203,9.350000381469727,9.550000190734863,9.199999809265137,9.369999885559082,11610600
2009-02-03,8.6660795211792,9.774999618530273,9.800000190734863,9.194999694824219,9.520000457763672,9724800
2009-02-04,8.537529945373535,9.630000114440918,10.0,9.579999923706055,9.755000114440918,11357400
2009-02-05,8.714842796325684,9.829999923706055,9.920000076293945,9.324999809265137,9.5,18908200
2009-02-06,8.940913200378418,10.085000038146973,10.125,9.729999542236328,9.845000267028809,11971000
2009-02-09,9.020702362060547,10.175000190734863,10.300000190734863,9.989999771118164,10.050000190734863,7227800
2009-02-10,8.559694290161133,9.654999732971191,10.194999694824219,9.654999732971191,10.095000267028809,18568000
2009-02-11,8.790199279785156,9.914999961853027,9.994999885559082,9.680000305175781,9.970000267028809,16698800
2009-02-12,9.202446937561035,10.380000114440918,10.510000228881836,9.539999961853027,9.765000343322754,28528000
2009-02-13,9.384186744689941,10.585000038146973,10.975000381469727,10.460000038146973,10.78499984741211,27569200
2009-02-17,8.754734992980957,9.875,10.15999984741211,8.90999984741211,9.9399995803833,14268000
2009-02-18,8.834526062011719,9.96500015258789,10.085000038146973,9.725000381469727,9.96500015258789,12442600
2009-02-19,8.732573509216309,9.850000381469727,10.21500015258789,9.800000190734863,10.21500015258789,10827400
2009-02-20,8.59958553314209,9.699999809265137,9.954999923706055,9.604999542236328,9.835000038146973,17084000
2009-02-23,8.244964599609375,9.300000190734863,9.994999885559082,9.270000457763672,9.994999885559082,10167600
2009-02-24,8.42671012878418,9.505000114440918,9.539999961853027,9.199999809265137,9.5,13882400
2009-02-25,8.422276496887207,9.5,9.699999809265137,9.234999656677246,9.395000457763672,12284400
2009-02-26,8.21837329864502,9.270000457763672,9.640000343322754,9.199999809265137,9.609999656677246,11968400
2009-02-27,8.156311988830566,9.199999809265137,9.454999923706055,9.114999771118164,9.149999618530273,14742600
2009-03-02,7.704166412353516,8.6899995803833,9.15999984741211,8.630000114440918,8.795000076293945,16663000
2009-03-03,7.9701361656188965,8.989999771118164,9.0600004196167,8.630000114440918,8.75,19440000
2009-03-04,8.36021900177002,9.430000305175781,9.600000381469727,9.005000114440918,9.140000343322754,13852400
2009-03-05,8.169609069824219,9.21500015258789,9.385000228881836,9.1899995803833,9.199999809265137,16377000
2009-03-06,8.107551574707031,9.145000457763672,9.390000343322754,8.90999984741211,9.199999809265137,12511200
2009-03-09,8.005594253540039,9.029999732971191,9.3100004196167,8.75,9.109999656677246,10491800
2009-03-10,8.471040725708008,9.555000305175781,9.604999542236328,9.029999732971191,9.204999923706055,16749000
2009-03-11,8.710408210754395,9.824999809265137,9.994999885559082,9.585000038146973,9.710000038146973,12750000
2009-03-12,9.220175743103027,10.399999618530273,10.470000267028809,9.765000343322754,9.829999923706055,13289600
2009-03-13,9.295536994934082,10.484999656677246,10.600000381469727,10.260000228881836,10.305000305175781,11669200
2009-03-16,9.215743064880371,10.395000457763672,10.725000381469727,10.385000228881836,10.619999885559082,9683000
2009-03-17,9.65015983581543,10.885000228881836,10.890000343322754,10.369999885559082,10.425000190734863,9839400
2009-03-18,9.672323226928711,10.90999984741211,11.09000015258789,10.600000381469727,10.850000381469727,14618400
2009-03-19,9.570369720458984,10.795000076293945,11.069999694824219,10.75,11.069999694824219,11739000
2009-03-20,9.100493431091309,10.265000343322754,10.949999809265137,10.204999923706055,10.850000381469727,13755000
2009-03-23,9.530473709106445,10.75,10.770000457763672,10.380000114440918,10.505000114440918,14594600
2009-03-24,9.025135040283203,10.180000305175781,10.694999694824219,10.145000457763672,10.600000381469727,15500400
2009-03-25,9.206879615783691,10.385000228881836,10.505000114440918,10.125,10.364999771118164,16761400
2009-03-26,9.659021377563477,10.895000457763672,10.90999984741211,10.34000015258789,10.5,11164800
2009-03-27,8.918750762939453,10.0600004196167,10.329999923706055,9.984999656677246,10.210000038146973,18051000
2009-03-30,8.901021003723145,10.039999961853027,10.130000114440918,9.710000038146973,9.899999618530273,10452000
2009-03-31,9.215743064880371,10.395000457763672,10.635000228881836,10.09000015258789,10.15999984741211,13064000
2009-04-01,9.419650077819824,10.625,10.654999732971191,10.175000190734863,10.375,13459000
2009-04-02,9.827470779418945,11.085000038146973,11.395000457763672,10.75,10.75,13748000
2009-04-03,10.089001655578613,11.380000114440918,11.4399995803833,10.96500015258789,11.015000343322754,10665400
2009-04-06,10.239716529846191,11.550000190734863,11.59000015258789,11.104999542236328,11.395000457763672,11848000
2009-04-07,9.880661964416504,11.145000457763672,11.46500015258789,11.010000228881836,11.25,10402400
2009-04-08,10.040243148803711,11.324999809265137,11.359999656677246,11.020000457763672,11.234999656677246,6527200
2009-04-09,10.470221519470215,11.8100004196167,11.90999984741211,11.28499984741211,11.319999694824219,9509400
2009-04-13,10.425890922546387,11.760000228881836,11.875,11.545000076293945,11.770000457763672,7927200
2009-04-14,10.239716529846191,11.550000190734863,11.75,11.369999885559082,11.6899995803833,10027200
2009-04-15,9.964886665344238,11.239999771118164,11.3100004196167,10.994999885559082,11.305000305175781,18979600
2009-04-16,10.359399795532227,11.6850004196167,11.800000190734863,11.369999885559082,11.489999771118164,9608400
2009-04-17,10.363832473754883,11.6899995803833,11.770000457763672,11.5,11.6850004196167,8260800
2009-04-20,9.987046241760254,11.265000343322754,11.694999694824219,11.1899995803833,11.694999694824219,12782600
2009-04-21,10.040243148803711,11.324999809265137,11.484999656677246,11.104999542236328,11.135000228881836,11602200
2009-04-22,10.17322826385498,11.475000381469727,11.75,11.050000190734863,11.170000076293945,10917600
2009-04-23,10.066839218139648,11.354999542236328,11.600000381469727,11.154999732971191,11.204999923706055,8885600
2009-04-24,10.199823379516602,11.505000114440918,11.579999923706055,11.210000038146973,11.350000381469727,11455800
2009-04-27,10.186525344848633,11.489999771118164,11.604999542236328,11.260000228881836,11.324999809265137,6541200
2009-04-28,10.363832473754883,11.6899995803833,11.774999618530273,11.260000228881836,11.324999809265137,8512600
2009-04-29,10.829275131225586,12.21500015258789,12.354999542236328,11.729999542236328,11.770000457763672,14173000
2009-04-30,10.988858222961426,12.395000457763672,12.569999694824219,12.260000228881836,12.375,10713400
2009-05-01,11.068645477294922,12.484999656677246,12.555000305175781,12.130000114440918,12.265000343322754,10897600
2009-05-04,11.480894088745117,12.949999809265137,13.03499984741211,12.585000038146973,12.675000190734863,19162600
2009-05-05,11.933038711547852,13.460000038146973,13.755000114440918,13.0649995803833,13.454999923706055,27581400
2009-05-06,11.653773307800293,13.145000457763672,13.6899995803833,12.904999732971191,13.569999694824219,14788200
2009-05-07,11.214925765991211,12.649999618530273,13.274999618530273,12.5,13.170000076293945,14413600
2009-05-08,11.166166305541992,12.595000267028809,12.944999694824219,12.479999542236328,12.875,10075000
2009-05-11,11.303582191467285,12.75,12.920000076293945,12.300000190734863,12.454999923706055,7313400
2009-05-12,11.325748443603516,12.774999618530273,12.960000038146973,12.53499984741211,12.885000228881836,7166600
2009-05-13,10.909065246582031,12.305000305175781,12.975000381469727,12.244999885559082,12.399999618530273,8965000
2009-05-14,11.05978012084961,12.475000381469727,12.539999961853027,12.25,12.28499984741211,7285600
2009-05-15,11.418835639953613,12.880000114440918,13.0,12.399999618530273,12.4350004196167,10176000
2009-05-18,11.698101043701172,13.194999694824219,13.71500015258789,13.03499984741211,13.3100004196167,18652600
2009-05-19,11.365642547607422,12.819999694824219,12.960000038146973,12.640000343322754,12.854999542236328,11549200
2009-05-20,11.299149513244629,12.744999885559082,13.145000457763672,12.694999694824219,12.925000190734863,8438600
2009-05-21,11.037616729736328,12.449999809265137,12.744999885559082,12.300000190734863,12.635000228881836,9036200
2009-05-22,10.997721672058105,12.404999732971191,12.770000457763672,12.375,12.555000305175781,8204800
2009-05-26,11.418835639953613,12.880000114440918,12.970000267028809,12.029999732971191,12.175000190734863,9562200
2009-05-27,11.427698135375977,12.890000343322754,13.329999923706055,12.8100004196167,12.869999885559082,9869400
2009-05-28,11.28585147857666,12.729999542236328,13.130000114440918,12.5600004196167,13.055000305175781,9721200
2009-05-29,11.166166305541992,12.595000267028809,12.984999656677246,12.555000305175781,12.8149995803833,19973000
2009-06-01,11.782323837280273,13.289999961853027,13.4399995803833,12.795000076293945,12.850000381469727,11576600
2009-06-02,11.822218894958496,13.335000038146973,13.425000190734863,13.220000267028809,13.319999694824219,7858800
2009-06-03,11.494190216064453,12.96500015258789,13.295000076293945,12.824999809265137,13.295000076293945,8848400
2009-06-04,11.884278297424316,13.404999732971191,13.4350004196167,12.970000267028809,13.045000076293945,10288600
2009-06-05,12.070455551147461,13.614999771118164,13.680000305175781,13.279999732971191,13.430000305175781,10630800
2009-06-08,12.008394241333008,13.545000076293945,13.640000343322754,13.270000457763672,13.505000114440918,9604200
2009-06-09,12.1812744140625,13.739999771118164,13.949999809265137,13.510000228881836,13.510000228881836,13355600
2009-06-10,11.777891159057617,13.28499984741211,13.829999923706055,13.119999885559082,13.795000076293945,14856600
2009-06-11,11.78675651550293,13.295000076293945,13.539999961853027,13.21500015258789,13.300000190734863,9454200
2009-06-12,11.875412940979004,13.395000457763672,13.4350004196167,13.130000114440918,13.244999885559082,8760600
2009-06-15,11.440999031066895,12.904999732971191,13.359999656677246,12.765000343322754,13.295000076293945,9818600
2009-06-16,11.308016777038574,12.755000114440918,13.149999618530273,12.734999656677246,13.085000038146973,9144200
2009-06-17,11.405535697937012,12.864999771118164,12.994999885559082,12.6850004196167,12.8100004196167,8403400
2009-06-18,11.35677719116211,12.8100004196167,13.045000076293945,12.6899995803833,13.045000076293945,7595800
2009-06-19,11.409972190856934,12.869999885559082,13.135000228881836,12.725000381469727,13.024999618530273,10089800
2009-06-22,11.037616729736328,12.449999809265137,12.755000114440918,12.414999961853027,12.675000190734863,7414400
2009-06-23,11.037616729736328,12.449999809265137,12.5600004196167,12.220000267028809,12.489999771118164,8142600
2009-06-24,11.352341651916504,12.805000305175781,12.904999732971191,12.454999923706055,12.494999885559082,8517800
2009-06-25,11.644909858703613,13.135000228881836,13.164999961853027,12.694999694824219,12.694999694824219,9044400
2009-06-26,11.800055503845215,13.3100004196167,13.4399995803833,12.944999694824219,13.149999618530273,8147000
2009-06-29,12.05715560913086,13.600000381469727,13.675000190734863,13.345000267028809,13.65999984741211,9777200
2009-06-30,11.835517883300781,13.350000381469727,13.635000228881836,13.170000076293945,13.600000381469727,9694200
2009-07-01,12.061590194702148,13.604999542236328,13.774999618530273,13.5,13.774999618530273,7983000
2009-07-02,11.795623779296875,13.305000305175781,13.53499984741211,13.274999618530273,13.5,6805200
2009-07-06,11.711397171020508,13.210000038146973,13.225000381469727,13.005000114440918,13.140000343322754,8624200
2009-07-07,11.41440200805664,12.875,13.25,12.864999771118164,13.21500015258789,8494600
2009-07-08,11.330178260803223,12.779999732971191,13.164999961853027,12.555000305175781,12.920000076293945,10969000
2009-07-09,11.290284156799316,12.734999656677246,12.850000381469727,12.505000114440918,12.800000190734863,8939000
2009-07-10,11.7069673538208,13.204999923706055,13.449999809265137,12.734999656677246,12.819999694824219,12693600
2009-07-13,11.959633827209473,13.489999771118164,13.505000114440918,12.944999694824219,13.265000343322754,8623000
2009-07-14,12.04828929901123,13.59000015258789,13.675000190734863,13.430000305175781,13.675000190734863,8594200
2009-07-15,12.389615058898926,13.975000381469727,14.079999923706055,13.654999732971191,13.770000457763672,10267200
2009-07-16,12.571357727050781,14.180000305175781,14.225000381469727,13.800000190734863,13.975000381469727,7835200
2009-07-17,12.863921165466309,14.510000228881836,14.755000114440918,14.140000343322754,14.260000228881836,14755600
2009-07-20,13.107725143432617,14.78499984741211,15.0,14.604999542236328,14.800000190734863,13087200
2009-07-21,12.94371223449707,14.600000381469727,14.954999923706055,14.350000381469727,14.779999732971191,13756600
2009-07-22,12.97031021118164,14.630000114440918,14.71500015258789,14.375,14.59000015258789,8136200
2009-07-23,13.338229179382324,15.045000076293945,15.104999542236328,14.630000114440918,14.645000457763672,8308200
2009-07-24,13.457915306091309,15.180000305175781,15.260000228881836,14.864999771118164,15.0649995803833,6013600
2009-07-27,13.621928215026855,15.364999771118164,15.40999984741211,15.104999542236328,15.210000038146973,7309200
2009-07-28,13.40915298461914,15.125,15.364999771118164,15.039999961853027,15.289999961853027,9551600
2009-07-29,13.351531982421875,15.0600004196167,15.21500015258789,14.819999694824219,15.135000228881836,7385200
2009-07-30,13.386990547180176,15.100000381469727,15.329999923706055,15.055000305175781,15.28499984741211,4878000
2009-07-31,13.11659049987793,14.795000076293945,15.220000267028809,14.744999885559082,15.119999885559082,10399800
2009-08-03,13.502240180969238,15.229999542236328,15.364999771118164,14.880000114440918,14.970000267028809,16115200
2009-08-04,14.894136428833008,16.799999237060547,16.885000228881836,16.3700008392334,16.53499984741211,33042200
2009-08-05,15.332980155944824,17.295000076293945,17.399999618530273,16.700000762939453,16.774999618530273,19006200
2009-08-06,15.093609809875488,17.024999618530273,17.360000610351562,16.780000686645508,17.295000076293945,11516400
2009-08-07,15.133504867553711,17.06999969482422,17.274999618530273,16.9950008392334,17.065000534057617,10171200
2009-08-10,15.075879096984863,17.0049991607666,17.344999313354492,16.844999313354492,16.915000915527344,7185800
2009-08-11,14.973922729492188,16.889999389648438,17.065000534057617,16.799999237060547,16.899999618530273,6627200
2009-08-12,15.430496215820312,17.405000686645508,17.5,16.825000762939453,16.84000015258789,8001400
2009-08-13,15.332980155944824,17.295000076293945,17.475000381469727,17.114999771118164,17.405000686645508,6073200
2009-08-14,15.262049674987793,17.21500015258789,17.31999969482422,16.934999465942383,17.209999084472656,7834600
2009-08-17,14.845372200012207,16.7450008392334,16.94499969482422,16.635000228881836,16.94499969482422,5786400
2009-08-18,15.027116775512695,16.950000762939453,17.0,16.704999923706055,16.799999237060547,8367600
2009-08-19,15.160101890563965,17.100000381469727,17.200000762939453,16.559999465942383,16.65999984741211,10408400
2009-08-20,15.022685050964355,16.94499969482422,17.209999084472656,16.84000015258789,17.049999237060547,5440000
2009-08-21,15.27535343170166,17.229999542236328,17.260000228881836,17.010000228881836,17.170000076293945,8145200
2009-08-24,15.41276741027832,17.385000228881836,17.530000686645508,17.2450008392334,17.299999237060547,5789800
2009-08-25,15.73636245727539,17.75,17.770000457763672,17.329999923706055,17.46500015258789,9342400
2009-08-26,15.514718055725098,17.5,17.975000381469727,17.424999237060547,17.704999923706055,10547800
2009-08-27,15.709766387939453,17.719999313354492,17.725000381469727,17.18000030517578,17.489999771118164,7904600
2009-08-28,15.634407997131348,17.635000228881836,17.975000381469727,17.44499969482422,17.799999237060547,7792400
2009-08-31,15.457094192504883,17.434999465942383,17.4950008392334,17.264999389648438,17.43000030517578,6879600
2009-09-01,15.319677352905273,17.280000686645508,17.774999618530273,17.1200008392334,17.434999465942383,9148800
2009-09-02,15.244321823120117,17.19499969482422,17.280000686645508,16.989999771118164,17.209999084472656,5477400
2009-09-03,15.332980155944824,17.295000076293945,17.295000076293945,16.920000076293945,17.19499969482422,5032800
2009-09-04,15.68759822845459,17.69499969482422,17.75,17.28499984741211,17.30500030517578,6216400
2009-09-08,15.944700241088867,17.985000610351562,18.0049991607666,17.700000762939453,17.700000762939453,6659000
2009-09-09,16.605188369750977,18.729999542236328,18.790000915527344,18.100000381469727,18.100000381469727,9476200
2009-09-10,16.662809371948242,18.795000076293945,18.8799991607666,18.579999923706055,18.795000076293945,8472200
2009-09-11,16.458904266357422,18.565000534057617,18.844999313354492,18.5,18.739999771118164,8860800
2009-09-14,16.467771530151367,18.575000762939453,18.71500015258789,18.44499969482422,18.600000381469727,10675000
2009-09-15,16.45003890991211,18.55500030517578,18.649999618530273,18.454999923706055,18.575000762939453,7907400
2009-09-16,16.924345016479492,19.09000015258789,19.125,18.56999969482422,18.665000915527344,7325400
2009-09-17,16.98197364807129,19.155000686645508,19.260000228881836,19.0,19.059999465942383,6118400
2009-09-18,17.061769485473633,19.2450008392334,19.354999542236328,19.030000686645508,19.354999542236328,6546000
2009-09-21,17.19917106628418,19.399999618530273,19.549999237060547,19.200000762939453,19.2450008392334,5617800
2009-09-22,17.429685592651367,19.65999984741211,19.68000030517578,19.405000686645508,19.549999237060547,5076800
2009-09-23,17.137121200561523,19.329999923706055,19.700000762939453,19.315000534057617,19.670000076293945,7125200
2009-09-24,16.809091567993164,18.959999084472656,19.469999313354492,18.850000381469727,19.450000762939453,7565000
2009-09-25,16.760330200195312,18.905000686645508,19.05500030517578,18.790000915527344,19.05500030517578,5868600
2009-09-28,17.132688522338867,19.325000762939453,19.450000762939453,18.959999084472656,19.104999542236328,5979000
2009-09-29,17.194746017456055,19.395000457763672,19.53499984741211,19.200000762939453,19.325000762939453,7448600
2009-09-30,17.137121200561523,19.329999923706055,19.594999313354492,18.959999084472656,19.440000534057617,8266200
2009-10-01,16.516530990600586,18.6299991607666,19.469999313354492,18.625,19.469999313354492,7265400
2009-10-02,16.636219024658203,18.764999389648438,18.8700008392334,18.344999313354492,18.549999237060547,5484200
2009-10-05,17.172582626342773,19.3700008392334,19.420000076293945,18.770000457763672,18.885000228881836,6826200
2009-10-06,17.287837982177734,19.5,19.80500030517578,19.434999465942383,19.649999618530273,8442600
2009-10-07,17.5582275390625,19.80500030517578,19.84000015258789,19.31999969482422,19.55500030517578,8466000
2009-10-08,17.287837982177734,19.5,19.969999313354492,19.450000762939453,19.969999313354492,8245800
2009-10-09,17.172582626342773,19.3700008392334,19.510000228881836,19.174999237060547,19.315000534057617,9386800
2009-10-12,17.40308952331543,19.6299991607666,19.924999237060547,19.424999237060547,19.475000381469727,6855200
2009-10-13,17.509469985961914,19.75,19.850000381469727,19.5,19.625,4665800
2009-10-14,17.584829330444336,19.834999084472656,19.950000762939453,19.774999618530273,19.899999618530273,7421800
2009-10-15,17.797607421875,20.075000762939453,20.075000762939453,19.719999313354492,19.809999465942383,6404800
2009-10-16,17.465147018432617,19.700000762939453,20.040000915527344,19.40999984741211,19.985000610351562,6899200
2009-10-19,17.90398597717285,20.19499969482422,20.395000457763672,19.55500030517578,19.774999618530273,9620200
2009-10-20,18.24530792236328,20.579999923706055,20.594999313354492,20.075000762939453,20.450000762939453,8661000
2009-10-21,18.13449478149414,20.454999923706055,20.829999923706055,20.399999618530273,20.524999618530273,7151600
2009-10-22,18.116764068603516,20.434999465942383,20.68000030517578,20.05500030517578,20.639999389648438,7162400
2009-10-23,17.96161460876465,20.260000228881836,20.625,20.200000762939453,20.200000762939453,5224800
2009-10-26,17.810895919799805,20.09000015258789,20.674999237060547,20.049999237060547,20.274999618530273,5534400
2009-10-27,17.76657485961914,20.040000915527344,20.395000457763672,19.954999923706055,20.155000686645508,7634400
2009-10-28,17.513904571533203,19.7549991607666,20.135000228881836,19.7450008392334,20.100000381469727,9957600
2009-10-29,17.81976890563965,20.100000381469727,20.125,19.684999465942383,19.854999542236328,7153600
2009-10-30,17.132688522338867,19.325000762939453,20.149999618530273,19.28499984741211,20.1299991607666,6994600
2009-11-02,17.19917106628418,19.399999618530273,19.84000015258789,19.184999465942383,19.360000610351562,10015800
2009-11-03,18.6043701171875,20.985000610351562,21.200000762939453,20.424999237060547,20.825000762939453,20341400
2009-11-04,18.560039520263672,20.934999465942383,21.545000076293945,20.934999465942383,21.44499969482422,10271000
2009-11-05,18.963424682617188,21.389999389648438,21.459999084472656,20.979999542236328,21.19499969482422,5981400
2009-11-06,19.06094741821289,21.5,21.5,20.915000915527344,20.915000915527344,5820600
2009-11-09,19.592878341674805,22.100000381469727,22.184999465942383,21.540000915527344,21.540000915527344,7374600
2009-11-10,19.473194122314453,21.96500015258789,22.104999542236328,21.690000534057617,21.934999465942383,5539800
2009-11-11,19.58401107788086,22.09000015258789,22.334999084472656,21.860000610351562,22.05500030517578,4697200
2009-11-12,19.570709228515625,22.075000762939453,22.3700008392334,22.010000228881836,22.014999389648438,5042800
2009-11-13,19.87214469909668,22.415000915527344,22.4950008392334,22.100000381469727,22.100000381469727,5014400
2009-11-16,20.191303253173828,22.774999618530273,22.850000381469727,22.3700008392334,22.475000381469727,7088400
2009-11-17,20.262235641479492,22.854999542236328,22.875,22.575000762939453,22.739999771118164,3590800
2009-11-18,20.195741653442383,22.780000686645508,22.8700008392334,22.579999923706055,22.774999618530273,6216400
2009-11-19,19.57957649230957,22.084999084472656,22.5,21.934999465942383,22.485000610351562,6304200
2009-11-20,19.36237335205078,21.84000015258789,22.065000534057617,21.690000534057617,21.915000915527344,5541200
2009-11-23,19.77462387084961,22.30500030517578,22.549999237060547,22.0049991607666,22.040000915527344,7338800
2009-11-24,19.79235076904297,22.325000762939453,22.399999618530273,22.1299991607666,22.325000762939453,4836800
2009-11-25,19.92090606689453,22.469999313354492,22.489999771118164,22.274999618530273,22.43000030517578,4823400
2009-11-27,19.278152465820312,21.7450008392334,21.90999984741211,21.5049991607666,21.75,3976200
2009-11-30,19.473194122314453,21.96500015258789,22.0049991607666,21.604999542236328,21.725000381469727,6591600
2009-12-01,20.00955581665039,22.56999969482422,22.719999313354492,21.96500015258789,22.06999969482422,6671400
2009-12-02,20.169143676757812,22.75,22.850000381469727,22.584999084472656,22.674999237060547,5597400
2009-12-03,19.60175132751465,22.110000610351562,22.915000915527344,22.079999923706055,22.635000228881836,10735400
2009-12-04,19.690397262573242,22.209999084472656,22.834999084472656,22.030000686645508,22.440000534057617,9132400
2009-12-07,19.62390899658203,22.135000228881836,22.434999465942383,21.924999237060547,21.975000381469727,7266000
2009-12-08,19.575145721435547,22.079999923706055,22.149999618530273,21.709999084472656,22.0,8015400
2009-12-09,19.54412078857422,22.045000076293945,22.125,21.780000686645508,22.0049991607666,5869200
2009-12-10,19.646072387695312,22.15999984741211,22.235000610351562,22.0,22.125,5096400
2009-12-11,19.344646453857422,21.81999969482422,22.2450008392334,21.760000228881836,22.200000762939453,5595800
2009-12-14,19.451026916503906,21.940000534057617,22.05500030517578,21.700000762939453,21.8700008392334,5566200
2009-12-15,19.1141357421875,21.559999465942383,21.96500015258789,21.545000076293945,21.94499969482422,9067000
2009-12-16,19.482057571411133,21.975000381469727,22.135000228881836,21.55500030517578,21.614999771118164,7100600
2009-12-17,19.357938766479492,21.834999084472656,21.934999465942383,21.674999237060547,21.864999771118164,5385400
2009-12-18,19.703697204589844,22.225000381469727,22.235000610351562,21.690000534057617,21.875,8333400
2009-12-21,20.04945182800293,22.614999771118164,22.670000076293945,22.274999618530273,22.31999969482422,5366000
2009-12-22,20.29326057434082,22.889999389648438,22.975000381469727,22.600000381469727,22.704999923706055,3770400
2009-12-23,20.501598358154297,23.125,23.174999237060547,22.899999618530273,23.0049991607666,4348600
2009-12-24,20.492734909057617,23.114999771118164,23.200000762939453,23.010000228881836,23.184999465942383,1369600
2009-12-28,20.48830223083496,23.110000610351562,23.30500030517578,23.03499984741211,23.209999084472656,3634600
2009-12-29,20.200170516967773,22.78499984741211,23.114999771118164,22.729999542236328,23.110000610351562,3100600
2009-12-30,20.160274505615234,22.739999771118164,22.864999771118164,22.549999237060547,22.834999084472656,3861000
2009-12-31,20.093782424926758,22.665000915527344,22.94499969482422,22.649999618530273,22.809999465942383,2779000
2010-01-04,20.74540138244629,23.399999618530273,23.399999618530273,22.81999969482422,22.81999969482422,5765200
2010-01-05,20.980342864990234,23.665000915527344,23.825000762939453,23.135000228881836,23.40999984741211,8993400
2010-01-06,20.980342864990234,23.665000915527344,23.875,23.530000686645508,23.764999389648438,6270400
2010-01-07,20.186874389648438,22.770000457763672,23.739999771118164,22.709999084472656,23.65999984741211,8054600
2010-01-08,20.77199363708496,23.43000030517578,23.440000534057617,22.53499984741211,22.80500030517578,8536200
2010-01-11,20.603551864624023,23.239999771118164,23.59000015258789,22.895000457763672,23.575000762939453,7103800
2010-01-12,20.922714233398438,23.600000381469727,24.2450008392334,23.43000030517578,23.75,10575800
2010-01-13,21.62308692932129,24.389999389648438,24.475000381469727,23.670000076293945,23.75,8025800
2010-01-14,21.326093673706055,24.05500030517578,24.385000228881836,23.934999465942383,24.270000457763672,5474800
2010-01-15,21.241872787475586,23.959999084472656,24.274999618530273,23.78499984741211,23.989999771118164,6317800
2010-01-19,21.414752960205078,24.155000686645508,24.170000076293945,23.829999923706055,23.90999984741211,5786600
2010-01-20,20.904987335205078,23.579999923706055,24.065000534057617,23.395000457763672,23.96500015258789,6604400
2010-01-21,20.74540138244629,23.399999618530273,23.799999237060547,23.239999771118164,23.639999389648438,8963000
2010-01-22,20.02286148071289,22.584999084472656,23.545000076293945,22.459999084472656,23.389999389648438,11094000
2010-01-25,20.071617126464844,22.639999389648438,22.81999969482422,22.405000686645508,22.700000762939453,7615200
2010-01-26,20.200170516967773,22.78499984741211,23.06999969482422,22.2549991607666,22.53499984741211,7274400
2010-01-27,20.430673599243164,23.045000076293945,23.09000015258789,22.479999542236328,22.719999313354492,6530800
2010-01-28,19.752458572387695,22.280000686645508,23.030000686645508,22.05500030517578,22.915000915527344,10321600
2010-01-29,19.35350799560547,21.829999923706055,22.795000076293945,21.790000915527344,22.420000076293945,8996200
2010-02-01,19.81007957458496,22.344999313354492,22.344999313354492,21.834999084472656,21.899999618530273,6332000
2010-02-02,20.02286148071289,22.584999084472656,22.635000228881836,22.040000915527344,22.31999969482422,5989600
2010-02-03,20.02286148071289,22.584999084472656,22.649999618530273,22.264999389648438,22.329999923706055,3605200
2010-02-04,19.1141357421875,21.559999465942383,22.415000915527344,21.559999465942383,22.375,8287200
2010-02-05,19.35350799560547,21.829999923706055,21.850000381469727,21.040000915527344,21.5,8956000
2010-02-08,19.38897132873535,21.8700008392334,22.149999618530273,21.645000457763672,21.65999984741211,7368200
2010-02-09,20.60799217224121,23.2450008392334,23.329999923706055,22.44499969482422,22.614999771118164,17385000
2010-02-10,20.541494369506836,23.170000076293945,23.31999969482422,23.030000686645508,23.235000610351562,8277000
2010-02-11,20.904987335205078,23.579999923706055,23.6200008392334,22.895000457763672,23.1299991607666,8110800
2010-02-12,20.904987335205078,23.579999923706055,23.670000076293945,23.045000076293945,23.25,10075200
2010-02-16,21.024669647216797,23.71500015258789,24.170000076293945,23.405000686645508,23.674999237060547,7406600
2010-02-17,20.91827392578125,23.594999313354492,23.809999465942383,23.4950008392334,23.809999465942383,5900200
2010-02-18,20.967039108276367,23.649999618530273,23.71500015258789,23.5049991607666,23.614999771118164,6124200
2010-02-19,21.060129165649414,23.7549991607666,23.875,23.520000457763672,23.604999542236328,7719200
2010-02-22,20.980342864990234,23.665000915527344,23.889999389648438,23.469999313354492,23.889999389648438,7004400
2010-02-23,20.931577682495117,23.610000610351562,23.739999771118164,23.475000381469727,23.53499984741211,6853000
2010-02-24,21.352685928344727,24.084999084472656,24.139999389648438,23.709999084472656,23.7549991607666,8553000
2010-02-25,21.34825897216797,24.079999923706055,24.084999084472656,23.5049991607666,23.690000534057617,8585600
2010-02-26,21.334962844848633,24.065000534057617,24.114999771118164,23.8700008392334,24.06999969482422,7802600
2010-03-01,22.376657485961914,25.239999771118164,25.25,24.079999923706055,24.239999771118164,14395800
2010-03-02,22.611604690551758,25.5049991607666,25.655000686645508,25.280000686645508,25.280000686645508,13258600
2010-03-03,22.092960357666016,24.920000076293945,25.584999084472656,24.84000015258789,25.549999237060547,9116000
2010-03-04,21.999879837036133,24.815000534057617,25.079999923706055,24.545000076293945,24.889999389648438,7323200
2010-03-05,22.460887908935547,25.334999084472656,25.389999389648438,24.875,25.0,5232600
2010-03-08,22.17275047302246,25.010000228881836,25.440000534057617,24.979999542236328,25.440000534057617,6663800
2010-03-09,22.292444229125977,25.145000457763672,25.31999969482422,24.915000915527344,25.0,5581600
2010-03-10,22.5229434967041,25.405000686645508,25.440000534057617,25.020000457763672,25.075000762939453,5765000
2010-03-11,22.611604690551758,25.5049991607666,25.530000686645508,25.209999084472656,25.270000457763672,5664800
2010-03-12,22.518510818481445,25.399999618530273,25.549999237060547,25.34000015258789,25.549999237060547,4135800
2010-03-15,22.54067611694336,25.424999237060547,25.459999084472656,25.170000076293945,25.360000610351562,4662600
2010-03-16,22.7224178314209,25.6299991607666,25.635000228881836,25.399999618530273,25.475000381469727,5143800
2010-03-17,22.88199806213379,25.809999465942383,26.010000228881836,25.674999237060547,25.674999237060547,4141600
2010-03-18,22.97509002685547,25.915000915527344,25.959999084472656,25.709999084472656,25.795000076293945,3874400
2010-03-19,22.717988967895508,25.625,26.110000610351562,25.489999771118164,26.020000457763672,10245200
2010-03-22,22.99281883239746,25.934999465942383,26.010000228881836,25.5,25.510000228881836,4240600
2010-03-23,23.28095054626465,26.260000228881836,26.315000534057617,25.829999923706055,26.049999237060547,6509400
2010-03-24,23.014986038208008,25.959999084472656,26.34000015258789,25.94499969482422,26.200000762939453,5459800
2010-03-25,22.811071395874023,25.729999542236328,26.15999984741211,25.700000762939453,26.079999923706055,5899400
2010-03-26,22.647062301635742,25.545000076293945,25.875,25.40999984741211,25.709999084472656,4883400
2010-03-29,22.669227600097656,25.56999969482422,25.69499969482422,25.434999465942383,25.475000381469727,3915600
2010-03-30,22.811071395874023,25.729999542236328,25.825000762939453,25.510000228881836,25.579999923706055,3819800
2010-03-31,22.598299026489258,25.489999771118164,25.71500015258789,25.44499969482422,25.575000762939453,4509000
2010-04-01,22.5229434967041,25.405000686645508,25.645000457763672,25.125,25.604999542236328,5647400
2010-04-05,23.041582107543945,25.989999771118164,26.114999771118164,25.459999084472656,25.565000534057617,7066800
2010-04-06,23.16126251220703,26.125,26.30500030517578,25.770000457763672,25.790000915527344,4534000
2010-04-07,22.655925750732422,25.55500030517578,26.049999237060547,25.46500015258789,25.9950008392334,6611200
2010-04-08,22.558408737182617,25.44499969482422,25.604999542236328,25.094999313354492,25.354999542236328,4719800
2010-04-09,22.926326751708984,25.860000610351562,25.860000610351562,25.405000686645508,25.46500015258789,4872200
2010-04-12,23.032712936401367,25.979999542236328,26.09000015258789,25.75,25.940000534057617,5570600
2010-04-13,23.790719985961914,26.834999084472656,27.174999237060547,26.110000610351562,26.145000457763672,14428600
2010-04-14,23.905967712402344,26.96500015258789,27.114999771118164,26.860000610351562,27.03499984741211,6373200
2010-04-15,23.786285400390625,26.829999923706055,26.895000457763672,26.6299991607666,26.864999771118164,5555200
2010-04-16,23.391767501831055,26.385000228881836,26.895000457763672,26.350000381469727,26.80500030517578,8633600
2010-04-19,23.07260513305664,26.024999618530273,26.104999542236328,25.53499984741211,26.040000915527344,8352000
2010-04-20,23.50258445739746,26.510000228881836,26.545000076293945,26.075000762939453,26.264999389648438,5381400
2010-04-21,23.391767501831055,26.385000228881836,26.434999465942383,26.15999984741211,26.420000076293945,4558800
2010-04-22,23.79958724975586,26.844999313354492,26.889999389648438,25.969999313354492,26.125,5197000
2010-04-23,23.64000701904297,26.665000915527344,26.9950008392334,26.450000762939453,26.94499969482422,6361000
2010-04-26,23.582380294799805,26.600000381469727,26.864999771118164,26.53499984741211,26.770000457763672,4689600
2010-04-27,22.824371337890625,25.7450008392334,26.584999084472656,25.69499969482422,26.469999313354492,6648600
2010-04-28,22.598299026489258,25.489999771118164,25.864999771118164,25.235000610351562,25.809999465942383,6562600
2010-04-29,23.07260513305664,26.024999618530273,26.219999313354492,25.584999084472656,25.600000381469727,5186800
2010-04-30,22.655925750732422,25.55500030517578,26.270000457763672,25.55500030517578,25.7450008392334,4886400
2010-05-03,23.05931282043457,26.010000228881836,26.06999969482422,25.510000228881836,25.625,6221800
2010-05-04,22.961788177490234,25.899999618530273,26.649999618530273,25.375,26.649999618530273,13717000
2010-05-05,22.60273551940918,25.4950008392334,25.7450008392334,23.864999771118164,25.725000381469727,9841000
2010-05-06,21.60979461669922,24.375,25.565000534057617,22.975000381469727,25.34000015258789,11160200
2010-05-07,21.06456184387207,23.760000228881836,24.514999389648438,23.25,24.0,14828400
2010-05-10,22.961788177490234,25.899999618530273,25.899999618530273,24.155000686645508,24.4950008392334,12632800
2010-05-11,22.793336868286133,25.709999084472656,26.114999771118164,25.125,25.53499984741211,9732400
2010-05-12,23.267656326293945,26.2450008392334,26.25,25.649999618530273,25.71500015258789,8575400
2010-05-13,22.94405746459961,25.8799991607666,26.44499969482422,25.844999313354492,26.225000381469727,5391600
2010-05-14,22.115131378173828,24.94499969482422,25.739999771118164,24.469999313354492,25.725000381469727,11085400
2010-05-17,21.911224365234375,24.71500015258789,25.155000686645508,24.079999923706055,25.024999618530273,9112400
2010-05-18,21.694015502929688,24.469999313354492,25.18000030517578,24.375,25.010000228881836,5659200
2010-05-19,21.51226806640625,24.264999389648438,24.674999237060547,23.875,24.280000686645508,7546600
2010-05-20,20.8251895904541,23.489999771118164,24.0049991607666,23.239999771118164,23.614999771118164,12100200
2010-05-21,21.937820434570312,24.7450008392334,24.7549991607666,22.924999237060547,23.079999923706055,15526000
2010-05-24,21.552169799804688,24.309999465942383,24.690000534057617,24.235000610351562,24.399999618530273,10661600
2010-05-25,21.742773056030273,24.524999618530273,24.530000686645508,23.405000686645508,23.559999465942383,9167600
2010-05-26,21.67185401916504,24.44499969482422,25.25,24.344999313354492,24.704999923706055,6989600
2010-05-27,22.500782012939453,25.3799991607666,25.3799991607666,24.834999084472656,24.96500015258789,5446200
2010-05-28,22.181621551513672,25.020000457763672,25.395000457763672,24.809999465942383,25.229999542236328,5799200
2010-06-01,21.782669067382812,24.56999969482422,25.21500015258789,24.395000457763672,24.399999618530273,5287800
2010-06-02,22.60273551940918,25.4950008392334,25.4950008392334,24.31999969482422,24.59000015258789,6346000
2010-06-03,23.15683364868164,26.1200008392334,26.184999465942383,25.450000762939453,25.4950008392334,10501200
2010-06-04,22.270275115966797,25.1200008392334,26.014999389648438,25.049999237060547,25.604999542236328,9355400
2010-06-07,21.99544334411621,24.809999465942383,25.375,24.7549991607666,25.149999618530273,6615200
2010-06-08,22.066364288330078,24.889999389648438,24.905000686645508,24.264999389648438,24.739999771118164,8140600
2010-06-09,22.0841007232666,24.90999984741211,25.46500015258789,24.80500030517578,24.96500015258789,6108200
2010-06-10,22.802209854125977,25.719999313354492,25.7549991607666,25.174999237060547,25.420000076293945,6108400
2010-06-11,22.957359313964844,25.895000457763672,25.940000534057617,25.290000915527344,25.334999084472656,2964200
2010-06-14,23.108070373535156,26.065000534057617,26.69499969482422,26.03499984741211,26.079999923706055,6113800
2010-06-15,23.835044860839844,26.885000228881836,26.915000915527344,26.09000015258789,26.100000381469727,6900200
2010-06-16,23.932573318481445,26.9950008392334,27.100000381469727,26.579999923706055,26.674999237060547,6839200
2010-06-17,23.795148849487305,26.84000015258789,27.125,26.610000610351562,27.125,5875200
2010-06-18,23.746395111083984,26.78499984741211,27.280000686645508,26.68000030517578,26.834999084472656,7400800
2010-06-21,23.644437789916992,26.670000076293945,27.405000686645508,26.5,27.155000686645508,6338200
2010-06-22,23.21889305114746,26.190000534057617,26.864999771118164,26.09000015258789,26.770000457763672,6742200
2010-06-23,23.139095306396484,26.100000381469727,26.389999389648438,25.885000228881836,26.264999389648438,5507400
2010-06-24,22.917461395263672,25.850000381469727,26.149999618530273,25.71500015258789,25.940000534057617,5571600
2010-06-25,23.307546615600586,26.290000915527344,26.825000762939453,25.875,26.06999969482422,15751200
2010-06-28,23.436094284057617,26.434999465942383,26.670000076293945,26.174999237060547,26.344999313354492,8232400
2010-06-29,22.40769386291504,25.274999618530273,26.03499984741211,25.014999389648438,25.780000686645508,7080200
2010-06-30,22.19048500061035,25.030000686645508,25.655000686645508,24.915000915527344,25.184999465942383,8827200
2010-07-01,22.31016731262207,25.165000915527344,25.28499984741211,24.6299991607666,24.979999542236328,11059200
2010-07-02,21.889060974121094,24.690000534057617,25.450000762939453,24.549999237060547,25.450000762939453,7159000
2010-07-06,21.973278045654297,24.78499984741211,25.174999237060547,24.489999771118164,24.989999771118164,7322800
2010-07-07,22.917461395263672,25.850000381469727,25.895000457763672,24.774999618530273,24.924999237060547,8107200
2010-07-08,23.37847328186035,26.3700008392334,26.68000030517578,26.049999237060547,26.104999542236328,8835000
2010-07-09,23.697629928588867,26.729999542236328,26.7549991607666,26.28499984741211,26.325000762939453,4818600
2010-07-12,23.60011100769043,26.6200008392334,26.969999313354492,26.469999313354492,26.639999389648438,5244000
2010-07-13,23.86164093017578,26.915000915527344,27.344999313354492,26.219999313354492,26.225000381469727,12217400
2010-07-14,23.843908309936523,26.895000457763672,27.110000610351562,26.75,27.084999084472656,6073200
2010-07-15,24.0079288482666,27.079999923706055,27.125,26.625,26.864999771118164,6791600
2010-07-16,23.3297061920166,26.315000534057617,27.200000762939453,26.239999771118164,26.889999389648438,7680400
2010-07-19,23.87050437927246,26.924999237060547,27.0,26.385000228881836,26.385000228881836,4848800
2010-07-20,24.140911102294922,27.229999542236328,27.2450008392334,26.25,26.3700008392334,6303000
2010-07-21,23.52475357055664,26.53499984741211,27.385000228881836,26.424999237060547,27.385000228881836,6759400
2010-07-22,23.981325149536133,27.049999237060547,27.145000457763672,26.635000228881836,26.780000686645508,6804200
2010-07-23,24.530996322631836,27.670000076293945,27.690000534057617,26.78499984741211,26.920000076293945,8706000
2010-07-26,24.5176944732666,27.655000686645508,27.834999084472656,27.424999237060547,27.719999313354492,5142600
2010-07-27,24.260589599609375,27.364999771118164,28.040000915527344,27.204999923706055,27.844999313354492,5871800
2010-07-28,24.083284378051758,27.165000915527344,27.479999542236328,27.049999237060547,27.260000228881836,3328200
2010-07-29,23.910400390625,26.969999313354492,27.6200008392334,26.579999923706055,27.364999771118164,6236400
2010-07-30,24.185237884521484,27.280000686645508,27.469999313354492,26.579999923706055,26.579999923706055,5518000
2010-08-02,24.56645393371582,27.709999084472656,27.954999923706055,27.344999313354492,27.7549991607666,8139600
2010-08-03,26.871501922607422,30.309999465942383,31.969999313354492,29.924999237060547,30.93000030517578,22193400
2010-08-04,27.292617797851562,30.78499984741211,30.875,30.235000610351562,30.295000076293945,6842600
2010-08-05,27.039949417114258,30.5,30.635000228881836,30.15999984741211,30.25,6819200
2010-08-06,27.008914947509766,30.46500015258789,30.5,29.770000457763672,30.030000686645508,6656800
2010-08-09,27.159626007080078,30.635000228881836,30.7450008392334,30.299999237060547,30.530000686645508,5618800
2010-08-10,27.119733810424805,30.59000015258789,30.75,30.065000534057617,30.19499969482422,4996800
2010-08-11,26.281936645507812,29.645000457763672,30.0,29.405000686645508,29.905000686645508,5516400
2010-08-12,26.12679100036621,29.469999313354492,29.610000610351562,28.799999237060547,29.100000381469727,6211600
2010-08-13,25.834228515625,29.139999389648438,29.440000534057617,29.059999465942383,29.2549991607666,4125800
2010-08-16,25.927324295043945,29.2450008392334,29.3799991607666,28.774999618530273,28.989999771118164,3293400
2010-08-17,26.534610748291016,29.93000030517578,30.165000915527344,29.315000534057617,29.399999618530273,5732400
2010-08-18,26.587799072265625,29.989999771118164,30.375,29.735000610351562,29.78499984741211,5811800
2010-08-19,26.18442153930664,29.53499984741211,30.024999618530273,29.389999389648438,29.790000915527344,5002800
2010-08-20,26.423795700073242,29.80500030517578,29.854999542236328,29.270000457763672,29.459999084472656,5994800
2010-08-23,26.17998695373535,29.530000686645508,30.114999771118164,29.459999084472656,29.96500015258789,4427800
2010-08-24,25.80320167541504,29.104999542236328,29.28499984741211,28.844999313354492,29.229999542236328,5883600
2010-08-25,25.789899826049805,29.09000015258789,29.21500015258789,28.635000228881836,28.764999389648438,5547600
2010-08-26,25.49734115600586,28.760000228881836,29.239999771118164,28.725000381469727,29.229999542236328,4978000
2010-08-27,25.97164535522461,29.295000076293945,29.334999084472656,28.274999618530273,29.010000228881836,5390400
2010-08-30,25.488475799560547,28.75,29.399999618530273,28.75,29.155000686645508,3615200
2010-08-31,25.5372314453125,28.80500030517578,29.0,28.290000915527344,28.575000762939453,5323400
2010-09-01,26.490280151367188,29.8799991607666,30.049999237060547,29.28499984741211,29.31999969482422,5320600
2010-09-02,27.004480361938477,30.459999084472656,30.475000381469727,29.704999923706055,29.780000686645508,5236000
2010-09-03,27.647232055664062,31.184999465942383,31.200000762939453,30.59000015258789,30.59000015258789,6714800
2010-09-07,27.58517074584961,31.114999771118164,31.329999923706055,31.014999389648438,31.075000762939453,5502200
2010-09-08,28.0417537689209,31.6299991607666,31.940000534057617,31.104999542236328,31.229999542236328,5513000
2010-09-09,27.367969512939453,30.8700008392334,31.985000610351562,30.635000228881836,31.950000762939453,8483200
2010-09-10,27.731456756591797,31.280000686645508,31.299999237060547,30.860000610351562,30.989999771118164,4330600
2010-09-13,28.321016311645508,31.94499969482422,32.21500015258789,31.600000381469727,31.600000381469727,5058600
2010-09-14,28.467300415039062,32.11000061035156,32.25,31.84000015258789,31.920000076293945,4361600
2010-09-15,28.11267852783203,31.709999084472656,31.9950008392334,30.985000610351562,31.899999618530273,9022400
2010-09-16,28.16143035888672,31.764999389648438,31.780000686645508,31.475000381469727,31.725000381469727,4020000
2010-09-17,28.418540954589844,32.05500030517578,32.07500076293945,31.764999389648438,31.889999389648438,6283600
2010-09-20,28.454002380371094,32.095001220703125,32.314998626708984,31.549999237060547,32.2400016784668,8772200
2010-09-21,28.143707275390625,31.7450008392334,32.125,31.469999313354492,32.07500076293945,6802000
2010-09-22,27.673831939697266,31.21500015258789,31.8700008392334,31.020000457763672,31.610000610351562,6659800
2010-09-23,27.984134674072266,31.565000534057617,31.78499984741211,31.0,31.030000686645508,7073200
2010-09-24,28.467300415039062,32.11000061035156,32.275001525878906,31.920000076293945,32.04999923706055,4722400
2010-09-27,28.298851013183594,31.920000076293945,32.13999938964844,31.809999465942383,32.095001220703125,3499200
2010-09-28,28.888412475585938,32.584999084472656,32.67499923706055,31.729999542236328,32.125,5978000
2010-09-29,28.706674575805664,32.380001068115234,32.68000030517578,32.165000915527344,32.41999816894531,4566600
2010-09-30,28.578121185302734,32.23500061035156,32.875,31.96500015258789,32.625,4326200
2010-10-01,29.167675018310547,32.900001525878906,33.53499984741211,32.54999923706055,32.6349983215332,6752200
2010-10-04,28.657909393310547,32.32500076293945,32.970001220703125,32.02000045776367,32.95000076293945,3762200
2010-10-05,29.22974395751953,32.970001220703125,33.084999084472656,32.54999923706055,32.584999084472656,6121400
2010-10-06,28.67563819885254,32.345001220703125,32.959999084472656,32.125,32.86000061035156,4920800
2010-10-07,28.502761840820312,32.150001525878906,32.48500061035156,31.93000030517578,32.44499969482422,4027400
2010-10-08,28.458423614501953,32.099998474121094,32.30500030517578,31.735000610351562,32.244998931884766,4890400
2010-10-11,28.201332092285156,31.809999465942383,32.875,31.729999542236328,32.310001373291016,6598600
2010-10-12,28.737701416015625,32.415000915527344,32.470001220703125,31.334999084472656,31.80500030517578,5711400
2010-10-13,28.99036979675293,32.70000076293945,33.04999923706055,32.56999969482422,32.619998931884766,5436000
2010-10-14,28.808622360229492,32.494998931884766,32.79999923706055,32.415000915527344,32.64500045776367,4377200
2010-10-15,29.5001277923584,33.275001525878906,33.38999938964844,32.665000915527344,32.744998931884766,9965200
2010-10-18,29.473535537719727,33.244998931884766,33.375,33.03499984741211,33.33000183105469,5064200
2010-10-19,28.826345443725586,32.51499938964844,32.97999954223633,32.25,32.86000061035156,4162800
2010-10-20,29.313966751098633,33.064998626708984,33.209999084472656,32.599998474121094,32.63999938964844,3669800
2010-10-21,29.735078811645508,33.540000915527344,34.14500045776367,33.20500183105469,33.400001525878906,6183600
2010-10-22,30.125150680541992,33.97999954223633,34.125,33.380001068115234,33.54999923706055,3424400
2010-10-25,29.814861297607422,33.630001068115234,34.435001373291016,33.56999969482422,34.29999923706055,4186400
2010-10-26,29.655292510986328,33.45000076293945,33.904998779296875,33.154998779296875,33.45000076293945,3887600
2010-10-27,29.26076316833496,33.005001068115234,33.39500045776367,32.76499938964844,33.209999084472656,7035200
2010-10-28,29.779401779174805,33.59000015258789,33.689998626708984,32.775001525878906,33.54499816894531,5708600
2010-10-29,28.897279739379883,32.595001220703125,33.51499938964844,32.59000015258789,33.51499938964844,7914600
2010-11-01,28.830787658691406,32.52000045776367,33.45000076293945,30.934999465942383,33.44499969482422,14457200
2010-11-02,29.056856155395508,32.775001525878906,33.04499816894531,32.310001373291016,32.935001373291016,4906800
2010-11-03,28.485036849975586,32.130001068115234,32.904998779296875,31.850000381469727,32.900001525878906,6605400
2010-11-04,28.493894577026367,32.13999938964844,32.47999954223633,31.975000381469727,32.34000015258789,6854600
2010-11-05,28.086076736450195,31.68000030517578,32.25,31.55500030517578,32.17499923706055,5696400
2010-11-08,27.922069549560547,31.4950008392334,31.610000610351562,31.299999237060547,31.489999771118164,5341400
2010-11-09,28.12596321105957,31.725000381469727,32.29999923706055,31.5,31.625,6102600
2010-11-10,28.1835994720459,31.790000915527344,32.025001525878906,31.3700008392334,31.639999389648438,6373400
2010-11-11,28.276695251464844,31.895000457763672,31.985000610351562,31.219999313354492,31.395000457763672,4896800
2010-11-12,28.028451919555664,31.614999771118164,31.834999084472656,31.049999237060547,31.594999313354492,4289200
2010-11-15,28.11267852783203,31.709999084472656,32.025001525878906,31.59000015258789,31.704999923706055,4507800
2010-11-16,27.372404098510742,30.875,31.530000686645508,30.6299991607666,31.274999618530273,6084000
2010-11-17,27.828977584838867,31.389999389648438,31.450000762939453,30.7549991607666,30.815000534057617,5980800
2010-11-18,28.666772842407227,32.334999084472656,32.685001373291016,31.739999771118164,31.844999313354492,7773400
2010-11-19,28.91944122314453,32.619998931884766,32.755001068115234,32.18000030517578,32.369998931884766,6187200
2010-11-22,29.247468948364258,32.9900016784668,33.025001525878906,32.25,32.36000061035156,4420200
2010-11-23,28.968202590942383,32.67499923706055,32.76499938964844,32.26499938964844,32.560001373291016,5183200
2010-11-24,29.309532165527344,33.060001373291016,33.07500076293945,32.724998474121094,32.85499954223633,3734200
2010-11-26,29.367145538330078,33.125,33.29999923706055,32.69499969482422,32.84000015258789,1661600
2010-11-29,29.092321395874023,32.814998626708984,32.939998626708984,32.345001220703125,32.89500045776367,3970600
2010-11-30,28.804195404052734,32.4900016784668,32.654998779296875,32.334999084472656,32.369998931884766,3731800
2010-12-01,29.650856018066406,33.44499969482422,33.474998474121094,32.82500076293945,32.82500076293945,4308000
2010-12-02,30.728017807006836,34.65999984741211,34.82500076293945,33.400001525878906,33.5,7400400
2010-12-03,30.72358512878418,34.654998779296875,34.849998474121094,34.375,34.54999923706055,4833000
2010-12-06,30.9408016204834,34.900001525878906,35.64500045776367,34.78499984741211,35.11000061035156,6031600
2010-12-07,30.66596031188965,34.59000015258789,35.5,34.5,35.35499954223633,4010800
2010-12-08,30.98955535888672,34.95500183105469,34.994998931884766,34.625,34.724998474121094,2618400
2010-12-09,31.29098129272461,35.29499816894531,35.369998931884766,35.025001525878906,35.05500030517578,3306400
2010-12-10,31.16686248779297,35.154998779296875,35.375,35.0,35.314998626708984,3273600
2010-12-13,31.1535587310791,35.13999938964844,35.5,35.005001068115234,35.404998779296875,3813000
2010-12-14,30.887588500976562,34.84000015258789,35.28499984741211,34.724998474121094,35.154998779296875,4175000
2010-12-15,30.69255256652832,34.619998931884766,35.0,34.47999954223633,34.83000183105469,4924600
2010-12-16,31.211193084716797,35.20500183105469,35.279998779296875,34.52000045776367,34.625,4612200
2010-12-17,32.093299865722656,36.20000076293945,36.32500076293945,35.375,35.52000045776367,11690200
2010-12-20,32.04898452758789,36.150001525878906,36.650001525878906,35.915000915527344,36.57500076293945,5238800
2010-12-21,32.29277801513672,36.42499923706055,36.494998931884766,36.1150016784668,36.3650016784668,3452000
2010-12-22,32.279483795166016,36.40999984741211,36.59000015258789,36.34000015258789,36.54499816894531,2506400
2010-12-23,32.28391647338867,36.415000915527344,36.45000076293945,36.220001220703125,36.30500030517578,1831000
2010-12-27,32.399169921875,36.54499816894531,36.72999954223633,36.05500030517578,36.3650016784668,1384400
2010-12-28,32.42576599121094,36.57500076293945,36.72999954223633,36.43000030517578,36.525001525878906,1931800
2010-12-29,32.87349319458008,37.08000183105469,37.255001068115234,36.5099983215332,36.54999923706055,2831000
2010-12-30,32.731624603271484,36.91999816894531,37.39500045776367,36.880001068115234,37.064998626708984,2432200
2010-12-31,32.48783874511719,36.64500045776367,36.9900016784668,36.599998474121094,36.880001068115234,2594200
2011-01-03,33.40541458129883,37.68000030517578,37.93000030517578,37.060001373291016,37.06999969482422,5809800
2011-01-04,32.87349319458008,37.08000183105469,37.810001373291016,36.790000915527344,37.810001373291016,6062200
2011-01-05,33.77333068847656,38.095001220703125,38.099998474121094,36.935001373291016,36.935001373291016,4636400
2011-01-06,33.4719123840332,37.755001068115234,38.18000030517578,37.54999923706055,38.119998931884766,4410200
2011-01-07,33.28571701049805,37.54499816894531,37.7599983215332,37.18000030517578,37.494998931884766,4295000
2011-01-10,33.39653778076172,37.66999816894531,37.83000183105469,37.310001373291016,37.54999923706055,3674800
2011-01-11,33.4719123840332,37.755001068115234,37.849998474121094,37.540000915527344,37.744998931884766,3853800
2011-01-12,33.35221481323242,37.619998931884766,38.150001525878906,37.5,38.099998474121094,3950400
2011-01-13,33.0640869140625,37.29499816894531,37.67499923706055,36.77000045776367,37.380001068115234,6447200
2011-01-14,33.25026321411133,37.505001068115234,37.564998626708984,37.17499923706055,37.25,4769600
2011-01-18,33.4719123840332,37.755001068115234,38.224998474121094,37.63999938964844,37.65999984741211,4725400
2011-01-19,33.04636764526367,37.275001525878906,37.75,36.88999938964844,37.75,4296200
2011-01-20,32.62968444824219,36.80500030517578,37.34000015258789,36.625,37.05500030517578,4190200
2011-01-21,32.38144302368164,36.525001525878906,37.27000045776367,36.439998626708984,36.959999084472656,4613000
2011-01-24,32.9222412109375,37.1349983215332,37.290000915527344,36.564998626708984,36.564998626708984,4015400
2011-01-25,32.514427185058594,36.67499923706055,36.89500045776367,36.28499984741211,36.880001068115234,2941200
2011-01-26,32.4567985534668,36.61000061035156,36.834999084472656,36.43000030517578,36.625,6075800
2011-01-27,32.43464279174805,36.584999084472656,36.73500061035156,36.5,36.6150016784668,3460600
2011-01-28,31.75198745727539,35.814998626708984,36.724998474121094,35.32500076293945,36.665000915527344,4453600
2011-01-31,32.33711242675781,36.474998474121094,36.81999969482422,35.8650016784668,35.974998474121094,3943400
2011-02-01,33.40098571777344,37.67499923706055,37.75,36.654998779296875,36.68000030517578,5812600
2011-02-02,33.76004409790039,38.08000183105469,38.08000183105469,37.494998931884766,37.525001525878906,5101400
2011-02-03,33.192630767822266,37.439998626708984,38.244998931884766,37.375,38.0,6007400
2011-02-04,33.432010650634766,37.709999084472656,37.79999923706055,37.005001068115234,37.54999923706055,6815000
2011-02-07,33.12172317504883,37.36000061035156,38.220001220703125,36.814998626708984,37.0099983215332,8263000
2011-02-08,34.012718200683594,38.3650016784668,38.540000915527344,36.974998474121094,37.53499984741211,6074400
2011-02-09,32.90007781982422,37.11000061035156,38.209999084472656,37.0099983215332,38.10499954223633,5469400
2011-02-10,33.40098571777344,37.67499923706055,37.689998626708984,36.79999923706055,36.875,3931200
2011-02-11,33.46747970581055,37.75,37.77000045776367,37.16999816894531,37.54499816894531,3186600
2011-02-14,33.8575553894043,38.189998626708984,38.20000076293945,37.65999984741211,37.66999816894531,3188000
2011-02-15,33.91075134277344,38.25,38.439998626708984,37.94499969482422,38.02000045776367,4024000
2011-02-16,33.972808837890625,38.31999969482422,38.439998626708984,38.01499938964844,38.31999969482422,3352000
2011-02-17,34.079200744628906,38.439998626708984,38.630001068115234,37.98500061035156,37.994998931884766,2730600
2011-02-18,34.45598602294922,38.8650016784668,38.869998931884766,38.19499969482422,38.45500183105469,5272400
2011-02-22,33.4896240234375,37.775001525878906,38.52000045776367,37.72999954223633,38.33000183105469,5366600
2011-02-23,32.76266098022461,36.95500183105469,37.6150016784668,36.625,37.52000045776367,6523200
2011-02-24,33.21479797363281,37.46500015258789,37.54499816894531,36.86000061035156,36.959999084472656,5798600
2011-02-25,33.915191650390625,38.255001068115234,38.29999923706055,37.5,37.599998474121094,3736600
2011-02-28,34.074764251708984,38.435001373291016,38.55500030517578,37.82500076293945,38.459999084472656,4183400
2011-03-01,33.019752502441406,37.244998931884766,38.625,37.19499969482422,38.525001525878906,5517600
2011-03-02,33.05523681640625,37.28499984741211,37.78499984741211,36.9900016784668,37.18000030517578,4552600
2011-03-03,34.06146240234375,38.41999816894531,38.599998474121094,37.45000076293945,37.525001525878906,4101200
2011-03-04,33.830955505371094,38.15999984741211,38.4900016784668,37.685001373291016,38.46500015258789,3165000
2011-03-07,33.64921569824219,37.95500183105469,38.404998779296875,37.685001373291016,38.3650016784668,4728200
2011-03-08,34.48258972167969,38.89500045776367,38.97999954223633,37.83000183105469,37.88999938964844,4677800
2011-03-09,34.75741195678711,39.20500183105469,39.345001220703125,38.625,38.66999816894531,7330200
2011-03-10,33.73788070678711,38.05500030517578,38.880001068115234,38.005001068115234,38.689998626708984,6965600
2011-03-11,33.85312271118164,38.185001373291016,38.345001220703125,37.45000076293945,38.025001525878906,4482000
2011-03-14,33.40984344482422,37.685001373291016,38.150001525878906,37.39500045776367,37.81999969482422,2490200
2011-03-15,32.802555084228516,37.0,37.2400016784668,35.26499938964844,36.334999084472656,5153000
2011-03-16,32.328250885009766,36.46500015258789,37.11000061035156,36.189998626708984,36.810001373291016,4661400
2011-03-17,33.11284637451172,37.349998474121094,37.435001373291016,36.599998474121094,37.084999084472656,4179800
2011-03-18,32.886775970458984,37.095001220703125,37.81999969482422,36.8650016784668,37.775001525878906,6421800
2011-03-21,33.5162467956543,37.80500030517578,37.904998779296875,37.38999938964844,37.54499816894531,3638800
2011-03-22,34.074764251708984,38.435001373291016,38.720001220703125,37.724998474121094,37.79999923706055,5288000
2011-03-23,34.074764251708984,38.435001373291016,38.584999084472656,37.75,38.435001373291016,3457800
2011-03-24,35.369140625,39.89500045776367,39.904998779296875,38.59000015258789,38.75,5271200
2011-03-25,35.47550964355469,40.01499938964844,40.584999084472656,40.01499938964844,40.224998474121094,6473200
2011-03-28,35.27162170410156,39.78499984741211,40.224998474121094,39.755001068115234,40.154998779296875,3877600
2011-03-29,35.874481201171875,40.46500015258789,40.46500015258789,39.57500076293945,39.779998779296875,3012600
2011-03-30,36.19363784790039,40.82500076293945,40.88999938964844,40.564998626708984,40.76499938964844,3016200
2011-03-31,36.08280944824219,40.70000076293945,40.92499923706055,40.61000061035156,40.755001068115234,3205200
2011-04-01,36.5305290222168,41.20500183105469,41.43000030517578,40.650001525878906,40.915000915527344,3482800
2011-04-04,36.50392532348633,41.17499923706055,41.380001068115234,40.93000030517578,41.279998779296875,2722600
2011-04-05,36.353206634521484,41.005001068115234,41.29499816894531,40.880001068115234,41.064998626708984,3696800
2011-04-06,36.07838439941406,40.69499969482422,41.36000061035156,40.30500030517578,41.36000061035156,3178400
2011-04-07,35.82126998901367,40.404998779296875,40.904998779296875,40.209999084472656,40.59000015258789,2872000
2011-04-08,35.57746505737305,40.130001068115234,40.58000183105469,39.790000915527344,40.55500030517578,3000400
2011-04-11,35.683868408203125,40.25,40.564998626708984,40.02000045776367,40.349998474121094,2843000
2011-04-12,35.426761627197266,39.959999084472656,40.290000915527344,39.724998474121094,40.04499816894531,3334400
2011-04-13,35.57303237915039,40.125,40.380001068115234,39.845001220703125,40.29499816894531,2984800
2011-04-14,35.8079719543457,40.38999938964844,40.51499938964844,39.65999984741211,39.755001068115234,3740200
2011-04-15,34.89482879638672,39.36000061035156,39.755001068115234,39.0099983215332,39.48500061035156,12208000
2011-04-18,34.562374114990234,38.98500061035156,39.0099983215332,38.3849983215332,38.875,5146800
2011-04-19,35.14306640625,39.63999938964844,39.654998779296875,38.93000030517578,38.935001373291016,3364200
2011-04-20,36.36650848388672,41.02000045776367,41.029998779296875,40.22999954223633,40.48500061035156,3936400
2011-04-21,36.557125091552734,41.23500061035156,41.46500015258789,40.95500183105469,41.0099983215332,3484600
2011-04-25,36.273414611816406,40.915000915527344,41.45000076293945,40.564998626708984,41.45000076293945,3235400
2011-04-26,36.32661819458008,40.974998474121094,41.150001525878906,40.67499923706055,41.05500030517578,5000000
2011-04-27,36.25568389892578,40.89500045776367,41.06999969482422,40.470001220703125,41.06999969482422,4525000
2011-04-28,36.10054016113281,40.720001220703125,41.275001525878906,40.52000045776367,40.78499984741211,2800000
2011-04-29,36.74774169921875,41.45000076293945,41.6150016784668,40.45000076293945,40.54499816894531,6076000
2011-05-02,36.441864013671875,41.10499954223633,41.7400016784668,41.025001525878906,41.724998474121094,4608400
2011-05-03,34.362892150878906,38.7599983215332,39.130001068115234,36.78499984741211,39.084999084472656,28605200
2011-05-04,34.25208282470703,38.6349983215332,39.244998931884766,38.150001525878906,38.73500061035156,7479200
2011-05-05,33.91960525512695,38.2599983215332,39.02000045776367,38.099998474121094,38.505001068115234,6200000
2011-05-06,34.03044891357422,38.3849983215332,39.14500045776367,38.154998779296875,38.83000183105469,6824000
2011-05-09,34.31855392456055,38.709999084472656,39.0,38.32500076293945,38.380001068115234,2832200
2011-05-10,34.779571533203125,39.22999954223633,39.26499938964844,38.650001525878906,38.904998779296875,3389800
2011-05-11,34.021575927734375,38.375,39.375,37.970001220703125,39.369998931884766,4200000
2011-05-12,34.58010482788086,39.005001068115234,39.02000045776367,38.060001373291016,38.244998931884766,4000000
2011-05-13,33.89745330810547,38.23500061035156,38.939998626708984,38.23500061035156,38.915000915527344,3243400
2011-05-16,32.691734313964844,36.875,38.11000061035156,36.79999923706055,37.849998474121094,6311200
2011-05-17,32.678436279296875,36.86000061035156,36.95000076293945,36.19499969482422,36.564998626708984,6647400
2011-05-18,32.523292541503906,36.685001373291016,36.900001525878906,36.20000076293945,36.7599983215332,6788800
2011-05-19,32.66514587402344,36.845001220703125,36.974998474121094,36.51499938964844,36.869998931884766,5809600
2011-05-20,32.824710845947266,37.025001525878906,37.33000183105469,36.70000076293945,36.7599983215332,4291000
2011-05-23,32.0002326965332,36.095001220703125,36.435001373291016,35.845001220703125,36.314998626708984,6612000
2011-05-24,32.2174186706543,36.34000015258789,36.44499969482422,36.084999084472656,36.18000030517578,3868200
2011-05-25,32.691734313964844,36.875,37.04999923706055,36.03499984741211,36.279998779296875,4510600
2011-05-26,33.356651306152344,37.625,37.814998626708984,37.01499938964844,37.19499969482422,6665400
2011-05-27,33.14387893676758,37.3849983215332,37.80500030517578,37.25,37.540000915527344,3314600
2011-05-31,33.70684051513672,38.02000045776367,38.18000030517578,37.625,37.70000076293945,4464200
2011-06-01,32.98430252075195,37.20500183105469,38.18000030517578,37.185001373291016,37.88999938964844,4169800
2011-06-02,33.40541458129883,37.68000030517578,37.810001373291016,37.189998626708984,37.48500061035156,5365800
2011-06-03,32.71833801269531,36.904998779296875,37.4900016784668,36.900001525878906,37.15999984741211,4211600
2011-06-06,32.8956413269043,37.10499954223633,37.41999816894531,36.779998779296875,36.86000061035156,5188800
2011-06-07,32.90894317626953,37.119998931884766,37.51499938964844,37.09000015258789,37.20000076293945,3276600
2011-06-08,32.28391647338867,36.415000915527344,37.029998779296875,36.334999084472656,36.95500183105469,3903200
2011-06-09,32.62080764770508,36.79499816894531,37.04499816894531,36.400001525878906,36.48500061035156,3281600
2011-06-10,32.35927963256836,36.5,36.75,36.32500076293945,36.70500183105469,3836400
2011-06-13,31.344181060791016,35.35499954223633,36.72999954223633,35.345001220703125,36.4900016784668,7871200
2011-06-14,31.268815994262695,35.27000045776367,35.720001220703125,34.369998931884766,35.64500045776367,12476600
2011-06-15,29.965576171875,33.79999923706055,35.02000045776367,33.779998779296875,34.915000915527344,11679800
2011-06-16,29.052431106567383,32.77000045776367,34.05500030517578,32.20000076293945,33.79999923706055,14779000
2011-06-17,29.987749099731445,33.82500076293945,34.474998474121094,33.17499923706055,33.275001525878906,15219800
2011-06-20,30.102994918823242,33.95500183105469,34.005001068115234,33.32500076293945,33.345001220703125,5786400
2011-06-21,31.942596435546875,36.029998779296875,36.060001373291016,34.029998779296875,34.03499984741211,11381000
2011-06-22,31.765296936035156,35.83000183105469,36.41999816894531,35.584999084472656,35.90999984741211,6509000
2011-06-23,31.960329055786133,36.04999923706055,36.119998931884766,35.064998626708984,35.375,5389800
2011-06-24,31.534788131713867,35.56999969482422,37.39500045776367,35.46500015258789,36.095001220703125,7237800
2011-06-27,31.86280632019043,35.939998626708984,36.130001068115234,35.29499816894531,35.5099983215332,4786600
2011-06-28,32.29277801513672,36.42499923706055,36.70000076293945,35.97999954223633,36.10499954223633,6217400
2011-06-29,32.39474105834961,36.540000915527344,36.92499923706055,36.27000045776367,36.814998626708984,4052400
2011-06-30,32.5099983215332,36.66999816894531,37.064998626708984,36.564998626708984,36.720001220703125,4638400
2011-07-01,33.15718078613281,37.400001525878906,37.43000030517578,36.560001373291016,36.7400016784668,4333400
2011-07-05,33.54282760620117,37.834999084472656,37.85499954223633,37.16999816894531,37.27000045776367,4032000
2011-07-06,33.68910598754883,38.0,38.05500030517578,37.77000045776367,37.79999923706055,3719600
2011-07-07,34.407222747802734,38.810001373291016,38.85499954223633,38.33000183105469,38.334999084472656,4591800
2011-07-08,33.8575553894043,38.189998626708984,38.80500030517578,37.76499938964844,38.435001373291016,4346400
2011-07-11,33.13945770263672,37.380001068115234,38.10499954223633,37.18000030517578,37.79999923706055,3550000
2011-07-12,32.5986442565918,36.77000045776367,37.040000915527344,36.345001220703125,36.689998626708984,6206000
2011-07-13,32.81142044067383,37.0099983215332,37.599998474121094,36.83000183105469,37.060001373291016,4311000
2011-07-14,32.35041046142578,36.4900016784668,37.78499984741211,36.404998779296875,37.310001373291016,4444000
2011-07-15,32.82914733886719,37.029998779296875,37.08000183105469,36.55500030517578,36.779998779296875,4534800
2011-07-18,32.07558822631836,36.18000030517578,36.85499954223633,35.9900016784668,36.849998474121094,3179200
2011-07-19,33.006465911865234,37.22999954223633,37.310001373291016,36.599998474121094,36.61000061035156,3161800
2011-07-20,32.37702178955078,36.52000045776367,37.185001373291016,36.47999954223633,37.130001068115234,3343800
2011-07-21,32.55876159667969,36.724998474121094,37.17499923706055,36.415000915527344,36.665000915527344,3841200
2011-07-22,32.70058822631836,36.8849983215332,37.08000183105469,36.61000061035156,36.78499984741211,2646400
2011-07-25,32.94440460205078,37.15999984741211,37.26499938964844,36.505001068115234,36.54499816894531,3542400
2011-07-26,32.678436279296875,36.86000061035156,37.185001373291016,36.54499816894531,37.15999984741211,4247600
2011-07-27,30.976245880126953,34.939998626708984,36.59000015258789,34.61000061035156,36.54999923706055,7058200
2011-07-28,30.927488327026367,34.8849983215332,35.380001068115234,34.75,34.96500015258789,4883000
2011-07-29,30.971820831298828,34.935001373291016,35.04999923706055,34.189998626708984,34.505001068115234,5853600
2011-08-01,31.339746475219727,35.349998474121094,35.82500076293945,34.73500061035156,35.25,8041400
2011-08-02,31.19346046447754,35.185001373291016,37.244998931884766,35.14500045776367,36.35499954223633,13047200
2011-08-03,32.230716705322266,36.35499954223633,36.53499984741211,35.3849983215332,35.3849983215332,8725200
2011-08-04,30.493078231811523,34.39500045776367,35.94499969482422,34.369998931884766,35.69499969482422,8866600
2011-08-05,30.11629867553711,33.970001220703125,35.04999923706055,32.95000076293945,34.67499923706055,10671000
2011-08-08,27.297042846679688,30.790000915527344,33.48500061035156,30.774999618530273,32.78499984741211,11750800
2011-08-09,28.750995635986328,32.43000030517578,32.435001373291016,29.850000381469727,31.475000381469727,12854000
2011-08-10,26.96458625793457,30.415000915527344,31.9950008392334,30.280000686645508,31.709999084472656,10535600
2011-08-11,27.922069549560547,31.4950008392334,31.81999969482422,30.53499984741211,30.53499984741211,9990600
2011-08-12,28.6357479095459,32.29999923706055,32.46500015258789,31.049999237060547,31.635000228881836,6508800
2011-08-15,28.338748931884766,31.96500015258789,32.45500183105469,31.34000015258789,32.154998779296875,7357800
2011-08-16,27.806814193725586,31.364999771118164,31.690000534057617,30.809999465942383,31.614999771118164,8876800
2011-08-17,27.62063980102539,31.155000686645508,31.639999389648438,30.809999465942383,31.479999542236328,6514000
2011-08-18,24.140911102294922,27.229999542236328,30.18000030517578,26.96500015258789,30.014999389648438,20362000
2011-08-19,24.38471031188965,27.5049991607666,28.604999542236328,26.770000457763672,26.799999237060547,15848600
2011-08-22,25.03190040588379,28.235000610351562,29.28499984741211,28.0,28.28499984741211,12147600
2011-08-23,26.472553253173828,29.860000610351562,29.885000228881836,28.190000534057617,28.30500030517578,7860600
2011-08-24,26.78284454345703,30.209999084472656,30.5,29.399999618530273,29.709999084472656,7850200
2011-08-25,26.24204444885254,29.600000381469727,30.594999313354492,29.229999542236328,30.135000228881836,7423600
2011-08-26,26.969022750854492,30.420000076293945,30.674999237060547,29.05500030517578,29.510000228881836,8486000
2011-08-29,27.953096389770508,31.530000686645508,31.530000686645508,30.610000610351562,30.825000762939453,5089000
2011-08-30,27.837848663330078,31.399999618530273,31.614999771118164,30.875,31.364999771118164,4605000
2011-08-31,28.12596321105957,31.725000381469727,31.889999389648438,31.424999237060547,31.44499969482422,5994000
2011-09-01,27.975261688232422,31.55500030517578,32.39500045776367,31.424999237060547,32.23500061035156,7471000
2011-09-02,27.084272384643555,30.549999237060547,31.239999771118164,30.450000762939453,30.94499969482422,4820400
2011-09-06,26.760677337646484,30.184999465942383,30.229999542236328,29.075000762939453,29.645000457763672,6657000
2011-09-07,28.471742630004883,32.1150016784668,32.125,30.55500030517578,30.75,10611600
2011-09-08,27.49208641052246,31.010000228881836,32.2400016784668,30.635000228881836,31.93000030517578,7570000
2011-09-09,26.94685935974121,30.395000457763672,31.079999923706055,30.18000030517578,30.635000228881836,8727600
2011-09-12,27.261585235595703,30.75,30.760000228881836,29.815000534057617,29.915000915527344,7658400
2011-09-13,27.465492248535156,30.979999542236328,31.059999465942383,30.489999771118164,30.90999984741211,6477800
2011-09-14,28.338748931884766,31.96500015258789,32.33000183105469,31.125,31.204999923706055,11295800
2011-09-15,28.86181640625,32.55500030517578,32.650001525878906,32.084999084472656,32.30500030517578,6820800
2011-09-16,28.91944122314453,32.619998931884766,32.88999938964844,32.185001373291016,32.63999938964844,4927000
2011-09-19,28.38751220703125,32.02000045776367,32.279998779296875,31.704999923706055,32.095001220703125,5808800
2011-09-20,28.374208450317383,32.005001068115234,32.85499954223633,31.920000076293945,32.244998931884766,5349800
2011-09-21,27.860008239746094,31.424999237060547,32.64500045776367,31.405000686645508,32.06999969482422,5202200
2011-09-22,26.98675537109375,30.440000534057617,30.78499984741211,29.915000915527344,30.420000076293945,7615600
2011-09-23,27.72259521484375,31.270000457763672,31.520000457763672,30.0,30.229999542236328,5767400
2011-09-26,28.39194107055664,32.025001525878906,32.07500076293945,30.790000915527344,31.395000457763672,5379200
2011-09-27,29.48682975769043,33.2599983215332,34.2599983215332,32.505001068115234,32.65999984741211,8355600
2011-09-28,28.83521842956543,32.525001525878906,33.60499954223633,32.42499923706055,33.375,6538200
2011-09-29,28.83521842956543,32.525001525878906,33.439998626708984,31.934999465942383,33.099998474121094,5807200
2011-09-30,27.793514251708984,31.350000381469727,32.625,31.334999084472656,32.1150016784668,7263200
2011-10-03,27.19508934020996,30.674999237060547,31.75,30.420000076293945,31.149999618530273,7948600
2011-10-04,27.873310089111328,31.440000534057617,31.489999771118164,29.975000381469727,30.21500015258789,8482600
2011-10-05,28.267820358276367,31.885000228881836,32.0099983215332,31.084999084472656,31.450000762939453,5123600
2011-10-06,29.238609313964844,32.97999954223633,32.97999954223633,31.405000686645508,31.774999618530273,5047400
2011-10-07,29.087890625,32.810001373291016,33.310001373291016,32.48500061035156,33.0,4973000
2011-10-10,30.085268020629883,33.935001373291016,34.04999923706055,33.23500061035156,33.41999816894531,4561200
2011-10-11,29.912384033203125,33.7400016784668,34.095001220703125,33.2400016784668,33.69499969482422,6447600
2011-10-12,31.58797264099121,35.630001068115234,36.724998474121094,34.78499984741211,34.78499984741211,12542800
2011-10-13,31.481595993041992,35.5099983215332,35.665000915527344,35.040000915527344,35.5099983215332,4900200
2011-10-14,32.01352310180664,36.11000061035156,36.3650016784668,35.755001068115234,35.95500183105469,4331400
2011-10-17,31.62342643737793,35.66999816894531,36.20000076293945,35.314998626708984,36.119998931884766,4105400
2011-10-18,31.707653045654297,35.76499938964844,36.099998474121094,34.82500076293945,35.6349983215332,5724400
2011-10-19,31.16686248779297,35.154998779296875,35.88999938964844,34.994998931884766,35.595001220703125,3840200
2011-10-20,30.745744705200195,34.68000030517578,34.974998474121094,33.8849983215332,34.494998931884766,6236200
2011-10-21,31.126968383789062,35.11000061035156,35.275001525878906,34.77000045776367,35.025001525878906,5941200
2011-10-24,31.667760848999023,35.720001220703125,36.01499938964844,35.11000061035156,35.20500183105469,4400800
2011-10-25,31.08706283569336,35.064998626708984,35.76499938964844,34.959999084472656,35.65999984741211,3450800
2011-10-26,31.512619018554688,35.54499816894531,35.875,34.41999816894531,35.775001525878906,5167600
2011-10-27,33.94178771972656,38.28499984741211,38.720001220703125,36.81999969482422,37.14500045776367,8244600
2011-10-28,33.54282760620117,37.834999084472656,38.43000030517578,37.540000915527344,38.1150016784668,4471200
2011-10-31,32.24844741821289,36.375,37.349998474121094,36.165000915527344,37.290000915527344,7838000
2011-11-01,31.437253952026367,35.459999084472656,35.98500061035156,35.25,35.86000061035156,6007200
2011-11-02,30.993988037109375,34.959999084472656,35.46500015258789,33.8849983215332,34.06999969482422,12851800
2011-11-03,31.574674606323242,35.6150016784668,35.71500015258789,34.540000915527344,35.560001373291016,9534200
2011-11-04,31.401790618896484,35.41999816894531,35.56999969482422,34.81999969482422,35.33000183105469,4030000
2011-11-07,31.242219924926758,35.2400016784668,35.53499984741211,34.525001525878906,35.31999969482422,5083400
2011-11-08,31.632308959960938,35.68000030517578,35.959999084472656,35.26499938964844,35.5,4715400
2011-11-09,29.956710815429688,33.790000915527344,34.665000915527344,33.775001525878906,34.619998931884766,6656000
2011-11-10,29.85032844543457,33.66999816894531,34.345001220703125,33.26499938964844,34.0,6788600
2011-11-11,30.506385803222656,34.40999984741211,34.54999923706055,34.01499938964844,34.01499938964844,4183400
2011-11-14,29.965576171875,33.79999923706055,34.44499969482422,33.75,34.39500045776367,3595600
2011-11-15,30.838836669921875,34.78499984741211,34.92499923706055,33.66999816894531,33.75,6282200
2011-11-16,30.32020378112793,34.20000076293945,35.005001068115234,33.95500183105469,34.345001220703125,11754400
2011-11-17,29.76167869567871,33.56999969482422,34.3650016784668,33.380001068115234,34.09000015258789,5498000
2011-11-18,29.35828971862793,33.1150016784668,33.630001068115234,32.85499954223633,33.42499923706055,4702600
2011-11-21,28.68450164794922,32.35499954223633,32.60499954223633,31.850000381469727,32.5,4268800
2011-11-22,28.888412475585938,32.584999084472656,32.82500076293945,32.02000045776367,32.11000061035156,4916400
2011-11-23,27.461061477661133,30.975000381469727,32.25,30.96500015258789,32.220001220703125,6269600
2011-11-25,27.695993423461914,31.239999771118164,31.674999237060547,30.760000228881836,30.760000228881836,2159800
2011-11-28,28.67563819885254,32.345001220703125,32.5,31.489999771118164,31.489999771118164,5040000
2011-11-29,28.715534210205078,32.38999938964844,33.21500015258789,32.1150016784668,32.724998474121094,4989200
2011-11-30,29.854761123657227,33.67499923706055,33.85499954223633,33.29499816894531,33.349998474121094,7226600
2011-12-01,29.961153030395508,33.79499816894531,33.91999816894531,33.27000045776367,33.540000915527344,4532000
2011-12-02,30.364521026611328,34.25,34.66999816894531,33.900001525878906,34.084999084472656,5167000
2011-12-05,31.011716842651367,34.97999954223633,35.41999816894531,34.31999969482422,34.880001068115234,7172800
2011-12-06,30.98067283630371,34.94499969482422,35.30500030517578,34.64500045776367,35.189998626708984,4207600
2011-12-07,30.927488327026367,34.8849983215332,35.04999923706055,33.880001068115234,34.71500015258789,4693200
2011-12-08,29.85032844543457,33.66999816894531,34.57500076293945,33.564998626708984,34.529998779296875,5451800
2011-12-09,30.754606246948242,34.689998626708984,34.84000015258789,33.775001525878906,33.880001068115234,3951600
2011-12-12,29.8946590423584,33.720001220703125,34.25,33.505001068115234,34.224998474121094,3982800
2011-12-13,29.65972328186035,33.45500183105469,34.34000015258789,33.209999084472656,33.875,3483800
2011-12-14,28.8485164642334,32.540000915527344,33.26499938964844,32.404998779296875,33.125,4200400
2011-12-15,29.052431106567383,32.77000045776367,33.334999084472656,32.69499969482422,32.95500183105469,4594200
2011-12-16,29.030263900756836,32.744998931884766,33.525001525878906,32.60499954223633,32.68000030517578,8933800
2011-12-19,28.436267852783203,32.07500076293945,33.30500030517578,31.975000381469727,32.959999084472656,3681400
2011-12-20,29.978878021240234,33.814998626708984,33.900001525878906,32.599998474121094,32.724998474121094,4634000
2011-12-21,28.139270782470703,31.739999771118164,33.314998626708984,31.25,33.20500183105469,10335600
2011-12-22,28.458423614501953,32.099998474121094,32.38999938964844,31.854999542236328,31.864999771118164,4089400
2011-12-23,28.618013381958008,32.279998779296875,32.3849983215332,32.06999969482422,32.33000183105469,2309200
2011-12-27,28.454002380371094,32.095001220703125,32.439998626708984,32.0099983215332,32.189998626708984,2102000
2011-12-28,28.00185775756836,31.584999084472656,32.290000915527344,31.4950008392334,32.03499984741211,3105200
2011-12-29,28.21906089782715,31.829999923706055,31.850000381469727,31.479999542236328,31.719999313354492,2759600
2011-12-30,28.507190704345703,32.154998779296875,32.32500076293945,31.735000610351562,31.735000610351562,3196800
2012-01-03,29.13221549987793,32.86000061035156,33.79999923706055,32.78499984741211,33.31999969482422,5370200
2012-01-04,29.238609313964844,32.97999954223633,33.060001373291016,32.459999084472656,32.79999923706055,3759600
2012-01-05,29.828168869018555,33.64500045776367,33.775001525878906,32.474998474121094,32.79999923706055,6832400
2012-01-06,29.43808364868164,33.20500183105469,33.78499984741211,33.10499954223633,33.625,4095400
2012-01-09,29.540027618408203,33.31999969482422,33.5,33.01499938964844,33.31999969482422,4280400
2012-01-10,30.92306900024414,34.880001068115234,35.084999084472656,33.70500183105469,33.7400016784668,9097800
2012-01-11,31.1535587310791,35.13999938964844,35.36000061035156,34.68000030517578,34.85499954223633,6117400
2012-01-12,30.63492774963379,34.55500030517578,34.650001525878906,33.625,33.77000045776367,9153400
2012-01-13,30.293594360351562,34.16999816894531,34.52000045776367,33.80500030517578,34.474998474121094,4402800
2012-01-17,30.333498001098633,34.21500015258789,34.96500015258789,34.099998474121094,34.814998626708984,3972000
2012-01-18,30.741321563720703,34.67499923706055,34.68000030517578,33.875,34.06999969482422,3956600
2012-01-19,30.94965171813965,34.90999984741211,35.439998626708984,34.79999923706055,34.89500045776367,4061200
2012-01-20,31.10478973388672,35.084999084472656,35.375,34.849998474121094,34.915000915527344,4696600
2012-01-23,31.29984474182129,35.30500030517578,35.45500183105469,34.994998931884766,35.17499923706055,5159800
2012-01-24,31.552505493164062,35.59000015258789,35.650001525878906,35.0099983215332,35.16999816894531,2971800
2012-01-25,31.814048767089844,35.8849983215332,35.974998474121094,35.16999816894531,35.67499923706055,3324000
2012-01-26,31.574674606323242,35.6150016784668,36.2400016784668,35.43000030517578,35.994998931884766,2777400
2012-01-27,31.618995666503906,35.665000915527344,35.84000015258789,35.3849983215332,35.54499816894531,2223800
2012-01-30,31.46828269958496,35.494998931884766,35.599998474121094,35.17499923706055,35.275001525878906,1974000
2012-01-31,31.80517578125,35.875,35.974998474121094,35.494998931884766,35.650001525878906,2796400
2012-02-01,32.345985412597656,36.48500061035156,36.69499969482422,36.064998626708984,36.34000015258789,4709800
2012-02-02,32.18639373779297,36.30500030517578,36.83000183105469,36.21500015258789,36.59000015258789,2904000
2012-02-03,32.514427185058594,36.67499923706055,37.095001220703125,36.6150016784668,36.79499816894531,3323400
2012-02-06,32.08002471923828,36.185001373291016,36.54999923706055,36.029998779296875,36.3849983215332,4916400
2012-02-07,31.92044448852539,36.005001068115234,36.54999923706055,35.48500061035156,36.28499984741211,6617800
2012-02-08,31.361896514892578,35.375,36.334999084472656,34.82500076293945,34.880001068115234,12996800
2012-02-09,31.33087730407715,35.34000015258789,35.849998474121094,35.150001525878906,35.494998931884766,5233800
2012-02-10,31.06491470336914,35.040000915527344,35.220001220703125,34.79999923706055,35.150001525878906,5383600
2012-02-13,31.31757354736328,35.32500076293945,35.459999084472656,35.005001068115234,35.189998626708984,3572600
2012-02-14,31.361896514892578,35.375,35.38999938964844,34.900001525878906,35.18000030517578,3387200
2012-02-15,31.348609924316406,35.36000061035156,35.779998779296875,35.04999923706055,35.5099983215332,5944200
2012-02-16,31.898269653320312,35.97999954223633,36.029998779296875,35.29499816894531,35.29499816894531,3502200
2012-02-17,31.5081844329834,35.540000915527344,36.15999984741211,35.34000015258789,35.9900016784668,4981200
2012-02-21,31.29984474182129,35.30500030517578,35.78499984741211,35.25,35.64500045776367,3630200
2012-02-22,31.534788131713867,35.56999969482422,35.689998626708984,35.21500015258789,35.22999954223633,2917000
2012-02-23,31.29541015625,35.29999923706055,35.540000915527344,35.099998474121094,35.5,4333800
2012-02-24,31.995798110961914,36.09000015258789,36.15999984741211,35.4900016784668,35.505001068115234,4616200
2012-02-27,31.91600227355957,36.0,36.189998626708984,35.619998931884766,35.79499816894531,2869000
2012-02-28,31.716514587402344,35.775001525878906,36.22999954223633,35.6150016784668,36.220001220703125,2963400
2012-02-29,31.450563430786133,35.474998474121094,35.900001525878906,35.46500015258789,35.84000015258789,3431200
2012-03-01,31.63673210144043,35.685001373291016,35.814998626708984,35.505001068115234,35.724998474121094,3173000
2012-03-02,31.62342643737793,35.66999816894531,35.81999969482422,35.40999984741211,35.75,2891000
2012-03-05,31.667760848999023,35.720001220703125,35.810001373291016,35.474998474121094,35.5,3781400
2012-03-06,31.202320098876953,35.19499969482422,35.68000030517578,35.08000183105469,35.38999938964844,4129400
2012-03-07,31.512619018554688,35.54499816894531,35.63999938964844,35.084999084472656,35.310001373291016,2440400
2012-03-08,32.297218322753906,36.43000030517578,36.51499938964844,35.720001220703125,35.75,3785000
2012-03-09,32.22629165649414,36.349998474121094,36.494998931884766,36.21500015258789,36.41999816894531,3464400
2012-03-12,32.27062225341797,36.400001525878906,36.4900016784668,35.994998931884766,36.2400016784668,2289400
2012-03-13,33.52511215209961,37.814998626708984,37.81999969482422,36.47999954223633,36.5,6965600
2012-03-14,33.383262634277344,37.654998779296875,37.95500183105469,37.4900016784668,37.75,4518200
2012-03-15,33.804359436035156,38.130001068115234,38.17499923706055,37.525001525878906,37.54999923706055,3985600
2012-03-16,34.09251022338867,38.45500183105469,38.51499938964844,38.25,38.290000915527344,6825000
2012-03-19,33.77333068847656,38.095001220703125,38.45000076293945,37.970001220703125,38.33000183105469,2478200
2012-03-20,33.58716583251953,37.8849983215332,37.92499923706055,37.5,37.814998626708984,3040200
2012-03-21,34.10578536987305,38.470001220703125,38.51499938964844,37.75,37.86000061035156,3813400
2012-03-22,33.85312271118164,38.185001373291016,38.27000045776367,37.875,38.20500183105469,4008400
2012-03-23,33.8575553894043,38.189998626708984,38.4900016784668,37.86000061035156,38.26499938964844,3742000
2012-03-26,34.429386138916016,38.834999084472656,38.845001220703125,38.13999938964844,38.3849983215332,2891200
2012-03-27,34.31413269042969,38.70500183105469,39.0,38.66999816894531,38.970001220703125,2858000
2012-03-28,33.86642074584961,38.20000076293945,38.6150016784668,38.025001525878906,38.6150016784668,3154000
2012-03-29,33.82210159301758,38.150001525878906,38.185001373291016,37.70500183105469,37.9900016784668,3174200
2012-03-30,34.110225677490234,38.474998474121094,38.654998779296875,37.9900016784668,38.474998474121094,3624200
2012-04-02,34.1368293762207,38.505001068115234,38.92499923706055,38.05500030517578,38.36000061035156,3902000
2012-04-03,33.8265266418457,38.154998779296875,38.45500183105469,37.88999938964844,38.334999084472656,3424800
2012-04-04,33.8132209777832,38.13999938964844,38.25,37.68000030517578,37.77000045776367,3347800
2012-04-05,34.26093673706055,38.64500045776367,38.65999984741211,37.88999938964844,38.029998779296875,3091600
2012-04-09,33.64921569824219,37.95500183105469,38.084999084472656,37.66999816894531,38.040000915527344,3219600
2012-04-10,33.16604995727539,37.40999984741211,37.974998474121094,37.32500076293945,37.8650016784668,4775400
2012-04-11,33.40984344482422,37.685001373291016,38.21500015258789,37.494998931884766,37.625,3707000
2012-04-12,34.02600860595703,38.380001068115234,38.42499923706055,37.79999923706055,37.8849983215332,3329400
2012-04-13,32.713905334472656,36.900001525878906,37.64500045776367,36.599998474121094,36.939998626708984,12157600
2012-04-16,32.22629165649414,36.349998474121094,37.209999084472656,36.21500015258789,37.040000915527344,5433800
2012-04-17,32.91338348388672,37.125,37.310001373291016,36.51499938964844,36.595001220703125,3953800
2012-04-18,32.21300506591797,36.334999084472656,36.98500061035156,36.220001220703125,36.86000061035156,4364000
2012-04-19,31.87166976928711,35.95000076293945,36.564998626708984,35.779998779296875,36.255001068115234,5159800
2012-04-20,31.74311637878418,35.80500030517578,36.2599983215332,35.790000915527344,36.099998474121094,4931400
2012-04-23,31.814048767089844,35.8849983215332,36.05500030517578,34.98500061035156,35.45000076293945,7096200
2012-04-24,32.0888786315918,36.19499969482422,36.625,35.939998626708984,36.064998626708984,4830800
2012-04-25,31.964759826660156,36.05500030517578,36.494998931884766,35.834999084472656,36.099998474121094,5031200
2012-04-26,32.53659439086914,36.70000076293945,36.915000915527344,35.880001068115234,36.029998779296875,3941800
2012-04-27,32.793704986572266,36.9900016784668,37.30500030517578,36.439998626708984,36.959999084472656,2414800
2012-04-30,32.50556182861328,36.665000915527344,37.0,36.439998626708984,36.935001373291016,3159800
2012-05-01,32.5277214050293,36.689998626708984,37.084999084472656,36.43000030517578,36.654998779296875,2694600
2012-05-02,32.28835678100586,36.41999816894531,36.58000183105469,36.150001525878906,36.3650016784668,3434600
2012-05-03,31.512619018554688,35.54499816894531,36.400001525878906,35.47999954223633,36.400001525878906,4886000
2012-05-04,30.878738403320312,34.83000183105469,35.34000015258789,34.76499938964844,35.25,6636000
2012-05-07,24.956539154052734,28.149999618530273,30.625,27.850000381469727,30.5,76133200
2012-05-08,26.72965431213379,30.149999618530273,30.2549991607666,28.584999084472656,28.719999313354492,28907800
2012-05-09,26.85820198059082,30.295000076293945,30.385000228881836,29.295000076293945,29.53499984741211,10455000
2012-05-10,27.06210708618164,30.524999618530273,30.59000015258789,30.0,30.46500015258789,10646200
2012-05-11,27.168493270874023,30.645000457763672,30.80500030517578,30.25,30.454999923706055,8722400
2012-05-14,26.614395141601562,30.020000457763672,30.440000534057617,29.989999771118164,30.2450008392334,6643000
2012-05-15,27.128597259521484,30.600000381469727,31.020000457763672,30.110000610351562,30.114999771118164,8837000
2012-05-16,26.760677337646484,30.184999465942383,30.75,30.155000686645508,30.559999465942383,6995800
2012-05-17,26.352863311767578,29.725000381469727,30.28499984741211,29.684999465942383,30.18000030517578,7490400
2012-05-18,26.432653427124023,29.815000534057617,30.18000030517578,29.684999465942383,29.895000457763672,10419800
2012-05-21,27.075410842895508,30.540000915527344,30.774999618530273,29.704999923706055,29.96500015258789,6796000
2012-05-22,27.008914947509766,30.46500015258789,30.795000076293945,30.25,30.549999237060547,4914200
2012-05-23,27.159626007080078,30.635000228881836,30.790000915527344,29.905000686645508,30.165000915527344,5508200
2012-05-24,26.64542579650879,30.05500030517578,30.889999389648438,29.65999984741211,30.774999618530273,8176000
2012-05-25,26.59666633605957,30.0,30.190000534057617,29.850000381469727,30.059999465942383,4415200
2012-05-29,27.039949417114258,30.5,30.790000915527344,30.094999313354492,30.094999313354492,4183200
2012-05-30,26.09132957458496,29.43000030517578,30.25,29.05500030517578,30.25,9456400
2012-05-31,25.820932388305664,29.125,29.454999923706055,28.5,29.454999923706055,6999600
2012-06-01,25.22250747680664,28.450000762939453,28.625,28.174999237060547,28.434999465942383,6815600
2012-06-04,25.6790828704834,28.96500015258789,29.0049991607666,28.479999542236328,28.639999389648438,4327000
2012-06-05,25.86969757080078,29.18000030517578,29.344999313354492,28.639999389648438,28.780000686645508,4626000
2012-06-06,26.64542579650879,30.05500030517578,30.3700008392334,29.3700008392334,29.565000534057617,5248200
2012-06-07,26.29967498779297,29.665000915527344,30.454999923706055,29.579999923706055,30.454999923706055,4743800
2012-06-08,26.08689308166504,29.424999237060547,29.65999984741211,29.174999237060547,29.5,6524200
2012-06-11,25.736709594726562,29.030000686645508,29.795000076293945,28.975000381469727,29.565000534057617,5588800
2012-06-12,25.989377975463867,29.315000534057617,29.475000381469727,28.934999465942383,29.020000457763672,4523000
2012-06-13,25.980512619018555,29.30500030517578,29.559999465942383,29.059999465942383,29.155000686645508,5794600
2012-06-14,26.19328498840332,29.545000076293945,29.674999237060547,28.920000076293945,29.260000228881836,5295200
2012-06-15,26.81830596923828,30.25,30.30500030517578,29.454999923706055,29.625,6944600
2012-06-18,26.565635681152344,29.96500015258789,30.25,29.854999542236328,30.1299991607666,4633000
2012-06-19,26.76954460144043,30.19499969482422,30.440000534057617,30.065000534057617,30.200000762939453,3583600
2012-06-20,26.751813888549805,30.174999237060547,30.3799991607666,29.770000457763672,30.239999771118164,3887000
2012-06-21,25.696819305419922,28.985000610351562,30.364999771118164,28.954999923706055,30.225000381469727,5063800
2012-06-22,25.91844940185547,29.235000610351562,29.299999237060547,28.93000030517578,29.09000015258789,4025200
2012-06-25,25.66578483581543,28.950000762939453,29.184999465942383,28.7450008392334,28.90999984741211,5061800
2012-06-26,25.240238189697266,28.469999313354492,28.545000076293945,27.844999313354492,27.915000915527344,7430800
2012-06-27,25.5372314453125,28.80500030517578,29.235000610351562,28.575000762939453,28.635000228881836,4269800
2012-06-28,24.912220001220703,28.100000381469727,28.700000762939453,27.625,28.635000228881836,7550800
2012-06-29,26.59666633605957,30.0,30.0,29.030000686645508,29.09000015258789,5287400
2012-07-02,26.32626724243164,29.69499969482422,30.270000457763672,29.514999389648438,30.149999618530273,4326400
2012-07-03,26.48584747314453,29.875,30.110000610351562,29.559999465942383,29.709999084472656,1427200
2012-07-05,26.69419288635254,30.110000610351562,30.274999618530273,29.670000076293945,29.71500015258789,2717600
2012-07-06,25.559396743774414,28.829999923706055,29.780000686645508,28.364999771118164,29.75,6010000
2012-07-09,25.42641830444336,28.68000030517578,29.020000457763672,28.434999465942383,28.81999969482422,3714000
2012-07-10,24.907772064208984,28.094999313354492,29.145000457763672,27.989999771118164,28.80500030517578,5290400
2012-07-11,25.054059982299805,28.260000228881836,28.729999542236328,27.969999313354492,28.19499969482422,4144200
2012-07-12,24.535419464111328,27.674999237060547,27.774999618530273,26.959999084472656,27.274999618530273,12802200
2012-07-13,25.3820858001709,28.6299991607666,28.68000030517578,27.635000228881836,27.690000534057617,5672400
2012-07-16,25.825361251831055,29.1299991607666,29.174999237060547,28.454999923706055,28.639999389648438,6274400
2012-07-17,25.789899826049805,29.09000015258789,29.40999984741211,28.700000762939453,29.3700008392334,4118600
2012-07-18,26.290807723999023,29.655000686645508,29.78499984741211,28.950000762939453,29.059999465942383,3042000
2012-07-19,26.135656356811523,29.479999542236328,30.024999618530273,29.424999237060547,29.8799991607666,3457000
2012-07-20,25.40868377685547,28.65999984741211,29.479999542236328,28.625,29.479999542236328,5125800
2012-07-23,25.040760040283203,28.2450008392334,28.3700008392334,27.75,28.1299991607666,3924800
2012-07-24,24.668405532836914,27.825000762939453,28.3700008392334,27.59000015258789,28.28499984741211,3806600
2012-07-25,24.867881774902344,28.049999237060547,28.325000762939453,27.790000915527344,27.790000915527344,3987600
2012-07-26,25.249099731445312,28.479999542236328,28.94499969482422,28.280000686645508,28.610000610351562,4339400
2012-07-27,25.94504737854004,29.264999389648438,29.485000610351562,28.59000015258789,28.809999465942383,5567600
2012-07-30,25.404253005981445,28.655000686645508,29.540000915527344,28.56999969482422,29.2450008392334,3994200
2012-07-31,25.16488265991211,28.385000228881836,28.860000610351562,28.350000381469727,28.725000381469727,5368200
2012-08-01,24.938804626464844,28.1299991607666,28.709999084472656,28.084999084472656,28.55500030517578,4387800
2012-08-02,24.947677612304688,28.139999389648438,28.385000228881836,27.764999389648438,27.969999313354492,9230400
2012-08-03,25.648048400878906,28.93000030517578,29.170000076293945,28.235000610351562,28.350000381469727,10088200
2012-08-06,28.46286964416504,32.10499954223633,32.7400016784668,31.625,32.0,17712000
2012-08-07,28.281126022338867,31.899999618530273,32.380001068115234,31.84000015258789,32.099998474121094,8458200
2012-08-08,28.547094345092773,32.20000076293945,32.34000015258789,31.610000610351562,31.700000762939453,4269200
2012-08-09,28.5648193359375,32.220001220703125,32.439998626708984,32.0099983215332,32.025001525878906,4700200
2012-08-10,28.799762725830078,32.48500061035156,32.56999969482422,32.040000915527344,32.04499816894531,3252600
2012-08-13,28.78646469116211,32.470001220703125,32.4900016784668,32.2599983215332,32.30500030517578,4030000
2012-08-14,28.507190704345703,32.154998779296875,32.5,31.96500015258789,32.5,4019800
2012-08-15,28.250097274780273,31.864999771118164,32.33000183105469,31.774999618530273,32.25,4031800
2012-08-16,28.7775936126709,32.459999084472656,32.53499984741211,31.815000534057617,31.924999237060547,4853600
2012-08-17,28.58255386352539,32.2400016784668,32.595001220703125,32.13999938964844,32.595001220703125,3808000
2012-08-20,28.418540954589844,32.05500030517578,32.25,31.84000015258789,32.224998474121094,3696400
2012-08-21,28.5648193359375,32.220001220703125,32.630001068115234,32.01499938964844,32.244998931884766,4682800
2012-08-22,28.737701416015625,32.415000915527344,32.439998626708984,31.93000030517578,32.150001525878906,2624000
2012-08-23,28.808622360229492,32.494998931884766,32.82500076293945,32.209999084472656,32.209999084472656,4038800
2012-08-24,28.750995635986328,32.43000030517578,32.59000015258789,32.18000030517578,32.34000015258789,2854200
2012-08-27,28.61358642578125,32.275001525878906,32.494998931884766,32.15999984741211,32.474998474121094,2593400
2012-08-28,28.555957794189453,32.209999084472656,32.375,32.08000183105469,32.2599983215332,2244400
2012-08-29,28.69337272644043,32.3650016784668,32.45000076293945,32.130001068115234,32.2400016784668,2441000
2012-08-30,28.29442024230957,31.915000915527344,32.32500076293945,31.8799991607666,32.25,2677800
2012-08-31,28.493894577026367,32.13999938964844,32.5,31.895000457763672,32.28499984741211,3283400
2012-09-04,28.467300415039062,32.11000061035156,32.435001373291016,31.834999084472656,32.154998779296875,4168000
2012-09-05,28.31215476989746,31.934999465942383,32.189998626708984,31.684999465942383,32.130001068115234,3911600
2012-09-06,29.22974395751953,32.970001220703125,32.9900016784668,32.165000915527344,32.21500015258789,5893400
2012-09-07,29.788272857666016,33.599998474121094,33.709999084472656,32.81999969482422,32.970001220703125,7043600
2012-09-10,29.619829177856445,33.40999984741211,33.90999984741211,33.25,33.90999984741211,5143200
2012-09-11,29.814861297607422,33.630001068115234,33.68000030517578,33.349998474121094,33.36000061035156,3192400
2012-09-12,30.231542587280273,34.099998474121094,34.334999084472656,33.55500030517578,33.720001220703125,5992800
2012-09-13,31.04718017578125,35.02000045776367,35.06999969482422,33.71500015258789,34.04999923706055,6447000
2012-09-14,31.47272491455078,35.5,35.724998474121094,34.76499938964844,34.80500030517578,10618200
2012-09-17,30.608327865600586,34.525001525878906,35.4900016784668,34.459999084472656,35.40999984741211,6172600
2012-09-18,30.45317840576172,34.349998474121094,34.619998931884766,34.26499938964844,34.48500061035156,3336000
2012-09-19,30.413280487060547,34.30500030517578,34.595001220703125,34.21500015258789,34.56999969482422,5212800
2012-09-20,30.25370979309082,34.125,34.2400016784668,33.95000076293945,34.08000183105469,4151200
2012-09-21,30.413280487060547,34.30500030517578,34.744998931884766,34.244998931884766,34.459999084472656,7788200
2012-09-24,30.3468017578125,34.22999954223633,34.43000030517578,34.04999923706055,34.10499954223633,5145800
2012-09-25,30.102994918823242,33.95500183105469,34.45000076293945,33.900001525878906,34.41999816894531,4011600
2012-09-26,30.089689254760742,33.939998626708984,34.13999938964844,33.59000015258789,33.91999816894531,3573000
2012-09-27,30.46205711364746,34.36000061035156,34.52000045776367,33.98500061035156,33.98500061035156,4100400
2012-09-28,30.98067283630371,34.94499969482422,35.57500076293945,34.58000183105469,34.64500045776367,6430000
2012-10-01,31.583541870117188,35.625,35.70500183105469,34.959999084472656,35.154998779296875,7042000
2012-10-02,31.530353546142578,35.564998626708984,35.75,35.415000915527344,35.7400016784668,4711200
2012-10-03,31.712095260620117,35.77000045776367,35.875,35.54499816894531,35.67499923706055,3385800
2012-10-04,31.840648651123047,35.915000915527344,35.95500183105469,35.55500030517578,35.779998779296875,2380200
2012-10-05,31.836206436157227,35.90999984741211,36.3650016784668,35.7599983215332,36.0,4081400
2012-10-08,31.627870559692383,35.67499923706055,35.91999816894531,35.39500045776367,35.685001373291016,2675400
2012-10-09,31.016164779663086,34.98500061035156,35.77000045776367,34.98500061035156,35.53499984741211,4781800
2012-10-10,30.745744705200195,34.68000030517578,35.08000183105469,34.5099983215332,34.98500061035156,4412800
2012-10-11,30.954092025756836,34.915000915527344,35.189998626708984,34.75,34.9900016784668,4206200
2012-10-12,30.82553482055664,34.77000045776367,35.040000915527344,34.1349983215332,34.46500015258789,3871400
2012-10-15,30.9408016204834,34.900001525878906,35.02000045776367,34.60499954223633,35.005001068115234,3385200
2012-10-16,31.1402645111084,35.125,35.23500061035156,34.779998779296875,34.994998931884766,2435200
2012-10-17,30.82553482055664,34.77000045776367,34.974998474121094,34.060001373291016,34.92499923706055,5947600
2012-10-18,30.75017738342285,34.685001373291016,34.79499816894531,34.459999084472656,34.7599983215332,5315200
2012-10-19,30.484216690063477,34.3849983215332,34.89500045776367,34.2599983215332,34.689998626708984,7647600
2012-10-22,30.945219039916992,34.904998779296875,34.994998931884766,34.224998474121094,34.51499938964844,3571200
2012-10-23,30.847700119018555,34.79499816894531,34.880001068115234,34.40999984741211,34.5,4439600
2012-10-24,30.408857345581055,34.29999923706055,35.0,34.28499984741211,34.95500183105469,4116600
2012-10-25,30.21824836730957,34.084999084472656,34.81999969482422,33.95000076293945,34.70000076293945,3494600
2012-10-26,29.579923629760742,33.3650016784668,34.220001220703125,33.099998474121094,34.04999923706055,5894200
2012-10-31,29.544462203979492,33.32500076293945,33.685001373291016,32.970001220703125,33.44499969482422,6260200
2012-11-01,29.79269790649414,33.60499954223633,33.720001220703125,33.290000915527344,33.439998626708984,6780600
2012-11-02,29.32282829284668,33.07500076293945,33.994998931884766,33.05500030517578,33.76499938964844,5600000
2012-11-05,29.26519203186035,33.0099983215332,33.34000015258789,32.755001068115234,33.060001373291016,5354800
2012-11-06,29.854761123657227,33.67499923706055,33.69499969482422,33.02000045776367,33.29999923706055,5473600
2012-11-07,29.67300796508789,33.470001220703125,34.404998779296875,32.95000076293945,34.05500030517578,7944600
2012-11-08,28.9327449798584,32.6349983215332,33.790000915527344,32.619998931884766,33.07500076293945,5682800
2012-11-09,29.256332397460938,33.0,33.41999816894531,32.54499816894531,32.625,6768400
2012-11-12,29.234169006347656,32.974998474121094,33.27000045776367,32.70000076293945,33.11000061035156,3354400
2012-11-13,28.937175750732422,32.63999938964844,32.959999084472656,32.36000061035156,32.810001373291016,3716800
2012-11-14,28.498332977294922,32.14500045776367,32.755001068115234,32.099998474121094,32.650001525878906,5842600
2012-11-15,28.817493438720703,32.505001068115234,32.61000061035156,32.279998779296875,32.47999954223633,5313000
2012-11-16,29.141075134277344,32.869998931884766,32.970001220703125,32.47999954223633,32.4900016784668,5934400
2012-11-19,29.32282829284668,33.07500076293945,33.400001525878906,32.98500061035156,33.209999084472656,4579800
2012-11-20,28.963769912719727,32.66999816894531,33.04999923706055,32.255001068115234,32.89500045776367,6865600
2012-11-21,29.039133071899414,32.755001068115234,32.994998931884766,32.63999938964844,32.83000183105469,2374800
2012-11-23,29.469112396240234,33.2400016784668,33.25,32.650001525878906,33.02000045776367,2174000
2012-11-26,29.25189971923828,32.994998931884766,33.23500061035156,32.54999923706055,33.04999923706055,3896400
2012-11-27,29.052431106567383,32.77000045776367,33.08000183105469,32.60499954223633,32.78499984741211,3561600
2012-11-28,29.114486694335938,32.84000015258789,32.93000030517578,32.310001373291016,32.54999923706055,3570200
2012-11-29,29.752805709838867,33.560001373291016,33.68000030517578,33.064998626708984,33.07500076293945,6077400
2012-11-30,29.80156898498535,33.6150016784668,33.71500015258789,33.20000076293945,33.459999084472656,5776800
2012-12-03,29.690744400024414,33.4900016784668,34.165000915527344,33.470001220703125,33.76499938964844,5570800
2012-12-04,29.76167869567871,33.56999969482422,33.650001525878906,33.15999984741211,33.525001525878906,3035600
2012-12-05,30.918636322021484,34.875,35.07500076293945,33.834999084472656,34.29999923706055,7571400
2012-12-06,31.016164779663086,34.98500061035156,35.025001525878906,34.564998626708984,34.8650016784668,5650000
2012-12-07,31.171295166015625,35.15999984741211,35.185001373291016,34.724998474121094,35.154998779296875,4345600
2012-12-10,31.459421157836914,35.48500061035156,35.5,34.98500061035156,34.98500061035156,4846800
2012-12-11,32.03567886352539,36.1349983215332,36.345001220703125,35.45000076293945,35.5,5973600
2012-12-12,32.004661560058594,36.099998474121094,36.27000045776367,35.935001373291016,36.17499923706055,3381000
2012-12-13,31.955890655517578,36.04499816894531,36.4900016784668,35.80500030517578,35.8849983215332,4343800
2012-12-14,32.150936126708984,36.26499938964844,36.380001068115234,35.974998474121094,36.025001525878906,3685600
2012-12-17,32.33269119262695,36.470001220703125,36.5,36.165000915527344,36.310001373291016,4403200
2012-12-18,32.917808532714844,37.130001068115234,37.30500030517578,36.45500183105469,36.564998626708984,4816000
2012-12-19,32.47896957397461,36.6349983215332,37.435001373291016,36.60499954223633,37.36000061035156,4389400
2012-12-20,32.678436279296875,36.86000061035156,36.88999938964844,35.775001525878906,36.400001525878906,5648200
2012-12-21,32.682865142822266,36.8650016784668,37.05500030517578,35.93000030517578,36.5,9828400
2012-12-24,32.514427185058594,36.67499923706055,36.78499984741211,36.35499954223633,36.61000061035156,1605600
2012-12-26,32.42576599121094,36.57500076293945,36.85499954223633,36.39500045776367,36.654998779296875,1933400
2012-12-27,32.35927963256836,36.5,36.724998474121094,35.93000030517578,36.560001373291016,3154600
2012-12-28,32.05342102050781,36.154998779296875,36.38999938964844,36.06999969482422,36.2400016784668,2277600
2012-12-31,32.74935531616211,36.939998626708984,37.025001525878906,36.07500076293945,36.13999938964844,4402600
2013-01-02,33.75117492675781,38.06999969482422,38.095001220703125,37.22999954223633,37.72999954223633,4879200
2013-01-03,33.40541458129883,37.68000030517578,38.28499984741211,37.540000915527344,38.28499984741211,4884800
2013-01-04,33.325618743896484,37.59000015258789,37.86000061035156,37.43000030517578,37.86000061035156,3537400
2013-01-07,33.4719123840332,37.755001068115234,37.81999969482422,37.20000076293945,37.529998779296875,3521400
2013-01-08,33.024200439453125,37.25,37.82500076293945,37.14500045776367,37.814998626708984,3699800
2013-01-09,32.98430252075195,37.20500183105469,37.75,37.05500030517578,37.709999084472656,4009600
2013-01-10,33.268009185791016,37.525001525878906,37.64500045776367,37.07500076293945,37.36000061035156,4474400
2013-01-11,34.78400421142578,39.23500061035156,39.28499984741211,38.6349983215332,38.82500076293945,7848000
2013-01-14,34.77512741088867,39.224998474121094,39.470001220703125,39.01499938964844,39.03499984741211,4209600
2013-01-15,34.64659881591797,39.08000183105469,39.165000915527344,38.8650016784668,39.0099983215332,2598200
2013-01-16,34.58453369140625,39.0099983215332,39.10499954223633,38.82500076293945,38.97999954223633,2786600
2013-01-17,34.80617904663086,39.2599983215332,39.34000015258789,38.95000076293945,39.040000915527344,2834800
2013-01-18,35.160797119140625,39.65999984741211,39.77000045776367,39.01499938964844,39.1150016784668,6229000
2013-01-22,34.6643180847168,39.099998474121094,39.71500015258789,38.86000061035156,39.59000015258789,4705600
2013-01-23,34.46928405761719,38.880001068115234,39.45500183105469,38.68000030517578,39.290000915527344,4352400
2013-01-24,34.10136413574219,38.46500015258789,39.13999938964844,38.3849983215332,38.755001068115234,5709800
2013-01-25,34.41165542602539,38.814998626708984,38.94499969482422,38.38999938964844,38.7400016784668,5113000
2013-01-28,34.460426330566406,38.869998931884766,39.084999084472656,38.81999969482422,38.875,3642800
2013-01-29,34.531333923339844,38.95000076293945,38.9900016784668,38.5099983215332,38.790000915527344,2964400
2013-01-30,34.58453369140625,39.0099983215332,39.185001373291016,38.724998474121094,38.915000915527344,2891000
2013-01-31,34.65545654296875,39.09000015258789,39.27000045776367,38.75,38.959999084472656,3228400
2013-02-01,35.01008224487305,39.4900016784668,39.525001525878906,39.04499816894531,39.47999954223633,3117000
2013-02-04,34.47370910644531,38.8849983215332,39.5099983215332,38.8849983215332,39.42499923706055,3278400
2013-02-05,34.726375579833984,39.16999816894531,39.255001068115234,38.60499954223633,38.96500015258789,5332600
2013-02-06,33.80879592895508,38.1349983215332,39.0,37.89500045776367,38.869998931884766,7431400
2013-02-07,34.80173110961914,39.255001068115234,39.314998626708984,37.630001068115234,38.3650016784668,10421600
2013-02-08,34.899261474609375,39.3650016784668,39.6150016784668,39.04999923706055,39.4900016784668,4520200
2013-02-11,34.185585021972656,38.560001373291016,39.32500076293945,38.494998931884766,39.27000045776367,3191800
2013-02-12,33.955074310302734,38.29999923706055,38.57500076293945,38.25,38.560001373291016,3078400
2013-02-13,33.8575553894043,38.189998626708984,38.43000030517578,37.95000076293945,38.23500061035156,3159400
2013-02-14,33.76890182495117,38.09000015258789,38.21500015258789,37.93000030517578,38.10499954223633,3294400
2013-02-15,34.06590270996094,38.42499923706055,38.6150016784668,38.0099983215332,38.11000061035156,3725600
2013-02-19,34.7175178527832,39.15999984741211,39.224998474121094,38.29499816894531,38.474998474121094,3590800
2013-02-20,34.15455627441406,38.525001525878906,39.119998931884766,38.51499938964844,39.095001220703125,3048200
2013-02-21,33.3211784362793,37.584999084472656,38.5,37.564998626708984,38.4900016784668,3601800
2013-02-22,33.8575553894043,38.189998626708984,38.220001220703125,37.70000076293945,37.7400016784668,3045200
2013-02-25,33.4586181640625,37.7400016784668,38.79999923706055,37.72999954223633,38.435001373291016,3601800
2013-02-26,33.627052307128906,37.93000030517578,38.125,37.6349983215332,37.779998779296875,3121200
2013-02-27,34.2121696472168,38.59000015258789,38.77000045776367,37.849998474121094,38.060001373291016,2392800
2013-02-28,34.03044891357422,38.3849983215332,38.709999084472656,38.35499954223633,38.58000183105469,2436200
2013-03-01,34.549068450927734,38.970001220703125,39.03499984741211,37.875,38.224998474121094,2909000
2013-03-04,34.837196350097656,39.29499816894531,39.345001220703125,38.599998474121094,38.89500045776367,2570800
2013-03-05,35.39129638671875,39.91999816894531,39.97999954223633,39.415000915527344,39.41999816894531,4043000
2013-03-06,35.772518157958984,40.349998474121094,40.375,39.834999084472656,40.23500061035156,3400400
2013-03-07,35.69716262817383,40.26499938964844,40.41999816894531,40.01499938964844,40.310001373291016,2016400
2013-03-08,35.688289642333984,40.255001068115234,40.540000915527344,39.939998626708984,40.32500076293945,2800800
2013-03-11,35.36469650268555,39.88999938964844,39.89500045776367,39.505001068115234,39.599998474121094,2921400
2013-03-12,35.027809143066406,39.5099983215332,39.869998931884766,39.27000045776367,39.86000061035156,2338600
2013-03-13,35.10317611694336,39.595001220703125,39.625,39.060001373291016,39.625,3773400
2013-03-14,34.8770866394043,39.34000015258789,39.720001220703125,39.15999984741211,39.64500045776367,3412400
2013-03-15,34.73525619506836,39.18000030517578,39.51499938964844,39.119998931884766,39.224998474121094,6012000
2013-03-18,34.402801513671875,38.80500030517578,39.14500045776367,38.55500030517578,38.91999816894531,2725000
2013-03-19,34.17671585083008,38.54999923706055,39.14500045776367,38.314998626708984,38.880001068115234,2560600
2013-03-20,34.402801513671875,38.80500030517578,39.09000015258789,38.630001068115234,38.900001525878906,2628400
2013-03-21,33.75117492675781,38.06999969482422,38.44499969482422,38.01499938964844,38.435001373291016,3640600
2013-03-22,33.20150375366211,37.45000076293945,38.33000183105469,37.2400016784668,38.20000076293945,8047600
2013-03-25,32.97543716430664,37.19499969482422,37.84000015258789,37.01499938964844,37.560001373291016,5473600
2013-03-26,33.077388763427734,37.310001373291016,37.70500183105469,37.224998474121094,37.494998931884766,2852200
2013-03-27,32.8956413269043,37.10499954223633,37.470001220703125,37.03499984741211,37.16999816894531,3744000
2013-03-28,33.96394729614258,38.310001373291016,38.3650016784668,37.03499984741211,37.125,5644400
2013-04-01,34.01713180541992,38.369998931884766,38.599998474121094,38.1349983215332,38.27000045776367,3541000
2013-04-02,33.848690032958984,38.18000030517578,38.94499969482422,38.130001068115234,38.45000076293945,3045400
2013-04-03,33.21037673950195,37.459999084472656,38.21500015258789,37.42499923706055,38.13999938964844,3642200
2013-04-04,33.01533126831055,37.2400016784668,37.63999938964844,37.005001068115234,37.44499969482422,3225600
2013-04-05,32.65184020996094,36.83000183105469,36.88999938964844,36.07500076293945,36.779998779296875,3829200
2013-04-08,33.0640869140625,37.29499816894531,37.29499816894531,36.61000061035156,36.814998626708984,2389200
2013-04-09,32.988731384277344,37.209999084472656,37.564998626708984,36.845001220703125,37.310001373291016,2151800
2013-04-10,33.82210159301758,38.150001525878906,38.474998474121094,37.275001525878906,37.40999984741211,4010800
2013-04-11,34.42496109008789,38.83000183105469,38.849998474121094,38.125,38.244998931884766,5391600
2013-04-12,33.49406051635742,37.779998779296875,37.88999938964844,37.05500030517578,37.790000915527344,9172000
2013-04-15,32.385860443115234,36.529998779296875,37.75,36.525001525878906,37.75,8525800
2013-04-16,32.19526672363281,36.314998626708984,37.099998474121094,36.29499816894531,36.80500030517578,8952800
2013-04-17,31.450563430786133,35.474998474121094,36.095001220703125,35.33000183105469,36.095001220703125,9982200
2013-04-18,31.242219924926758,35.2400016784668,35.63999938964844,35.150001525878906,35.619998931884766,4885400
2013-04-19,30.058666229248047,33.904998779296875,35.18000030517578,33.85499954223633,35.14500045776367,11732400
2013-04-22,29.566619873046875,33.349998474121094,34.27000045776367,33.20000076293945,34.08000183105469,9909000
2013-04-23,28.808622360229492,32.494998931884766,33.59000015258789,32.435001373291016,33.525001525878906,17676400
2013-04-24,27.452190399169922,30.96500015258789,32.595001220703125,30.885000228881836,32.494998931884766,31609800
2013-04-25,27.19508934020996,30.674999237060547,31.8799991607666,30.645000457763672,31.395000457763672,18130600
2013-04-26,27.465492248535156,30.979999542236328,31.18000030517578,30.649999618530273,30.655000686645508,12816000
2013-04-29,27.895471572875977,31.46500015258789,31.579999923706055,31.075000762939453,31.135000228881836,10228000
2013-04-30,28.724403381347656,32.400001525878906,32.61000061035156,31.415000915527344,31.450000762939453,14370400
2013-05-01,28.143707275390625,31.7450008392334,32.42499923706055,31.704999923706055,32.22999954223633,5536800
2013-05-02,28.52049446105957,32.16999816894531,32.20500183105469,31.469999313354492,31.799999237060547,7686000
2013-05-03,29.5267391204834,33.30500030517578,33.334999084472656,32.375,32.54999923706055,9763600
2013-05-06,29.101179122924805,32.82500076293945,33.38999938964844,32.775001525878906,33.38999938964844,7358000
2013-05-07,28.759864807128906,32.439998626708984,33.20000076293945,32.08000183105469,32.869998931884766,9751400
2013-05-08,30.20937728881836,34.07500076293945,34.1150016784668,32.58000183105469,34.0,13004800
2013-05-09,30.342369079589844,34.224998474121094,34.334999084472656,33.845001220703125,34.2400016784668,11530400
2013-05-10,28.826345443725586,32.51499938964844,34.3650016784668,32.10499954223633,34.35499954223633,11786600
2013-05-13,27.873310089111328,31.440000534057617,32.59000015258789,31.315000534057617,32.525001525878906,15485200
2013-05-14,27.656097412109375,31.19499969482422,31.815000534057617,30.94499969482422,31.559999465942383,11703200
2013-05-15,28.5648193359375,32.220001220703125,32.45000076293945,31.0049991607666,31.170000076293945,16701200
2013-05-16,28.02402114868164,31.610000610351562,32.28499984741211,31.56999969482422,32.1150016784668,5756400
2013-05-17,29.03469467163086,32.75,32.78499984741211,31.415000915527344,31.860000610351562,11365400
2013-05-20,28.60470962524414,32.26499938964844,33.21500015258789,32.025001525878906,32.75,9405400
2013-05-21,28.640174865722656,32.30500030517578,32.44499969482422,32.03499984741211,32.369998931884766,11978400
2013-05-22,28.87955093383789,32.57500076293945,33.20000076293945,31.924999237060547,31.94499969482422,16925200
2013-05-23,28.418540954589844,32.05500030517578,32.599998474121094,31.84000015258789,32.44499969482422,9318400
2013-05-24,28.267820358276367,31.885000228881836,31.924999237060547,31.454999923706055,31.885000228881836,5861000
2013-05-28,28.254531860351562,31.8700008392334,32.345001220703125,31.75,32.345001220703125,6430000
2013-05-29,28.493894577026367,32.13999938964844,32.35499954223633,31.43000030517578,31.645000457763672,7384200
2013-05-30,28.724403381347656,32.400001525878906,32.5,31.889999389648438,32.185001373291016,5071800
2013-05-31,28.657909393310547,32.32500076293945,32.584999084472656,32.064998626708984,32.36000061035156,4702600
2013-06-03,28.755435943603516,32.435001373291016,32.599998474121094,32.099998474121094,32.43000030517578,5266200
2013-06-04,28.73326301574707,32.40999984741211,32.94499969482422,32.3650016784668,32.650001525878906,5869200
2013-06-05,28.316585540771484,31.940000534057617,32.380001068115234,31.649999618530273,32.244998931884766,4851400
2013-06-06,28.968202590942383,32.67499923706055,32.68000030517578,31.719999313354492,32.099998474121094,8197400
2013-06-07,29.513442993164062,33.290000915527344,33.33000183105469,32.79999923706055,32.89500045776367,7185400
2013-06-10,28.418540954589844,32.05500030517578,33.31999969482422,32.0,33.30500030517578,7069200
2013-06-11,28.560386657714844,32.21500015258789,32.3650016784668,31.625,31.700000762939453,4157400
2013-06-12,28.369775772094727,32.0,32.56999969482422,31.924999237060547,32.3650016784668,5435200
2013-06-13,28.329883575439453,31.954999923706055,32.1349983215332,31.59000015258789,31.924999237060547,6217400
2013-06-14,27.91763687133789,31.489999771118164,32.07500076293945,31.2450008392334,31.875,6040800
2013-06-17,28.13041114807129,31.729999542236328,32.10499954223633,31.684999465942383,31.799999237060547,6664000
2013-06-18,28.38751220703125,32.02000045776367,32.224998474121094,31.625,31.81999969482422,6617600
2013-06-19,28.165874481201172,31.770000457763672,32.334999084472656,31.69499969482422,32.084999084472656,6154200
2013-06-20,27.797950744628906,31.354999542236328,31.700000762939453,31.204999923706055,31.290000915527344,6857400
2013-06-21,27.62063980102539,31.155000686645508,31.625,30.9950008392334,31.3799991607666,8958400
2013-06-24,27.35024070739746,30.850000381469727,31.05500030517578,30.459999084472656,30.934999465942383,4097000
2013-06-25,27.837848663330078,31.399999618530273,31.44499969482422,30.729999542236328,31.059999465942383,4826400
2013-06-26,28.303285598754883,31.924999237060547,32.07500076293945,31.475000381469727,31.65999984741211,5124000
2013-06-27,27.9708309173584,31.549999237060547,32.14500045776367,31.43000030517578,32.064998626708984,6733000
2013-06-28,27.766923904418945,31.31999969482422,31.684999465942383,30.735000610351562,30.770000457763672,9464600
2013-07-01,28.40081024169922,32.03499984741211,32.415000915527344,31.56999969482422,31.700000762939453,6092800
2013-07-02,28.524921417236328,32.17499923706055,32.28499984741211,31.84000015258789,32.150001525878906,4322400
2013-07-03,28.706674575805664,32.380001068115234,32.599998474121094,31.975000381469727,32.0,2107400
2013-07-05,28.928314208984375,32.630001068115234,32.75,32.30500030517578,32.61000061035156,2007200
2013-07-08,29.287363052368164,33.03499984741211,33.185001373291016,32.474998474121094,32.52000045776367,4407000
2013-07-09,29.5001277923584,33.275001525878906,33.404998779296875,32.98500061035156,33.154998779296875,3668400
2013-07-10,30.89202880859375,34.845001220703125,34.88999938964844,33.32500076293945,33.369998931884766,9873400
2013-07-11,31.494892120361328,35.525001525878906,35.595001220703125,35.005001068115234,35.21500015258789,10913800
2013-07-12,31.663328170776367,35.71500015258789,36.35499954223633,35.505001068115234,36.2599983215332,7590000
2013-07-15,31.450563430786133,35.474998474121094,35.849998474121094,35.334999084472656,35.70500183105469,5550400
2013-07-16,31.47715950012207,35.505001068115234,35.880001068115234,35.314998626708984,35.57500076293945,5490000
2013-07-17,31.565814971923828,35.60499954223633,35.84000015258789,35.470001220703125,35.55500030517578,5977200
2013-07-18,32.133201599121094,36.244998931884766,36.65999984741211,35.974998474121094,35.97999954223633,6752600
2013-07-19,32.07558822631836,36.18000030517578,36.375,35.81999969482422,36.15999984741211,7941800
2013-07-22,32.30165481567383,36.435001373291016,37.459999084472656,36.35499954223633,37.45500183105469,4741000
2013-07-23,32.04898452758789,36.150001525878906,36.525001525878906,36.119998931884766,36.525001525878906,3871800
2013-07-24,31.80517578125,35.875,36.60499954223633,35.845001220703125,36.44499969482422,4038600
2013-07-25,32.19083786010742,36.310001373291016,36.57500076293945,35.80500030517578,35.849998474121094,4395400
2013-07-26,32.24402618408203,36.369998931884766,36.380001068115234,36.0099983215332,36.04999923706055,3098000
2013-07-29,32.16866683959961,36.28499984741211,36.61000061035156,36.150001525878906,36.29499816894531,3353000
2013-07-30,32.08002471923828,36.185001373291016,36.54999923706055,36.1150016784668,36.45000076293945,5170600
2013-07-31,32.0888786315918,36.19499969482422,36.755001068115234,36.15999984741211,36.415000915527344,4185000
2013-08-01,32.572052001953125,36.7400016784668,37.099998474121094,36.3650016784668,36.3650016784668,4023400
2013-08-02,32.585350036621094,36.755001068115234,36.95000076293945,36.5,36.95000076293945,3794800
2013-08-05,32.54102325439453,36.70500183105469,37.130001068115234,36.52000045776367,37.130001068115234,6487600
2013-08-06,32.80698776245117,37.005001068115234,38.040000915527344,36.904998779296875,37.86000061035156,15187800
2013-08-07,32.71833801269531,36.904998779296875,37.189998626708984,36.415000915527344,37.189998626708984,6501400
2013-08-08,32.310523986816406,36.44499969482422,36.98500061035156,36.435001373291016,36.900001525878906,3658400
2013-08-09,32.430206298828125,36.58000183105469,36.849998474121094,36.369998931884766,36.369998931884766,2518400
2013-08-12,32.53215026855469,36.69499969482422,36.814998626708984,36.38999938964844,36.38999938964844,3178000
2013-08-13,32.5099983215332,36.66999816894531,36.91999816894531,36.345001220703125,36.744998931884766,2700800
2013-08-14,32.084442138671875,36.189998626708984,36.619998931884766,36.185001373291016,36.494998931884766,2954600
2013-08-15,31.410655975341797,35.43000030517578,35.91999816894531,35.185001373291016,35.82500076293945,3787000
2013-08-16,31.676637649536133,35.72999954223633,35.904998779296875,35.185001373291016,35.400001525878906,4347400
2013-08-19,31.46828269958496,35.494998931884766,36.13999938964844,35.39500045776367,35.619998931884766,3453000
2013-08-20,31.31757354736328,35.32500076293945,35.59000015258789,35.220001220703125,35.53499984741211,2366000
2013-08-21,32.13763427734375,36.25,36.46500015258789,35.0,35.130001068115234,5787800
2013-08-22,32.25288772583008,36.380001068115234,36.48500061035156,36.130001068115234,36.130001068115234,2584200
2013-08-23,32.691734313964844,36.875,37.0,35.88999938964844,36.380001068115234,3345800
2013-08-26,32.634117126464844,36.810001373291016,36.900001525878906,36.54499816894531,36.79499816894531,3672400
2013-08-27,32.0002326965332,36.095001220703125,36.540000915527344,36.005001068115234,36.44499969482422,3561400
2013-08-28,32.70503234863281,36.88999938964844,37.0,36.095001220703125,36.20500183105469,6092800
2013-08-29,32.81142044067383,37.0099983215332,37.125,36.51499938964844,36.79999923706055,3337600
2013-08-30,32.49226760864258,36.650001525878906,37.10499954223633,36.57500076293945,37.10499954223633,3742400
2013-09-03,33.019752502441406,37.244998931884766,37.45000076293945,36.790000915527344,37.0,4129600
2013-09-04,33.556121826171875,37.849998474121094,38.14500045776367,37.084999084472656,37.25,6542800
2013-09-05,33.68910598754883,38.0,38.150001525878906,37.709999084472656,37.77000045776367,5453600
2013-09-06,34.35402297973633,38.75,38.994998931884766,38.05500030517578,38.279998779296875,8171400
2013-09-09,34.7175178527832,39.15999984741211,39.25,38.76499938964844,38.904998779296875,4956200
2013-09-10,35.13420104980469,39.630001068115234,39.744998931884766,39.345001220703125,39.5,3539200
2013-09-11,35.40015411376953,39.93000030517578,40.1150016784668,39.51499938964844,39.51499938964844,5789000
2013-09-12,34.93471908569336,39.404998779296875,39.849998474121094,39.3650016784668,39.79999923706055,3493400
2013-09-13,35.324806213378906,39.845001220703125,39.89500045776367,39.375,39.3849983215332,3280400
2013-09-16,35.8390007019043,40.42499923706055,40.56999969482422,40.21500015258789,40.21500015258789,4256400
2013-09-17,35.9498291015625,40.54999923706055,40.915000915527344,40.314998626708984,40.52000045776367,3937200
2013-09-18,37.05357360839844,41.79499816894531,41.875,40.900001525878906,40.959999084472656,7063600
2013-09-19,36.63248062133789,41.31999969482422,42.084999084472656,41.30500030517578,42.01499938964844,5210000
2013-09-20,36.48176193237305,41.150001525878906,41.67499923706055,41.125,41.34000015258789,5392000
2013-09-23,36.539390563964844,41.21500015258789,41.34000015258789,40.810001373291016,41.01499938964844,3342400
2013-09-24,36.74330520629883,41.44499969482422,41.685001373291016,41.084999084472656,41.314998626708984,3623000
2013-09-25,36.8541145324707,41.56999969482422,41.69499969482422,41.1150016784668,41.3650016784668,2988600
2013-09-26,36.78761672973633,41.494998931884766,41.73500061035156,41.19499969482422,41.73500061035156,2328800
2013-09-27,36.65907669067383,41.349998474121094,41.40999984741211,40.95500183105469,41.08000183105469,2437400
2013-09-30,36.401973724365234,41.060001373291016,41.2400016784668,39.75,40.775001525878906,4924400
2013-10-01,36.89399719238281,41.6150016784668,41.625,40.81999969482422,40.88999938964844,2856200
2013-10-02,37.12894821166992,41.880001068115234,41.95000076293945,41.42499923706055,41.58000183105469,2589800
2013-10-03,37.026981353759766,41.76499938964844,41.92499923706055,41.46500015258789,41.834999084472656,3332600
2013-10-04,37.612117767333984,42.42499923706055,42.48500061035156,41.60499954223633,41.83000183105469,4035800
2013-10-07,37.279659271240234,42.04999923706055,42.42499923706055,41.834999084472656,41.974998474121094,2864600
2013-10-08,36.42857360839844,41.09000015258789,42.150001525878906,41.01499938964844,42.04999923706055,3317800
2013-10-09,36.33991241455078,40.9900016784668,41.5099983215332,40.619998931884766,41.39500045776367,5343600
2013-10-10,37.3239860534668,42.099998474121094,42.15999984741211,41.04999923706055,41.16999816894531,3367000
2013-10-11,39.385231018066406,44.42499923706055,44.44499969482422,42.54999923706055,42.625,9412000
2013-10-14,39.1059684753418,44.11000061035156,44.2400016784668,43.494998931884766,44.13999938964844,4874600
2013-10-15,38.08198547363281,42.95500183105469,44.06999969482422,42.849998474121094,43.71500015258789,6986400
2013-10-16,37.541202545166016,42.345001220703125,43.45500183105469,41.900001525878906,43.36000061035156,8629000
2013-10-17,38.0997200012207,42.974998474121094,43.0099983215332,41.88999938964844,41.9900016784668,4425600
2013-10-18,38.019935607910156,42.8849983215332,43.005001068115234,42.665000915527344,42.974998474121094,3334400
2013-10-21,38.436614990234375,43.35499954223633,43.52000045776367,42.994998931884766,43.0,3025600
2013-10-22,38.38341522216797,43.29499816894531,43.869998931884766,43.125,43.470001220703125,3701000
2013-10-23,38.157352447509766,43.040000915527344,43.35499954223633,42.755001068115234,43.04499816894531,2434000
2013-10-24,38.39228820800781,43.30500030517578,43.42499923706055,42.86000061035156,43.095001220703125,2298600
2013-10-25,38.42331314086914,43.34000015258789,43.525001525878906,43.064998626708984,43.52000045776367,3263600
2013-10-28,39.380794525146484,44.41999816894531,44.435001373291016,43.2400016784668,43.435001373291016,4701200
2013-10-29,39.61573791503906,44.685001373291016,45.005001068115234,44.369998931884766,44.474998474121094,4252200
2013-10-30,38.76906967163086,43.72999954223633,44.76499938964844,43.64500045776367,44.560001373291016,3027600
2013-10-31,38.53413009643555,43.46500015258789,44.005001068115234,43.439998626708984,43.73500061035156,3465200
2013-11-01,38.80453872680664,43.77000045776367,43.79999923706055,43.13999938964844,43.64500045776367,3512800
2013-11-04,38.49866485595703,43.42499923706055,43.92499923706055,43.06999969482422,43.869998931884766,3886600
2013-11-05,39.713260650634766,44.79499816894531,45.349998474121094,43.60499954223633,45.334999084472656,7823400
2013-11-06,40.196434020996094,45.34000015258789,45.5,44.97999954223633,45.244998931884766,4600600
2013-11-07,39.67335510253906,44.75,45.82500076293945,44.6349983215332,45.244998931884766,3006000
2013-11-08,39.996952056884766,45.1150016784668,45.22999954223633,44.689998626708984,44.849998474121094,2799600
2013-11-11,40.21416091918945,45.36000061035156,45.5,45.005001068115234,45.005001068115234,2211400
2013-11-12,40.62640380859375,45.82500076293945,45.849998474121094,45.209999084472656,45.459999084472656,3870400
2013-11-13,41.14949035644531,46.415000915527344,46.41999816894531,45.56999969482422,45.584999084472656,3781200
2013-11-14,41.41987609863281,46.720001220703125,46.790000915527344,46.255001068115234,46.400001525878906,3065400
2013-11-15,41.83212661743164,47.185001373291016,47.36000061035156,46.6349983215332,46.92499923706055,4593000
2013-11-18,41.464210510253906,46.77000045776367,47.82500076293945,46.61000061035156,47.82500076293945,3544200
2013-11-19,41.411006927490234,46.709999084472656,47.099998474121094,46.54499816894531,46.900001525878906,4125200
2013-11-20,41.20710372924805,46.47999954223633,47.10499954223633,46.244998931884766,46.650001525878906,2505800
2013-11-21,41.5528564453125,46.869998931884766,47.01499938964844,46.57500076293945,46.70000076293945,4415200
2013-11-22,41.27803039550781,46.560001373291016,47.875,46.470001220703125,47.875,4296800
2013-11-25,41.060821533203125,46.314998626708984,46.79999923706055,46.21500015258789,46.560001373291016,3433400
2013-11-26,41.68141555786133,47.01499938964844,47.09000015258789,46.189998626708984,46.29999923706055,3294000
2013-11-27,41.85429000854492,47.209999084472656,47.625,46.904998779296875,46.904998779296875,2629000
2013-11-29,41.61934280395508,46.94499969482422,47.19499969482422,46.775001525878906,47.09000015258789,1527200
2013-12-02,41.47306823730469,46.779998779296875,47.10499954223633,46.56999969482422,46.56999969482422,3081800
2013-12-03,41.601619720458984,46.92499923706055,47.209999084472656,46.525001525878906,46.720001220703125,3212600
2013-12-04,41.37997817993164,46.67499923706055,46.970001220703125,46.33000183105469,46.55500030517578,2559000
2013-12-05,41.570594787597656,46.88999938964844,47.18000030517578,46.44499969482422,46.67499923706055,1927000
2013-12-06,42.6433219909668,48.099998474121094,48.23500061035156,47.13999938964844,47.665000915527344,6319000
2013-12-09,42.022727966308594,47.400001525878906,48.29499816894531,47.029998779296875,48.16999816894531,3262400
2013-12-10,41.973976135253906,47.345001220703125,47.650001525878906,47.165000915527344,47.189998626708984,3115400
2013-12-11,41.44646453857422,46.75,47.599998474121094,46.58000183105469,47.540000915527344,2401000
2013-12-12,41.33121871948242,46.619998931884766,46.915000915527344,46.29499816894531,46.529998779296875,2653600
2013-12-13,41.464210510253906,46.77000045776367,47.17499923706055,46.58000183105469,47.04499816894531,3074000
2013-12-16,41.809974670410156,47.15999984741211,47.21500015258789,46.6150016784668,46.83000183105469,2767200
2013-12-17,41.76119613647461,47.10499954223633,47.3650016784668,46.91999816894531,47.04499816894531,2228400
2013-12-18,42.81177520751953,48.290000915527344,48.30500030517578,46.90999984741211,47.33000183105469,3295400
2013-12-19,43.00680160522461,48.5099983215332,48.939998626708984,48.20500183105469,48.66999816894531,3495600
2013-12-20,43.51215744018555,49.08000183105469,49.30500030517578,48.349998474121094,48.665000915527344,5732000
2013-12-23,43.72492218017578,49.31999969482422,49.33000183105469,48.61000061035156,49.22999954223633,2646600
2013-12-24,43.813568115234375,49.41999816894531,49.45500183105469,49.02000045776367,49.31999969482422,801200
2013-12-26,44.07954788208008,49.720001220703125,49.81999969482422,49.08000183105469,49.30500030517578,1269400
2013-12-27,43.950992584228516,49.57500076293945,49.79999923706055,49.40999984741211,49.77000045776367,1445200
2013-12-30,44.367671966552734,50.04499816894531,50.125,49.28499984741211,49.81999969482422,1909800
2013-12-31,44.7621955871582,50.4900016784668,50.564998626708984,49.810001373291016,50.209999084472656,1861200
2014-01-02,43.813568115234375,49.41999816894531,50.375,49.21500015258789,50.125,5559600
2014-01-03,43.583065032958984,49.15999984741211,49.91999816894531,49.10499954223633,49.435001373291016,3261000
2014-01-06,43.38358688354492,48.935001373291016,49.58000183105469,48.630001068115234,49.334999084472656,4933800
2014-01-07,43.937705993652344,49.560001373291016,49.75,49.279998779296875,49.279998779296875,3064800
2014-01-08,44.30562210083008,49.974998474121094,49.97999954223633,49.310001373291016,49.58000183105469,5613600
2014-01-09,44.11943054199219,49.76499938964844,50.23500061035156,49.51499938964844,50.23500061035156,3069200
2014-01-10,44.53612518310547,50.23500061035156,50.39500045776367,49.80500030517578,49.88999938964844,2776400
2014-01-13,43.5343132019043,49.10499954223633,50.459999084472656,48.97999954223633,49.900001525878906,4476000
2014-01-14,44.474056243896484,50.165000915527344,50.525001525878906,49.27000045776367,49.380001068115234,3911200
2014-01-15,44.784358978271484,50.51499938964844,50.584999084472656,50.0099983215332,50.165000915527344,3721600
2014-01-16,44.46076583862305,50.150001525878906,50.54499816894531,50.04499816894531,50.345001220703125,3421600
2014-01-17,44.03520965576172,49.66999816894531,50.23500061035156,49.540000915527344,49.935001373291016,3760400
2014-01-21,43.849029541015625,49.459999084472656,50.810001373291016,49.04999923706055,49.959999084472656,4941200
2014-01-22,44.567161560058594,50.27000045776367,50.73500061035156,49.20000076293945,49.529998779296875,4030000
2014-01-23,43.685020446777344,49.275001525878906,50.13999938964844,49.13999938964844,49.76499938964844,3306200
2014-01-24,43.12205123901367,48.63999938964844,48.994998931884766,48.3650016784668,48.95000076293945,3799200
2014-01-27,42.49259948730469,47.93000030517578,48.96500015258789,47.834999084472656,48.6150016784668,5086400
2014-01-28,42.887123107910156,48.375,48.63999938964844,47.90999984741211,48.1150016784668,5636800
2014-01-29,42.474884033203125,47.90999984741211,48.64500045776367,47.71500015258789,48.125,3214800
2014-01-30,43.707176208496094,49.29999923706055,49.41999816894531,48.150001525878906,48.25,3540000
2014-01-31,42.95805740356445,48.45500183105469,48.880001068115234,48.10499954223633,48.369998931884766,7392200
2014-02-03,42.19117736816406,47.59000015258789,49.165000915527344,47.334999084472656,48.56999969482422,4659400
2014-02-04,43.002384185791016,48.505001068115234,48.6349983215332,47.39500045776367,47.650001525878906,4032600
2014-02-05,41.15834426879883,46.42499923706055,47.2400016784668,44.95500183105469,46.5,12964600
2014-02-06,42.32859420776367,47.744998931884766,47.779998779296875,46.404998779296875,46.404998779296875,6004800
2014-02-07,42.99795150756836,48.5,48.625,47.505001068115234,47.849998474121094,4164800
2014-02-10,42.57683181762695,48.025001525878906,48.6150016784668,47.71500015258789,48.40999984741211,3660600
2014-02-11,43.325958251953125,48.869998931884766,49.09000015258789,47.80500030517578,48.2599983215332,3343400
2014-02-12,43.64069366455078,49.224998474121094,49.64500045776367,48.96500015258789,49.06999969482422,3423800
2014-02-13,44.22582244873047,49.8849983215332,49.97999954223633,48.88999938964844,48.959999084472656,2953200
2014-02-14,44.47849655151367,50.16999816894531,50.23500061035156,49.435001373291016,49.71500015258789,2735600
2014-02-18,44.35879898071289,50.03499984741211,50.369998931884766,49.779998779296875,50.084999084472656,2652200
2014-02-19,44.323341369628906,49.994998931884766,50.29499816894531,49.814998626708984,50.084999084472656,2461000
2014-02-20,44.62033462524414,50.33000183105469,50.58000183105469,49.470001220703125,49.88999938964844,2855400
2014-02-21,45.537925720214844,51.3650016784668,51.68000030517578,50.53499984741211,50.84000015258789,4563800
2014-02-24,46.2072639465332,52.119998931884766,52.650001525878906,51.45500183105469,51.619998931884766,4089600
2014-02-25,45.777286529541016,51.6349983215332,52.255001068115234,51.26499938964844,51.96500015258789,4193400
2014-02-26,45.79059600830078,51.650001525878906,52.345001220703125,51.53499984741211,51.89500045776367,4107000
2014-02-27,45.74626159667969,51.599998474121094,51.810001373291016,51.290000915527344,51.665000915527344,2457000
2014-02-28,46.127479553222656,52.029998779296875,52.29499816894531,51.60499954223633,51.900001525878906,2773800
2014-03-03,45.6132926940918,51.45000076293945,51.755001068115234,50.97999954223633,51.5,2391400
2014-03-04,46.68158721923828,52.654998779296875,52.72999954223633,51.85499954223633,51.85499954223633,2620200
2014-03-05,46.8278694152832,52.81999969482422,52.834999084472656,52.25,52.45000076293945,3434200
2014-03-06,47.47060775756836,53.54499816894531,54.0,52.72999954223633,52.72999954223633,5816200
2014-03-07,47.52824783325195,53.61000061035156,53.849998474121094,53.19499969482422,53.814998626708984,3919200
2014-03-10,46.89879608154297,52.900001525878906,53.61000061035156,52.7599983215332,53.47999954223633,1695400
2014-03-11,46.39345169067383,52.33000183105469,52.9900016784668,51.939998626708984,52.709999084472656,3082100
2014-03-12,45.737403869628906,51.59000015258789,52.029998779296875,50.5099983215332,51.970001220703125,4410700
2014-03-13,44.841976165771484,50.58000183105469,51.939998626708984,50.22999954223633,51.84000015258789,2627800
2014-03-14,44.54942321777344,50.25,51.119998931884766,50.18000030517578,50.45000076293945,2881700
2014-03-17,45.25865936279297,51.04999923706055,51.31999969482422,50.400001525878906,50.400001525878906,2532900
2014-03-18,45.294124603271484,51.09000015258789,51.40999984741211,50.90999984741211,51.220001220703125,2412600
2014-03-19,43.98201370239258,49.61000061035156,51.33000183105469,49.220001220703125,51.33000183105469,4412500
2014-03-20,43.99088668823242,49.619998931884766,49.810001373291016,49.2400016784668,49.5,4011400
2014-03-21,43.22845458984375,48.7599983215332,50.70000076293945,48.689998626708984,50.70000076293945,6296200
2014-03-24,43.5032844543457,49.06999969482422,49.52000045776367,48.15999984741211,49.13999938964844,4366100
2014-03-25,43.07774353027344,48.59000015258789,49.36000061035156,48.349998474121094,49.290000915527344,3647400
2014-03-26,43.529876708984375,49.099998474121094,49.720001220703125,48.470001220703125,48.939998626708984,5637300
2014-03-27,42.18231201171875,47.58000183105469,49.189998626708984,47.41999816894531,49.13999938964844,6515700
2014-03-28,44.05295181274414,49.689998626708984,50.630001068115234,48.68000030517578,49.04999923706055,7295300
2014-03-31,44.859703063964844,50.599998474121094,50.70000076293945,49.7599983215332,49.86000061035156,3979600
2014-04-01,45.80831527709961,51.66999816894531,51.70000076293945,50.56999969482422,50.779998779296875,3376000
2014-04-02,46.15409469604492,52.060001373291016,53.400001525878906,51.79999923706055,53.279998779296875,3485000
2014-04-03,45.471431732177734,51.290000915527344,52.650001525878906,51.040000915527344,51.65999984741211,2352900
2014-04-04,44.496219635009766,50.189998626708984,51.75,50.130001068115234,51.65999984741211,4116600
2014-04-07,43.15751647949219,48.68000030517578,50.040000915527344,48.54999923706055,49.72999954223633,4664700
2014-04-08,43.583065032958984,49.15999984741211,49.380001068115234,48.279998779296875,48.560001373291016,4514400
2014-04-09,44.1416015625,49.790000915527344,49.86000061035156,48.619998931884766,49.16999816894531,3315800
2014-04-10,42.43941879272461,47.869998931884766,50.040000915527344,47.720001220703125,49.849998474121094,3662000
2014-04-11,41.94295120239258,47.310001373291016,48.4900016784668,47.27000045776367,47.68000030517578,2770100
2014-04-14,42.98021697998047,48.47999954223633,48.58000183105469,47.33000183105469,47.849998474121094,3363900
2014-04-15,43.34370803833008,48.88999938964844,49.2400016784668,47.650001525878906,48.560001373291016,3408900
2014-04-16,44.132728576660156,49.779998779296875,49.79999923706055,48.65999984741211,49.06999969482422,3635400
2014-04-17,43.92882537841797,49.54999923706055,50.40999984741211,49.16999816894531,50.40999984741211,4424900
2014-04-21,43.423500061035156,48.97999954223633,49.779998779296875,48.810001373291016,49.560001373291016,2815200
2014-04-22,43.547607421875,49.119998931884766,49.540000915527344,48.86000061035156,48.88999938964844,2109200
2014-04-23,43.39690017700195,48.95000076293945,49.29999923706055,48.79999923706055,49.0,1655700
2014-04-24,43.707176208496094,49.29999923706055,49.810001373291016,48.880001068115234,49.65999984741211,2277700
2014-04-25,43.201847076416016,48.72999954223633,49.7400016784668,48.65999984741211,49.529998779296875,2719400
2014-04-28,42.94475555419922,48.439998626708984,49.310001373291016,47.720001220703125,49.099998474121094,3281800
2014-04-29,42.42168426513672,47.849998474121094,48.810001373291016,47.599998474121094,48.61000061035156,4932000
2014-04-30,42.474884033203125,47.90999984741211,48.16999816894531,47.5099983215332,47.59000015258789,4966200
2014-05-01,43.08660125732422,48.599998474121094,48.959999084472656,47.66999816894531,47.959999084472656,4385700
2014-05-02,43.80472183227539,49.40999984741211,49.66999816894531,48.630001068115234,48.75,3205100
2014-05-05,43.671714782714844,49.2599983215332,49.650001525878906,48.68000030517578,49.599998474121094,3336000
2014-05-06,43.61853790283203,49.20000076293945,49.540000915527344,48.790000915527344,49.09000015258789,4376700
2014-05-07,41.685848236083984,47.02000045776367,47.47999954223633,45.72999954223633,46.939998626708984,7730600
2014-05-08,42.5546760559082,48.0,48.439998626708984,46.900001525878906,47.16999816894531,6030000
2014-05-09,42.306434631347656,47.720001220703125,48.130001068115234,47.33000183105469,47.86000061035156,3491800
2014-05-12,43.45895767211914,49.02000045776367,49.150001525878906,48.060001373291016,48.25,2631400
2014-05-13,43.43236541748047,48.9900016784668,49.310001373291016,48.77000045776367,49.099998474121094,2819200
2014-05-14,43.07774353027344,48.59000015258789,49.029998779296875,48.34000015258789,48.939998626708984,3060400
2014-05-15,41.82769775390625,47.18000030517578,48.72999954223633,46.91999816894531,48.5,4892600
2014-05-16,41.82769775390625,47.18000030517578,47.36000061035156,46.459999084472656,47.31999969482422,4756800
2014-05-19,42.19117736816406,47.59000015258789,47.650001525878906,46.63999938964844,46.77000045776367,3325800
2014-05-20,41.94295120239258,47.310001373291016,47.84000015258789,47.060001373291016,47.43000030517578,3367000
2014-05-21,42.031585693359375,47.40999984741211,47.9900016784668,47.279998779296875,47.599998474121094,3295400
2014-05-22,42.24436569213867,47.650001525878906,47.70000076293945,47.220001220703125,47.40999984741211,3283500
2014-05-23,43.104339599609375,48.619998931884766,48.66999816894531,47.529998779296875,47.529998779296875,3173900
2014-05-27,43.29937744140625,48.84000015258789,48.95000076293945,48.40999984741211,48.95000076293945,2700400
2014-05-28,43.352577209472656,48.900001525878906,49.0099983215332,48.63999938964844,48.72999954223633,2804000
2014-05-29,43.40576171875,48.959999084472656,49.0,48.25,48.81999969482422,2838000
2014-05-30,43.09546661376953,48.61000061035156,49.09000015258789,48.290000915527344,49.08000183105469,3522000
2014-06-02,42.86496353149414,48.349998474121094,48.79999923706055,47.95000076293945,48.61000061035156,2698800
2014-06-03,42.99795150756836,48.5,48.810001373291016,47.790000915527344,48.810001373291016,2272500
2014-06-04,43.0245361328125,48.529998779296875,48.65999984741211,47.90999984741211,48.2400016784668,2262800
2014-06-05,43.44123077392578,49.0,49.0099983215332,48.209999084472656,48.5,3525900
2014-06-06,44.177059173583984,49.83000183105469,50.0,49.060001373291016,49.25,3175300
2014-06-09,44.1682014465332,49.81999969482422,50.310001373291016,49.66999816894531,49.7400016784668,2253400
2014-06-10,42.08478927612305,47.470001220703125,48.79999923706055,47.2400016784668,48.79999923706055,8748700
2014-06-11,41.934078216552734,47.29999923706055,47.59000015258789,47.09000015258789,47.400001525878906,4398200
2014-06-12,41.6503791809082,46.97999954223633,47.56999969482422,46.779998779296875,47.189998626708984,3071200
2014-06-13,42.031585693359375,47.40999984741211,47.41999816894531,46.79999923706055,47.150001525878906,2758100
2014-06-16,42.35075759887695,47.77000045776367,47.849998474121094,46.810001373291016,46.810001373291016,4325200
2014-06-17,42.99795150756836,48.5,48.90999984741211,47.66999816894531,47.790000915527344,4852400
2014-06-18,43.44123077392578,49.0,49.02000045776367,47.970001220703125,48.77000045776367,4461000
2014-06-19,43.39690017700195,48.95000076293945,49.2400016784668,48.66999816894531,49.220001220703125,2491200
2014-06-20,43.80472183227539,49.40999984741211,49.4900016784668,48.68000030517578,49.029998779296875,5519800
2014-06-23,43.76923751831055,49.369998931884766,49.599998474121094,49.02000045776367,49.470001220703125,2096700
2014-06-24,43.494407653808594,49.060001373291016,50.0,48.91999816894531,49.189998626708984,2673200
2014-06-25,44.07068634033203,49.709999084472656,49.810001373291016,48.7599983215332,48.91999816894531,2487000
2014-06-26,43.786983489990234,49.38999938964844,49.900001525878906,48.560001373291016,49.900001525878906,2803500
2014-06-27,43.707176208496094,49.29999923706055,49.560001373291016,48.939998626708984,49.349998474121094,2296400
2014-06-30,43.361446380615234,48.90999984741211,49.310001373291016,48.709999084472656,49.099998474121094,3199700
2014-07-01,44.15046691894531,49.79999923706055,50.029998779296875,48.97999954223633,49.25,3259100
2014-07-02,44.212528228759766,49.869998931884766,50.04999923706055,49.4900016784668,49.709999084472656,1895000
2014-07-03,44.5937385559082,50.29999923706055,50.33000183105469,49.83000183105469,49.959999084472656,1272400
2014-07-07,44.744449615478516,50.470001220703125,50.9900016784668,50.130001068115234,50.15999984741211,3647400
2014-07-08,44.6912727355957,50.40999984741211,50.54999923706055,49.77000045776367,50.5,3196600
2014-07-09,44.65580749511719,50.369998931884766,50.84000015258789,50.209999084472656,50.560001373291016,4327600
2014-07-10,44.33665084838867,50.0099983215332,50.25,49.540000915527344,49.79999923706055,3266200
2014-07-11,44.06180953979492,49.70000076293945,50.5,49.599998474121094,50.290000915527344,3536800
2014-07-14,44.283447265625,49.95000076293945,50.2599983215332,49.83000183105469,50.06999969482422,2135600
2014-07-15,43.89337158203125,49.5099983215332,50.13999938964844,49.2599983215332,49.849998474121094,2735300
2014-07-16,43.80472183227539,49.40999984741211,50.04999923706055,49.209999084472656,49.7599983215332,4752100
2014-07-17,43.12205123901367,48.63999938964844,49.70000076293945,48.61000061035156,49.43000030517578,3945200
2014-07-18,43.831302642822266,49.439998626708984,49.65999984741211,48.540000915527344,49.08000183105469,4501800
2014-07-21,43.751522064208984,49.349998474121094,49.560001373291016,48.9900016784668,49.349998474121094,3505100
2014-07-22,44.744449615478516,50.470001220703125,50.56999969482422,49.5099983215332,49.52000045776367,3505900
2014-07-23,44.87744140625,50.619998931884766,50.93000030517578,50.08000183105469,50.38999938964844,3217600
2014-07-24,45.03702163696289,50.79999923706055,51.04999923706055,50.619998931884766,50.810001373291016,2917500
2014-07-25,45.32071304321289,51.119998931884766,51.2599983215332,50.529998779296875,50.720001220703125,2239400
2014-07-28,45.161136627197266,50.939998626708984,51.380001068115234,50.65999984741211,51.25,2202100
2014-07-29,44.89516830444336,50.63999938964844,51.2599983215332,50.619998931884766,51.099998474121094,2635600
2014-07-30,44.29232406616211,49.959999084472656,51.119998931884766,49.90999984741211,50.869998931884766,4725700
2014-07-31,43.48554611206055,49.04999923706055,50.119998931884766,49.029998779296875,49.7599983215332,4467300
2014-08-01,43.69831466674805,49.290000915527344,49.54999923706055,49.04999923706055,49.119998931884766,4952100
2014-08-04,44.363243103027344,50.040000915527344,50.13999938964844,49.439998626708984,49.540000915527344,4653200
2014-08-05,44.31003952026367,49.97999954223633,50.619998931884766,49.599998474121094,49.77000045776367,5645000
2014-08-06,38.715877532958984,43.66999816894531,44.25,41.5099983215332,42.9900016784668,40718100
2014-08-07,39.3453369140625,44.380001068115234,45.08000183105469,43.95000076293945,44.13999938964844,11626300
2014-08-08,39.42511749267578,44.470001220703125,44.619998931884766,43.70000076293945,44.38999938964844,6599000
2014-08-11,39.4428596496582,44.4900016784668,44.7599983215332,44.290000915527344,44.75,5398300
2014-08-12,39.50491714477539,44.560001373291016,44.63999938964844,44.20000076293945,44.29999923706055,4361900
2014-08-13,39.84181213378906,44.939998626708984,45.04999923706055,44.560001373291016,44.56999969482422,5838700
2014-08-14,39.73543167114258,44.81999969482422,45.099998474121094,44.709999084472656,45.099998474121094,5561700
2014-08-15,39.68221664428711,44.7599983215332,45.20000076293945,44.59000015258789,45.20000076293945,5761800
2014-08-18,40.134368896484375,45.27000045776367,45.68000030517578,44.81999969482422,44.9900016784668,5661300
2014-08-19,40.97660446166992,46.220001220703125,46.459999084472656,45.27000045776367,45.29999923706055,6105200
2014-08-20,40.79042053222656,46.0099983215332,46.290000915527344,45.88999938964844,46.2400016784668,5595700
2014-08-21,40.79042053222656,46.0099983215332,46.439998626708984,45.83000183105469,45.90999984741211,3770300
2014-08-22,40.83475112915039,46.060001373291016,46.380001068115234,45.970001220703125,46.16999816894531,3373400
2014-08-25,40.453529357910156,45.630001068115234,46.439998626708984,45.619998931884766,46.41999816894531,3520500
2014-08-26,40.55105972290039,45.7400016784668,46.099998474121094,45.720001220703125,45.81999969482422,3254300
2014-08-27,40.89680480957031,46.130001068115234,46.130001068115234,45.650001525878906,45.84000015258789,4151700
2014-08-28,40.31168746948242,45.470001220703125,45.689998626708984,45.08000183105469,45.540000915527344,6614500
2014-08-29,40.54219436645508,45.72999954223633,45.81999969482422,45.18000030517578,45.72999954223633,3842000
2014-09-02,40.675174713134766,45.880001068115234,46.09000015258789,45.7400016784668,45.9900016784668,4574200
2014-09-03,40.71063232421875,45.91999816894531,46.5,45.880001068115234,45.97999954223633,3305600
2014-09-04,40.82588577270508,46.04999923706055,46.34000015258789,45.810001373291016,46.099998474121094,4313900
2014-09-05,40.96772003173828,46.209999084472656,46.22999954223633,45.810001373291016,45.93000030517578,4501300
2014-09-08,40.54219436645508,45.72999954223633,46.31999969482422,45.470001220703125,46.04999923706055,4179500
2014-09-09,40.15209197998047,45.290000915527344,45.7400016784668,45.16999816894531,45.65999984741211,2985600
2014-09-10,40.24076843261719,45.38999938964844,45.650001525878906,45.22999954223633,45.22999954223633,3233100
2014-09-11,39.93046188354492,45.040000915527344,45.5,44.79999923706055,45.25,6961300
2014-09-12,39.68221664428711,44.7599983215332,45.189998626708984,44.65999984741211,44.900001525878906,6136500
2014-09-15,39.28328323364258,44.310001373291016,46.029998779296875,44.189998626708984,45.849998474121094,9783300
2014-09-16,39.87727355957031,44.97999954223633,45.099998474121094,44.20000076293945,44.470001220703125,10920400
2014-09-17,39.69995880126953,44.779998779296875,45.25,44.650001525878906,45.0099983215332,6949600
2014-09-18,40.16982650756836,45.310001373291016,45.34000015258789,45.0,45.11000061035156,4432500
2014-09-19,39.8950080871582,45.0,45.599998474121094,44.650001525878906,45.599998474121094,7196000
2014-09-22,39.540374755859375,44.599998474121094,45.040000915527344,44.400001525878906,45.0,3301900
2014-09-23,39.46058654785156,44.5099983215332,45.18000030517578,44.369998931884766,44.56999969482422,4494500
2014-09-24,40.07230758666992,45.20000076293945,45.380001068115234,44.33000183105469,44.470001220703125,3711500
2014-09-25,39.07050323486328,44.06999969482422,45.34000015258789,44.04999923706055,45.2400016784668,4887700
2014-09-26,39.67335510253906,44.75,44.79999923706055,44.099998474121094,44.11000061035156,5410100
2014-09-29,39.33647155761719,44.369998931884766,44.75,44.0099983215332,44.369998931884766,7116700
2014-09-30,39.69109344482422,44.77000045776367,45.29999923706055,44.41999816894531,44.59000015258789,6485300
2014-10-01,39.33647155761719,44.369998931884766,44.77000045776367,44.310001373291016,44.75,4713900
2014-10-02,38.919795989990234,43.900001525878906,44.68000030517578,43.880001068115234,44.220001220703125,5361600
2014-10-03,39.3453369140625,44.380001068115234,44.63999938964844,44.2400016784668,44.25,2915800
2014-10-06,39.23008728027344,44.25,44.79999923706055,44.150001525878906,44.720001220703125,3132200
2014-10-07,38.919795989990234,43.900001525878906,44.470001220703125,43.88999938964844,44.29999923706055,4907100
2014-10-08,39.92159652709961,45.029998779296875,45.130001068115234,43.779998779296875,43.779998779296875,4047100
2014-10-09,39.114830017089844,44.119998931884766,45.02000045776367,44.06999969482422,44.83000183105469,6557500
2014-10-10,38.396728515625,43.310001373291016,45.20000076293945,43.279998779296875,44.34000015258789,9875400
2014-10-13,38.946388244628906,43.93000030517578,44.58000183105469,43.25,43.369998931884766,6235100
2014-10-14,39.58470153808594,44.650001525878906,45.38999938964844,43.97999954223633,44.290000915527344,5960500
2014-10-15,39.3453369140625,44.380001068115234,44.720001220703125,42.939998626708984,44.0,6685800
2014-10-16,39.114830017089844,44.119998931884766,44.630001068115234,43.439998626708984,43.7599983215332,5671400
2014-10-17,39.18575668334961,44.20000076293945,44.91999816894531,44.189998626708984,44.900001525878906,5303700
2014-10-20,38.62723159790039,43.56999969482422,44.33000183105469,43.54999923706055,43.900001525878906,4820700
2014-10-21,39.566978454589844,44.630001068115234,44.86000061035156,43.75,43.79999923706055,6752800
2014-10-22,39.132564544677734,44.13999938964844,44.959999084472656,44.099998474121094,44.63999938964844,4742700
2014-10-23,39.469444274902344,44.52000045776367,44.849998474121094,44.310001373291016,44.599998474121094,3791800
2014-10-24,39.9836540222168,45.099998474121094,45.15999984741211,44.33000183105469,44.720001220703125,2607100
2014-10-27,40.35600662231445,45.52000045776367,45.709999084472656,44.869998931884766,45.040000915527344,3233000
2014-10-28,41.606048583984375,46.93000030517578,46.939998626708984,45.40999984741211,45.65999984741211,4664000
2014-10-29,41.41987609863281,46.720001220703125,47.13999938964844,46.349998474121094,46.7400016784668,4017900
2014-10-30,42.53693771362305,47.97999954223633,48.47999954223633,46.619998931884766,46.689998626708984,4962700
2014-10-31,43.30823516845703,48.849998474121094,49.11000061035156,48.61000061035156,48.95000076293945,5708200
2014-11-03,43.34370803833008,48.88999938964844,49.459999084472656,48.709999084472656,48.97999954223633,3404300
2014-11-04,42.98908996582031,48.4900016784668,49.150001525878906,48.400001525878906,48.959999084472656,6745800
2014-11-05,46.45550537109375,52.400001525878906,52.599998474121094,50.45000076293945,51.0,10090800
2014-11-06,46.66828918457031,52.63999938964844,52.9900016784668,51.68000030517578,52.5,6345600
2014-11-07,47.537113189697266,53.619998931884766,53.709999084472656,52.290000915527344,52.619998931884766,5865500
2014-11-10,47.56370162963867,53.650001525878906,54.2400016784668,53.310001373291016,53.459999084472656,6585800
2014-11-11,47.120426177978516,53.150001525878906,53.439998626708984,52.86000061035156,53.0,5186800
2014-11-12,47.20022201538086,53.2400016784668,53.5099983215332,52.939998626708984,53.099998474121094,3319600
2014-11-13,47.333194732666016,53.38999938964844,53.70000076293945,53.0,53.31999969482422,3313600
2014-11-14,47.244544982910156,53.290000915527344,53.66999816894531,53.150001525878906,53.290000915527344,2542600
2014-11-17,47.04064178466797,53.060001373291016,53.61000061035156,52.869998931884766,53.08000183105469,3110800
2014-11-18,46.7569465637207,52.7400016784668,53.220001220703125,52.56999969482422,53.0,3544400
2014-11-19,46.482112884521484,52.43000030517578,52.709999084472656,51.939998626708984,52.5,3642300
2014-11-20,45.88811492919922,51.7599983215332,52.56999969482422,51.54999923706055,52.25,4566100
2014-11-21,47.04064178466797,53.060001373291016,53.09000015258789,51.810001373291016,52.52000045776367,4769900
2014-11-24,47.6346321105957,53.72999954223633,53.790000915527344,52.560001373291016,53.0,3923100
2014-11-25,47.2534065246582,53.29999923706055,53.79999923706055,53.209999084472656,53.650001525878906,3938700
2014-11-26,47.55483627319336,53.63999938964844,53.650001525878906,53.16999816894531,53.5,2418300
2014-11-28,47.86514663696289,53.9900016784668,54.54999923706055,53.65999984741211,53.93000030517578,1605200
2014-12-01,47.918331146240234,54.04999923706055,54.72999954223633,53.5099983215332,53.88999938964844,4367400
2014-12-02,48.30840301513672,54.4900016784668,54.599998474121094,54.04999923706055,54.310001373291016,2810600
2014-12-03,48.26407241821289,54.439998626708984,54.70000076293945,54.209999084472656,54.43000030517578,2552800
2014-12-04,47.44845962524414,53.52000045776367,54.4900016784668,53.34000015258789,54.38999938964844,3138600
2014-12-05,47.129295349121094,53.15999984741211,53.70000076293945,52.70000076293945,53.459999084472656,5483700
2014-12-08,46.58848571777344,52.54999923706055,53.09000015258789,52.09000015258789,53.040000915527344,3788700
2014-12-09,46.63282012939453,52.599998474121094,52.70000076293945,51.84000015258789,51.84000015258789,4690600
2014-12-10,45.4980354309082,51.31999969482422,52.650001525878906,51.220001220703125,52.650001525878906,3746200
2014-12-11,45.666465759277344,51.5099983215332,52.38999938964844,51.40999984741211,51.849998474121094,4304900
2014-12-12,44.75331497192383,50.47999954223633,51.52000045776367,50.45000076293945,50.630001068115234,3566800
2014-12-15,44.77991485595703,50.5099983215332,51.0,50.16999816894531,50.54999923706055,3922000
2014-12-16,45.4005126953125,51.209999084472656,52.619998931884766,50.189998626708984,50.400001525878906,6816000
2014-12-17,45.21432876586914,51.0,51.27000045776367,50.56999969482422,51.06999969482422,5197600
2014-12-18,47.38640594482422,53.45000076293945,53.45000076293945,51.68000030517578,52.04999923706055,5082000
2014-12-19,47.4218635559082,53.4900016784668,54.439998626708984,53.22999954223633,53.400001525878906,8087800
2014-12-22,48.148834228515625,54.310001373291016,54.33000183105469,53.52000045776367,53.63999938964844,2531100
2014-12-23,48.06904220581055,54.220001220703125,54.88999938964844,54.20000076293945,54.81999969482422,2253800
2014-12-24,48.10449981689453,54.2599983215332,54.54999923706055,54.02000045776367,54.25,1059300
2014-12-26,47.732154846191406,53.84000015258789,54.400001525878906,53.720001220703125,54.310001373291016,1445600
2014-12-29,47.81193542480469,53.93000030517578,54.13999938964844,53.630001068115234,53.689998626708984,2218400
2014-12-30,47.120426177978516,53.150001525878906,53.90999984741211,52.91999816894531,53.61000061035156,3595000
2014-12-31,46.68600845336914,52.65999984741211,53.79999923706055,52.619998931884766,53.709999084472656,2208200
2015-01-02,46.69487762451172,52.66999816894531,53.77000045776367,52.0,52.88999938964844,2370900
2015-01-05,46.40232849121094,52.34000015258789,53.970001220703125,52.06999969482422,53.970001220703125,3017300
2015-01-06,45.196598052978516,50.97999954223633,52.31999969482422,50.709999084472656,52.11000061035156,4183800
2015-01-07,46.67715072631836,52.650001525878906,52.68000030517578,51.209999084472656,51.209999084472656,4411400
2015-01-08,47.767616271972656,53.880001068115234,54.11000061035156,52.599998474121094,52.84000015258789,5570200
2015-01-09,47.98038101196289,54.119998931884766,54.650001525878906,53.540000915527344,54.54999923706055,4164500
2015-01-12,48.006996154785156,54.150001525878906,54.79999923706055,53.810001373291016,54.029998779296875,6151600
2015-01-13,48.006996154785156,54.150001525878906,55.68000030517578,53.70000076293945,54.790000915527344,3629300
2015-01-14,48.237483978271484,54.40999984741211,54.40999984741211,53.13999938964844,53.83000183105469,4155300
2015-01-15,47.732154846191406,53.84000015258789,54.66999816894531,53.43000030517578,54.36000061035156,4758300
2015-01-16,48.7960205078125,55.040000915527344,55.119998931884766,53.630001068115234,53.93000030517578,4376800
2015-01-20,49.292484283447266,55.599998474121094,55.7400016784668,54.70000076293945,55.22999954223633,4715300
2015-01-21,49.008785247802734,55.279998779296875,55.75,54.86000061035156,55.54999923706055,4586100
2015-01-22,49.80668640136719,56.18000030517578,56.20000076293945,55.04999923706055,55.349998474121094,4849800
2015-01-23,49.70030975341797,56.060001373291016,56.619998931884766,55.83000183105469,56.04999923706055,3501000
2015-01-26,49.73576354980469,56.099998474121094,56.25,55.66999816894531,56.16999816894531,4145400
2015-01-27,48.99105453491211,55.2599983215332,55.90999984741211,54.849998474121094,55.70000076293945,3269200
2015-01-28,48.2552375793457,54.43000030517578,55.720001220703125,54.29999923706055,55.38999938964844,4798700
2015-01-29,49.18609619140625,55.47999954223633,55.5,54.02000045776367,54.38999938964844,3545400
2015-01-30,47.98925018310547,54.130001068115234,55.310001373291016,54.040000915527344,55.0099983215332,3756400
2015-02-02,48.148834228515625,54.310001373291016,54.41999816894531,53.33000183105469,54.40999984741211,4581400
2015-02-03,48.84920883178711,55.099998474121094,55.220001220703125,54.06999969482422,54.720001220703125,5447100
2015-02-04,51.313846588134766,57.880001068115234,59.63999938964844,57.0,57.0,11625800
2015-02-05,51.1010627746582,57.63999938964844,58.209999084472656,56.529998779296875,57.90999984741211,5591400
2015-02-06,50.92374801635742,57.439998626708984,57.939998626708984,56.900001525878906,57.63999938964844,4125700
2015-02-09,50.932613372802734,57.45000076293945,57.900001525878906,56.900001525878906,57.189998626708984,4540400
2015-02-10,51.77484893798828,58.400001525878906,58.5,57.72999954223633,57.75,4742400
2015-02-11,52.209259033203125,58.88999938964844,59.09000015258789,58.43000030517578,58.5,3619200
2015-02-12,53.441566467285156,60.279998779296875,60.29999923706055,59.02000045776367,59.060001373291016,3859700
2015-02-13,53.39725112915039,60.22999954223633,60.5,59.61000061035156,60.45000076293945,4577900
2015-02-17,53.361778259277344,60.189998626708984,60.540000915527344,59.689998626708984,60.38999938964844,2900900
2015-02-18,54.159671783447266,61.09000015258789,61.119998931884766,59.91999816894531,60.0099983215332,3522100
2015-02-19,54.966453552246094,62.0,62.0099983215332,60.86000061035156,61.09000015258789,3695000
2015-02-20,55.89733123779297,63.04999923706055,63.08000183105469,61.380001068115234,62.06999969482422,5817800
2015-02-23,55.34766387939453,62.43000030517578,63.02000045776367,61.81999969482422,63.0,4550200
2015-02-24,55.36539840698242,62.45000076293945,62.560001373291016,61.810001373291016,62.119998931884766,2062300
2015-02-25,55.5427131652832,62.650001525878906,62.68000030517578,61.9900016784668,62.34000015258789,2299900
2015-02-26,55.66682815551758,62.790000915527344,63.099998474121094,62.2599983215332,62.66999816894531,2847400
2015-02-27,55.40085983276367,62.4900016784668,63.150001525878906,62.400001525878906,62.90999984741211,3565800
2015-03-02,55.782066345214844,62.91999816894531,63.189998626708984,62.459999084472656,62.560001373291016,2393500
2015-03-03,55.657955169677734,62.779998779296875,63.13999938964844,62.290000915527344,63.11000061035156,5561700
2015-03-04,55.01964569091797,62.060001373291016,62.77000045776367,61.47999954223633,62.650001525878906,4308300
2015-03-05,55.28560256958008,62.36000061035156,62.41999816894531,61.83000183105469,62.060001373291016,5565200
2015-03-06,54.62069320678711,61.61000061035156,62.45000076293945,61.43000030517578,62.029998779296875,2865500
2015-03-09,54.89552307128906,61.91999816894531,62.09000015258789,61.5099983215332,61.75,2830100
2015-03-10,53.769588470458984,60.650001525878906,61.29999923706055,60.470001220703125,61.130001068115234,2561000
2015-03-11,53.94690704345703,60.849998474121094,61.099998474121094,60.290000915527344,60.52000045776367,2785400
2015-03-12,54.65614700317383,61.650001525878906,61.77000045776367,60.93000030517578,61.0,2068100
2015-03-13,54.2128791809082,61.150001525878906,62.25,60.7599983215332,61.84000015258789,3418100
2015-03-16,54.9930419921875,62.029998779296875,62.38999938964844,61.650001525878906,61.650001525878906,3925300
2015-03-17,55.188072204589844,62.25,62.47999954223633,61.54999923706055,61.900001525878906,2512600
2015-03-18,56.55339050292969,63.790000915527344,64.27999877929688,61.9900016784668,62.209999084472656,3779900
2015-03-19,56.9611930847168,64.25,64.44999694824219,63.529998779296875,63.7400016784668,3438400
2015-03-20,56.792747497558594,64.05999755859375,64.69000244140625,63.81999969482422,64.62000274658203,5440100
2015-03-23,56.668617248535156,63.91999816894531,64.18000030517578,63.7400016784668,64.16000366210938,2022300
2015-03-24,55.8264045715332,62.970001220703125,63.900001525878906,62.95000076293945,63.72999954223633,3220600
2015-03-25,54.25719451904297,61.20000076293945,63.040000915527344,61.150001525878906,62.869998931884766,3749100
2015-03-26,55.43632888793945,62.529998779296875,63.040000915527344,60.5,60.599998474121094,5091500
2015-03-27,55.85299301147461,63.0,63.189998626708984,62.15999984741211,62.38999938964844,2767100
2015-03-30,56.15443420410156,63.34000015258789,63.939998626708984,62.9900016784668,63.2400016784668,2593700
2015-03-31,55.31219482421875,62.38999938964844,63.2400016784668,62.33000183105469,63.2400016784668,2707300
2015-04-01,54.948707580566406,61.97999954223633,62.5,61.5,62.45000076293945,3291700
2015-04-02,55.471778869628906,62.56999969482422,62.77000045776367,61.68000030517578,62.09000015258789,1916100
2015-04-06,55.33880615234375,62.41999816894531,62.90999984741211,62.0,62.13999938964844,3014400
2015-04-07,55.01078414916992,62.04999923706055,62.77000045776367,62.02000045776367,62.5,2167100
2015-04-08,55.4451904296875,62.540000915527344,62.91999816894531,61.91999816894531,62.189998626708984,2284000
2015-04-09,55.99485778808594,63.15999984741211,63.22999954223633,62.20000076293945,62.33000183105469,1715500
2015-04-10,55.675697326660156,62.79999923706055,63.220001220703125,62.70000076293945,63.20000076293945,2222500
2015-04-13,54.72708511352539,61.72999954223633,62.93000030517578,61.66999816894531,62.70000076293945,2440000
2015-04-14,55.51610565185547,62.619998931884766,62.63999938964844,61.400001525878906,61.810001373291016,3227600
2015-04-15,55.950523376464844,63.11000061035156,63.150001525878906,62.470001220703125,62.630001068115234,2320800
2015-04-16,55.36539840698242,62.45000076293945,62.93000030517578,62.209999084472656,62.630001068115234,2551400
2015-04-17,53.81392288208008,60.70000076293945,61.810001373291016,60.40999984741211,61.790000915527344,4349300
2015-04-20,54.204002380371094,61.13999938964844,61.470001220703125,60.79999923706055,60.9900016784668,3815600
2015-04-21,54.44337844848633,61.40999984741211,61.849998474121094,61.290000915527344,61.45000076293945,2714500
2015-04-22,54.26606750488281,61.209999084472656,61.400001525878906,60.7599983215332,61.34000015258789,2412400
2015-04-23,54.25719451904297,61.20000076293945,61.41999816894531,60.41999816894531,60.880001068115234,3356700
2015-04-24,52.95396041870117,59.72999954223633,60.65999984741211,59.650001525878906,60.65999984741211,4997400
2015-04-27,52.7589111328125,59.5099983215332,60.13999938964844,59.130001068115234,59.91999816894531,4896000
2015-04-28,53.485904693603516,60.33000183105469,60.5099983215332,59.279998779296875,59.47999954223633,4053500
2015-04-29,53.12240982055664,59.91999816894531,60.54999923706055,59.5,60.06999969482422,2452300
2015-04-30,51.898963928222656,58.540000915527344,59.900001525878906,58.380001068115234,59.68000030517578,3858500
2015-05-01,52.43090057373047,59.13999938964844,59.209999084472656,58.349998474121094,58.650001525878906,4953400
2015-05-04,55.657955169677734,62.779998779296875,65.55000305175781,62.72999954223633,63.61000061035156,11019600
2015-05-05,54.079898834228516,61.0,63.11000061035156,60.91999816894531,62.869998931884766,5559200
2015-05-06,53.743003845214844,60.619998931884766,61.540000915527344,59.959999084472656,61.279998779296875,4678700
2015-05-07,54.35471725463867,61.310001373291016,61.70000076293945,60.220001220703125,60.4900016784668,3419300
2015-05-08,55.93279266357422,63.09000015258789,63.189998626708984,61.90999984741211,61.93000030517578,4688300
2015-05-11,55.56930923461914,62.68000030517578,63.709999084472656,62.63999938964844,63.189998626708984,3133900
2015-05-12,55.081695556640625,62.130001068115234,62.65999984741211,61.66999816894531,62.38999938964844,2534900
2015-05-13,54.833457946777344,61.849998474121094,62.790000915527344,61.61000061035156,62.20000076293945,2470400
2015-05-14,56.57998275756836,63.81999969482422,63.91999816894531,62.02000045776367,62.189998626708984,3823100
2015-05-15,56.358341217041016,63.56999969482422,64.02999877929688,63.0099983215332,64.02999877929688,2566400
2015-05-18,57.39561080932617,64.73999786376953,64.98999786376953,63.22999954223633,63.22999954223633,3909500
2015-05-19,57.65269088745117,65.02999877929688,65.55000305175781,64.76000213623047,64.93000030517578,3238900
2015-05-20,57.62611770629883,65.0,65.58000183105469,64.6500015258789,65.04000091552734,2030700
2015-05-21,57.599525451660156,64.97000122070312,65.26000213623047,64.68000030517578,64.73999786376953,1964400
2015-05-22,57.45767593383789,64.80999755859375,65.2300033569336,64.69999694824219,64.69999694824219,2179400
2015-05-26,56.57998275756836,63.81999969482422,64.66000366210938,63.56999969482422,64.58999633789062,2174300
2015-05-27,57.3424186706543,64.68000030517578,64.75,63.61000061035156,63.91999816894531,1600800
2015-05-28,57.4842643737793,64.83999633789062,64.93000030517578,64.13999938964844,64.51000213623047,1898900
2015-05-29,57.37787628173828,64.72000122070312,65.16999816894531,64.25,64.75,2619000
2015-06-01,57.98073959350586,65.4000015258789,65.4800033569336,64.44000244140625,65.05000305175781,2733800
2015-06-02,58.15806579589844,65.5999984741211,65.95999908447266,64.9800033569336,64.9800033569336,2886700
2015-06-03,58.246707916259766,65.69999694824219,65.87999725341797,65.18000030517578,65.7300033569336,2704900
2015-06-04,57.15624237060547,64.47000122070312,65.66000366210938,64.26000213623047,65.19999694824219,2436400
2015-06-05,57.2714958190918,64.5999984741211,64.81999969482422,63.63999938964844,64.2300033569336,2144400
2015-06-08,56.37607955932617,63.59000015258789,64.58999633789062,63.560001373291016,64.58999633789062,1790300
2015-06-09,56.48244857788086,63.709999084472656,63.880001068115234,62.630001068115234,63.619998931884766,2150500
2015-06-10,57.49312210083008,64.8499984741211,65.37000274658203,63.810001373291016,63.869998931884766,2838900
2015-06-11,57.19170379638672,64.51000213623047,65.16000366210938,64.25,65.16000366210938,3881700
2015-06-12,56.393795013427734,63.61000061035156,64.37999725341797,63.599998474121094,64.12000274658203,2451500
2015-06-15,55.83527374267578,62.97999954223633,63.189998626708984,62.54999923706055,63.15999984741211,3760600
2015-06-16,55.604759216308594,62.720001220703125,62.970001220703125,61.619998931884766,61.68000030517578,4012800
2015-06-17,55.0373649597168,62.08000183105469,63.130001068115234,61.61000061035156,63.09000015258789,5065500
2015-06-18,56.074649810791016,63.25,63.61000061035156,62.369998931884766,62.369998931884766,3041000
2015-06-19,55.40085983276367,62.4900016784668,63.47999954223633,62.470001220703125,63.189998626708984,3822100
2015-06-22,56.03032302856445,63.20000076293945,63.29999923706055,62.540000915527344,62.95000076293945,2439100
2015-06-23,56.1100959777832,63.290000915527344,63.470001220703125,62.88999938964844,63.209999084472656,1904800
2015-06-24,55.87073516845703,63.02000045776367,63.720001220703125,62.9900016784668,63.22999954223633,3025900
2015-06-25,56.47359085083008,63.70000076293945,63.95000076293945,63.060001373291016,63.349998474121094,2455500
2015-06-26,56.58884048461914,63.83000183105469,64.26000213623047,63.45000076293945,63.63999938964844,2810400
2015-06-29,54.23946762084961,61.18000030517578,63.130001068115234,61.060001373291016,63.099998474121094,2680700
2015-06-30,54.159671783447266,61.09000015258789,61.790000915527344,60.779998779296875,61.779998779296875,2900000
2015-07-01,55.07283401489258,62.119998931884766,62.33000183105469,61.529998779296875,61.790000915527344,2438400
2015-07-02,53.663211822509766,60.529998779296875,62.22999954223633,57.689998626708984,61.88999938964844,11140100
2015-07-06,53.15787124633789,59.959999084472656,61.2400016784668,59.41999816894531,59.41999816894531,4723900
2015-07-07,53.45930862426758,60.29999923706055,60.470001220703125,59.08000183105469,59.95000076293945,4170200
2015-07-08,52.33338165283203,59.029998779296875,60.189998626708984,58.900001525878906,60.099998474121094,2527000
2015-07-09,52.7411994934082,59.4900016784668,60.11000061035156,59.40999984741211,59.900001525878906,3065400
2015-07-10,52.93623352050781,59.709999084472656,60.459999084472656,59.68000030517578,60.459999084472656,2356200
2015-07-13,53.39725112915039,60.22999954223633,60.529998779296875,59.97999954223633,60.400001525878906,2705800
2015-07-14,53.734134674072266,60.61000061035156,60.95000076293945,60.11000061035156,60.310001373291016,2395300
2015-07-15,53.94690704345703,60.849998474121094,61.36000061035156,60.0099983215332,60.529998779296875,3288300
2015-07-16,54.23059844970703,61.16999816894531,61.97999954223633,60.95000076293945,61.66999816894531,2045400
2015-07-17,53.71640396118164,60.59000015258789,61.459999084472656,60.22999954223633,61.459999084472656,2673300
2015-07-20,53.627742767333984,60.4900016784668,60.86000061035156,60.310001373291016,60.86000061035156,1499700
2015-07-21,54.576358795166016,61.560001373291016,61.9900016784668,61.31999969482422,61.709999084472656,3431500
2015-07-22,55.134891510009766,62.189998626708984,62.41999816894531,61.369998931884766,61.369998931884766,2257700
2015-07-23,55.19694900512695,62.2599983215332,62.689998626708984,61.95000076293945,62.2400016784668,1752500
2015-07-24,54.61182403564453,61.599998474121094,62.689998626708984,61.349998474121094,62.689998626708984,2075500
2015-07-27,53.858253479003906,60.75,61.34000015258789,60.58000183105469,61.2599983215332,1712800
2015-07-28,54.23059844970703,61.16999816894531,61.5,60.38999938964844,60.5,1930700
2015-07-29,55.19694900512695,62.2599983215332,62.33000183105469,60.93000030517578,61.220001220703125,2889400
2015-07-30,55.95939254760742,63.119998931884766,63.279998779296875,61.31999969482422,61.83000183105469,2929100
2015-07-31,55.9416618347168,63.099998474121094,63.66999816894531,62.7599983215332,63.65999984741211,3302400
2015-08-03,55.746620178222656,62.880001068115234,63.380001068115234,62.5,63.310001373291016,2529400
2015-08-04,56.1100959777832,63.290000915527344,63.81999969482422,62.93000030517578,63.060001373291016,4976400
2015-08-05,59.70065689086914,67.33999633789062,69.3499984741211,67.2300033569336,67.36000061035156,8296400
2015-08-06,59.470157623291016,67.08000183105469,68.26000213623047,66.37999725341797,67.87999725341797,4299300
2015-08-07,59.94890213012695,67.62000274658203,68.05999755859375,66.33999633789062,67.55000305175781,4592700
2015-08-10,60.67585372924805,68.44000244140625,68.48999786376953,67.8499984741211,68.0,3113600
2015-08-11,60.09074020385742,67.77999877929688,68.1500015258789,67.0199966430664,68.05999755859375,3256000
2015-08-12,59.815914154052734,67.47000122070312,67.91999816894531,66.62999725341797,67.5999984741211,3298900
2015-08-13,60.23259735107422,67.94000244140625,68.2699966430664,66.86000061035156,67.41000366210938,2812100
2015-08-14,59.54994583129883,67.16999816894531,68.04000091552734,67.0199966430664,67.62000274658203,3050300
2015-08-17,59.97549819946289,67.6500015258789,67.70999908447266,66.69000244140625,66.79000091552734,2679800
2015-08-18,60.14393615722656,67.83999633789062,67.9800033569336,67.37999725341797,67.63999938964844,2009100
2015-08-19,59.42580795288086,67.02999877929688,67.72000122070312,66.81999969482422,67.33000183105469,3091700
2015-08-20,58.246707916259766,65.69999694824219,66.75,65.22000122070312,66.37000274658203,4240100
2015-08-21,55.72001647949219,62.849998474121094,65.5999984741211,62.849998474121094,65.01000213623047,4935600
2015-08-24,53.04262161254883,59.83000183105469,62.22999954223633,57.5,59.13999938964844,6781500
2015-08-25,52.28903579711914,58.97999954223633,62.2400016784668,58.83000183105469,61.310001373291016,6288300
2015-08-26,55.108299255371094,62.15999984741211,62.2400016784668,59.77000045776367,60.56999969482422,5730100
2015-08-27,56.562252044677734,63.79999923706055,63.90999984741211,62.2599983215332,62.72999954223633,4866200
2015-08-28,56.49132537841797,63.720001220703125,64.12000274658203,62.61000061035156,62.869998931884766,4176600
2015-08-31,55.799800872802734,62.939998626708984,63.38999938964844,62.54999923706055,63.130001068115234,4385900
2015-09-01,54.28380584716797,61.22999954223633,62.400001525878906,60.83000183105469,61.540000915527344,5097100
2015-09-02,55.4451904296875,62.540000915527344,62.54999923706055,60.61000061035156,62.13999938964844,3699500
2015-09-03,55.72887420654297,62.86000061035156,63.400001525878906,62.540000915527344,62.84000015258789,2974800
2015-09-04,54.744808197021484,61.75,62.439998626708984,61.22999954223633,61.7599983215332,3489500
2015-09-08,56.00371551513672,63.16999816894531,63.4900016784668,62.470001220703125,63.0099983215332,3825300
2015-09-09,55.081695556640625,62.130001068115234,63.869998931884766,61.939998626708984,63.75,2699400
2015-09-10,55.52498245239258,62.630001068115234,63.220001220703125,61.689998626708984,61.79999923706055,2834800
2015-09-11,55.66682815551758,62.790000915527344,62.970001220703125,61.95000076293945,62.2599983215332,2367500
2015-09-14,55.0373649597168,62.08000183105469,63.119998931884766,61.95000076293945,62.869998931884766,2394700
2015-09-15,55.64909744262695,62.77000045776367,62.84000015258789,62.040000915527344,62.45000076293945,4727900
2015-09-16,56.40266418457031,63.619998931884766,64.0,62.72999954223633,62.91999816894531,2791200
2015-09-17,55.7554817199707,62.88999938964844,63.779998779296875,62.75,63.470001220703125,2819100
2015-09-18,54.81572341918945,61.83000183105469,62.619998931884766,61.5099983215332,62.099998474121094,4411600
2015-09-21,55.69342041015625,62.81999969482422,63.099998474121094,62.0,62.150001525878906,2992900
2015-09-22,54.84233093261719,61.86000061035156,62.43000030517578,61.31999969482422,62.099998474121094,2218400
2015-09-23,55.188072204589844,62.25,62.52000045776367,61.61000061035156,61.880001068115234,2300500
2015-09-24,54.1862678527832,61.119998931884766,61.849998474121094,60.560001373291016,61.619998931884766,5025700
2015-09-25,54.33698654174805,61.290000915527344,62.08000183105469,60.84000015258789,61.93000030517578,2559600
2015-09-28,53.228790283203125,60.040000915527344,61.4900016784668,59.90999984741211,61.150001525878906,2990800
2015-09-29,53.70753860473633,60.58000183105469,60.72999954223633,59.939998626708984,60.220001220703125,2838000
2015-09-30,55.50724411010742,62.61000061035156,62.70000076293945,61.099998474121094,61.5099983215332,4033600
2015-10-01,56.09237289428711,63.27000045776367,63.560001373291016,62.22999954223633,62.95000076293945,3411700
2015-10-02,56.09237289428711,63.27000045776367,63.279998779296875,61.27000045776367,62.099998474121094,3032100
2015-10-05,57.7236328125,65.11000061035156,65.26000213623047,63.599998474121094,63.90999984741211,2959400
2015-10-06,57.60839080810547,64.9800033569336,65.20999908447266,64.52999877929688,64.80999755859375,2273500
2015-10-07,58.50379943847656,65.98999786376953,65.98999786376953,64.80000305175781,65.44999694824219,3139500
2015-10-08,58.83181381225586,66.36000061035156,66.62000274658203,65.4800033569336,65.51000213623047,2083500
2015-10-09,59.34601593017578,66.94000244140625,66.9800033569336,66.36000061035156,66.5999984741211,3306700
2015-10-12,58.68111038208008,66.19000244140625,67.95999908447266,65.77999877929688,66.91999816894531,2880700
2015-10-13,57.4842643737793,64.83999633789062,65.87999725341797,64.5999984741211,65.75,3792300
2015-10-14,57.40447235107422,64.75,65.27999877929688,64.55000305175781,65.0,2840600
2015-10-15,57.53746032714844,64.9000015258789,65.2699966430664,64.41999816894531,65.19000244140625,3360100
2015-10-16,57.53746032714844,64.9000015258789,65.56999969482422,64.5999984741211,65.4000015258789,3550300
2015-10-19,57.67043685913086,65.05000305175781,65.05999755859375,64.37000274658203,64.83000183105469,3355300
2015-10-20,57.80342102050781,65.19999694824219,65.33000183105469,64.66000366210938,64.68000030517578,2287000
2015-10-21,57.599525451660156,64.97000122070312,66.18000030517578,64.87000274658203,65.51000213623047,2645000
2015-10-22,60.666996002197266,68.43000030517578,68.48999786376953,65.62999725341797,65.91000366210938,5831400
2015-10-23,61.02164077758789,68.83000183105469,69.31999969482422,68.19999694824219,68.8499984741211,3948400
2015-10-26,60.68473815917969,68.44999694824219,69.12000274658203,68.22000122070312,68.94000244140625,2625200
2015-10-27,60.51630401611328,68.26000213623047,68.33000183105469,67.77999877929688,68.02999877929688,3005900
2015-10-28,61.84613800048828,69.76000213623047,69.80000305175781,68.19999694824219,68.44999694824219,3143200
2015-10-29,61.06594467163086,68.87999725341797,69.5199966430664,68.69999694824219,69.41000366210938,1953000
2015-10-30,60.38330078125,68.11000061035156,69.08000183105469,68.08999633789062,68.9000015258789,3230100
2015-11-02,60.666996002197266,68.43000030517578,68.66000366210938,68.1500015258789,68.54000091552734,3674500
2015-11-03,60.40987777709961,68.13999938964844,68.91000366210938,68.05999755859375,68.16000366210938,3744500
2015-11-04,59.23965835571289,66.81999969482422,67.31999969482422,65.33999633789062,67.22000122070312,6384800
2015-11-05,59.54994583129883,67.16999816894531,67.66000366210938,66.55999755859375,67.48999786376953,3174500
2015-11-06,61.21665573120117,69.05000305175781,69.2300033569336,66.81999969482422,66.81999969482422,4419300
2015-11-09,60.25918197631836,67.97000122070312,68.80000305175781,67.47000122070312,68.77999877929688,2919200
2015-11-10,60.36556625366211,68.08999633789062,68.18000030517578,67.41000366210938,67.87000274658203,2405500
2015-11-11,60.18824768066406,67.88999938964844,68.9800033569336,67.69000244140625,68.37999725341797,2811900
2015-11-12,59.496742248535156,67.11000061035156,68.04000091552734,66.94000244140625,67.5199966430664,2474400
2015-11-13,58.42403030395508,65.9000015258789,67.18000030517578,65.80999755859375,66.69999694824219,2752700
2015-11-16,58.388553619384766,65.86000061035156,66.27999877929688,65.3499984741211,65.98999786376953,3136700
2015-11-17,56.83708190917969,64.11000061035156,65.86000061035156,63.27000045776367,65.31999969482422,5906000
2015-11-18,57.85662841796875,65.26000213623047,65.36000061035156,63.869998931884766,64.4800033569336,2812400
2015-11-19,57.83888244628906,65.23999786376953,65.58000183105469,64.91000366210938,65.33000183105469,3099500
2015-11-20,57.741363525390625,65.12999725341797,65.91000366210938,65.04000091552734,65.79000091552734,3166000
2015-11-23,56.95233917236328,64.23999786376953,65.08999633789062,63.93000030517578,64.98999786376953,3287600
2015-11-24,57.25374984741211,64.58000183105469,64.77999877929688,63.689998626708984,63.900001525878906,3600400
2015-11-25,57.15624237060547,64.47000122070312,64.83000183105469,64.19999694824219,64.55999755859375,1897100
2015-11-27,57.38674545288086,64.7300033569336,65.43000030517578,64.51000213623047,64.63999938964844,1413300
2015-11-30,57.25374984741211,64.58000183105469,64.98999786376953,64.27999877929688,64.97000122070312,3704300
2015-12-01,57.80342102050781,65.19999694824219,65.25,64.55999755859375,64.6500015258789,2533300
2015-12-02,56.7750244140625,64.04000091552734,65.19999694824219,63.959999084472656,64.94000244140625,3882600
2015-12-03,54.67388153076172,61.66999816894531,64.29000091552734,61.16999816894531,64.05000305175781,4849400
2015-12-04,55.81753158569336,62.959999084472656,63.040000915527344,61.529998779296875,61.77000045776367,4079100
2015-12-07,54.966453552246094,62.0,62.810001373291016,61.619998931884766,62.56999969482422,4647500
2015-12-08,54.975311279296875,62.0099983215332,62.619998931884766,61.310001373291016,61.349998474121094,2755700
2015-12-09,53.485904693603516,60.33000183105469,62.29999923706055,59.84000015258789,61.5099983215332,4430400
2015-12-10,53.52135467529297,60.369998931884766,60.91999816894531,60.119998931884766,60.47999954223633,3315700
2015-12-11,51.686195373535156,58.29999923706055,59.81999969482422,58.150001525878906,59.540000915527344,5211800
2015-12-14,52.980560302734375,59.7599983215332,59.77000045776367,58.66999816894531,58.88999938964844,6361500
2015-12-15,53.64547348022461,60.5099983215332,61.04999923706055,60.0,60.0099983215332,5343000
2015-12-16,55.33880615234375,62.41999816894531,62.52000045776367,60.79999923706055,60.900001525878906,6128000
2015-12-17,53.56568908691406,60.41999816894531,62.31999969482422,60.13999938964844,62.220001220703125,4777100
2015-12-18,52.18265914916992,58.86000061035156,60.41999816894531,58.75,58.7599983215332,5123000
2015-12-21,52.96282196044922,59.7400016784668,59.91999816894531,59.119998931884766,59.5099983215332,3295000
2015-12-22,53.282005310058594,60.099998474121094,60.2400016784668,59.40999984741211,59.779998779296875,2351600
2015-12-23,53.5479621887207,60.400001525878906,60.59000015258789,60.11000061035156,60.52000045776367,2465500
2015-12-24,53.840511322021484,60.72999954223633,61.0,60.380001068115234,60.439998626708984,1180300
2015-12-28,53.63661193847656,60.5,60.709999084472656,59.86000061035156,60.47999954223633,1765000
2015-12-29,54.44337844848633,61.40999984741211,61.650001525878906,60.40999984741211,60.43000030517578,1948100
2015-12-30,54.079898834228516,61.0,61.720001220703125,60.959999084472656,61.25,1422500
2015-12-31,53.2110595703125,60.02000045776367,61.029998779296875,60.0,60.599998474121094,2224600
2016-01-04,51.53547286987305,58.130001068115234,58.810001373291016,57.470001220703125,58.810001373291016,5001200
2016-01-05,51.53547286987305,58.130001068115234,58.68000030517578,57.970001220703125,58.45000076293945,3644100
2016-01-06,50.64890670776367,57.130001068115234,57.88999938964844,56.599998474121094,57.0,4911700
2016-01-07,50.21450424194336,56.63999938964844,57.95000076293945,55.529998779296875,56.029998779296875,5449000
2016-01-08,49.43433380126953,55.7599983215332,56.900001525878906,55.70000076293945,56.869998931884766,4959700
2016-01-11,49.75349426269531,56.119998931884766,56.52000045776367,55.58000183105469,56.08000183105469,4395100
2016-01-12,52.883056640625,59.650001525878906,59.91999816894531,57.45000076293945,57.5,8452000
2016-01-13,51.21629333496094,57.77000045776367,59.95000076293945,57.380001068115234,59.7400016784668,6829500
2016-01-14,53.37950897216797,60.209999084472656,61.09000015258789,58.0,58.16999816894531,7950500
2016-01-15,52.049678802490234,58.709999084472656,59.33000183105469,57.79999923706055,57.91999816894531,5575500
2016-01-19,53.140140533447266,59.939998626708984,60.2400016784668,58.310001373291016,59.56999969482422,8025400
2016-01-20,52.52841567993164,59.25,59.939998626708984,58.029998779296875,58.45000076293945,6643000
2016-01-21,52.3599739074707,59.060001373291016,60.15999984741211,58.630001068115234,59.459999084472656,4428500
2016-01-22,53.64547348022461,60.5099983215332,60.630001068115234,59.34000015258789,59.630001068115234,5286300
2016-01-25,54.00896072387695,60.91999816894531,61.810001373291016,60.16999816894531,60.22999954223633,7242700
2016-01-26,54.91325378417969,61.939998626708984,62.11000061035156,60.65999984741211,61.040000915527344,4957100
2016-01-27,54.088748931884766,61.0099983215332,62.59000015258789,60.619998931884766,61.7400016784668,4762000
2016-01-28,54.381324768066406,61.34000015258789,62.2599983215332,61.13999938964844,61.779998779296875,4190700
2016-01-29,56.12783432006836,63.310001373291016,63.43000030517578,61.81999969482422,61.83000183105469,5238500
2016-02-01,55.25901412963867,62.33000183105469,63.0,62.06999969482422,62.47999954223633,3988300
2016-02-02,53.29970169067383,60.119998931884766,61.630001068115234,59.779998779296875,61.040000915527344,5553000
2016-02-03,53.867122650146484,60.7599983215332,61.02000045776367,59.5099983215332,60.630001068115234,3580400
2016-02-04,52.856441497802734,59.619998931884766,60.36000061035156,58.97999954223633,60.09000015258789,5512800
2016-02-05,51.898963928222656,58.540000915527344,59.720001220703125,57.95000076293945,59.20000076293945,7492400
2016-02-08,47.918331146240234,54.04999923706055,55.439998626708984,53.040000915527344,54.97999954223633,12259100
2016-02-09,46.39345169067383,52.33000183105469,54.029998779296875,51.220001220703125,53.27000045776367,8244500
2016-02-10,47.27113342285156,53.31999969482422,54.290000915527344,52.939998626708984,53.599998474121094,6279000
2016-02-11,46.19840621948242,52.11000061035156,52.86000061035156,51.33000183105469,52.220001220703125,5627300
2016-02-12,47.758750915527344,53.869998931884766,53.869998931884766,52.52000045776367,53.33000183105469,4215700
2016-02-16,48.7694206237793,55.0099983215332,55.209999084472656,54.02000045776367,54.130001068115234,5203900
2016-02-17,50.18792724609375,56.61000061035156,56.880001068115234,55.029998779296875,55.459999084472656,6251500
2016-02-18,49.65597152709961,56.0099983215332,57.27000045776367,55.869998931884766,57.02000045776367,4663500
2016-02-19,49.5584602355957,55.900001525878906,56.029998779296875,55.06999969482422,55.40999984741211,4746400
2016-02-22,50.20563507080078,56.630001068115234,57.40999984741211,56.34000015258789,56.709999084472656,3397400
2016-02-23,49.43433380126953,55.7599983215332,56.75,55.70000076293945,56.52000045776367,3388800
2016-02-24,49.81554412841797,56.189998626708984,56.33000183105469,54.529998779296875,55.18000030517578,3067000
2016-02-25,50.7464485168457,57.2400016784668,57.25,55.560001373291016,56.560001373291016,2997300
2016-02-26,50.569122314453125,57.040000915527344,57.79999923706055,56.869998931884766,57.52000045776367,3398500
2016-02-29,50.51594161987305,56.97999954223633,57.5,56.65999984741211,57.130001068115234,4675100
2016-03-01,51.60640335083008,58.209999084472656,58.41999816894531,57.41999816894531,57.869998931884766,5542700
2016-03-02,51.13652801513672,57.68000030517578,58.25,57.2400016784668,58.22999954223633,4111200
2016-03-03,51.2429084777832,57.79999923706055,58.0,56.75,57.95000076293945,3725400
2016-03-04,51.189727783203125,57.7400016784668,58.400001525878906,57.41999816894531,58.34000015258789,3611500
2016-03-07,50.53367614746094,57.0,57.290000915527344,56.459999084472656,57.25,4099200
2016-03-08,49.58504867553711,55.93000030517578,56.599998474121094,55.779998779296875,56.40999984741211,3537300
2016-03-09,49.69144058227539,56.04999923706055,56.2400016784668,55.65999984741211,56.20000076293945,3282800
2016-03-10,49.13290786743164,55.41999816894531,56.97999954223633,54.650001525878906,56.38999938964844,5146900
2016-03-11,50.50707244873047,56.970001220703125,57.08000183105469,55.619998931884766,56.189998626708984,4811200
2016-03-14,51.526611328125,58.119998931884766,58.220001220703125,56.45000076293945,56.54999923706055,5432000
2016-03-15,51.44681930541992,58.029998779296875,58.22999954223633,57.65999984741211,57.70000076293945,3474000
2016-03-16,52.22698211669922,58.90999984741211,58.97999954223633,57.310001373291016,57.70000076293945,3839500
2016-03-17,52.06740188598633,58.72999954223633,58.9900016784668,58.2400016784668,58.56999969482422,3596200
2016-03-18,52.52841567993164,59.25,59.31999969482422,57.93000030517578,58.209999084472656,5202400
2016-03-21,52.76778793334961,59.52000045776367,59.720001220703125,58.72999954223633,59.310001373291016,3552200
2016-03-22,52.17378616333008,58.849998474121094,59.63999938964844,58.79999923706055,59.279998779296875,4825400
2016-03-23,52.3599739074707,59.060001373291016,59.27000045776367,58.22999954223633,58.65999984741211,4891800
2016-03-24,53.47703552246094,60.31999969482422,60.63999938964844,58.779998779296875,58.869998931884766,5095200
2016-03-28,53.3529167175293,60.18000030517578,60.72999954223633,59.91999816894531,60.25,3253200
2016-03-29,54.62956237792969,61.619998931884766,61.790000915527344,59.95000076293945,60.18000030517578,4692600
2016-03-30,55.36539840698242,62.45000076293945,62.849998474121094,61.790000915527344,62.130001068115234,5427900
2016-03-31,55.58702850341797,62.70000076293945,63.02000045776367,62.040000915527344,62.34000015258789,3520900
2016-04-01,55.95939254760742,63.119998931884766,63.189998626708984,62.209999084472656,62.31999969482422,2425300
2016-04-04,54.753658294677734,61.7599983215332,63.13999938964844,61.599998474121094,63.119998931884766,3856000
2016-04-05,54.23946762084961,61.18000030517578,61.560001373291016,60.88999938964844,61.349998474121094,2551400
2016-04-06,54.576358795166016,61.560001373291016,61.650001525878906,60.88999938964844,61.099998474121094,2220200
2016-04-07,53.1844596862793,59.9900016784668,61.22999954223633,59.88999938964844,61.0099983215332,4524400
2016-04-08,53.33517074584961,60.15999984741211,60.79999923706055,59.91999816894531,60.5,2536700
2016-04-11,53.17559814453125,59.97999954223633,61.119998931884766,59.959999084472656,60.65999984741211,3375000
2016-04-12,52.71459197998047,59.459999084472656,60.84000015258789,58.939998626708984,60.84000015258789,6307700
2016-04-13,53.592281341552734,60.45000076293945,60.7400016784668,59.439998626708984,60.06999969482422,6670600
2016-04-14,53.51248550415039,60.36000061035156,60.77000045776367,60.060001373291016,60.45000076293945,2710900
2016-04-15,53.2553825378418,60.06999969482422,60.959999084472656,59.95000076293945,60.849998474121094,5269200
2016-04-18,53.53022003173828,60.380001068115234,60.5099983215332,59.119998931884766,59.95000076293945,3572100
2016-04-19,53.06035232543945,59.849998474121094,60.630001068115234,59.25,60.630001068115234,2708500
2016-04-20,53.27314758300781,60.09000015258789,60.38999938964844,59.33000183105469,59.9900016784668,2369400
2016-04-21,53.237667083740234,60.04999923706055,60.41999816894531,59.709999084472656,59.880001068115234,2546400
2016-04-22,53.58341598510742,60.439998626708984,60.619998931884766,59.689998626708984,59.97999954223633,3295400
2016-04-25,53.37950897216797,60.209999084472656,60.310001373291016,59.689998626708984,60.09000015258789,2087500
2016-04-26,53.75187683105469,60.630001068115234,60.95000076293945,60.15999984741211,60.27000045776367,2071300
2016-04-27,53.70753860473633,60.58000183105469,61.25,60.11000061035156,60.5,1913200
2016-04-28,52.95396041870117,59.72999954223633,60.5,59.58000183105469,60.099998474121094,3109800
2016-04-29,51.74824523925781,58.369998931884766,59.5,57.779998779296875,59.25,4419100
2016-05-02,51.74824523925781,58.369998931884766,58.630001068115234,57.95000076293945,58.369998931884766,5368700
2016-05-03,51.10993194580078,57.650001525878906,58.29999923706055,57.52000045776367,58.0099983215332,4575200
2016-05-04,51.01240921020508,57.540000915527344,57.83000183105469,57.0,57.20000076293945,5061400
2016-05-05,51.056739807128906,57.59000015258789,57.7599983215332,57.060001373291016,57.5,6259400
2016-05-06,53.68093490600586,60.54999923706055,60.810001373291016,56.209999084472656,56.45000076293945,7383400
2016-05-09,53.920318603515625,60.81999969482422,61.16999816894531,60.04999923706055,60.56999969482422,4114800
2016-05-10,54.735939025878906,61.7400016784668,61.95000076293945,60.56999969482422,60.79999923706055,3720200
2016-05-11,54.16854476928711,61.099998474121094,61.97999954223633,60.900001525878906,61.560001373291016,2931600
2016-05-12,54.19514846801758,61.130001068115234,61.459999084472656,60.5099983215332,61.27000045776367,2631200
2016-05-13,54.39017868041992,61.349998474121094,62.09000015258789,60.790000915527344,60.95000076293945,3493600
2016-05-16,54.797996520996094,61.810001373291016,62.040000915527344,60.869998931884766,61.29999923706055,2984600
2016-05-17,54.64728546142578,61.63999938964844,62.060001373291016,61.310001373291016,61.4900016784668,4455000
2016-05-18,54.98417282104492,62.02000045776367,62.400001525878906,61.38999938964844,61.54999923706055,2891100
2016-05-19,54.975311279296875,62.0099983215332,62.150001525878906,61.45000076293945,61.59000015258789,3594900
2016-05-20,55.799800872802734,62.939998626708984,63.22999954223633,61.90999984741211,61.90999984741211,4664500
2016-05-23,54.735939025878906,61.7400016784668,62.900001525878906,61.70000076293945,62.83000183105469,3078400
2016-05-24,55.77320098876953,62.90999984741211,63.0,61.95000076293945,62.040000915527344,3669400
2016-05-25,55.49838638305664,62.599998474121094,63.150001525878906,62.529998779296875,63.0,3847800
2016-05-26,55.19694900512695,62.2599983215332,62.810001373291016,62.04999923706055,62.52000045776367,3132400
2016-05-27,55.374267578125,62.459999084472656,62.72999954223633,62.13999938964844,62.47999954223633,2273600
2016-05-31,54.469970703125,61.439998626708984,62.630001068115234,61.27000045776367,62.599998474121094,4503700
2016-06-01,54.19514846801758,61.130001068115234,61.54999923706055,60.900001525878906,61.43000030517578,3064700
2016-06-02,54.381324768066406,61.34000015258789,61.349998474121094,60.689998626708984,61.15999984741211,2946800
2016-06-03,53.29970169067383,60.119998931884766,61.33000183105469,60.099998474121094,61.31999969482422,3859800
2016-06-06,53.50362777709961,60.349998474121094,60.41999816894531,59.470001220703125,60.04999923706055,4511100
2016-06-07,53.840511322021484,60.72999954223633,61.060001373291016,60.2599983215332,60.7400016784668,3233200
2016-06-08,54.62956237792969,61.619998931884766,61.7599983215332,60.61000061035156,60.720001220703125,3670800
2016-06-09,54.07102966308594,60.9900016784668,61.15999984741211,60.38999938964844,60.88999938964844,4381400
2016-06-10,53.43272399902344,60.27000045776367,60.790000915527344,59.79999923706055,60.2599983215332,4264200
2016-06-13,53.237667083740234,60.04999923706055,60.97999954223633,59.7599983215332,59.91999816894531,3202200
2016-06-14,53.725257873535156,60.599998474121094,60.720001220703125,59.880001068115234,59.97999954223633,3393600
2016-06-15,52.86530685424805,59.630001068115234,60.86000061035156,59.5099983215332,60.86000061035156,3783900
2016-06-16,52.93623352050781,59.709999084472656,59.86000061035156,58.59000015258789,59.25,3225800
2016-06-17,52.79438400268555,59.54999923706055,60.02000045776367,58.939998626708984,59.880001068115234,3821400
2016-06-20,54.345863342285156,61.29999923706055,61.7599983215332,60.41999816894531,60.5,3638400
2016-06-21,54.61182403564453,61.599998474121094,61.849998474121094,61.189998626708984,61.459999084472656,3178900
2016-06-22,54.71820831298828,61.720001220703125,62.150001525878906,61.43000030517578,61.47999954223633,3895600
2016-06-23,55.58702850341797,62.70000076293945,62.709999084472656,61.630001068115234,62.439998626708984,2894100
2016-06-24,51.42908477783203,58.0099983215332,60.040000915527344,57.959999084472656,60.0,9228100
2016-06-27,49.18609619140625,55.47999954223633,57.54999923706055,55.16999816894531,57.41999816894531,7965400
2016-06-28,49.64711380004883,56.0,56.689998626708984,55.619998931884766,56.380001068115234,6468500
2016-06-29,50.613460540771484,57.09000015258789,57.5099983215332,56.29999923706055,56.7400016784668,6184000
2016-06-30,50.7464485168457,57.2400016784668,57.47999954223633,56.70000076293945,57.369998931884766,5863100
2016-07-01,50.710975646972656,57.20000076293945,58.16999816894531,57.0,57.15999984741211,8307100
2016-07-05,50.00173568725586,56.400001525878906,56.869998931884766,56.09000015258789,56.70000076293945,6498700
2016-07-06,50.32976531982422,56.77000045776367,56.84000015258789,55.41999816894531,55.97999954223633,5234600
2016-07-07,50.39181900024414,56.84000015258789,57.470001220703125,56.61000061035156,56.84000015258789,2161200
2016-07-08,51.3581657409668,57.93000030517578,58.15999984741211,57.11000061035156,57.38999938964844,3657400
2016-07-11,51.810302734375,58.439998626708984,58.709999084472656,58.08000183105469,58.08000183105469,2851000
2016-07-12,51.73939514160156,58.36000061035156,58.68000030517578,57.95000076293945,57.9900016784668,3313100
2016-07-13,51.85464859008789,58.4900016784668,58.86000061035156,58.04999923706055,58.689998626708984,3024100
2016-07-14,52.25358200073242,58.939998626708984,59.40999984741211,58.72999954223633,59.06999969482422,2711200
2016-07-15,51.207454681396484,57.7599983215332,58.06999969482422,56.52000045776367,57.52000045776367,6336400
2016-07-18,51.402488708496094,57.97999954223633,58.029998779296875,57.630001068115234,57.84000015258789,3645500
2016-07-19,51.127662658691406,57.66999816894531,58.040000915527344,57.47999954223633,57.849998474121094,4218100
2016-07-20,52.058536529541016,58.720001220703125,58.81999969482422,57.5,57.7400016784668,3589200
2016-07-21,51.69504928588867,58.310001373291016,58.83000183105469,58.220001220703125,58.540000915527344,3195200
2016-07-22,51.73939514160156,58.36000061035156,58.59000015258789,57.529998779296875,58.59000015258789,3820100
2016-07-25,51.77484893798828,58.400001525878906,58.400001525878906,57.880001068115234,58.25,3175500
2016-07-26,51.96989059448242,58.619998931884766,58.90999984741211,58.33000183105469,58.34000015258789,3349000
2016-07-27,51.64186477661133,58.25,58.54999923706055,57.880001068115234,58.54999923706055,2685000
2016-07-28,51.32270431518555,57.88999938964844,58.630001068115234,57.529998779296875,58.310001373291016,2459900
2016-07-29,50.968082427978516,57.4900016784668,58.08000183105469,57.16999816894531,58.029998779296875,2937900
2016-08-01,51.819183349609375,58.45000076293945,58.47999954223633,57.36000061035156,57.58000183105469,2993500
2016-08-02,51.287235260009766,57.849998474121094,58.5099983215332,57.529998779296875,58.150001525878906,3796800
2016-08-03,51.55320739746094,58.150001525878906,58.310001373291016,57.5,57.849998474121094,2503600
2016-08-04,52.102874755859375,58.77000045776367,58.970001220703125,57.88999938964844,58.220001220703125,5096900
2016-08-05,52.93623352050781,59.709999084472656,60.470001220703125,56.849998474121094,58.09000015258789,8793700
2016-08-08,51.69504928588867,58.310001373291016,59.709999084472656,58.2400016784668,59.63999938964844,5272100
2016-08-09,51.127662658691406,57.66999816894531,58.470001220703125,57.59000015258789,58.20000076293945,4352000
2016-08-10,51.0035400390625,57.529998779296875,57.88999938964844,57.310001373291016,57.88999938964844,2878100
2016-08-11,50.826236724853516,57.33000183105469,57.91999816894531,57.119998931884766,57.81999969482422,3232100
2016-08-12,51.59752655029297,58.20000076293945,58.25,57.060001373291016,57.15999984741211,3788800
2016-08-15,51.313846588134766,57.880001068115234,58.310001373291016,57.290000915527344,58.0,5675800
2016-08-16,50.799625396728516,57.29999923706055,57.97999954223633,57.279998779296875,57.650001525878906,3664400
2016-08-17,50.53367614746094,57.0,57.45000076293945,56.41999816894531,57.25,5413000
2016-08-18,50.48047637939453,56.939998626708984,57.0,56.31999969482422,56.790000915527344,3386700
2016-08-19,50.657798767089844,57.13999938964844,57.650001525878906,56.93000030517578,57.02000045776367,3386300
2016-08-22,51.189727783203125,57.7400016784668,57.810001373291016,56.849998474121094,56.97999954223633,2510300
2016-08-23,51.55320739746094,58.150001525878906,58.65999984741211,57.529998779296875,57.599998474121094,5375200
2016-08-24,51.127662658691406,57.66999816894531,58.25,57.349998474121094,58.029998779296875,4697900
2016-08-25,51.03899383544922,57.56999969482422,57.970001220703125,57.34000015258789,57.70000076293945,2349500
2016-08-26,51.304969787597656,57.869998931884766,58.20000076293945,57.33000183105469,57.619998931884766,3397200
2016-08-29,51.287235260009766,57.849998474121094,58.099998474121094,57.45000076293945,57.75,2221100
2016-08-30,51.34044647216797,57.90999984741211,58.189998626708984,57.5099983215332,58.09000015258789,2430100
2016-08-31,50.92374801635742,57.439998626708984,57.90999984741211,57.060001373291016,57.72999954223633,3368000
2016-09-01,51.056739807128906,57.59000015258789,57.869998931884766,56.95000076293945,57.75,3352400
2016-09-02,51.73939514160156,58.36000061035156,58.61000061035156,57.880001068115234,57.95000076293945,3672700
2016-09-06,52.00535202026367,58.65999984741211,58.65999984741211,58.119998931884766,58.27000045776367,2586100
2016-09-07,51.75711441040039,58.380001068115234,59.0,58.220001220703125,58.689998626708984,3824300
2016-09-08,49.78897476196289,56.15999984741211,57.939998626708984,56.060001373291016,57.93000030517578,5701400
2016-09-09,48.96446228027344,55.22999954223633,56.36000061035156,55.22999954223633,56.36000061035156,4507500
2016-09-12,50.00173568725586,56.400001525878906,56.52000045776367,55.04999923706055,55.16999816894531,5593400
2016-09-13,48.760562896728516,55.0,55.77000045776367,54.47999954223633,55.720001220703125,6676900
2016-09-14,47.900604248046875,54.029998779296875,54.97999954223633,53.95000076293945,54.029998779296875,4650700
2016-09-15,47.962650299072266,54.099998474121094,54.40999984741211,52.90999984741211,53.2599983215332,6539000
2016-09-16,47.27113342285156,53.31999969482422,53.970001220703125,52.86000061035156,53.939998626708984,7784700
2016-09-19,47.28001403808594,53.33000183105469,54.02000045776367,53.0099983215332,53.720001220703125,4467700
2016-09-20,46.95198440551758,52.959999084472656,53.68000030517578,52.95000076293945,53.599998474121094,5230600
2016-09-21,47.38640594482422,53.45000076293945,53.4900016784668,52.91999816894531,52.97999954223633,3942100
2016-09-22,48.0601806640625,54.209999084472656,54.31999969482422,53.619998931884766,54.029998779296875,5048500
2016-09-23,48.237483978271484,54.40999984741211,54.560001373291016,53.709999084472656,54.13999938964844,4752200
2016-09-26,48.006996154785156,54.150001525878906,54.349998474121094,53.61000061035156,54.349998474121094,4193600
2016-09-27,48.22862243652344,54.400001525878906,54.75,53.91999816894531,54.16999816894531,2797800
2016-09-28,48.66304016113281,54.88999938964844,54.959999084472656,54.16999816894531,54.4900016784668,5013300
2016-09-29,48.760562896728516,55.0,55.93000030517578,54.9900016784668,55.209999084472656,4911900
2016-09-30,42.29756546020508,47.709999084472656,49.7599983215332,45.439998626708984,48.83000183105469,53397200
2016-10-03,44.682395935058594,50.400001525878906,51.2599983215332,48.5,48.65999984741211,16804000
2016-10-04,44.407562255859375,50.09000015258789,51.25,49.91999816894531,51.099998474121094,7811100
2016-10-05,45.125675201416016,50.900001525878906,51.43000030517578,50.060001373291016,50.36000061035156,5255100
2016-10-06,45.4005126953125,51.209999084472656,51.40999984741211,50.619998931884766,51.08000183105469,4083200
2016-10-07,44.63806915283203,50.349998474121094,51.369998931884766,50.279998779296875,51.279998779296875,3834100
2016-10-10,44.72672653198242,50.45000076293945,50.95000076293945,50.36000061035156,50.77000045776367,2792300
2016-10-11,44.230262756347656,49.88999938964844,50.560001373291016,49.540000915527344,50.369998931884766,3735500
2016-10-12,44.31003952026367,49.97999954223633,50.939998626708984,49.7400016784668,50.939998626708984,3760900
2016-10-13,45.435977935791016,51.25,51.369998931884766,49.68000030517578,49.790000915527344,9047900
2016-10-14,44.62920379638672,50.34000015258789,51.65999984741211,50.33000183105469,50.70000076293945,6275400
2016-10-17,44.416439056396484,50.099998474121094,50.91999816894531,50.060001373291016,50.4900016784668,3351100
2016-10-18,44.522823333740234,50.220001220703125,50.630001068115234,49.70000076293945,50.27000045776367,4249700
2016-10-19,44.67353057861328,50.38999938964844,50.84000015258789,50.25,50.43000030517578,3236000
2016-10-20,44.398712158203125,50.08000183105469,50.70000076293945,49.720001220703125,50.70000076293945,5683200
2016-10-21,44.07068634033203,49.709999084472656,50.02000045776367,49.349998474121094,49.93000030517578,4665100
2016-10-24,44.72672653198242,50.45000076293945,50.900001525878906,50.11000061035156,50.20000076293945,6622600
2016-10-25,44.89516830444336,50.63999938964844,51.040000915527344,50.310001373291016,50.38999938964844,7715600
2016-10-26,45.09908676147461,50.869998931884766,51.119998931884766,50.43000030517578,50.54999923706055,3386500
2016-10-27,45.480308532714844,51.29999923706055,51.5,50.86000061035156,51.040000915527344,3780300
2016-10-28,45.71966552734375,51.56999969482422,51.959999084472656,51.400001525878906,51.52000045776367,6042400
2016-10-31,45.52463912963867,51.349998474121094,51.97999954223633,51.15999984741211,51.900001525878906,3865700
2016-11-01,45.65760803222656,51.5,51.9900016784668,51.119998931884766,51.9900016784668,4121400
2016-11-02,45.577823638916016,51.40999984741211,52.189998626708984,51.220001220703125,51.4900016784668,3494500
2016-11-03,45.79059600830078,51.650001525878906,51.939998626708984,51.380001068115234,51.52000045776367,5407600
2016-11-04,46.17182159423828,52.08000183105469,52.97999954223633,51.5,51.529998779296875,8291600
2016-11-07,48.53891372680664,54.75,55.25,53.52000045776367,54.0,10761800
2016-11-08,48.66304016113281,54.88999938964844,55.22999954223633,54.33000183105469,54.75,6802200
2016-11-09,46.99631881713867,53.0099983215332,53.189998626708984,51.459999084472656,52.5099983215332,21742600
2016-11-10,47.70556640625,53.810001373291016,54.65999984741211,52.959999084472656,53.459999084472656,9833900
2016-11-11,47.82968521118164,53.95000076293945,54.119998931884766,52.81999969482422,53.79999923706055,10084000
2016-11-14,47.82968521118164,53.95000076293945,54.279998779296875,53.09000015258789,54.06999969482422,8622200
2016-11-15,48.024715423583984,54.16999816894531,54.40999984741211,53.75,53.939998626708984,5899600
2016-11-16,49.053123474121094,55.33000183105469,55.45000076293945,53.77000045776367,53.790000915527344,7337000
2016-11-17,49.9839973449707,56.380001068115234,56.939998626708984,55.130001068115234,55.25,10510500
2016-11-18,49.265892028808594,55.56999969482422,56.86000061035156,55.040000915527344,56.5,10857500
2016-11-21,48.84920883178711,55.099998474121094,55.66999816894531,54.68000030517578,55.529998779296875,6516600
2016-11-22,47.14702606201172,53.18000030517578,53.54999923706055,52.369998931884766,53.11000061035156,13416700
2016-11-23,45.97676086425781,51.86000061035156,52.650001525878906,51.349998474121094,52.599998474121094,11782800
2016-11-25,47.209083557128906,53.25,53.5099983215332,52.0,52.040000915527344,5414000
2016-11-28,50.48933410644531,56.95000076293945,58.5,56.83000183105469,58.02000045776367,24846800
2016-11-29,49.31909942626953,55.630001068115234,56.95000076293945,55.52000045776367,56.79999923706055,7217000
2016-11-30,48.83148956298828,55.08000183105469,56.2599983215332,54.97999954223633,55.75,5043800
2016-12-01,47.94493103027344,54.08000183105469,55.56999969482422,53.88999938964844,55.2400016784668,6484300
2016-12-02,47.89173889160156,54.02000045776367,54.560001373291016,53.75,53.86000061035156,4625400
2016-12-05,48.54777908325195,54.7599983215332,55.09000015258789,53.95000076293945,54.040000915527344,6418600
2016-12-06,49.026519775390625,55.29999923706055,55.34000015258789,54.20000076293945,54.86000061035156,5425600
2016-12-07,50.6223258972168,57.099998474121094,57.209999084472656,55.0,55.349998474121094,8330000
2016-12-08,49.797821044921875,56.16999816894531,56.9900016784668,55.880001068115234,56.9900016784668,6757600
2016-12-09,49.50526809692383,55.84000015258789,56.47999954223633,55.41999816894531,56.380001068115234,3590700
2016-12-12,49.549591064453125,55.88999938964844,56.08000183105469,55.2400016784668,55.689998626708984,4128600
2016-12-13,50.25883865356445,56.689998626708984,56.83000183105469,55.900001525878906,55.900001525878906,5531800
2016-12-14,49.948543548583984,56.34000015258789,57.15999984741211,56.209999084472656,56.900001525878906,5817000
2016-12-15,50.35635757446289,56.79999923706055,57.0,56.0,56.29999923706055,3865400
2016-12-16,49.87760925292969,56.2599983215332,56.88999938964844,55.849998474121094,56.66999816894531,6721100
2016-12-19,50.25883865356445,56.689998626708984,56.93000030517578,56.189998626708984,56.189998626708984,3975600
2016-12-20,50.01947021484375,56.41999816894531,56.7400016784668,56.209999084472656,56.720001220703125,2809500
2016-12-21,49.895355224609375,56.279998779296875,56.59000015258789,55.97999954223633,56.040000915527344,2750500
2016-12-22,50.04607009887695,56.45000076293945,56.540000915527344,55.58000183105469,56.439998626708984,4317100
2016-12-23,50.081520080566406,56.4900016784668,56.900001525878906,56.08000183105469,56.38999938964844,3366700
2016-12-27,50.196773529052734,56.619998931884766,57.06999969482422,56.41999816894531,56.5,2211900
2016-12-28,49.78009796142578,56.150001525878906,57.040000915527344,56.040000915527344,56.81999969482422,2164600
2016-12-29,49.80668640136719,56.18000030517578,56.599998474121094,56.029998779296875,56.060001373291016,1679600
2016-12-30,49.673702239990234,56.029998779296875,56.5099983215332,55.790000915527344,56.22999954223633,2921100
2017-01-03,50.10811996459961,56.52000045776367,56.779998779296875,56.0099983215332,56.650001525878906,3149100
2017-01-04,50.81736755371094,57.31999969482422,57.400001525878906,56.20000076293945,56.47999954223633,3572400
2017-01-05,50.613460540771484,57.09000015258789,57.459999084472656,56.97999954223633,57.349998474121094,5166400
2017-01-06,51.304969787597656,57.869998931884766,58.0,56.380001068115234,57.13999938964844,6091200
2017-01-09,50.161312103271484,56.58000183105469,57.75,56.45000076293945,57.599998474121094,7006300
2017-01-10,50.232234954833984,56.65999984741211,56.93000030517578,55.939998626708984,56.43000030517578,4710700
2017-01-11,50.54254150390625,57.0099983215332,57.09000015258789,56.27000045776367,56.459999084472656,6377100
2017-01-12,50.52480697631836,56.9900016784668,57.16999816894531,56.15999984741211,57.16999816894531,3599500
2017-01-13,50.10811996459961,56.52000045776367,57.119998931884766,56.27000045776367,56.84000015258789,6223300
2017-01-17,50.161312103271484,56.58000183105469,56.880001068115234,56.31999969482422,56.5,3470200
2017-01-18,50.85283660888672,57.36000061035156,57.63999938964844,56.599998474121094,56.630001068115234,3970200
2017-01-19,50.22336959838867,56.650001525878906,57.43000030517578,56.4900016784668,57.25,3147500
2017-01-20,50.40068054199219,56.849998474121094,57.119998931884766,56.459999084472656,56.869998931884766,4485300
2017-01-23,49.797821044921875,56.16999816894531,56.95000076293945,55.66999816894531,56.880001068115234,4444000
2017-01-24,50.18792724609375,56.61000061035156,56.72999954223633,55.75,56.25,3613700
2017-01-25,51.021278381347656,57.54999923706055,57.56999969482422,56.58000183105469,56.81999969482422,5238100
2017-01-26,49.886478424072266,56.27000045776367,57.68000030517578,56.2599983215332,57.470001220703125,3406200
2017-01-27,49.762351989746094,56.130001068115234,56.630001068115234,56.04999923706055,56.29999923706055,3010800
2017-01-30,47.57257080078125,53.65999984741211,55.25,53.529998779296875,55.22999954223633,9261800
2017-01-31,46.62395477294922,52.59000015258789,53.13999938964844,51.52000045776367,52.029998779296875,10176800
2017-02-01,46.49984359741211,52.45000076293945,52.90999984741211,51.95000076293945,52.68000030517578,7478400
2017-02-02,45.81719970703125,51.68000030517578,52.81999969482422,51.58000183105469,52.70000076293945,7972300
2017-02-03,46.544166564941406,52.5,52.540000915527344,51.65999984741211,52.06999969482422,6176800
2017-02-06,46.774662017822266,52.7599983215332,53.47999954223633,52.439998626708984,53.47999954223633,7776900
2017-02-07,47.68781661987305,53.790000915527344,54.16999816894531,52.63999938964844,52.709999084472656,7606700
2017-02-08,50.04607009887695,56.45000076293945,57.4900016784668,54.7599983215332,57.0,20858300
2017-02-09,51.42022705078125,58.0,58.40999984741211,56.290000915527344,57.0,13235500
2017-02-10,50.8883056640625,57.400001525878906,58.34000015258789,57.369998931884766,58.0,6935500
2017-02-13,51.1010627746582,57.63999938964844,58.0,57.529998779296875,57.75,6744800
2017-02-14,50.85283660888672,57.36000061035156,57.689998626708984,57.18000030517578,57.290000915527344,10115300
2017-02-15,51.53547286987305,58.130001068115234,58.400001525878906,57.06999969482422,57.06999969482422,5636200
2017-02-16,51.508872985839844,58.099998474121094,58.47999954223633,57.75,58.25,4158200
2017-02-17,51.384761810302734,57.959999084472656,58.439998626708984,57.619998931884766,58.0099983215332,3777600
2017-02-21,51.96989059448242,58.619998931884766,58.689998626708984,57.65999984741211,57.91999816894531,4275100
2017-02-22,52.08513641357422,58.75,58.79999923706055,57.91999816894531,58.22999954223633,3238600
2017-02-23,52.439762115478516,59.150001525878906,59.310001373291016,58.619998931884766,58.79999923706055,3677000
2017-02-24,52.750064849853516,59.5,59.5,58.75,58.959999084472656,3169400
2017-02-27,52.82098388671875,59.58000183105469,59.66999816894531,59.11000061035156,59.4900016784668,4908500
2017-02-28,52.54615020751953,59.27000045776367,59.58000183105469,59.119998931884766,59.29999923706055,5466300
2017-03-01,53.414974212646484,60.25,60.38999938964844,59.4900016784668,59.709999084472656,5163300
2017-03-02,53.344051361083984,60.16999816894531,60.33000183105469,59.66999816894531,59.959999084472656,2850700
2017-03-03,53.086952209472656,59.880001068115234,60.2599983215332,59.689998626708984,59.95000076293945,4789700
2017-03-06,52.15606689453125,58.83000183105469,59.54999923706055,58.4900016784668,59.45000076293945,5801200
2017-03-07,51.27838134765625,57.84000015258789,59.29999923706055,57.77000045776367,58.81999969482422,5336500
2017-03-08,50.968082427978516,57.4900016784668,57.9900016784668,57.150001525878906,57.77000045776367,5617900
2017-03-09,51.127662658691406,57.66999816894531,57.75,57.0,57.599998474121094,4193600
2017-03-10,52.07627868652344,58.7400016784668,59.279998779296875,58.11000061035156,58.25,5171900
2017-03-13,52.52841567993164,59.25,59.34000015258789,58.4900016784668,58.59000015258789,3775000
2017-03-14,52.448638916015625,59.15999984741211,59.779998779296875,58.91999816894531,59.77000045776367,3696900
2017-03-15,52.53728485107422,59.2599983215332,59.45000076293945,58.7599983215332,59.189998626708984,3216800
2017-03-16,52.67027282714844,59.40999984741211,60.0,59.2599983215332,59.75,3560000
2017-03-17,51.91669845581055,58.560001373291016,59.88999938964844,58.189998626708984,59.84000015258789,6738100
2017-03-20,52.28903579711914,58.97999954223633,59.40999984741211,58.439998626708984,58.560001373291016,4487700
2017-03-21,51.89009475708008,58.529998779296875,59.400001525878906,58.400001525878906,59.11000061035156,3243200
2017-03-22,52.71459197998047,59.459999084472656,59.5099983215332,58.52000045776367,58.540000915527344,4385300
2017-03-23,52.093994140625,58.7599983215332,59.34000015258789,58.369998931884766,59.25,4737700
2017-03-24,51.96989059448242,58.619998931884766,59.290000915527344,58.540000915527344,59.0099983215332,2988200
2017-03-27,52.049678802490234,58.709999084472656,58.86000061035156,58.060001373291016,58.130001068115234,3187800
2017-03-28,52.34223937988281,59.040000915527344,59.34000015258789,58.310001373291016,58.4900016784668,3814300
2017-03-29,52.377708435058594,59.08000183105469,59.20000076293945,58.41999816894531,58.88999938964844,3267800
2017-03-30,52.51954650878906,59.2400016784668,59.31999969482422,58.90999984741211,59.20000076293945,1770800
2017-03-31,52.76778793334961,59.52000045776367,59.81999969482422,59.02000045776367,59.09000015258789,3463600
2017-04-03,51.64186477661133,58.25,59.95000076293945,58.16999816894531,59.54999923706055,5459700
2017-04-04,51.60640335083008,58.209999084472656,58.439998626708984,57.61000061035156,57.9900016784668,3772900
2017-04-05,51.473419189453125,58.060001373291016,59.099998474121094,57.93000030517578,58.220001220703125,4115200
2017-04-06,51.54434585571289,58.13999938964844,58.41999816894531,57.720001220703125,58.060001373291016,3085500
2017-04-07,51.80144500732422,58.43000030517578,58.66999816894531,58.029998779296875,58.40999984741211,3234900
2017-04-10,52.280189514160156,58.970001220703125,59.099998474121094,58.20000076293945,58.290000915527344,4501000
2017-04-11,52.20039749145508,58.880001068115234,59.20000076293945,58.40999984741211,58.72999954223633,3612900
2017-04-12,52.00535202026367,58.65999984741211,59.0099983215332,58.47999954223633,58.939998626708984,2590700
2017-04-13,51.73051452636719,58.349998474121094,59.060001373291016,58.290000915527344,58.77000045776367,3872300
2017-04-17,52.040809631347656,58.70000076293945,58.81999969482422,58.5099983215332,58.630001068115234,2931800
2017-04-18,51.304969787597656,57.869998931884766,58.40999984741211,57.650001525878906,58.349998474121094,5333500
2017-04-19,51.393638610839844,57.970001220703125,58.33000183105469,57.86000061035156,57.970001220703125,4071300
2017-04-20,51.22517776489258,57.779998779296875,58.2400016784668,57.5,58.0099983215332,5152200
2017-04-21,51.287235260009766,57.849998474121094,57.97999954223633,57.63999938964844,57.97999954223633,4882000
2017-04-24,52.209259033203125,58.88999938964844,59.189998626708984,58.45000076293945,58.63999938964844,4201700
2017-04-25,52.38656997680664,59.09000015258789,59.369998931884766,58.7599983215332,58.93000030517578,3112300
2017-04-26,52.67913055419922,59.41999816894531,59.650001525878906,58.970001220703125,59.04999923706055,3920700
2017-04-27,52.927371978759766,59.70000076293945,59.72999954223633,59.310001373291016,59.45000076293945,3230000
2017-04-28,53.39725112915039,60.22999954223633,60.400001525878906,59.439998626708984,59.7400016784668,4694400
2017-05-01,53.50362777709961,60.349998474121094,60.75,60.15999984741211,60.400001525878906,5007200
2017-05-02,53.627742767333984,60.4900016784668,60.810001373291016,60.20000076293945,60.33000183105469,3963300
2017-05-03,53.6898078918457,60.560001373291016,60.79999923706055,60.209999084472656,60.720001220703125,3562500
2017-05-04,53.858253479003906,60.75,61.150001525878906,60.560001373291016,60.7599983215332,5479600
2017-05-05,56.04804229736328,63.220001220703125,63.34000015258789,61.5,61.689998626708984,8224700
2017-05-08,56.987789154052734,64.27999877929688,64.43000030517578,63.0,63.189998626708984,6848000
2017-05-09,56.8902702331543,64.16999816894531,64.33999633789062,63.38999938964844,63.5099983215332,3534000
2017-05-10,56.712955474853516,63.970001220703125,64.30000305175781,63.65999984741211,63.9900016784668,3430100
2017-05-11,56.9611930847168,64.25,64.31999969482422,63.599998474121094,63.599998474121094,3053000
2017-05-12,57.08530807495117,64.38999938964844,64.68000030517578,64.04000091552734,64.31999969482422,4268800
2017-05-15,57.17396926879883,64.48999786376953,64.72000122070312,64.12999725341797,64.4000015258789,6625300
2017-05-16,57.794559478759766,65.19000244140625,65.25,64.26000213623047,64.63999938964844,3239800
2017-05-17,57.18283462524414,64.5,65.0,64.29000091552734,64.73999786376953,3892900
2017-05-18,57.7782096862793,65.0199966430664,65.31999969482422,63.959999084472656,64.16000366210938,4029600
2017-05-19,58.1336784362793,65.41999816894531,65.5199966430664,64.9000015258789,65.11000061035156,3559700
2017-05-22,58.46245574951172,65.79000091552734,65.86000061035156,65.16999816894531,65.4000015258789,3313700
2017-05-23,58.65793228149414,66.01000213623047,66.30000305175781,65.66000366210938,66.0,4913100
2017-05-24,59.08448791503906,66.48999786376953,66.61000061035156,65.8499984741211,66.16999816894531,3092700
2017-05-25,59.43104934692383,66.87999725341797,67.04000091552734,66.54000091552734,66.66999816894531,4639800
2017-05-26,59.35108184814453,66.79000091552734,67.12999725341797,66.69999694824219,67.12999725341797,2559400
2017-05-30,59.08448791503906,66.48999786376953,66.69000244140625,66.29000091552734,66.69000244140625,5077500
2017-05-31,59.45771408081055,66.91000366210938,67.0999984741211,66.43000030517578,66.63999938964844,3847900
2017-06-01,59.884246826171875,67.38999938964844,67.44000244140625,66.66000366210938,66.91000366210938,3770300
2017-06-02,59.955352783203125,67.47000122070312,67.55999755859375,66.66000366210938,67.5,6531000
2017-06-05,60.03530502319336,67.55999755859375,67.87999725341797,67.30999755859375,67.48999786376953,2297700
2017-06-06,59.90202331542969,67.41000366210938,67.7699966430664,67.1500015258789,67.29000091552734,5665700
2017-06-07,59.50213623046875,66.95999908447266,67.38999938964844,66.5,67.04000091552734,4746600
2017-06-08,59.42217254638672,66.87000274658203,66.91999816894531,66.30000305175781,66.41000366210938,3341500
2017-06-09,58.92452621459961,66.30999755859375,67.12999725341797,65.83000183105469,67.12999725341797,4296100
2017-06-12,58.90677261352539,66.29000091552734,66.33000183105469,65.58999633789062,65.91000366210938,4236200
2017-06-13,59.03117370605469,66.43000030517578,66.63999938964844,65.80000305175781,66.43000030517578,4601200
2017-06-14,59.06672286987305,66.47000122070312,66.93000030517578,65.94000244140625,66.44000244140625,3198400
2017-06-15,58.99562072753906,66.38999938964844,66.55000305175781,65.79000091552734,66.11000061035156,4005700
2017-06-16,59.173343658447266,66.58999633789062,66.63999938964844,65.87000274658203,66.12999725341797,10421500
2017-06-19,59.89314651489258,67.4000015258789,67.45999908447266,66.8499984741211,66.8499984741211,3263700
2017-06-20,59.777618408203125,67.2699966430664,67.72000122070312,67.01000213623047,67.01000213623047,2722800
2017-06-21,60.34633255004883,67.91000366210938,68.18000030517578,67.13999938964844,67.33999633789062,3428400
2017-06-22,59.644325256347656,67.12000274658203,68.11000061035156,66.87000274658203,67.88999938964844,5048400
2017-06-23,59.87535858154297,67.37999725341797,67.77999877929688,66.86000061035156,67.0199966430664,4543900
2017-06-26,59.946441650390625,67.45999908447266,68.0999984741211,67.30999755859375,67.80000305175781,3139900
2017-06-27,59.12002944946289,66.52999877929688,67.68000030517578,66.5199966430664,67.30999755859375,3051700
2017-06-28,59.564334869384766,67.02999877929688,67.23999786376953,66.52999877929688,66.80999755859375,4151700
2017-06-29,58.773475646972656,66.13999938964844,67.16000366210938,65.5999984741211,67.0199966430664,3701700
2017-06-30,59.004512786865234,66.4000015258789,66.9000015258789,66.16999816894531,66.55000305175781,3926900
2017-07-03,59.27108383178711,66.69999694824219,66.9800033569336,66.4000015258789,66.93000030517578,1294300
2017-07-05,59.4399299621582,66.88999938964844,67.25,66.13999938964844,66.80999755859375,2612900
2017-07-06,58.90677261352539,66.29000091552734,66.69000244140625,66.05000305175781,66.45999908447266,2362400
2017-07-07,59.50213623046875,66.95999908447266,67.31999969482422,66.37000274658203,66.4000015258789,2529500
2017-07-10,59.78650665283203,67.27999877929688,67.31999969482422,66.6500015258789,66.98999786376953,2212400
2017-07-11,60.07084655761719,67.5999984741211,67.66000366210938,67.05999755859375,67.18000030517578,1904100
2017-07-12,60.54183578491211,68.12999725341797,68.37000274658203,67.91000366210938,68.05000305175781,3177100
2017-07-13,60.337432861328125,67.9000015258789,68.26000213623047,67.61000061035156,68.26000213623047,3844800
2017-07-14,61.163875579833984,68.83000183105469,68.91000366210938,68.12999725341797,68.27999877929688,3136600
2017-07-17,61.21717071533203,68.88999938964844,69.0,68.5199966430664,68.77999877929688,2507100
2017-07-18,61.12831497192383,68.79000091552734,68.95999908447266,68.41999816894531,68.77999877929688,2436400
2017-07-19,61.759246826171875,69.5,69.5,68.6500015258789,68.80000305175781,2798200
2017-07-20,62.168006896972656,69.95999908447266,70.30000305175781,69.62999725341797,69.75,2617100
2017-07-21,62.1857795715332,69.9800033569336,70.05999755859375,69.5999984741211,69.66999816894531,2888600
2017-07-24,62.168006896972656,69.95999908447266,70.05999755859375,69.63999938964844,69.95999908447266,3488200
2017-07-25,62.17690658569336,69.97000122070312,70.3499984741211,69.7300033569336,69.95999908447266,2599300
2017-07-26,62.24799728393555,70.05000305175781,70.44999694824219,69.88999938964844,70.20999908447266,2206100
2017-07-27,61.954734802246094,69.72000122070312,70.48999786376953,69.25,70.05999755859375,3359600
2017-07-28,61.599281311035156,69.31999969482422,69.9000015258789,69.18000030517578,69.54000091552734,3926100
2017-07-31,61.599281311035156,69.31999969482422,69.75,69.23999786376953,69.55000305175781,4589400
2017-08-01,61.768123626708984,69.51000213623047,70.0199966430664,69.38999938964844,69.38999938964844,4516800
2017-08-02,60.88837432861328,68.5199966430664,69.5199966430664,68.04000091552734,69.44000244140625,8021600
2017-08-03,62.159122467041016,69.94999694824219,70.05000305175781,67.72000122070312,67.83000183105469,5882700
2017-08-04,63.252098083496094,71.18000030517578,71.56999969482422,70.5999984741211,70.80000305175781,4555400
2017-08-07,61.83921432495117,69.58999633789062,71.16999816894531,69.52999877929688,71.08999633789062,4235100
2017-08-08,62.45236587524414,70.27999877929688,70.75,69.5199966430664,69.98999786376953,3709200
2017-08-09,63.10107421875,71.01000213623047,71.08000183105469,69.7300033569336,70.0199966430664,3718600
2017-08-10,62.21244812011719,70.01000213623047,71.08000183105469,69.91999816894531,70.51000213623047,3098900
2017-08-11,62.74559783935547,70.61000061035156,70.70999908447266,69.95999908447266,70.12999725341797,3453500
2017-08-14,63.838623046875,71.83999633789062,71.87000274658203,70.94000244140625,71.0999984741211,2598300
2017-08-15,63.68756103515625,71.66999816894531,71.91000366210938,71.5,71.86000061035156,4298000
2017-08-16,64.03413391113281,72.05999755859375,72.06999969482422,71.55999755859375,71.9800033569336,2392100
2017-08-17,62.550113677978516,70.38999938964844,71.9800033569336,70.36000061035156,71.81999969482422,3098800
2017-08-18,62.39871597290039,70.06999969482422,70.51000213623047,69.58000183105469,69.69999694824219,2636100
2017-08-21,61.908939361572266,69.5199966430664,70.16999816894531,69.33000183105469,70.16999816894531,2429400
2017-08-22,62.469947814941406,70.1500015258789,70.30000305175781,69.5999984741211,69.72000122070312,2918300
2017-08-23,62.35419464111328,70.0199966430664,70.12999725341797,69.83999633789062,70.01000213623047,2021400
2017-08-24,62.17610549926758,69.81999969482422,70.33999633789062,69.5199966430664,70.12000274658203,1473600
2017-08-25,62.140472412109375,69.77999877929688,70.73999786376953,69.7699966430664,70.08999633789062,2959000
2017-08-28,62.30076599121094,69.95999908447266,70.29000091552734,69.80999755859375,69.9800033569336,2961900
2017-08-29,62.02471923828125,69.6500015258789,69.77999877929688,69.23999786376953,69.38999938964844,1666300
2017-08-30,62.04250717163086,69.66999816894531,69.87999725341797,69.37000274658203,69.58000183105469,1943400
2017-08-31,63.02207565307617,70.7699966430664,71.0,69.69999694824219,69.83999633789062,3379100
2017-09-01,63.07551574707031,70.83000183105469,71.2300033569336,70.75,70.8499984741211,2862100
2017-09-05,62.8172607421875,70.54000091552734,70.7300033569336,69.87999725341797,70.56999969482422,1983000
2017-09-06,63.164573669433594,70.93000030517578,71.06999969482422,70.52999877929688,70.7300033569336,1636700
2017-09-07,63.60091018676758,71.41999816894531,71.80000305175781,70.94999694824219,71.0199966430664,2174500
2017-09-08,63.31595993041992,71.0999984741211,71.62999725341797,71.0,71.22000122070312,2479700
2017-09-11,64.27772521972656,72.18000030517578,72.33000183105469,71.20999908447266,71.72000122070312,3161000
2017-09-12,64.865478515625,72.83999633789062,73.0,72.0999984741211,72.37999725341797,2854300
2017-09-13,64.35785675048828,72.2699966430664,72.98999786376953,72.19000244140625,72.81999969482422,3279600
2017-09-14,63.8858757019043,71.73999786376953,72.23999786376953,71.5,71.98999786376953,3333300
2017-09-15,63.95712661743164,71.81999969482422,71.93000030517578,71.41000366210938,71.7699966430664,3927800
2017-09-18,64.15306091308594,72.04000091552734,72.31999969482422,71.80999755859375,72.12999725341797,1565500
2017-09-19,64.56268310546875,72.5,72.81999969482422,72.12999725341797,72.25,2620400
2017-09-20,64.52705383300781,72.45999908447266,72.83999633789062,72.01000213623047,72.62999725341797,2568500
2017-09-21,63.99275207519531,71.86000061035156,72.58000183105469,71.86000061035156,72.37000274658203,2382300
2017-09-22,64.17084503173828,72.05999755859375,72.47000122070312,71.91000366210938,71.95999908447266,3568300
2017-09-25,63.84139633178711,71.69000244140625,72.05000305175781,71.04000091552734,71.91000366210938,2195600
2017-09-26,63.77904510498047,71.62000274658203,72.5199966430664,71.51000213623047,71.93000030517578,3768000
2017-09-27,64.03730010986328,71.91000366210938,72.33000183105469,71.52999877929688,72.02999877929688,2037400
2017-09-28,64.24210357666016,72.13999938964844,72.16999816894531,71.38999938964844,71.4800033569336,1640800
2017-09-29,64.5982894897461,72.54000091552734,72.6500015258789,71.93000030517578,71.98999786376953,1953100
2017-10-02,64.51815795898438,72.44999694824219,73.27999877929688,72.3499984741211,72.51000213623047,1897100
2017-10-03,64.60720825195312,72.55000305175781,72.91999816894531,72.22000122070312,72.45999908447266,2638600
2017-10-04,64.6962661743164,72.6500015258789,73.02999877929688,72.26000213623047,72.5,4474400
2017-10-05,65.1860580444336,73.19999694824219,73.2300033569336,72.62999725341797,73.05999755859375,3628200
2017-10-06,65.72036743164062,73.80000305175781,73.83000183105469,73.0,73.0,2249300
2017-10-09,65.58677673339844,73.6500015258789,73.91000366210938,73.19999694824219,73.91000366210938,1925400
2017-10-10,65.89846801757812,74.0,74.0999984741211,73.62000274658203,73.62000274658203,2089200
2017-10-11,65.542236328125,73.5999984741211,74.01000213623047,73.1500015258789,73.88999938964844,2468200
2017-10-12,65.97862243652344,74.08999633789062,74.47000122070312,73.73999786376953,73.73999786376953,2675600
2017-10-13,66.23686981201172,74.37999725341797,74.7699966430664,74.2300033569336,74.61000061035156,1467000
2017-10-16,66.04988098144531,74.16999816894531,74.51000213623047,73.79000091552734,74.44000244140625,1214400
2017-10-17,65.87174224853516,73.97000122070312,74.12999725341797,73.5999984741211,74.12000274658203,1387200
2017-10-18,65.84504699707031,73.94000244140625,74.33000183105469,73.63999938964844,74.0,2050400
2017-10-19,66.1388931274414,74.2699966430664,74.47000122070312,73.41999816894531,73.61000061035156,1658800
2017-10-20,66.61087036132812,74.80000305175781,74.81999969482422,74.19000244140625,74.5,2905200
2017-10-23,66.25465393066406,74.4000015258789,75.0,74.30000305175781,74.9800033569336,2665600
2017-10-24,66.51293182373047,74.69000244140625,74.69999694824219,74.1500015258789,74.31999969482422,3549200
2017-10-25,66.12110137939453,74.25,74.75,74.0999984741211,74.43000030517578,2375000
2017-10-26,66.41498565673828,74.58000183105469,75.51000213623047,74.54000091552734,74.6500015258789,3390200
2017-10-27,67.13628387451172,75.38999938964844,75.5,74.0,74.70999908447266,3424300
2017-10-30,67.24312591552734,75.51000213623047,75.62000274658203,74.75,75.31999969482422,4155400
2017-10-31,67.38562774658203,75.66999816894531,76.51000213623047,75.36000061035156,75.7300033569336,6126500
2017-11-01,65.48883819580078,73.54000091552734,75.0,70.52999877929688,74.63999938964844,9994900
2017-11-02,66.21904754638672,74.36000061035156,75.11000061035156,73.7300033569336,74.13999938964844,4426300
2017-11-03,66.1388931274414,74.2699966430664,74.72000122070312,73.7699966430664,74.33000183105469,3792500
2017-11-06,66.59307861328125,74.77999877929688,75.29000091552734,74.0,74.11000061035156,3183300
2017-11-07,66.47731018066406,74.6500015258789,75.05999755859375,74.52999877929688,74.80999755859375,3161600
2017-11-08,66.23686981201172,74.37999725341797,75.08000183105469,74.2699966430664,74.8499984741211,2556300
2017-11-09,65.84504699707031,73.94000244140625,74.23999786376953,73.5,73.86000061035156,2138000
2017-11-10,66.1300048828125,74.26000213623047,74.44000244140625,73.41999816894531,73.58999633789062,2591900
2017-11-13,66.39714050292969,74.55999755859375,74.66000366210938,73.80999755859375,74.0,1743800
2017-11-14,66.76226043701172,74.97000122070312,75.19000244140625,73.77999877929688,73.83999633789062,2261400
2017-11-15,65.97862243652344,74.08999633789062,75.11000061035156,73.97000122070312,74.94000244140625,3244000
2017-11-16,67.12738800048828,75.37999725341797,75.7699966430664,74.38999938964844,74.4000015258789,3370800
2017-11-17,65.0572509765625,72.91000366210938,75.16000366210938,72.87999725341797,75.06999969482422,4754900
2017-11-20,64.15602111816406,71.9000015258789,72.91000366210938,71.56999969482422,72.73999786376953,5894900
2017-11-21,64.0400390625,71.7699966430664,72.88999938964844,71.48999786376953,72.77999877929688,4244600
2017-11-22,63.98651885986328,71.70999908447266,72.05999755859375,71.4800033569336,71.91999816894531,2537800
2017-11-24,64.48617553710938,72.2699966430664,72.37000274658203,71.52999877929688,71.93000030517578,1827600
2017-11-27,64.6021728515625,72.4000015258789,72.61000061035156,72.0,72.2300033569336,3994000
2017-11-28,65.02157592773438,72.87000274658203,73.2300033569336,72.37999725341797,72.52999877929688,3509100
2017-11-29,64.34341430664062,72.11000061035156,72.98999786376953,71.95999908447266,72.98999786376953,3080900
2017-11-30,64.49510955810547,72.27999877929688,72.77999877929688,71.44999694824219,71.44999694824219,3875100
2017-12-01,63.6742057800293,71.36000061035156,72.41000366210938,70.76000213623047,71.91000366210938,4770000
2017-12-04,62.74620056152344,70.31999969482422,71.86000061035156,70.31999969482422,71.6500015258789,4569200
2017-12-05,62.84435272216797,70.43000030517578,71.30999755859375,69.69000244140625,70.05999755859375,3263000
2017-12-06,63.79911422729492,71.5,71.62000274658203,69.94000244140625,70.16000366210938,4766400
2017-12-07,63.897274017333984,71.61000061035156,71.79000091552734,70.01000213623047,71.36000061035156,5680600
2017-12-08,64.08466339111328,71.81999969482422,72.83000183105469,71.48999786376953,72.04000091552734,3330100
2017-12-11,63.8526611328125,71.55999755859375,72.04000091552734,71.25,71.6500015258789,2329300
2017-12-12,63.75450134277344,71.44999694824219,72.02999877929688,70.94000244140625,71.48999786376953,4501500
2017-12-13,63.52252960205078,71.19000244140625,72.12000274658203,71.05999755859375,71.80000305175781,3129000
2017-12-14,64.07575225830078,71.80999755859375,72.79000091552734,71.6500015258789,71.6500015258789,4694100
2017-12-15,64.316650390625,72.08000183105469,72.30000305175781,71.06999969482422,72.05000305175781,8291000
2017-12-18,64.1292724609375,71.87000274658203,72.47000122070312,71.72000122070312,72.37000274658203,3079000
2017-12-19,64.18280792236328,71.93000030517578,72.44000244140625,71.37000274658203,71.80000305175781,2679900
2017-12-20,64.87879180908203,72.70999908447266,72.7699966430664,71.94999694824219,72.48999786376953,3330500
2017-12-21,64.6021728515625,72.4000015258789,73.86000061035156,72.31999969482422,73.44000244140625,4740500
2017-12-22,63.97758483886719,71.69999694824219,72.44000244140625,71.5,71.6500015258789,5831100
2017-12-26,63.56713104248047,71.23999786376953,71.91999816894531,71.12000274658203,71.55999755859375,2071900
2017-12-27,63.531410217285156,71.19999694824219,71.62999725341797,71.08000183105469,71.62999725341797,2593600
2017-12-28,63.70097351074219,71.38999938964844,71.52999877929688,70.94999694824219,71.2699966430664,1927000
2017-12-29,63.37081527709961,71.0199966430664,71.70999908447266,71.01000213623047,71.37999725341797,2212200
2018-01-02,63.308372497558594,70.94999694824219,71.33000183105469,70.54000091552734,71.16000366210938,3068600
2018-01-03,63.8437385559082,71.55000305175781,71.7699966430664,70.9000015258789,71.18000030517578,4317100
2018-01-04,64.85202026367188,72.68000030517578,72.97000122070312,71.86000061035156,71.94999694824219,3444300
2018-01-05,65.4052734375,73.30000305175781,73.58999633789062,72.76000213623047,73.11000061035156,2913200
2018-01-08,65.46771240234375,73.37000274658203,73.66000366210938,73.01000213623047,73.16000366210938,3305400
2018-01-09,65.54801940917969,73.45999908447266,73.62999725341797,73.19999694824219,73.19999694824219,3018300
2018-01-10,66.0030746459961,73.97000122070312,74.0199966430664,73.19999694824219,73.23999786376953,3485800
2018-01-11,66.03878021240234,74.01000213623047,74.19999694824219,73.62000274658203,73.9800033569336,3981300
2018-01-12,66.529541015625,74.55999755859375,74.8499984741211,73.88999938964844,74.0999984741211,3816300
2018-01-16,66.6812515258789,74.7300033569336,75.77999877929688,74.41999816894531,75.44999694824219,3547800
2018-01-17,67.67169189453125,75.83999633789062,76.02999877929688,75.0999984741211,75.1500015258789,4169500
2018-01-18,68.4836654663086,76.75,77.13999938964844,76.11000061035156,77.0,5518200
2018-01-19,68.96550750732422,77.29000091552734,77.37999725341797,76.77999877929688,76.98999786376953,3178700
2018-01-22,69.56336975097656,77.95999908447266,78.33999633789062,77.19000244140625,77.38999938964844,3843600
2018-01-23,69.83104705810547,78.26000213623047,78.77999877929688,77.55000305175781,77.63999938964844,2732700
2018-01-24,70.00054931640625,78.44999694824219,78.94999694824219,78.11000061035156,78.54000091552734,3655900
2018-01-25,69.5544204711914,77.94999694824219,78.83000183105469,77.72000122070312,78.72000122070312,2741800
2018-01-26,69.98273468017578,78.43000030517578,78.52999877929688,77.68000030517578,78.22000122070312,2425200
2018-01-29,69.73290252685547,78.1500015258789,78.41999816894531,77.77999877929688,78.05000305175781,2734800
2018-01-30,69.38489532470703,77.76000213623047,78.73999786376953,77.5199966430664,78.16999816894531,2803900
2018-01-31,69.58121490478516,77.9800033569336,78.2300033569336,77.31999969482422,77.58000183105469,3222800
2018-02-01,69.15287780761719,77.5,78.44000244140625,77.08999633789062,77.91000366210938,3130800
2018-02-02,67.56461334228516,75.72000122070312,77.08000183105469,75.69999694824219,75.80999755859375,5256400
2018-02-05,65.39634704589844,73.29000091552734,76.58999633789062,73.25,75.6500015258789,4318200
2018-02-06,65.94064331054688,73.9000015258789,74.2699966430664,71.94999694824219,72.23999786376953,6519000
2018-02-07,68.2784423828125,76.5199966430664,79.27999877929688,76.5,76.62999725341797,7112600
2018-02-08,67.06494140625,75.16000366210938,78.08000183105469,75.08999633789062,76.70999908447266,6974600
2018-02-09,68.07320404052734,76.29000091552734,76.81999969482422,74.05999755859375,75.83999633789062,6550200
2018-02-12,69.0904312133789,77.43000030517578,77.9000015258789,76.41999816894531,76.51000213623047,5642800
2018-02-13,69.69720458984375,78.11000061035156,78.30000305175781,76.66000366210938,76.9000015258789,4123400
2018-02-14,71.2230224609375,79.81999969482422,80.12999725341797,77.37999725341797,77.43000030517578,4773500
2018-02-15,72.6060791015625,81.37000274658203,81.37000274658203,79.33000183105469,80.29000091552734,3368100
2018-02-16,72.23131561279297,80.94999694824219,81.87000274658203,80.6500015258789,81.48999786376953,4780700
2018-02-20,72.75776672363281,81.54000091552734,82.18000030517578,80.61000061035156,80.69000244140625,3913100
2018-02-21,73.16924285888672,81.80000305175781,83.55999755859375,81.3499984741211,81.47000122070312,4607900
2018-02-22,72.9992904663086,81.61000061035156,82.56999969482422,81.37000274658203,82.25,3357600
2018-02-23,73.82221984863281,82.52999877929688,82.52999877929688,80.80999755859375,82.31999969482422,3540700
2018-02-26,74.21578216552734,82.97000122070312,83.33999633789062,82.2699966430664,83.30999755859375,2875700
2018-02-27,73.80431365966797,82.51000213623047,83.79000091552734,82.25,83.22000122070312,2914900
2018-02-28,73.36602020263672,82.0199966430664,83.55000305175781,81.86000061035156,82.9800033569336,2613900
2018-03-01,72.14057922363281,80.6500015258789,82.5,80.11000061035156,82.23999786376953,3739000
2018-03-02,72.7041015625,81.27999877929688,81.41999816894531,79.5199966430664,79.91999816894531,3055000
2018-03-05,73.58963775634766,82.2699966430664,82.58000183105469,80.56999969482422,80.7300033569336,2532400
2018-03-06,74.30522918701172,83.06999969482422,83.2699966430664,82.01000213623047,82.83000183105469,2907500
2018-03-07,74.46623229980469,83.25,83.55999755859375,82.41000366210938,82.69000244140625,2706000
2018-03-08,74.43939208984375,83.22000122070312,83.68000030517578,82.66000366210938,83.6500015258789,3340200
2018-03-09,75.77220153808594,84.70999908447266,84.94999694824219,83.51000213623047,83.62000274658203,2997500
2018-03-12,75.19973754882812,84.06999969482422,84.91999816894531,83.80000305175781,84.62000274658203,4499300
2018-03-13,74.94927215576172,83.79000091552734,84.98999786376953,83.5199966430664,84.56999969482422,2279600
2018-03-14,74.80612182617188,83.62999725341797,84.62000274658203,83.44999694824219,84.01000213623047,2255200
2018-03-15,75.87952423095703,84.83000183105469,85.0999984741211,83.68000030517578,83.75,2969500
2018-03-16,75.67378997802734,84.5999984741211,85.0,84.2300033569336,84.80000305175781,4534900
2018-03-19,74.96717071533203,83.80999755859375,84.76000213623047,82.94999694824219,84.37000274658203,3304900
2018-03-20,75.4144058227539,84.30999755859375,84.69000244140625,83.91000366210938,84.02999877929688,3145900
2018-03-21,74.55567932128906,83.3499984741211,84.56999969482422,83.05000305175781,84.25,3721200
2018-03-22,72.42681121826172,80.97000122070312,83.0,80.66000366210938,82.51000213623047,5454000
2018-03-23,70.89723205566406,79.26000213623047,81.45999908447266,79.19999694824219,81.05999755859375,3093600
2018-03-26,73.01717376708984,81.62999725341797,81.87000274658203,79.6500015258789,80.66000366210938,3639000
2018-03-27,71.63072204589844,80.08000183105469,82.73999786376953,79.33999633789062,82.29000091552734,3387800
2018-03-28,71.26396942138672,79.66999816894531,80.88999938964844,79.37999725341797,80.38999938964844,3753300
2018-03-29,72.00640106201172,80.5,81.61000061035156,79.7699966430664,80.0999984741211,4755600
2018-04-02,70.85249328613281,79.20999908447266,81.2699966430664,78.45999908447266,80.45999908447266,4708300
2018-04-03,71.60386657714844,80.05000305175781,80.72000122070312,78.98999786376953,79.91999816894531,3700200
2018-04-04,72.20318603515625,80.72000122070312,81.18000030517578,78.58000183105469,78.62000274658203,3972700
2018-04-05,72.38208770751953,80.91999816894531,81.4800033569336,80.05999755859375,81.05000305175781,2378900
2018-04-06,70.72728729248047,79.06999969482422,80.86000061035156,78.54000091552734,80.30999755859375,3552900
2018-04-09,70.58419036865234,78.91000366210938,80.2300033569336,78.87000274658203,79.43000030517578,3278000
2018-04-10,71.91694641113281,80.4000015258789,81.08000183105469,80.0999984741211,80.30000305175781,3190800
2018-04-11,71.49655151367188,79.93000030517578,80.26000213623047,79.45999908447266,79.6500015258789,2499300
2018-04-12,72.94561767578125,81.55000305175781,81.8499984741211,80.08000183105469,80.37999725341797,3619300
2018-04-13,72.29263305664062,80.81999969482422,82.2300033569336,80.19000244140625,82.2300033569336,2784700
2018-04-16,73.14240264892578,81.7699966430664,82.26000213623047,81.0,81.48999786376953,2269400
2018-04-17,73.51806640625,82.19000244140625,82.5,81.4800033569336,82.38999938964844,3568900
2018-04-18,73.97427368164062,82.69999694824219,83.1500015258789,81.62999725341797,82.44999694824219,2577200
2018-04-19,73.67910766601562,82.37000274658203,83.23999786376953,82.08999633789062,82.55999755859375,2161100
2018-04-20,73.14240264892578,81.7699966430664,82.55999755859375,81.38999938964844,82.19000244140625,3053400
2018-04-23,72.96348571777344,81.56999969482422,82.19999694824219,81.2300033569336,81.9800033569336,2130700
2018-04-24,72.27474212646484,80.80000305175781,82.31999969482422,80.3499984741211,82.16999816894531,3017200
2018-04-25,72.37313842773438,80.91000366210938,81.1500015258789,79.91000366210938,80.58999633789062,2642700
2018-04-26,73.10662078857422,81.7300033569336,81.80999755859375,80.79000091552734,81.33000183105469,3223800
2018-04-27,73.00823974609375,81.62000274658203,82.68000030517578,81.5199966430664,81.86000061035156,2227300
2018-04-30,73.18711853027344,81.81999969482422,82.5,81.72000122070312,82.01000213623047,2642900
2018-05-01,73.18711853027344,81.81999969482422,82.16999816894531,81.45999908447266,81.77999877929688,2213400
2018-05-02,72.79352569580078,81.37999725341797,82.18000030517578,81.12000274658203,81.68000030517578,3100200
2018-05-03,72.77566528320312,81.36000061035156,81.56999969482422,80.08000183105469,80.94999694824219,3338400
2018-05-04,73.50019073486328,82.16999816894531,82.61000061035156,80.72000122070312,81.04000091552734,3799600
2018-05-07,69.64493560791016,77.86000061035156,78.87999725341797,76.83000183105469,78.7300033569336,9362800
2018-05-08,67.57866668701172,75.55000305175781,77.9000015258789,75.05000305175781,77.61000061035156,7551000
2018-05-09,67.1135482788086,75.02999877929688,75.97000122070312,74.76000213623047,75.86000061035156,6849500
2018-05-10,67.93647766113281,75.94999694824219,76.37999725341797,75.19999694824219,75.38999938964844,3198700
2018-05-11,68.49998474121094,76.58000183105469,76.98999786376953,75.77999877929688,75.83000183105469,3678700
2018-05-14,67.85596466064453,75.86000061035156,76.83000183105469,75.44000244140625,76.37000274658203,3991900
2018-05-15,67.4981918334961,75.45999908447266,76.33000183105469,75.01000213623047,75.66999816894531,2997600
2018-05-16,67.43556213378906,75.38999938964844,75.9000015258789,75.16999816894531,75.56999969482422,2374600
2018-05-17,67.7844009399414,75.77999877929688,76.20999908447266,74.97000122070312,75.05000305175781,3605700
2018-05-18,68.0169906616211,76.04000091552734,76.69999694824219,75.55000305175781,75.91999816894531,3210500
2018-05-21,67.9362564086914,75.75,76.80999755859375,75.5,76.31999969482422,1912900
2018-05-22,67.47884368896484,75.23999786376953,76.02999877929688,75.13999938964844,75.91000366210938,4025500
2018-05-23,67.94523620605469,75.76000213623047,75.80000305175781,74.86000061035156,74.9800033569336,2844600
2018-05-24,68.0976791381836,75.93000030517578,76.4000015258789,75.47000122070312,75.91000366210938,3006400
2018-05-25,67.96314239501953,75.77999877929688,76.04000091552734,75.05000305175781,75.9800033569336,2872500
2018-05-29,66.73448181152344,74.41000366210938,75.4800033569336,73.97000122070312,75.47000122070312,3543500
2018-05-30,67.88243865966797,75.69000244140625,76.02999877929688,74.5,74.5999984741211,3449600
2018-05-31,67.57752990722656,75.3499984741211,76.22000122070312,74.91999816894531,74.91999816894531,6622200
2018-06-01,68.94074249267578,76.87000274658203,77.22000122070312,75.7699966430664,75.77999877929688,3089200
2018-06-04,69.25460815429688,77.22000122070312,77.44999694824219,76.72000122070312,76.86000061035156,2800100
2018-06-05,69.0842056274414,77.02999877929688,77.4000015258789,76.66999816894531,77.36000061035156,2295800
2018-06-06,70.07974243164062,78.13999938964844,78.16999816894531,77.0999984741211,77.16999816894531,2753500
2018-06-07,68.80619049072266,76.72000122070312,78.19999694824219,76.11000061035156,78.04000091552734,3468500
2018-06-08,69.15599822998047,77.11000061035156,77.12999725341797,75.94000244140625,76.58000183105469,2504700
2018-06-11,69.0304183959961,76.97000122070312,77.77999877929688,76.61000061035156,77.06999969482422,1917200
2018-06-12,70.17838287353516,78.25,78.30000305175781,76.94999694824219,76.97000122070312,3764800
2018-06-13,69.97209930419922,78.0199966430664,79.05999755859375,77.2300033569336,77.2300033569336,3484300
2018-06-14,70.44743347167969,78.55000305175781,78.97000122070312,78.11000061035156,78.1500015258789,3198400
2018-06-15,72.37565612792969,80.69999694824219,80.75,78.6500015258789,79.38999938964844,9462000
2018-06-18,71.7568359375,80.01000213623047,80.3499984741211,78.62999725341797,79.88999938964844,4458700
2018-06-19,71.03038787841797,79.19999694824219,79.66000366210938,78.55000305175781,79.36000061035156,3156600
2018-06-20,70.68958282470703,78.81999969482422,79.30000305175781,78.45999908447266,79.25,3149700
2018-06-21,69.66716003417969,77.68000030517578,78.7699966430664,77.55999755859375,78.7699966430664,2714800
2018-06-22,70.58197784423828,78.69999694824219,79.0,77.25,78.16999816894531,5724100
2018-06-25,69.91830444335938,77.95999908447266,78.5,77.3499984741211,78.41000366210938,4442900
2018-06-26,70.35772705078125,78.44999694824219,78.80000305175781,77.79000091552734,78.13999938964844,2800400
2018-06-27,69.39810180664062,77.37999725341797,79.43000030517578,77.3499984741211,79.43000030517578,3712200
2018-06-28,70.86894226074219,79.0199966430664,79.37000274658203,77.3499984741211,77.79000091552734,3105200
2018-06-29,70.84205627441406,78.98999786376953,80.01000213623047,78.80000305175781,78.94000244140625,3668100
2018-07-02,71.29046630859375,79.48999786376953,79.5199966430664,78.30000305175781,78.56999969482422,2679900
2018-07-03,71.65817260742188,79.9000015258789,80.20999908447266,79.3499984741211,79.9800033569336,1637200
2018-07-05,71.64920043945312,79.88999938964844,80.19000244140625,79.22000122070312,79.83999633789062,3613100
2018-07-06,72.25010681152344,80.55999755859375,80.73999786376953,79.70999908447266,79.94000244140625,2050500
2018-07-09,72.62677764892578,80.9800033569336,81.0999984741211,80.25,80.76000213623047,2075000
2018-07-10,73.31733703613281,81.75,82.0999984741211,81.33000183105469,81.5,2276000
2018-07-11,73.17385864257812,81.58999633789062,81.88999938964844,81.11000061035156,81.22000122070312,3012000
2018-07-12,74.72540283203125,83.31999969482422,83.3499984741211,81.44000244140625,82.04000091552734,3599700
2018-07-13,73.28146362304688,81.70999908447266,83.08000183105469,81.56999969482422,82.48999786376953,4163100
2018-07-16,73.50568389892578,81.95999908447266,82.37999725341797,81.66000366210938,81.77999877929688,3032100
2018-07-17,74.20524597167969,82.73999786376953,82.98999786376953,81.27999877929688,81.4000015258789,2406100
2018-07-18,73.83751678466797,82.33000183105469,82.6500015258789,81.86000061035156,82.36000061035156,2223900
2018-07-19,73.88237762451172,82.37999725341797,82.62999725341797,81.5,82.25,2259400
2018-07-20,73.75680541992188,82.23999786376953,82.56999969482422,81.94999694824219,82.22000122070312,2338300
2018-07-23,74.1424331665039,82.66999816894531,82.76000213623047,81.73999786376953,82.13999938964844,1943100
2018-07-24,73.77474975585938,82.26000213623047,82.91000366210938,82.01000213623047,82.52999877929688,2611900
2018-07-25,74.29490661621094,82.83999633789062,82.83999633789062,81.91000366210938,82.55000305175781,3107100
2018-07-26,74.18730163574219,82.72000122070312,83.30000305175781,82.62999725341797,83.05000305175781,1813900
2018-07-27,73.14694213867188,81.55999755859375,83.0,80.98999786376953,82.7300033569336,2427300
2018-07-30,72.42947387695312,80.76000213623047,81.76000213623047,80.33999633789062,81.52999877929688,2830900
2018-07-31,73.09312438964844,81.5,81.7300033569336,80.80999755859375,81.13999938964844,3429000
2018-08-01,73.62226104736328,82.08999633789062,82.29000091552734,81.36000061035156,81.5,3571400
2018-08-02,68.9317626953125,76.86000061035156,78.16999816894531,74.83000183105469,75.44999694824219,12197300
2018-08-03,69.79273223876953,77.81999969482422,78.25,76.2699966430664,77.54000091552734,5647000
2018-08-06,70.39363098144531,78.48999786376953,78.5199966430664,77.75,77.7699966430664,3399700
2018-08-07,70.01695251464844,78.06999969482422,78.83000183105469,77.80999755859375,78.55000305175781,2220000
2018-08-08,69.27254486083984,77.23999786376953,78.27999877929688,77.20999908447266,78.27999877929688,2221400
2018-08-09,68.3936538696289,76.26000213623047,77.25,76.20999908447266,77.12000274658203,4262500
2018-08-10,67.76585388183594,75.55999755859375,76.26000213623047,75.36000061035156,75.97000122070312,2840700
2018-08-13,67.64028930664062,75.41999816894531,76.45999908447266,75.33000183105469,75.75,2933400
2018-08-14,67.46092987060547,75.22000122070312,75.73999786376953,74.66000366210938,74.66000366210938,3949800
2018-08-15,66.85106658935547,74.54000091552734,75.12999725341797,74.12999725341797,74.87999725341797,3155400
2018-08-16,67.35330200195312,75.0999984741211,75.37000274658203,74.55000305175781,74.58999633789062,3379300
2018-08-17,67.76585388183594,75.55999755859375,75.80999755859375,74.91999816894531,75.05999755859375,3337100
2018-08-20,67.18291473388672,74.91000366210938,75.5,74.55000305175781,75.48999786376953,3201600
2018-08-21,67.35374450683594,74.9000015258789,75.30000305175781,74.73999786376953,74.88999938964844,2258700
2018-08-22,67.677490234375,75.26000213623047,75.38999938964844,74.5999984741211,74.80999755859375,2341200
2018-08-23,67.5426025390625,75.11000061035156,75.94999694824219,75.0,75.3499984741211,2207800
2018-08-24,68.21704864501953,75.86000061035156,76.0,75.06999969482422,75.43000030517578,2399000
2018-08-27,68.8914794921875,76.61000061035156,77.16999816894531,75.98999786376953,76.16000366210938,2786700
2018-08-28,68.93643951416016,76.66000366210938,76.87999725341797,76.16000366210938,76.73999786376953,2170700
2018-08-29,69.8626708984375,77.69000244140625,77.9000015258789,76.61000061035156,76.61000061035156,2790100
2018-08-30,69.5928955078125,77.38999938964844,77.91000366210938,77.05999755859375,77.62999725341797,2311700
2018-08-31,70.52812957763672,78.43000030517578,78.58999633789062,77.36000061035156,77.36000061035156,3343300
2018-09-04,68.01921844482422,75.63999938964844,75.86000061035156,74.0199966430664,75.11000061035156,6905600
2018-09-05,67.7044677734375,75.29000091552734,75.45999908447266,74.68000030517578,75.29000091552734,3336600
2018-09-06,68.09115600585938,75.72000122070312,75.91999816894531,74.94000244140625,75.48999786376953,2586600
2018-09-07,68.10014343261719,75.7300033569336,76.20999908447266,75.3499984741211,75.41999816894531,3110200
2018-09-10,67.94725799560547,75.55999755859375,76.30999755859375,75.4000015258789,75.91000366210938,2657400
2018-09-11,68.8914794921875,76.61000061035156,76.76000213623047,75.2300033569336,75.7300033569336,2481900
2018-09-12,68.07315063476562,75.69999694824219,76.80000305175781,75.36000061035156,76.45999908447266,2869000
2018-09-13,69.42201232910156,77.19999694824219,77.2300033569336,75.81999969482422,75.94999694824219,3990000
2018-09-14,68.5947265625,76.27999877929688,77.19999694824219,76.08000183105469,77.19999694824219,3144100
2018-09-17,68.30696105957031,75.95999908447266,76.62999725341797,75.80999755859375,76.33000183105469,3075600
2018-09-18,69.13426208496094,76.87999725341797,77.04000091552734,75.73999786376953,76.27999877929688,2592800
2018-09-19,68.432861328125,76.0999984741211,77.69000244140625,76.01000213623047,77.69000244140625,1773400
2018-09-20,69.3950424194336,77.16999816894531,77.38999938964844,76.38999938964844,76.38999938964844,2343800
2018-09-21,69.79073333740234,77.61000061035156,77.8499984741211,77.19000244140625,77.70999908447266,5358200
2018-09-24,69.48497772216797,77.2699966430664,77.55000305175781,76.87999725341797,76.87999725341797,2769800
2018-09-25,69.08031463623047,76.81999969482422,77.77999877929688,76.75,77.5999984741211,2281100
2018-09-26,69.05335998535156,76.79000091552734,77.43000030517578,76.45999908447266,77.05000305175781,2274900
2018-09-27,69.02637481689453,76.76000213623047,77.55000305175781,76.5,76.5,2549500
2018-09-28,69.3770751953125,77.1500015258789,77.16000366210938,76.44999694824219,76.44999694824219,2537200
2018-10-01,69.2242202758789,76.9800033569336,77.87000274658203,76.72000122070312,77.44999694824219,2252800
2018-10-02,69.49397277832031,77.27999877929688,77.3499984741211,76.54000091552734,77.0,2977300
2018-10-03,68.84650421142578,76.55999755859375,77.48999786376953,76.48999786376953,77.33000183105469,2081700
2018-10-04,68.432861328125,76.0999984741211,76.58000183105469,75.7699966430664,76.47000122070312,3385400
2018-10-05,67.6325454711914,75.20999908447266,76.29000091552734,74.77999877929688,75.95999908447266,3011400
2018-10-08,66.64334869384766,74.11000061035156,75.02999877929688,73.36000061035156,75.0,3344200
2018-10-09,66.51747131347656,73.97000122070312,74.30000305175781,73.58000183105469,74.0,2248000
2018-10-10,64.24235534667969,71.44000244140625,73.6500015258789,71.38999938964844,73.62000274658203,4091300
2018-10-11,63.208213806152344,70.29000091552734,72.12999725341797,69.98999786376953,71.69999694824219,4659700
2018-10-12,64.8988265991211,72.16999816894531,72.5,70.81999969482422,71.36000061035156,4791000
2018-10-15,64.75493621826172,72.01000213623047,72.58999633789062,70.94999694824219,71.54000091552734,3262300
2018-10-16,66.09481811523438,73.5,73.70999908447266,72.51000213623047,72.75,3639200
2018-10-17,66.53543090820312,73.98999786376953,74.37999725341797,72.73999786376953,73.36000061035156,2594100
2018-10-18,66.17574310302734,73.58999633789062,74.37999725341797,73.27999877929688,73.87999725341797,3690200
2018-10-19,66.2656478881836,73.69000244140625,74.52999877929688,73.4800033569336,73.73999786376953,3106900
2018-10-22,66.17574310302734,73.58999633789062,74.2300033569336,73.0999984741211,73.9800033569336,2126000
2018-10-23,66.01388549804688,73.41000366210938,73.62000274658203,71.77999877929688,72.6500015258789,4217700
2018-10-24,63.082313537597656,70.1500015258789,73.62000274658203,70.0999984741211,73.12999725341797,3631900
2018-10-25,64.2783203125,71.4800033569336,71.86000061035156,70.19999694824219,70.62000274658203,3582300
2018-10-26,63.42403793334961,70.52999877929688,71.45999908447266,69.31999969482422,70.0,3808300
2018-10-29,62.24602127075195,69.22000122070312,71.30999755859375,68.36000061035156,71.25,6742600
2018-10-30,59.81803894042969,66.5199966430664,67.93000030517578,65.13999938964844,66.6500015258789,9640300
2018-10-31,62.07516860961914,69.02999877929688,69.66000366210938,66.31999969482422,66.62000274658203,5550900
2018-11-01,61.850345611572266,68.77999877929688,69.19000244140625,68.08000183105469,68.98999786376953,5520700
2018-11-02,62.4978141784668,69.5,69.62999725341797,68.51000213623047,69.12000274658203,3746600
2018-11-05,62.46184539794922,69.45999908447266,70.0,69.05999755859375,69.93000030517578,3090500
2018-11-06,62.63270950317383,69.6500015258789,69.77999877929688,69.1500015258789,69.63999938964844,2481200
2018-11-07,64.17940521240234,71.37000274658203,71.43000030517578,70.18000030517578,70.31999969482422,2449500
2018-11-08,64.06251525878906,71.23999786376953,71.81999969482422,70.93000030517578,71.27999877929688,2103500
2018-11-09,63.2531852722168,70.33999633789062,71.13999938964844,69.8499984741211,70.91000366210938,3062200
2018-11-12,62.542762756347656,69.55000305175781,70.2699966430664,69.3499984741211,70.05000305175781,3490700
2018-11-13,62.59672927856445,69.61000061035156,70.45999908447266,69.44000244140625,69.83999633789062,3698100
2018-11-14,60.76226806640625,67.56999969482422,70.0,67.47000122070312,70.0,5022100
2018-11-15,61.7514533996582,68.66999816894531,68.73999786376953,67.01000213623047,67.16999816894531,4260400
2018-11-16,63.24418640136719,70.33000183105469,71.12999725341797,68.2699966430664,68.48999786376953,7992900
2018-11-19,62.414520263671875,69.20999908447266,71.16000366210938,68.75,70.43000030517578,4115000
2018-11-20,60.971614837646484,67.61000061035156,68.77999877929688,67.44999694824219,67.73999786376953,3786300
2018-11-21,61.92755889892578,68.66999816894531,69.58999633789062,67.70999908447266,68.30999755859375,4757300
2018-11-23,61.3052978515625,67.9800033569336,68.95999908447266,67.83000183105469,68.05999755859375,1290200
2018-11-26,61.999698638916016,68.75,69.06999969482422,68.37000274658203,68.66000366210938,2666700
2018-11-27,63.03678894042969,69.9000015258789,70.0,68.36000061035156,68.51000213623047,5236200
2018-11-28,63.81234359741211,70.76000213623047,70.87999725341797,69.51000213623047,69.97000122070312,3515100
2018-11-29,63.39749526977539,70.30000305175781,70.94999694824219,70.11000061035156,70.48999786376953,2555700
2018-11-30,64.23619842529297,71.2300033569336,71.29000091552734,70.05999755859375,70.62000274658203,4139100
2018-12-03,64.86746215820312,71.93000030517578,72.2300033569336,71.11000061035156,71.69000244140625,3567000
2018-12-04,63.14499282836914,70.0199966430664,71.98999786376953,69.73999786376953,71.9000015258789,3261300
2018-12-06,62.58589172363281,69.4000015258789,69.4800033569336,68.11000061035156,69.0999984741211,4303100
2018-12-07,61.32331466674805,68.0,69.76000213623047,67.58999633789062,69.38999938964844,3318600
2018-12-10,60.5026741027832,67.08999633789062,68.66000366210938,66.41999816894531,68.01000213623047,5324200
2018-12-11,60.65597915649414,67.26000213623047,68.44000244140625,66.5999984741211,68.20999908447266,3949800
2018-12-12,61.35038375854492,68.02999877929688,69.2300033569336,67.98999786376953,68.44000244140625,3135500
2018-12-13,62.29729461669922,69.08000183105469,69.29000091552734,67.81999969482422,68.13999938964844,4129900
2018-12-14,61.11591720581055,67.7699966430664,68.87000274658203,67.58000183105469,68.2300033569336,2945300
2018-12-17,58.32029724121094,64.66999816894531,67.76000213623047,64.05000305175781,67.43000030517578,5026200
2018-12-18,58.27519989013672,64.62000274658203,65.48999786376953,64.16000366210938,65.13999938964844,4206100
2018-12-19,57.923500061035156,64.2300033569336,66.04000091552734,63.630001068115234,64.91000366210938,3457700
2018-12-20,56.615867614746094,62.779998779296875,64.47000122070312,62.04999923706055,63.90999984741211,4413000
2018-12-21,54.18998718261719,60.09000015258789,63.650001525878906,59.79999923706055,62.849998474121094,10209700
2018-12-24,54.126853942871094,60.02000045776367,60.959999084472656,59.65999984741211,60.06999969482422,3542700
2018-12-26,56.237091064453125,62.36000061035156,62.36000061035156,59.470001220703125,60.599998474121094,3516800
2018-12-27,56.886409759521484,63.08000183105469,63.11000061035156,60.88999938964844,61.68000030517578,3386000
2018-12-28,56.751121520996094,62.93000030517578,63.900001525878906,62.41999816894531,63.40999984741211,2335400
2018-12-31,57.247135162353516,63.47999954223633,63.65999984741211,63.02000045776367,63.2400016784668,2338200
2019-01-02,56.89542770385742,63.09000015258789,63.810001373291016,62.5,62.5,3045600
2019-01-03,55.1008186340332,61.099998474121094,62.970001220703125,61.0099983215332,62.36000061035156,3895700
2019-01-04,57.44552993774414,63.70000076293945,63.79999923706055,61.95000076293945,62.279998779296875,4885600
2019-01-07,57.35533142089844,63.599998474121094,63.970001220703125,62.79999923706055,63.349998474121094,3940400
2019-01-08,58.00466537475586,64.31999969482422,64.43000030517578,63.439998626708984,64.2699966430664,3427500
2019-01-09,57.950557708740234,64.26000213623047,64.80000305175781,63.97999954223633,64.62000274658203,2783000
2019-01-10,58.4465446472168,64.80999755859375,64.8499984741211,63.5,63.63999938964844,3314000
2019-01-11,58.545753479003906,64.91999816894531,65.19000244140625,64.58000183105469,64.77999877929688,3320600
2019-01-14,58.28422927856445,64.62999725341797,65.0199966430664,64.33999633789062,64.45999908447266,4407500
2019-01-15,59.510684967041016,65.98999786376953,66.25,64.6500015258789,64.83999633789062,3550900
2019-01-16,59.330322265625,65.79000091552734,66.08000183105469,65.44999694824219,65.9000015258789,3496900
2019-01-17,60.01569747924805,66.55000305175781,66.73999786376953,65.19999694824219,65.48999786376953,2367800
2019-01-18,61.16099548339844,67.81999969482422,68.02999877929688,66.97000122070312,67.55000305175781,3904900
2019-01-22,60.24115753173828,66.80000305175781,67.69000244140625,66.2699966430664,67.30000305175781,3698000
2019-01-23,60.475616455078125,67.05999755859375,67.44999694824219,66.20999908447266,66.95999908447266,3350200
2019-01-24,61.431549072265625,68.12000274658203,68.1500015258789,66.91999816894531,67.12000274658203,3336000
2019-01-25,63.14499282836914,70.0199966430664,70.31999969482422,69.25,70.25,4073900
2019-01-28,62.18003463745117,68.94999694824219,69.37999725341797,68.33999633789062,69.2699966430664,2771000
2019-01-29,61.91853713989258,68.66000366210938,69.2300033569336,68.37999725341797,69.0,2902300
2019-01-30,62.94661331176758,69.80000305175781,70.0999984741211,68.54000091552734,68.7300033569336,3646100
2019-01-31,62.83837127685547,69.68000030517578,70.30999755859375,69.41000366210938,69.86000061035156,3504100
2019-02-01,63.25320816040039,70.13999938964844,70.94000244140625,69.77999877929688,69.94999694824219,3218600
2019-02-04,64.29029083251953,71.29000091552734,71.51000213623047,69.94000244140625,70.06999969482422,3382100
2019-02-05,64.21815490722656,71.20999908447266,71.87000274658203,71.11000061035156,71.3499984741211,3978100
2019-02-06,67.18513488769531,74.5,74.69000244140625,70.0,70.0199966430664,7242000
2019-02-07,65.8233642578125,72.98999786376953,74.44999694824219,71.41999816894531,74.18000030517578,5880600
2019-02-08,65.97669982910156,73.16000366210938,73.54000091552734,72.18000030517578,72.45999908447266,4613200
2019-02-11,65.80534362792969,72.97000122070312,73.87000274658203,72.87999725341797,73.3499984741211,3986100
2019-02-12,66.23820495605469,73.44999694824219,73.62000274658203,72.87999725341797,73.41999816894531,3404000
2019-02-13,66.35546875,73.58000183105469,74.3499984741211,73.18000030517578,74.16000366210938,2998300
2019-02-14,65.94062805175781,73.12000274658203,73.63999938964844,72.91999816894531,73.05999755859375,1496200
2019-02-15,66.33740997314453,73.55999755859375,74.05000305175781,73.08000183105469,73.70999908447266,2875200
2019-02-19,65.99470520019531,73.18000030517578,73.56999969482422,72.63999938964844,73.20999908447266,3955700
2019-02-20,65.33460235595703,72.25,73.41000366210938,71.86000061035156,73.2699966430664,3171400
2019-02-21,64.51168823242188,71.33999633789062,72.41999816894531,71.12000274658203,72.0999984741211,4739000
2019-02-22,65.45213317871094,72.37999725341797,72.41999816894531,71.48999786376953,71.69000244140625,5585400
2019-02-25,65.33460235595703,72.25,73.0,72.13999938964844,72.93000030517578,4105300
2019-02-26,65.14470672607422,72.04000091552734,72.54000091552734,71.76000213623047,72.43000030517578,3629200
2019-02-27,64.48458099365234,71.30999755859375,71.72000122070312,70.95999908447266,71.72000122070312,5050400
2019-02-28,64.18616485595703,70.9800033569336,71.76000213623047,70.87999725341797,71.25,3699300
2019-03-01,65.22608184814453,72.12999725341797,72.22000122070312,70.80000305175781,70.91000366210938,2947800
2019-03-04,64.89151763916016,71.76000213623047,72.87999725341797,71.01000213623047,72.55999755859375,3278400
2019-03-05,64.55692291259766,71.38999938964844,71.98999786376953,71.33999633789062,71.69000244140625,2112900
2019-03-06,64.62020111083984,71.45999908447266,72.02999877929688,71.19000244140625,71.41999816894531,2691000
2019-03-07,65.40694427490234,72.33000183105469,72.72000122070312,71.66000366210938,72.31999969482422,5296300
2019-03-08,64.33988952636719,71.1500015258789,72.0,70.56999969482422,71.61000061035156,3912500
2019-03-11,65.4250259399414,72.3499984741211,72.38999938964844,71.30000305175781,71.37000274658203,3159200
2019-03-12,64.9095687866211,71.77999877929688,72.61000061035156,71.68000030517578,72.30000305175781,3622700
2019-03-13,64.39413452148438,71.20999908447266,72.33000183105469,71.1500015258789,71.93000030517578,3926900
2019-03-14,64.14094543457031,70.93000030517578,71.47000122070312,70.8499984741211,71.22000122070312,2577500
2019-03-15,65.22608184814453,72.12999725341797,72.36000061035156,70.94000244140625,71.05999755859375,4808900
2019-03-18,64.99999237060547,71.87999725341797,72.31999969482422,71.22000122070312,72.0999984741211,2376900
2019-03-19,65.1266098022461,72.0199966430664,72.44000244140625,71.80000305175781,72.30999755859375,2537300
2019-03-20,64.84628295898438,71.70999908447266,72.43000030517578,71.31999969482422,72.16999816894531,2161300
2019-03-21,65.28937530517578,72.19999694824219,72.63999938964844,71.41000366210938,71.48999786376953,4141700
2019-03-22,64.10476684570312,70.88999938964844,72.05999755859375,70.63999938964844,71.95999908447266,2711800
2019-03-25,63.978153228759766,70.75,70.88999938964844,70.01000213623047,70.73999786376953,1983700
2019-03-26,64.28564453125,71.08999633789062,71.7300033569336,70.66999816894531,71.2300033569336,2295500
2019-03-27,64.23136901855469,71.02999877929688,71.47000122070312,70.31999969482422,71.12999725341797,2040300
2019-03-28,64.72872161865234,71.58000183105469,71.88999938964844,71.04000091552734,71.88999938964844,2495800
2019-03-29,65.51544952392578,72.44999694824219,72.8499984741211,71.97000122070312,72.0199966430664,4475300
2019-04-01,66.78147888183594,73.8499984741211,73.9800033569336,72.6500015258789,73.0,3561900
2019-04-02,66.52826690673828,73.56999969482422,74.18000030517578,73.41000366210938,73.86000061035156,3069100
2019-04-03,67.07987976074219,74.18000030517578,74.8499984741211,73.81999969482422,73.9000015258789,3483100
2019-04-04,66.72718811035156,73.79000091552734,74.4000015258789,73.31999969482422,74.30000305175781,2221800
2019-04-05,67.09793853759766,74.19999694824219,74.41999816894531,73.12999725341797,73.8499984741211,2572800
2019-04-08,67.28784942626953,74.41000366210938,74.44999694824219,73.55999755859375,74.26000213623047,2429000
2019-04-09,67.2516860961914,74.37000274658203,74.5199966430664,73.72000122070312,73.91999816894531,2036000
2019-04-10,67.45968627929688,74.5999984741211,74.7699966430664,74.30999755859375,74.44999694824219,1554200
2019-04-11,67.08890533447266,74.19000244140625,74.77999877929688,74.06999969482422,74.66999816894531,2018600
2019-04-12,67.17933654785156,74.29000091552734,74.5,73.55000305175781,74.41000366210938,2499800
2019-04-15,67.20645904541016,74.31999969482422,74.58000183105469,73.76000213623047,74.44000244140625,1690400
2019-04-16,65.01808166503906,71.9000015258789,73.16999816894531,71.58000183105469,73.0,4399500
2019-04-17,65.24417114257812,72.1500015258789,72.43000030517578,71.75,72.16999816894531,3025400
2019-04-18,64.51168823242188,71.33999633789062,72.2699966430664,70.55999755859375,72.2699966430664,5469600
2019-04-22,64.63829803466797,71.4800033569336,71.54000091552734,70.37000274658203,70.94999694824219,2046200
2019-04-23,65.87715148925781,72.8499984741211,73.05000305175781,71.55000305175781,71.7699966430664,6282900
2019-04-24,65.71440887451172,72.66999816894531,73.5,72.08999633789062,72.9800033569336,3045800
2019-04-25,65.94950866699219,72.93000030517578,73.11000061035156,72.30000305175781,72.72000122070312,2459700
2019-04-26,66.347412109375,73.37000274658203,73.43000030517578,72.63999938964844,73.06999969482422,2216300
2019-04-29,65.47023010253906,72.4000015258789,72.86000061035156,71.1500015258789,71.1500015258789,3450900
2019-04-30,65.97663116455078,72.95999908447266,73.05000305175781,72.29000091552734,72.43000030517578,3057200
2019-05-01,65.27129364013672,72.18000030517578,73.37999725341797,72.1500015258789,73.3499984741211,3151900
2019-05-02,60.234432220458984,66.61000061035156,72.97000122070312,65.0,72.19000244140625,12472500
2019-05-03,53.57889175415039,59.25,61.5,57.70000076293945,60.09000015258789,40551000
2019-05-06,53.89539337158203,59.599998474121094,60.189998626708984,58.02000045776367,58.560001373291016,10181700
2019-05-07,52.909725189208984,58.5099983215332,59.099998474121094,57.470001220703125,59.0,10533200
2019-05-08,53.334720611572266,58.97999954223633,59.11000061035156,58.06999969482422,58.47999954223633,8371200
2019-05-09,53.44324493408203,59.099998474121094,59.279998779296875,58.0099983215332,58.27000045776367,9168200
2019-05-10,53.47038650512695,59.130001068115234,59.31999969482422,58.279998779296875,58.560001373291016,12089700
2019-05-13,51.43574142456055,56.880001068115234,58.16999816894531,56.72999954223633,58.02000045776367,12267700
2019-05-14,52.22246170043945,57.75,58.29999923706055,56.970001220703125,57.119998931884766,7946600
2019-05-15,52.9911003112793,58.599998474121094,58.77000045776367,57.43000030517578,57.54999923706055,7812100
2019-05-16,53.02727508544922,58.63999938964844,58.9900016784668,58.22999954223633,58.459999084472656,6956500
2019-05-17,53.75070571899414,59.439998626708984,59.5,57.810001373291016,58.0099983215332,8199200
2019-05-20,54.24805450439453,59.9900016784668,60.119998931884766,58.709999084472656,58.83000183105469,10899400
2019-05-21,55.345909118652344,61.0,61.150001525878906,60.02000045776367,60.18000030517578,9828500
2019-05-22,55.799560546875,61.5,62.189998626708984,60.61000061035156,60.61000061035156,9350100
2019-05-23,55.418495178222656,61.08000183105469,61.709999084472656,60.84000015258789,60.959999084472656,9080900
2019-05-24,56.1352653503418,61.869998931884766,62.189998626708984,61.220001220703125,61.5,6435100
2019-05-28,56.31671905517578,62.06999969482422,62.65999984741211,61.880001068115234,62.13999938964844,6931000
2019-05-29,56.14434051513672,61.880001068115234,62.16999816894531,61.54999923706055,61.83000183105469,4540500
2019-05-30,56.57984924316406,62.36000061035156,62.900001525878906,61.75,61.939998626708984,5059700
2019-05-31,56.189697265625,61.93000030517578,62.33000183105469,61.72999954223633,61.72999954223633,5698600
2019-06-03,54.92854309082031,60.540000915527344,62.099998474121094,60.130001068115234,61.77000045776367,7308500
2019-06-04,55.4366340637207,61.099998474121094,61.540000915527344,58.869998931884766,61.029998779296875,7812800
2019-06-05,56.416534423828125,62.18000030517578,62.2400016784668,61.279998779296875,61.72999954223633,6435300
2019-06-06,56.1624870300293,61.900001525878906,62.150001525878906,61.75,61.939998626708984,5228100
2019-06-07,56.96091842651367,62.779998779296875,62.97999954223633,62.150001525878906,62.2400016784668,2312100
2019-06-10,57.18775177001953,63.029998779296875,63.43000030517578,62.66999816894531,62.849998474121094,3763700
2019-06-11,57.49624252319336,63.369998931884766,63.93000030517578,63.02000045776367,63.65999984741211,3043200
2019-06-12,56.389320373535156,62.150001525878906,63.38999938964844,62.11000061035156,63.09000015258789,3380200
2019-06-13,56.56169891357422,62.34000015258789,62.560001373291016,61.86000061035156,62.47999954223633,6092600
2019-06-14,55.92658996582031,61.63999938964844,62.220001220703125,61.02000045776367,62.0,5452000
2019-06-17,56.76131057739258,62.560001373291016,62.9900016784668,61.63999938964844,62.0,3932000
2019-06-18,57.81379699707031,63.720001220703125,64.0,63.119998931884766,63.27000045776367,4883700
2019-06-19,56.80667495727539,62.61000061035156,64.0,61.900001525878906,63.66999816894531,7179100
2019-06-20,58.22208023071289,64.16999816894531,64.29000091552734,62.81999969482422,63.29999923706055,8717300
2019-06-21,58.485191345214844,64.45999908447266,64.72000122070312,63.86000061035156,64.12000274658203,8774100
2019-06-24,58.11320877075195,64.05000305175781,64.4800033569336,63.77000045776367,64.08999633789062,5614800
2019-06-25,57.30569076538086,63.15999984741211,64.1500015258789,63.04999923706055,64.05000305175781,4004900
2019-06-26,57.214969635009766,63.060001373291016,64.22000122070312,63.04999923706055,63.599998474121094,2341500
2019-06-27,57.214969635009766,63.060001373291016,63.45000076293945,62.939998626708984,63.27000045776367,2938100
2019-06-28,57.514373779296875,63.38999938964844,63.790000915527344,63.16999816894531,63.369998931884766,10908500
2019-07-01,58.321876525878906,64.27999877929688,65.19999694824219,63.849998474121094,64.47000122070312,3010300
2019-07-02,58.39448165893555,64.36000061035156,64.55000305175781,63.599998474121094,64.41000366210938,2890900
2019-07-03,58.23115921020508,64.18000030517578,64.44999694824219,63.790000915527344,64.41999816894531,2744800
2019-07-05,58.71202087402344,64.70999908447266,64.87000274658203,63.689998626708984,63.7400016784668,3056100
2019-07-08,58.249305725097656,64.19999694824219,64.8499984741211,63.900001525878906,64.41000366210938,3099600
2019-07-09,58.41261291503906,64.37999725341797,64.45999908447266,63.619998931884766,63.84000015258789,3463500
2019-07-10,58.12227249145508,64.05999755859375,64.95999908447266,63.66999816894531,64.58000183105469,3521800
2019-07-11,59.23827362060547,65.29000091552734,65.41999816894531,64.08999633789062,64.3499984741211,3204200
2019-07-12,59.755455017089844,65.86000061035156,65.91000366210938,65.19000244140625,65.56999969482422,2787400
2019-07-15,59.719146728515625,65.81999969482422,66.08999633789062,65.5,65.9000015258789,3170500
2019-07-16,59.837093353271484,65.94999694824219,66.30999755859375,65.3499984741211,65.80000305175781,2262000
2019-07-17,59.19289779663086,65.23999786376953,66.25,65.12000274658203,66.20999908447266,2820000
2019-07-18,59.81894302368164,65.93000030517578,66.0199966430664,64.30999755859375,64.77999877929688,2480100
2019-07-19,59.102169036865234,65.13999938964844,66.2699966430664,65.02999877929688,66.05999755859375,4094800
2019-07-22,59.47416687011719,65.55000305175781,65.91000366210938,65.19000244140625,65.30000305175781,3288700
2019-07-23,59.764503479003906,65.87000274658203,65.87000274658203,64.88999938964844,65.08999633789062,3460200
2019-07-24,59.66469955444336,65.76000213623047,65.83999633789062,64.83000183105469,65.54000091552734,4183100
2019-07-25,59.68284606933594,65.77999877929688,66.01000213623047,65.30999755859375,65.80999755859375,2437700
2019-07-26,60.24537658691406,66.4000015258789,66.5,65.75,65.76000213623047,1711000
2019-07-29,59.91874694824219,66.04000091552734,66.47000122070312,65.44000244140625,66.36000061035156,2369700
2019-07-30,59.27456283569336,65.33000183105469,65.66000366210938,65.08999633789062,65.66000366210938,2776500
2019-07-31,59.102169036865234,65.13999938964844,66.08000183105469,64.23999786376953,65.44999694824219,5583000
2019-08-01,60.25446319580078,66.41000366210938,67.87999725341797,65.02999877929688,66.95999908447266,6183300
2019-08-02,57.605106353759766,63.4900016784668,65.4800033569336,62.810001373291016,65.33999633789062,5801800
2019-08-05,56.28950881958008,62.040000915527344,63.2400016784668,61.79999923706055,62.70000076293945,4304100
2019-08-06,56.77946090698242,62.58000183105469,62.75,61.459999084472656,62.189998626708984,3715400
2019-08-07,56.443748474121094,62.209999084472656,62.45000076293945,61.150001525878906,61.68000030517578,3068200
2019-08-08,58.03154754638672,63.959999084472656,63.97999954223633,62.220001220703125,62.72999954223633,2938900
2019-08-09,56.67057800292969,62.459999084472656,63.470001220703125,61.900001525878906,63.439998626708984,3640800
2019-08-12,55.500152587890625,61.16999816894531,62.279998779296875,61.06999969482422,62.279998779296875,2719100
2019-08-13,56.01731491088867,61.7400016784668,62.0099983215332,60.72999954223633,61.16999816894531,4064700
2019-08-14,55.02834701538086,60.650001525878906,60.9900016784668,59.939998626708984,60.880001068115234,4152500
2019-08-15,54.964839935302734,60.58000183105469,61.130001068115234,60.099998474121094,60.75,3446900
2019-08-16,55.54551696777344,61.220001220703125,61.459999084472656,60.7599983215332,61.189998626708984,2222900
2019-08-19,56.12620544433594,61.86000061035156,62.52000045776367,61.56999969482422,61.939998626708984,2585300
2019-08-20,55.87213897705078,61.58000183105469,62.08000183105469,61.36000061035156,61.77000045776367,1976900
2019-08-21,56.381893157958984,61.939998626708984,62.209999084472656,61.65999984741211,62.099998474121094,2358600
2019-08-22,55.70830154418945,61.20000076293945,62.27000045776367,61.099998474121094,62.029998779296875,3287500
2019-08-23,54.61597442626953,60.0,61.93000030517578,59.79999923706055,61.04999923706055,2946100
2019-08-26,54.497657775878906,59.869998931884766,60.630001068115234,59.59000015258789,60.61000061035156,2693100
2019-08-27,54.342891693115234,59.70000076293945,60.27000045776367,59.439998626708984,60.209999084472656,2638800
2019-08-28,54.834442138671875,60.2400016784668,60.310001373291016,59.20000076293945,59.79999923706055,3178300
2019-08-29,55.87214660644531,61.380001068115234,61.459999084472656,60.75,60.83000183105469,2667900
2019-08-30,55.88125228881836,61.38999938964844,61.83000183105469,61.09000015258789,61.83000183105469,2535600
2019-09-03,55.963165283203125,61.47999954223633,61.619998931884766,60.84000015258789,60.95000076293945,3168000
2019-09-04,56.809715270996094,62.40999984741211,62.54999923706055,62.040000915527344,62.18000030517578,2231600
2019-09-05,58.493717193603516,64.26000213623047,64.30999755859375,63.15999984741211,63.15999984741211,3167900
2019-09-06,58.66665267944336,64.44999694824219,65.0,64.08999633789062,64.2699966430664,2927800
2019-09-09,58.4208869934082,64.18000030517578,64.63999938964844,63.86000061035156,64.52999877929688,2031000
2019-09-10,58.930633544921875,64.73999786376953,64.7699966430664,63.27000045776367,63.939998626708984,2368600
2019-09-11,59.494998931884766,65.36000061035156,65.44000244140625,64.41000366210938,64.91999816894531,3186500
2019-09-12,59.021671295166016,64.83999633789062,65.62000274658203,64.36000061035156,65.61000061035156,2580500
2019-09-13,58.557430267333984,64.33000183105469,65.19999694824219,64.19000244140625,65.0199966430664,3071400
2019-09-16,58.24794006347656,63.9900016784668,64.54000091552734,63.869998931884766,64.0,2722500
2019-09-17,58.25705337524414,64.0,64.05999755859375,63.209999084472656,64.05999755859375,2127200
2019-09-18,57.811012268066406,63.5099983215332,63.83000183105469,62.70000076293945,63.70000076293945,2861500
2019-09-19,57.77461624145508,63.470001220703125,64.08000183105469,63.08000183105469,63.31999969482422,2809500
2019-09-20,56.25445556640625,61.79999923706055,63.33000183105469,61.459999084472656,63.11000061035156,7779700
2019-09-23,55.371498107910156,60.83000183105469,61.720001220703125,60.79999923706055,61.70000076293945,3586400
2019-09-24,54.54315948486328,59.91999816894531,61.4900016784668,59.4900016784668,61.029998779296875,4996100
2019-09-25,54.788936614990234,60.189998626708984,60.47999954223633,59.41999816894531,59.970001220703125,3874000
2019-09-26,54.30649185180664,59.65999984741211,60.189998626708984,59.029998779296875,60.0,2521500
2019-09-27,53.478145599365234,58.75,60.119998931884766,58.65999984741211,60.02000045776367,2654700
2019-09-30,54.86175537109375,60.27000045776367,60.40999984741211,58.869998931884766,59.04999923706055,4399500
2019-10-01,55.18035125732422,60.619998931884766,61.790000915527344,60.400001525878906,60.400001525878906,3232900
2019-10-02,54.56135940551758,59.939998626708984,60.61000061035156,59.5,60.029998779296875,3756000
2019-10-03,54.779823303222656,60.18000030517578,60.31999969482422,59.630001068115234,59.9900016784668,2559100
2019-10-04,55.080204010009766,60.5099983215332,60.849998474121094,60.2599983215332,60.369998931884766,2359600
2019-10-07,54.870845794677734,60.279998779296875,60.599998474121094,60.08000183105469,60.279998779296875,2094400
2019-10-08,53.61468505859375,58.900001525878906,59.880001068115234,58.88999938964844,59.709999084472656,3779300
2019-10-09,54.10622787475586,59.439998626708984,59.75,59.13999938964844,59.7400016784668,1939400
2019-10-10,54.43392562866211,59.79999923706055,60.310001373291016,58.970001220703125,59.04999923706055,2340400
2019-10-11,55.171241760253906,60.61000061035156,61.43000030517578,60.310001373291016,60.45000076293945,2587100
2019-10-14,54.961875915527344,60.380001068115234,60.70000076293945,60.02000045776367,60.599998474121094,1752900
2019-10-15,55.835731506347656,61.34000015258789,61.68000030517578,60.369998931884766,60.400001525878906,2249100
2019-10-16,55.88125228881836,61.38999938964844,61.97999954223633,61.220001220703125,61.400001525878906,2668300
2019-10-17,55.87214660644531,61.380001068115234,61.77000045776367,60.970001220703125,61.52000045776367,2627200
2019-10-18,55.19853973388672,60.63999938964844,61.43000030517578,60.599998474121094,61.43000030517578,3257000
2019-10-21,55.325984954833984,60.779998779296875,61.59000015258789,60.29999923706055,61.31999969482422,3157600
2019-10-22,54.52495574951172,59.900001525878906,61.22999954223633,59.70000076293945,60.93000030517578,2644200
2019-10-23,54.934574127197266,60.349998474121094,60.369998931884766,59.59000015258789,59.970001220703125,2787600
2019-10-24,55.080204010009766,60.5099983215332,61.0,60.18000030517578,60.86000061035156,1925800
2019-10-25,55.03470230102539,60.459999084472656,60.900001525878906,60.27000045776367,60.5099983215332,2993200
2019-10-28,55.22584533691406,60.66999816894531,60.88999938964844,60.20000076293945,60.439998626708984,2728600
2019-10-29,55.02560043334961,60.45000076293945,61.11000061035156,60.369998931884766,60.709999084472656,3459000
2019-10-30,54.515846252441406,59.88999938964844,60.869998931884766,59.75,60.79999923706055,3412000
2019-10-31,55.47163009643555,60.939998626708984,62.20000076293945,59.88999938964844,60.0,5746200
2019-11-01,55.73561477661133,61.22999954223633,61.66999816894531,60.869998931884766,61.38999938964844,3502400
2019-11-04,56.50022888183594,62.06999969482422,62.150001525878906,61.349998474121094,61.470001220703125,3711500
2019-11-05,56.36368179321289,61.91999816894531,62.20000076293945,61.36000061035156,62.16999816894531,2340500
2019-11-06,56.67316818237305,62.2599983215332,62.43000030517578,61.88999938964844,62.0,2248200
2019-11-07,57.37408447265625,63.029998779296875,63.56999969482422,62.56999969482422,62.7400016784668,2663600
2019-11-08,57.219337463378906,62.86000061035156,62.97999954223633,62.380001068115234,62.88999938964844,1858100
2019-11-11,57.01908874511719,62.63999938964844,62.900001525878906,62.47999954223633,62.68000030517578,1534300
2019-11-12,57.20113754272461,62.84000015258789,62.959999084472656,62.5,62.79999923706055,2726100
2019-11-13,56.9007453918457,62.5099983215332,62.95000076293945,62.380001068115234,62.58000183105469,1734500
2019-11-14,57.44691467285156,63.11000061035156,63.13999938964844,62.02000045776367,62.290000915527344,2600900
2019-11-15,57.69267654418945,63.380001068115234,63.400001525878906,62.68000030517578,63.400001525878906,2553600
2019-11-18,58.10360336303711,63.630001068115234,63.65999984741211,62.970001220703125,62.970001220703125,2812800
2019-11-19,58.368408203125,63.91999816894531,63.959999084472656,63.4900016784668,63.880001068115234,2108800
2019-11-20,57.9940185546875,63.5099983215332,63.79999923706055,63.06999969482422,63.619998931884766,2774500
2019-11-21,57.89357376098633,63.400001525878906,63.58000183105469,63.09000015258789,63.459999084472656,2296100
2019-11-22,57.70180892944336,63.189998626708984,63.22999954223633,61.95000076293945,61.9900016784668,3049500
2019-11-25,57.85704803466797,63.36000061035156,63.59000015258789,63.220001220703125,63.33000183105469,2256500
2019-11-26,58.19491195678711,63.72999954223633,63.84000015258789,63.099998474121094,63.310001373291016,3332200
2019-11-27,58.578433990478516,64.1500015258789,64.18000030517578,63.439998626708984,63.95000076293945,1483000
2019-11-29,58.541900634765625,64.11000061035156,64.37000274658203,63.900001525878906,63.91999816894531,1356200
2019-12-02,58.02141571044922,63.540000915527344,64.16000366210938,63.41999816894531,64.08999633789062,2387200
2019-12-03,57.30002975463867,62.75,63.13999938964844,62.310001373291016,63.09000015258789,2495400
2019-12-04,56.98042297363281,62.400001525878906,63.02000045776367,62.369998931884766,62.93000030517578,2035800
2019-12-05,56.80693435668945,62.209999084472656,62.59000015258789,62.060001373291016,62.56999969482422,2887300
2019-12-06,57.21784210205078,62.65999984741211,62.849998474121094,62.2599983215332,62.459999084472656,2555600
2019-12-09,56.505592346191406,61.880001068115234,62.709999084472656,61.7400016784668,62.56999969482422,2893200
2019-12-10,55.793331146240234,61.099998474121094,61.900001525878906,61.02000045776367,61.790000915527344,2284900
2019-12-11,55.40980911254883,60.68000030517578,61.209999084472656,60.459999084472656,61.119998931884766,2472600
2019-12-12,56.4051399230957,61.77000045776367,61.93000030517578,60.43000030517578,60.529998779296875,2340400
2019-12-13,56.28643035888672,61.63999938964844,62.099998474121094,61.08000183105469,61.66999816894531,2162000
2019-12-16,56.3046875,61.65999984741211,62.52000045776367,61.45000076293945,62.119998931884766,2732300
2019-12-17,56.3960075378418,61.7599983215332,62.09000015258789,61.5099983215332,61.849998474121094,2424200
2019-12-18,56.90737533569336,62.31999969482422,62.47999954223633,61.5,61.689998626708984,4410300
2019-12-19,57.263492584228516,62.709999084472656,63.08000183105469,62.15999984741211,62.29999923706055,3928800
2019-12-20,57.72920227050781,63.220001220703125,63.27000045776367,62.0099983215332,62.970001220703125,4831700
2019-12-23,57.19045639038086,62.630001068115234,63.34000015258789,62.59000015258789,63.150001525878906,2020300
2019-12-24,56.98042297363281,62.400001525878906,62.65999984741211,62.150001525878906,62.63999938964844,622600
2019-12-26,56.72473907470703,62.119998931884766,62.5,61.90999984741211,62.369998931884766,1709400
2019-12-27,56.761268615722656,62.15999984741211,62.84000015258789,62.0099983215332,62.4900016784668,1507800
2019-12-30,56.29555892944336,61.650001525878906,62.22999954223633,61.38999938964844,62.150001525878906,1607500
2019-12-31,56.63343048095703,62.02000045776367,62.06999969482422,61.470001220703125,61.540000915527344,2035800
2020-01-02,56.5421028137207,61.91999816894531,62.459999084472656,61.68000030517578,62.290000915527344,2234500
2020-01-03,56.03075408935547,61.36000061035156,61.540000915527344,60.88999938964844,61.08000183105469,2535700
2020-01-06,55.473724365234375,60.75,61.29999923706055,60.349998474121094,61.040000915527344,3017000
2020-01-07,55.08108139038086,60.31999969482422,60.689998626708984,59.97999954223633,60.66999816894531,2952900
2020-01-08,55.45547103881836,60.72999954223633,60.86000061035156,60.220001220703125,60.40999984741211,2912100
2020-01-09,55.802467346191406,61.11000061035156,61.9900016784668,60.75,61.5,4049000
2020-01-10,55.3732795715332,60.63999938964844,61.380001068115234,60.45000076293945,61.380001068115234,2538300
2020-01-13,55.848121643066406,61.15999984741211,61.27000045776367,60.209999084472656,60.4900016784668,2787200
2020-01-14,56.039878845214844,61.369998931884766,61.709999084472656,60.970001220703125,61.09000015258789,3066800
2020-01-15,56.478187561035156,61.849998474121094,62.0,61.41999816894531,61.41999816894531,2613400
2020-01-16,57.02607727050781,62.45000076293945,62.560001373291016,61.86000061035156,62.02000045776367,3048700
2020-01-17,57.318294525146484,62.77000045776367,62.93000030517578,62.31999969482422,62.560001373291016,4046000
2020-01-21,56.87997817993164,62.290000915527344,62.72999954223633,61.939998626708984,62.400001525878906,3823600
2020-01-22,56.78865432739258,62.189998626708984,62.91999816894531,61.83000183105469,62.599998474121094,3534500
2020-01-23,57.11739730834961,62.54999923706055,62.58000183105469,61.849998474121094,62.02000045776367,3048100
2020-01-24,56.998680114746094,62.41999816894531,63.150001525878906,61.9900016784668,62.779998779296875,2631200
2020-01-27,56.4051399230957,61.77000045776367,62.09000015258789,61.290000915527344,61.83000183105469,3309800
2020-01-28,57.163047790527344,62.599998474121094,62.880001068115234,61.56999969482422,61.959999084472656,2683100
2020-01-29,57.45526885986328,62.91999816894531,63.380001068115234,62.59000015258789,62.84000015258789,3415800
2020-01-30,57.04435729980469,62.470001220703125,62.52000045776367,61.29999923706055,62.16999816894531,2428900
2020-01-31,56.049015045166016,61.380001068115234,62.34000015258789,60.849998474121094,62.22999954223633,3340700
2020-02-03,57.17218780517578,62.61000061035156,62.90999984741211,61.56999969482422,61.849998474121094,3646700
2020-02-04,57.92096710205078,63.43000030517578,63.900001525878906,63.0,63.349998474121094,2793100
2020-02-05,59.32722091674805,64.97000122070312,65.16999816894531,64.2300033569336,64.58999633789062,3815400
2020-02-06,65.21701049804688,71.41999816894531,71.4800033569336,66.97000122070312,67.05000305175781,7789900
2020-02-07,63.54595947265625,69.58999633789062,70.98999786376953,68.55000305175781,70.58000183105469,7927100
2020-02-10,63.354190826416016,69.37999725341797,69.47000122070312,68.58999633789062,68.88999938964844,3077000
2020-02-11,63.189815521240234,69.19999694824219,69.45999908447266,68.76000213623047,69.45999908447266,3036000
2020-02-12,63.39984130859375,69.43000030517578,69.66999816894531,69.05000305175781,69.52999877929688,2629700
2020-02-13,63.56422805786133,69.61000061035156,69.69999694824219,68.95999908447266,69.26000213623047,2827000
2020-02-14,62.675662994384766,68.41999816894531,69.41000366210938,67.80000305175781,69.2699966430664,4148300
2020-02-18,63.051239013671875,68.83000183105469,69.22000122070312,68.04000091552734,68.33999633789062,3218200
2020-02-19,63.097042083740234,68.87999725341797,69.23999786376953,67.91000366210938,68.37000274658203,3612800
2020-02-20,63.71994400024414,69.55999755859375,69.73999786376953,68.18000030517578,68.55999755859375,3641300
2020-02-21,64.20545196533203,70.08999633789062,70.29000091552734,68.80000305175781,69.12999725341797,4787100
2020-02-24,61.75961685180664,67.41999816894531,69.87999725341797,67.38999938964844,68.91999816894531,4557300
2020-02-25,59.06645584106445,64.4800033569336,68.0,64.33000183105469,67.55999755859375,4976800
2020-02-26,57.967201232910156,63.279998779296875,65.88999938964844,63.2599983215332,65.11000061035156,5205300
2020-02-27,57.08779525756836,62.31999969482422,63.849998474121094,61.29999923706055,62.25,5326600
2020-02-28,55.81449890136719,60.93000030517578,61.650001525878906,59.459999084472656,60.59000015258789,7873500
2020-03-02,56.180912017822266,61.33000183105469,61.349998474121094,58.81999969482422,60.599998474121094,5676800
2020-03-03,54.60533142089844,59.61000061035156,62.880001068115234,58.869998931884766,60.91999816894531,5117800
2020-03-04,56.95038604736328,62.16999816894531,62.189998626708984,59.349998474121094,60.7599983215332,3244200
2020-03-05,54.89845657348633,59.93000030517578,61.2599983215332,59.349998474121094,60.470001220703125,3893000
2020-03-06,53.350345611572266,58.2400016784668,58.849998474121094,57.0099983215332,57.75,5364400
2020-03-09,49.42967987060547,53.959999084472656,55.970001220703125,53.459999084472656,55.060001373291016,7526000
2020-03-10,51.096866607666016,55.779998779296875,56.220001220703125,52.91999816894531,55.59000015258789,6703100
2020-03-11,48.67852783203125,53.13999938964844,55.369998931884766,52.41999816894531,54.13999938964844,6122600
2020-03-12,44.8677864074707,48.97999954223633,52.22999954223633,47.75,49.689998626708984,7701700
2020-03-13,48.202178955078125,52.619998931884766,52.70000076293945,48.689998626708984,51.61000061035156,5853600
2020-03-16,39.92115020751953,43.58000183105469,47.720001220703125,43.0099983215332,46.72999954223633,6489800
2020-03-17,45.89374923706055,50.099998474121094,50.650001525878906,43.66999816894531,44.540000915527344,6919500
2020-03-18,43.484561920166016,47.470001220703125,49.93000030517578,45.790000915527344,47.150001525878906,7214400
2020-03-19,42.58683776855469,46.4900016784668,47.77000045776367,44.22999954223633,46.630001068115234,5650600
2020-03-20,40.397491455078125,44.099998474121094,48.459999084472656,43.66999816894531,46.31999969482422,6541200
2020-03-23,38.116554260253906,41.61000061035156,44.7400016784668,40.0099983215332,44.27000045776367,8152800
2020-03-24,42.5135498046875,46.40999984741211,46.5,43.08000183105469,43.68000030517578,5853300
2020-03-25,43.68608093261719,47.689998626708984,49.36000061035156,45.4900016784668,46.0,4921000
2020-03-26,45.63726806640625,49.81999969482422,50.45000076293945,47.43000030517578,48.0,5291000
2020-03-27,42.7425651550293,46.65999984741211,48.4900016784668,46.279998779296875,47.619998931884766,5159300
2020-03-30,43.40211486816406,47.380001068115234,47.93000030517578,46.33000183105469,47.400001525878906,6230200
2020-03-31,42.568519592285156,46.470001220703125,48.459999084472656,46.15999984741211,47.02000045776367,5228500
2020-04-01,38.940975189208984,42.5099983215332,45.08000183105469,42.13999938964844,44.68000030517578,5490300
2020-04-02,40.5715446472168,44.290000915527344,45.0,42.20000076293945,42.29999923706055,3819700
2020-04-03,39.75626754760742,43.400001525878906,44.720001220703125,43.0099983215332,43.970001220703125,3225800
2020-04-06,44.38227844238281,48.45000076293945,48.70000076293945,45.38999938964844,45.810001373291016,5659100
2020-04-07,43.78685760498047,47.79999923706055,50.400001525878906,47.61000061035156,50.0,4056100
2020-04-08,47.075443267822266,51.38999938964844,51.790000915527344,47.7599983215332,48.45000076293945,5382200
2020-04-09,49.72280502319336,54.279998779296875,55.25,51.91999816894531,51.91999816894531,6208800
2020-04-13,48.27545928955078,52.70000076293945,53.720001220703125,52.04999923706055,53.5099983215332,3698900
2020-04-14,49.53044509887695,54.06999969482422,54.150001525878906,53.029998779296875,53.900001525878906,5486600
2020-04-15,47.57927322387695,51.939998626708984,52.790000915527344,51.130001068115234,52.689998626708984,3385100
2020-04-16,47.14873123168945,51.470001220703125,52.88999938964844,50.540000915527344,52.060001373291016,3551100
2020-04-17,49.29227066040039,53.810001373291016,53.90999984741211,52.59000015258789,52.70000076293945,5052600
2020-04-20,48.11973571777344,52.529998779296875,53.41999816894531,51.13999938964844,52.36000061035156,4955500
2020-04-21,46.70902633666992,50.9900016784668,52.5099983215332,50.66999816894531,51.29999923706055,4115900
2020-04-22,47.872398376464844,52.2599983215332,52.59000015258789,51.33000183105469,52.040000915527344,3591100
2020-04-23,48.22966003417969,52.650001525878906,53.720001220703125,52.40999984741211,52.40999984741211,2708900
2020-04-24,49.29227066040039,53.810001373291016,54.119998931884766,52.400001525878906,52.599998474121094,4056600
2020-04-27,51.335044860839844,56.040000915527344,56.16999816894531,54.36000061035156,54.38999938964844,4324900
2020-04-28,51.783897399902344,56.529998779296875,58.02000045776367,56.47999954223633,57.13999938964844,3728800
2020-04-29,54.25722122192383,59.22999954223633,59.70000076293945,57.779998779296875,58.130001068115234,3707200
2020-04-30,53.14881896972656,58.02000045776367,58.77000045776367,57.29999923706055,58.40999984741211,4274900
2020-05-01,51.756431579589844,56.5,57.04999923706055,56.11000061035156,56.88999938964844,2956200
2020-05-04,51.65566635131836,56.38999938964844,56.58000183105469,55.130001068115234,55.77000045776367,3566200
2020-05-05,52.342689514160156,57.13999938964844,57.459999084472656,56.36000061035156,56.79999923706055,3362600
2020-05-06,52.75490951538086,57.59000015258789,58.2599983215332,56.65999984741211,57.72999954223633,3939000
2020-05-07,53.826683044433594,58.7599983215332,59.22999954223633,58.310001373291016,58.310001373291016,3867600
2020-05-08,52.36101531982422,57.15999984741211,57.560001373291016,54.2400016784668,55.0,7785200
2020-05-11,50.88618469238281,55.54999923706055,56.36000061035156,54.619998931884766,56.31999969482422,3687900
2020-05-12,48.742645263671875,53.209999084472656,55.7400016784668,53.209999084472656,55.25,3603200
2020-05-13,45.3258056640625,49.47999954223633,52.66999816894531,48.97999954223633,52.63999938964844,5834000
2020-05-14,46.48002624511719,50.7400016784668,50.779998779296875,47.38999938964844,49.13999938964844,5218300
2020-05-15,45.967041015625,50.18000030517578,50.279998779296875,48.97999954223633,49.86000061035156,4724900
2020-05-18,48.67852783203125,53.13999938964844,53.459999084472656,51.90999984741211,52.09000015258789,3686500
2020-05-19,47.353939056396484,51.47999954223633,52.900001525878906,51.31999969482422,52.5099983215332,3415300
2020-05-20,48.34737777709961,52.560001373291016,53.59000015258789,52.0,52.16999816894531,2866700
2020-05-21,47.59309768676758,51.7400016784668,52.790000915527344,51.709999084472656,52.439998626708984,2290600
2020-05-22,47.32634353637695,51.45000076293945,52.040000915527344,50.93000030517578,52.02000045776367,2718000
2020-05-26,48.99127197265625,53.2599983215332,53.900001525878906,52.83000183105469,53.06999969482422,3632800
2020-05-27,50.913753509521484,55.349998474121094,55.40999984741211,53.97999954223633,54.310001373291016,3709500
2020-05-28,49.39601135253906,53.70000076293945,55.88999938964844,53.59000015258789,55.61000061035156,3031100
2020-05-29,48.75210952758789,53.0,53.599998474121094,52.22999954223633,53.59000015258789,6450300
2020-06-01,48.6141357421875,52.849998474121094,53.33000183105469,52.47999954223633,53.0,3202900
2020-06-02,49.0280647277832,53.29999923706055,53.56999969482422,52.88999938964844,53.56999969482422,3079400
2020-06-03,50.913753509521484,55.349998474121094,55.439998626708984,53.52000045776367,53.720001220703125,4428800
2020-06-04,51.143714904785156,55.599998474121094,55.7400016784668,54.529998779296875,55.060001373291016,2349300
2020-06-05,53.185791015625,57.81999969482422,59.220001220703125,56.54999923706055,56.959999084472656,4945700
2020-06-08,53.88488006591797,58.58000183105469,58.91999816894531,58.09000015258789,58.09000015258789,2706200
2020-06-09,52.60628890991211,57.189998626708984,58.0,56.63999938964844,58.0,2364900
2020-06-10,52.91904067993164,57.529998779296875,58.38999938964844,56.68000030517578,57.86000061035156,2811000
2020-06-11,49.35921096801758,53.65999984741211,56.22999954223633,53.619998931884766,56.08000183105469,3404300
2020-06-12,50.4078483581543,54.79999923706055,55.470001220703125,53.47999954223633,54.349998474121094,2474300
2020-06-15,50.28826141357422,54.66999816894531,55.099998474121094,52.5,52.59000015258789,2724000
2020-06-16,50.932167053222656,55.369998931884766,57.04999923706055,54.83000183105469,56.20000076293945,2685600
2020-06-17,51.042545318603516,55.4900016784668,56.04999923706055,54.709999084472656,55.880001068115234,2234900
2020-06-18,50.49062728881836,54.88999938964844,55.20000076293945,53.900001525878906,54.65999984741211,2570600
2020-06-19,49.81913375854492,54.15999984741211,56.0099983215332,53.90999984741211,56.0,5381000
2020-06-22,49.53397750854492,53.849998474121094,54.529998779296875,53.15999984741211,53.91999816894531,2388500
2020-06-23,50.77578353881836,55.20000076293945,55.439998626708984,54.02000045776367,54.5099983215332,3103300
2020-06-24,49.48799514770508,53.79999923706055,54.88999938964844,53.77000045776367,54.7599983215332,4597200
2020-06-25,51.13452911376953,55.59000015258789,55.66999816894531,53.9900016784668,54.029998779296875,3854700
2020-06-26,50.78498458862305,55.209999084472656,55.59000015258789,54.59000015258789,55.369998931884766,3743900
2020-06-29,51.962398529052734,56.4900016784668,56.52000045776367,54.9900016784668,55.77000045776367,2907300
2020-06-30,52.26593780517578,56.81999969482422,57.54999923706055,56.27000045776367,56.59000015258789,3845000
2020-07-01,51.89801025390625,56.41999816894531,57.43000030517578,55.95000076293945,57.0,2966500
2020-07-02,51.585243225097656,56.08000183105469,57.68000030517578,56.0099983215332,57.0099983215332,3123100
2020-07-06,51.750823974609375,56.2599983215332,57.09000015258789,56.09000015258789,57.0,2202900
2020-07-07,51.373687744140625,55.849998474121094,56.400001525878906,55.36000061035156,55.52000045776367,2604600
2020-07-08,51.23569869995117,55.70000076293945,56.36000061035156,55.220001220703125,56.09000015258789,1783300
2020-07-09,50.849369049072266,55.279998779296875,55.70000076293945,54.56999969482422,55.66999816894531,3043000
2020-07-10,51.30928039550781,55.779998779296875,55.880001068115234,54.91999816894531,55.04999923706055,2037900
2020-07-13,51.93479919433594,56.459999084472656,57.720001220703125,56.15999984741211,56.439998626708984,3415300
2020-07-14,51.94398880004883,56.470001220703125,56.54999923706055,55.18000030517578,56.02000045776367,2395200
2020-07-15,54.887508392333984,59.66999816894531,60.400001525878906,58.0,58.0,4574900
2020-07-16,56.156917572021484,61.04999923706055,61.70000076293945,60.5,60.900001525878906,5220900
2020-07-17,56.50645065307617,61.43000030517578,61.77000045776367,60.79999923706055,61.369998931884766,3011500
2020-07-20,56.764015197753906,61.709999084472656,62.0099983215332,61.04999923706055,61.36000061035156,2135000
2020-07-21,56.68122863769531,61.619998931884766,62.90999984741211,61.400001525878906,62.25,2495300
2020-07-22,56.99397659301758,61.959999084472656,62.40999984741211,61.279998779296875,61.630001068115234,3036900
2020-07-23,57.1043586730957,62.08000183105469,62.560001373291016,61.790000915527344,62.15999984741211,2514900
2020-07-24,56.84679412841797,61.79999923706055,62.33000183105469,61.459999084472656,62.18000030517578,2678000
2020-07-27,58.346168518066406,63.43000030517578,63.66999816894531,61.290000915527344,61.689998626708984,2997400
2020-07-28,57.61948776245117,62.63999938964844,63.84000015258789,62.58000183105469,63.41999816894531,3155000
2020-07-29,59.59715270996094,64.79000091552734,65.19999694824219,62.68000030517578,63.06999969482422,4818300
2020-07-30,63.63529586791992,69.18000030517578,69.48999786376953,67.0,68.91999816894531,6495000
2020-07-31,62.84422302246094,68.31999969482422,69.0,66.98999786376953,68.79000091552734,3646900
2020-08-03,62.58668899536133,68.04000091552734,68.12000274658203,66.66999816894531,66.8499984741211,3398200
2020-08-04,62.47630310058594,67.91999816894531,67.98999786376953,66.87000274658203,67.16999816894531,2962900
2020-08-05,62.02556610107422,67.43000030517578,68.68000030517578,67.16000366210938,68.13999938964844,2697300
2020-08-06,62.163543701171875,67.58000183105469,67.7300033569336,66.66999816894531,67.48999786376953,2307600
2020-08-07,62.071563720703125,67.4800033569336,67.6500015258789,66.69000244140625,67.19999694824219,2054500
2020-08-10,61.7312126159668,67.11000061035156,67.4800033569336,66.61000061035156,67.36000061035156,2338600
2020-08-11,61.19768524169922,66.52999877929688,67.58000183105469,66.2699966430664,67.29000091552734,2302500
2020-08-12,61.61163330078125,66.9800033569336,67.62000274658203,66.88999938964844,66.95999908447266,2699000
2020-08-13,61.538047790527344,66.9000015258789,67.30000305175781,66.1500015258789,66.31999969482422,1531500
2020-08-14,61.565635681152344,66.93000030517578,67.27999877929688,66.0,66.48999786376953,1289300
2020-08-17,62.12676239013672,67.54000091552734,67.83999633789062,66.94999694824219,67.25,1769200
2020-08-18,61.832401275634766,67.22000122070312,67.87999725341797,67.0,67.5999984741211,1535400
2020-08-19,61.52884292602539,66.88999938964844,67.66999816894531,66.76000213623047,67.30000305175781,1935500
2020-08-20,61.18736267089844,66.30000305175781,66.70999908447266,66.0199966430664,66.12000274658203,1315300
2020-08-21,60.65209197998047,65.72000122070312,66.20999908447266,65.12000274658203,66.16999816894531,3580100
2020-08-24,62.40559387207031,67.62000274658203,67.62999725341797,65.54000091552734,65.70999908447266,2429900
2020-08-25,61.778011322021484,66.94000244140625,67.6500015258789,66.47000122070312,67.62000274658203,1864000
2020-08-26,62.52555465698242,67.75,67.8499984741211,66.58000183105469,67.08000183105469,2071000
2020-08-27,62.21178436279297,67.41000366210938,68.30000305175781,67.16000366210938,68.0,1589900
2020-08-28,62.47018814086914,67.69000244140625,67.73999786376953,67.01000213623047,67.37999725341797,1536900
2020-08-31,61.704193115234375,66.86000061035156,67.54000091552734,66.72000122070312,67.38999938964844,2653700
2020-09-01,61.805702209472656,66.97000122070312,67.02999877929688,65.87999725341797,66.26000213623047,1704600
2020-09-02,63.5130615234375,68.81999969482422,68.98999786376953,67.08999633789062,67.44999694824219,2710900
2020-09-03,61.94413757324219,67.12000274658203,68.88999938964844,66.33000183105469,68.66999816894531,3366700
2020-09-04,61.658050537109375,66.80999755859375,68.12000274658203,65.83999633789062,67.4000015258789,2544900
2020-09-08,60.54136276245117,65.5999984741211,66.66999816894531,65.04000091552734,65.44999694824219,3102600
2020-09-09,61.28889083862305,66.41000366210938,66.94000244140625,65.29000091552734,66.04000091552734,2275400
2020-09-10,60.50443649291992,65.55999755859375,67.66999816894531,65.36000061035156,66.30999755859375,2679200
2020-09-11,62.92238998413086,68.18000030517578,69.16999816894531,67.05999755859375,67.7699966430664,4935500
2020-09-14,63.94679260253906,69.29000091552734,69.58000183105469,68.3499984741211,68.36000061035156,3411900
2020-09-15,64.7220230102539,70.12999725341797,70.98999786376953,69.23999786376953,69.23999786376953,3436500
2020-09-16,65.26654815673828,70.72000122070312,71.80999755859375,70.05000305175781,70.9000015258789,3160300
2020-09-17,64.71279907226562,70.12000274658203,70.86000061035156,67.91000366210938,68.11000061035156,3819500
2020-09-18,63.549957275390625,68.86000061035156,70.4000015258789,67.97000122070312,70.08000183105469,5525500
2020-09-21,62.193321228027344,67.38999938964844,68.16999816894531,67.06999969482422,67.86000061035156,3190000
2020-09-22,62.98699951171875,68.25,68.5,66.70999908447266,67.62999725341797,2838700
2020-09-23,61.91644287109375,67.08999633789062,69.19000244140625,66.80999755859375,68.45999908447266,3086100
2020-09-24,61.741119384765625,66.9000015258789,67.5999984741211,65.58000183105469,65.94999694824219,2855000
2020-09-25,62.830108642578125,68.08000183105469,68.31999969482422,66.5,66.87000274658203,2758100
2020-09-28,63.97451400756836,69.31999969482422,69.6500015258789,68.7300033569336,68.97000122070312,3971000
2020-09-29,63.679176330566406,69.0,70.08000183105469,68.62999725341797,69.44000244140625,2571100
2020-09-30,64.0667953491211,69.41999816894531,70.11000061035156,68.86000061035156,69.27999877929688,3912200
2020-10-01,63.98373794555664,69.33000183105469,70.5999984741211,68.97000122070312,70.22000122070312,3426400
2020-10-02,63.549957275390625,68.86000061035156,69.3499984741211,67.79000091552734,67.91999816894531,2460500
2020-10-05,65.46034240722656,70.93000030517578,71.26000213623047,69.5,69.62000274658203,4117400
2020-10-06,64.44517517089844,69.83000183105469,71.5999984741211,69.69000244140625,70.9000015258789,3111000
2020-10-07,66.66931915283203,72.23999786376953,72.4800033569336,70.5999984741211,70.7300033569336,3180300
2020-10-08,67.28765869140625,72.91000366210938,73.44999694824219,72.2300033569336,72.5,2312700
2020-10-09,67.44454956054688,73.08000183105469,74.05999755859375,72.75,73.6500015258789,3584300
2020-10-12,68.87501525878906,74.62999725341797,74.91999816894531,73.2699966430664,74.08999633789062,4748800
2020-10-13,67.57376861572266,73.22000122070312,75.31999969482422,73.04000091552734,74.98999786376953,3322100
2020-10-14,68.2566909790039,73.95999908447266,74.4000015258789,73.0999984741211,73.22000122070312,3273400
2020-10-15,68.03519439697266,73.72000122070312,73.88999938964844,72.76000213623047,73.25,2637200
2020-10-16,67.70294189453125,73.36000061035156,74.62999725341797,73.30999755859375,74.33999633789062,2533200
2020-10-19,66.63240814208984,72.19999694824219,73.75,71.95999908447266,73.19000244140625,2791400
2020-10-20,67.6937255859375,73.3499984741211,74.01000213623047,72.30000305175781,73.05000305175781,2252400
2020-10-21,67.26921081542969,72.88999938964844,74.04000091552734,72.87999725341797,73.02999877929688,2915900
2020-10-22,67.72142028808594,73.37999725341797,73.58000183105469,72.2300033569336,72.7300033569336,2705400
2020-10-23,68.40434265136719,74.12000274658203,74.31999969482422,73.08999633789062,73.45999908447266,2135600
2020-10-26,67.10306549072266,72.70999908447266,73.44999694824219,71.87000274658203,73.19999694824219,6195700
2020-10-27,67.73064422607422,73.38999938964844,73.5,72.5199966430664,72.83000183105469,5498400
2020-10-28,65.61724090576172,71.0999984741211,72.93000030517578,70.9800033569336,72.36000061035156,8444500
2020-10-29,65.54340362548828,71.0199966430664,76.44999694824219,70.80999755859375,74.83000183105469,7110800
2020-10-30,65.91255187988281,71.41999816894531,71.77999877929688,69.97000122070312,70.47000122070312,4298200
2020-11-02,65.34037780761719,70.80000305175781,71.91000366210938,70.29000091552734,71.47000122070312,3276100
2020-11-03,66.3924560546875,71.94000244140625,72.94000244140625,71.41000366210938,71.91999816894531,2089600
2020-11-04,67.38916015625,73.0199966430664,74.08999633789062,71.86000061035156,73.7699966430664,2427200
2020-11-05,68.51510620117188,74.23999786376953,74.91000366210938,73.41999816894531,73.7699966430664,2079100
2020-11-06,68.49664306640625,74.22000122070312,74.62000274658203,73.5999984741211,74.4800033569336,1394700
2020-11-09,68.18284606933594,73.87999725341797,78.20999908447266,73.81999969482422,75.19000244140625,3344000
2020-11-10,69.30876922607422,75.0999984741211,75.48999786376953,73.52999877929688,73.76000213623047,3789900
2020-11-11,70.84075927734375,76.76000213623047,77.08999633789062,75.44000244140625,75.51000213623047,3254300
2020-11-12,70.3424072265625,76.22000122070312,77.18000030517578,75.58999633789062,76.81999969482422,3087200
2020-11-13,71.23760223388672,77.19000244140625,77.66999816894531,76.80000305175781,77.0,2681200
2020-11-16,71.80058288574219,77.80000305175781,78.47000122070312,77.2300033569336,77.87000274658203,2162500
2020-11-17,71.06224822998047,77.0,77.37999725341797,76.16999816894531,76.75,2026800
2020-11-18,69.13714599609375,74.69999694824219,76.7699966430664,74.68000030517578,76.47000122070312,4192600
2020-11-19,70.52545166015625,76.19999694824219,76.30000305175781,74.55999755859375,74.98999786376953,2915700
2020-11-20,70.24778747558594,75.9000015258789,76.27999877929688,75.66999816894531,75.91999816894531,2277100
2020-11-23,71.45098114013672,77.19999694824219,77.30000305175781,75.91999816894531,76.0,1958000
2020-11-24,72.88555908203125,78.75,78.7699966430664,77.2699966430664,77.94999694824219,2594600
2020-11-25,72.70045471191406,78.55000305175781,79.0,78.16999816894531,78.94000244140625,2189500
2020-11-27,72.57088470458984,78.41000366210938,78.88999938964844,77.66000366210938,77.94000244140625,1104900
2020-11-30,72.31172943115234,78.12999725341797,78.33000183105469,77.06999969482422,77.94000244140625,3797700
2020-12-01,72.80225372314453,78.66000366210938,79.04000091552734,77.94999694824219,78.11000061035156,3653600
2020-12-02,72.3024673461914,78.12000274658203,78.66000366210938,77.9800033569336,78.66000366210938,2250900
2020-12-03,72.8947982788086,78.76000213623047,79.12999725341797,77.75,78.06999969482422,2108200
2020-12-04,75.02352142333984,81.05999755859375,81.11000061035156,78.48999786376953,79.1500015258789,3079000
2020-12-07,74.53298950195312,80.52999877929688,80.73999786376953,79.69999694824219,79.94999694824219,2419700
2020-12-08,73.92215728759766,79.87000274658203,80.58999633789062,78.73999786376953,79.26000213623047,2979500
2020-12-09,73.1261978149414,79.01000213623047,80.76000213623047,78.80999755859375,80.31999969482422,3585500
2020-12-10,72.54309844970703,78.37999725341797,79.01000213623047,77.94000244140625,79.01000213623047,2069900
2020-12-11,72.66341400146484,78.51000213623047,79.94999694824219,78.19000244140625,78.55999755859375,3528600
2020-12-14,73.29279327392578,79.19000244140625,79.48999786376953,78.61000061035156,79.0,2640600
2020-12-15,74.53298950195312,80.52999877929688,80.52999877929688,79.06999969482422,80.0999984741211,2741900
2020-12-16,73.4131088256836,79.31999969482422,80.63999938964844,78.83999633789062,80.63999938964844,2543100
2020-12-17,75.64362335205078,81.7300033569336,82.7300033569336,81.0,81.2699966430664,5461900
2020-12-18,74.98651123046875,81.0199966430664,82.0999984741211,80.5199966430664,82.0999984741211,7656700
2020-12-21,74.47747802734375,80.47000122070312,80.54000091552734,78.55999755859375,79.8499984741211,2369000
2020-12-22,74.98651123046875,81.0199966430664,81.6500015258789,80.13999938964844,80.18000030517578,2405700
2020-12-23,74.958740234375,80.98999786376953,81.88999938964844,80.9800033569336,81.3499984741211,1674200
2020-12-24,75.03280639648438,81.06999969482422,81.3499984741211,80.5999984741211,81.3499984741211,1037000
2020-12-28,75.3104476928711,81.37000274658203,82.25,81.3499984741211,81.54000091552734,1192200
2020-12-29,74.50523376464844,80.5,82.08999633789062,80.20999908447266,82.0199966430664,1035500
2020-12-30,75.03280639648438,81.06999969482422,81.41000366210938,80.62999725341797,80.87999725341797,1090600
2020-12-31,75.84725952148438,81.94999694824219,82.2300033569336,80.7699966430664,81.37000274658203,1500700
2021-01-04,73.50565338134766,79.41999816894531,82.2699966430664,78.69999694824219,82.0,2305700
2021-01-05,73.7185287475586,79.6500015258789,80.12999725341797,79.19000244140625,79.51000213623047,1856700
2021-01-06,74.18130493164062,80.1500015258789,81.13999938964844,79.22000122070312,79.31999969482422,2981200
2021-01-07,74.92171478271484,80.94999694824219,81.83999633789062,80.51000213623047,80.73999786376953,2853500
2021-01-08,75.84725952148438,81.94999694824219,82.05999755859375,80.95999908447266,81.12000274658203,2704700
2021-01-11,74.17203521728516,80.13999938964844,82.0999984741211,79.91999816894531,81.25,2156600
2021-01-12,73.70928192138672,79.63999938964844,80.5,78.61000061035156,80.19000244140625,2238300
2021-01-13,73.6815185546875,79.61000061035156,80.69999694824219,79.31999969482422,80.69999694824219,2030300
2021-01-14,74.08873748779297,80.05000305175781,80.22000122070312,79.06999969482422,79.33999633789062,2360500
2021-01-15,74.26461029052734,80.23999786376953,80.58999633789062,79.19000244140625,79.62999725341797,2174400
2021-01-19,73.82032775878906,79.76000213623047,80.98999786376953,79.19000244140625,80.38999938964844,2667900
2021-01-20,75.81023406982422,81.91000366210938,82.11000061035156,80.16000366210938,80.9000015258789,2479400
2021-01-21,74.85694885253906,80.87999725341797,82.06999969482422,80.69000244140625,82.0,2209200
2021-01-22,74.5607681274414,80.55999755859375,80.94000244140625,79.5,80.06999969482422,1449600
2021-01-25,74.07022857666016,80.02999877929688,80.43000030517578,78.25,80.0,1757200
2021-01-26,73.62598419189453,79.55000305175781,80.58000183105469,79.45999908447266,80.58000183105469,2053700
2021-01-27,70.47918701171875,76.1500015258789,78.7300033569336,75.9000015258789,78.3499984741211,3936600
2021-01-28,73.02439880371094,78.9000015258789,79.37000274658203,76.66000366210938,76.95999908447266,2992800
2021-01-29,72.1451416015625,77.94999694824219,79.61000061035156,77.5999984741211,78.9800033569336,3273000
2021-02-01,72.96885681152344,78.83999633789062,79.58999633789062,78.02999877929688,78.55999755859375,3442300
2021-02-02,74.08873748779297,80.05000305175781,80.83000183105469,78.86000061035156,78.86000061035156,2738800
2021-02-03,73.43159484863281,79.33999633789062,80.12999725341797,78.75,79.79000091552734,3483800
2021-02-04,69.12789916992188,74.69000244140625,75.62999725341797,72.76000213623047,74.33999633789062,8771100
2021-02-05,68.95205688476562,74.5,75.55000305175781,74.08999633789062,74.55000305175781,4711800
2021-02-08,70.20149993896484,75.8499984741211,75.88999938964844,74.12000274658203,74.62999725341797,2498600
2021-02-09,70.48845672607422,76.16000366210938,76.94999694824219,75.22000122070312,75.81999969482422,2663000
2021-02-10,70.37736511230469,76.04000091552734,76.43000030517578,75.27999877929688,76.23999786376953,2069800
2021-02-11,71.23812103271484,76.97000122070312,77.5199966430664,75.75,76.30999755859375,3609200
2021-02-12,71.22887420654297,76.95999908447266,77.1500015258789,76.22000122070312,76.76000213623047,1880900
2021-02-16,70.44216918945312,76.11000061035156,77.3499984741211,76.11000061035156,77.0,2445800
2021-02-17,70.96210479736328,76.43000030517578,76.79000091552734,75.37000274658203,75.7300033569336,3398600
2021-02-18,69.46726989746094,74.81999969482422,76.13999938964844,74.41999816894531,76.13999938964844,4440800
2021-02-19,68.37169647216797,73.63999938964844,75.19000244140625,73.38999938964844,75.02999877929688,4082500
2021-02-22,68.00959777832031,73.25,73.97000122070312,72.7699966430664,73.26000213623047,3063800
2021-02-23,67.66606903076172,72.87999725341797,73.43000030517578,72.06999969482422,72.8499984741211,3310500
2021-02-24,69.56938934326172,74.93000030517578,75.05999755859375,71.55999755859375,72.4000015258789,2922700
2021-02-25,68.13029479980469,73.37999725341797,74.9800033569336,73.19000244140625,74.12000274658203,2786500
2021-02-26,68.22314453125,73.4800033569336,74.33999633789062,72.58000183105469,73.8499984741211,3279800
2021-03-01,69.4765625,74.83000183105469,75.16000366210938,73.80999755859375,74.11000061035156,3226900
2021-03-02,69.58795166015625,74.94999694824219,75.72000122070312,74.04000091552734,75.02999877929688,3068900
2021-03-03,67.92604064941406,73.16000366210938,74.76000213623047,72.77999877929688,74.76000213623047,3406400
2021-03-04,67.22039031982422,72.4000015258789,73.94999694824219,71.76000213623047,72.91999816894531,3284200
2021-03-05,68.43667602539062,73.70999908447266,74.51000213623047,71.93000030517578,74.51000213623047,2779000
2021-03-08,67.48967742919922,72.69000244140625,74.38999938964844,72.56999969482422,72.87999725341797,3250600
2021-03-09,69.06803131103516,74.38999938964844,75.22000122070312,73.51000213623047,73.69000244140625,2767400
2021-03-10,70.58140563964844,76.0199966430664,76.23999786376953,74.63999938964844,74.66999816894531,2636800
2021-03-11,71.99268341064453,77.54000091552734,78.30999755859375,76.22000122070312,76.4000015258789,3183400
2021-03-12,72.20623016357422,77.7699966430664,77.83999633789062,76.83999633789062,76.8499984741211,2447800
2021-03-15,73.59892272949219,79.2699966430664,79.33000183105469,77.27999877929688,77.27999877929688,3003700
2021-03-16,72.47547149658203,78.05999755859375,79.0999984741211,77.83999633789062,79.01000213623047,2497500
2021-03-17,72.4476318359375,78.02999877929688,78.31999969482422,77.16000366210938,77.4800033569336,2415000
2021-03-18,70.93423461914062,76.4000015258789,77.7699966430664,76.02999877929688,77.25,2890000
2021-03-19,71.0735092163086,76.55000305175781,77.33000183105469,75.4000015258789,75.76000213623047,5658300
2021-03-22,71.24063110351562,76.7300033569336,77.05999755859375,76.22000122070312,76.93000030517578,4237300
2021-03-23,70.77641296386719,76.2300033569336,77.62000274658203,76.16999816894531,77.16000366210938,3154500
2021-03-24,71.43560791015625,76.94000244140625,77.8499984741211,76.52999877929688,76.70999908447266,3008600
2021-03-25,71.58414459228516,77.0999984741211,77.44999694824219,76.05999755859375,77.02999877929688,2935500
2021-03-26,73.57105255126953,79.23999786376953,79.33000183105469,76.94000244140625,77.2300033569336,2403600
2021-03-29,72.47547149658203,78.05999755859375,79.11000061035156,77.19000244140625,78.9000015258789,3099600
2021-03-30,72.94900512695312,78.56999969482422,78.66999816894531,77.5,77.7300033569336,2506600
2021-03-31,72.53116607666016,78.12000274658203,79.18000030517578,77.9000015258789,78.81999969482422,3573800
2021-04-01,73.23680877685547,78.87999725341797,79.33000183105469,78.13999938964844,78.93000030517578,2430400
2021-04-05,74.58308410644531,80.33000183105469,80.48999786376953,79.0,79.19000244140625,2543600
2021-04-06,73.96101379394531,79.66000366210938,80.16000366210938,79.16999816894531,79.23999786376953,2346400
2021-04-07,73.5431900024414,79.20999908447266,80.12000274658203,79.0999984741211,79.9000015258789,1750500
2021-04-08,74.33238983154297,80.05999755859375,80.7699966430664,79.30999755859375,79.54000091552734,3345300
2021-04-09,74.78734588623047,80.55000305175781,80.6500015258789,79.7699966430664,80.05999755859375,1985700
2021-04-12,74.49024963378906,80.2300033569336,80.4800033569336,79.5999984741211,80.02999877929688,2358500
2021-04-13,74.6852035522461,80.44000244140625,80.73999786376953,79.87999725341797,80.2699966430664,2371000
2021-04-14,73.77532196044922,79.45999908447266,80.3499984741211,79.27999877929688,80.06999969482422,2276500
2021-04-15,74.0631332397461,79.7699966430664,80.5,79.23999786376953,80.05000305175781,4530400
2021-04-16,74.85234069824219,80.62000274658203,80.8499984741211,79.55000305175781,80.0,3132400
2021-04-19,74.64807891845703,80.4000015258789,80.87999725341797,80.05999755859375,80.52999877929688,2664600
2021-04-20,73.91459655761719,79.61000061035156,80.48999786376953,79.38999938964844,80.30000305175781,3087500
2021-04-21,73.58033752441406,79.25,80.37999725341797,79.19000244140625,79.98999786376953,6537900
2021-04-22,73.38536834716797,79.04000091552734,79.20999908447266,77.4800033569336,78.2699966430664,4507100
2021-04-23,73.06041717529297,78.69000244140625,79.41999816894531,78.41000366210938,79.16000366210938,2392700
2021-04-26,73.86814880371094,79.55999755859375,79.66000366210938,78.06999969482422,78.69999694824219,2194500
2021-04-27,74.2209701538086,79.94000244140625,80.08999633789062,79.1500015258789,79.47000122070312,2855000
2021-04-28,74.44381713867188,80.18000030517578,80.58000183105469,79.30000305175781,80.0999984741211,3170500
2021-04-29,75.53939056396484,81.36000061035156,81.77999877929688,80.11000061035156,80.73999786376953,2249900
2021-04-30,74.64807891845703,80.4000015258789,81.11000061035156,79.95999908447266,81.0999984741211,2849100
2021-05-03,76.31930541992188,82.19999694824219,82.56999969482422,80.41000366210938,80.72000122070312,4333300
2021-05-04,75.43726348876953,81.25,82.19999694824219,80.7699966430664,81.5199966430664,3875800
2021-05-05,75.63224792480469,81.45999908447266,81.88999938964844,80.4000015258789,81.76000213623047,4092900
2021-05-06,69.74581909179688,75.12000274658203,77.02999877929688,72.16000366210938,75.22000122070312,10853300
2021-05-07,69.46726989746094,74.81999969482422,75.58000183105469,73.94999694824219,75.58000183105469,5373900
2021-05-10,68.7152328491211,74.01000213623047,75.20999908447266,73.83999633789062,74.87000274658203,4507200
2021-05-11,67.4432373046875,72.63999938964844,73.73999786376953,72.02999877929688,73.47000122070312,6519800
2021-05-12,65.66988372802734,70.7300033569336,72.37000274658203,70.62000274658203,71.94999694824219,4572200
2021-05-13,66.18980407714844,71.29000091552734,71.69999694824219,70.95999908447266,71.30000305175781,5354000
2021-05-14,65.92984771728516,71.01000213623047,71.93000030517578,70.8499984741211,71.70999908447266,8012600
2021-05-17,65.5863265991211,70.63999938964844,71.0999984741211,69.4000015258789,71.01000213623047,6510200
2021-05-18,65.8927001953125,70.97000122070312,71.86000061035156,70.33999633789062,70.9000015258789,4772000
2021-05-19,65.90203094482422,70.73999786376953,70.80000305175781,69.63999938964844,69.6500015258789,3873300
2021-05-20,66.42373657226562,71.30000305175781,71.83000183105469,70.33000183105469,70.69000244140625,4514600
2021-05-21,66.36783599853516,71.23999786376953,72.1500015258789,71.08999633789062,71.7300033569336,2473600
2021-05-24,66.2374038696289,71.0999984741211,71.88999938964844,71.0,71.75,3217900
2021-05-25,66.14424133300781,71.0,71.4000015258789,70.91999816894531,71.30999755859375,5412000
2021-05-26,66.14424133300781,71.0,71.41000366210938,70.75,71.0199966430664,3862500
2021-05-27,66.25602722167969,71.12000274658203,71.61000061035156,71.0,71.12999725341797,6254200
2021-05-28,66.66594696044922,71.55999755859375,71.86000061035156,70.9000015258789,71.55000305175781,4519800
2021-06-01,66.32124328613281,71.19000244140625,72.47000122070312,71.0999984741211,71.98999786376953,4704200
2021-06-02,66.41439819335938,71.29000091552734,71.51000213623047,71.0199966430664,71.18000030517578,3920400
2021-06-03,65.95792388916016,70.80000305175781,71.16000366210938,70.54000091552734,71.0,9907400
2021-06-04,66.61003875732422,71.5,71.61000061035156,70.97000122070312,71.12000274658203,3429600
2021-06-07,66.42373657226562,71.30000305175781,71.7699966430664,71.01000213623047,71.66999816894531,3892300
2021-06-08,66.55413818359375,71.44000244140625,71.83000183105469,71.13999938964844,71.2300033569336,2713500
2021-06-09,66.37713623046875,71.25,71.9800033569336,71.16000366210938,71.9800033569336,2507200
2021-06-10,66.30261993408203,71.16999816894531,71.66000366210938,70.87999725341797,71.31999969482422,3182600
2021-06-11,66.37713623046875,71.25,71.55999755859375,70.91000366210938,71.55999755859375,4056700
2021-06-14,65.94859313964844,70.79000091552734,71.29000091552734,70.05999755859375,71.1500015258789,6417200
2021-06-15,65.53871154785156,70.3499984741211,71.5199966430664,70.27999877929688,70.80999755859375,2975400
2021-06-16,65.2219467163086,70.01000213623047,70.83000183105469,69.68000030517578,70.4800033569336,3610800
2021-06-17,64.43938446044922,69.16999816894531,69.87000274658203,68.88999938964844,69.69000244140625,2890900
2021-06-18,63.64753723144531,68.31999969482422,68.80999755859375,68.20999908447266,68.6500015258789,5596700
2021-06-21,64.8586196899414,69.62000274658203,69.83999633789062,68.68000030517578,68.69000244140625,3633300
2021-06-22,64.7747802734375,69.52999877929688,69.69000244140625,69.11000061035156,69.37000274658203,3481300
2021-06-23,64.38349914550781,69.11000061035156,69.7699966430664,69.06999969482422,69.4000015258789,3005600
2021-06-24,65.04493713378906,69.81999969482422,69.95999908447266,69.2699966430664,69.62000274658203,2612600
2021-06-25,65.66912078857422,70.48999786376953,70.5999984741211,69.61000061035156,69.83000183105469,3585500
2021-06-28,65.35237121582031,70.1500015258789,70.66999816894531,69.91000366210938,70.45999908447266,2744400
2021-06-29,65.60389709472656,70.41999816894531,71.12999725341797,70.36000061035156,70.73999786376953,2740800
2021-06-30,64.52323913574219,69.26000213623047,70.08000183105469,68.61000061035156,69.7699966430664,3719600
2021-07-01,65.0635757446289,69.83999633789062,69.98999786376953,68.94000244140625,69.61000061035156,2689100
2021-07-02,64.84931182861328,69.61000061035156,70.29000091552734,69.54000091552734,70.19999694824219,2083900
2021-07-06,64.02950286865234,68.7300033569336,69.56999969482422,68.37999725341797,69.51000213623047,2396000
2021-07-07,64.21580505371094,68.93000030517578,69.3499984741211,68.69000244140625,68.80999755859375,2402200
2021-07-08,63.69411849975586,68.37000274658203,68.61000061035156,67.37000274658203,68.33000183105469,2534000
2021-07-09,64.41145324707031,69.13999938964844,69.25,68.5,68.61000061035156,3290000
2021-07-12,64.51392364501953,69.25,69.27999877929688,68.30999755859375,68.9800033569336,3433900
2021-07-13,64.00154113769531,68.69999694824219,69.16000366210938,68.33999633789062,69.11000061035156,2566700
2021-07-14,64.49529266357422,69.2300033569336,69.97000122070312,68.87999725341797,69.5999984741211,2750500
2021-07-15,64.1226577758789,68.83000183105469,69.23999786376953,68.6500015258789,69.0,2878600
2021-07-16,63.573020935058594,68.23999786376953,69.2300033569336,68.16999816894531,69.04000091552734,2018000
2021-07-19,61.91474151611328,66.45999908447266,67.87000274658203,66.19000244140625,67.72000122070312,3218100
2021-07-20,62.986080169677734,67.61000061035156,68.0199966430664,66.68000030517578,66.68000030517578,3008500
2021-07-21,63.11650085449219,67.75,68.0,67.2699966430664,67.66999816894531,2724800
2021-07-22,63.45191192626953,68.11000061035156,68.22000122070312,67.44000244140625,68.19999694824219,5149000
2021-07-23,64.55117797851562,69.29000091552734,69.5199966430664,68.45999908447266,68.47000122070312,2597600
2021-07-26,64.68161010742188,69.43000030517578,69.76000213623047,68.93000030517578,69.16999816894531,2935300
2021-07-27,64.40213012695312,69.12999725341797,70.05999755859375,68.54000091552734,69.31999969482422,3596500
2021-07-28,65.0169906616211,69.79000091552734,70.13999938964844,68.94000244140625,69.27999877929688,3806300
2021-07-29,68.86454772949219,73.91999816894531,75.9800033569336,73.7699966430664,74.97000122070312,7392200
2021-07-30,68.50121307373047,73.52999877929688,74.4800033569336,73.3499984741211,73.4000015258789,3393500
2021-08-02,68.63164520263672,73.66999816894531,74.33999633789062,73.11000061035156,73.55999755859375,3783900
2021-08-03,69.77751922607422,74.9000015258789,74.9800033569336,73.2300033569336,73.33999633789062,3061600
2021-08-04,68.5291519165039,73.55999755859375,75.05000305175781,73.55000305175781,74.54000091552734,3366200
2021-08-05,68.3801040649414,73.4000015258789,73.87999725341797,73.27999877929688,73.77999877929688,1949900
2021-08-06,68.00746154785156,73.0,73.79000091552734,72.86000061035156,73.25,1753800
2021-08-09,67.56961059570312,72.52999877929688,73.12000274658203,72.30000305175781,73.12000274658203,2938700
2021-08-10,68.07267761230469,73.06999969482422,73.2699966430664,72.30999755859375,72.5999984741211,2645400
2021-08-11,69.91727447509766,75.05000305175781,75.1500015258789,73.19000244140625,73.58999633789062,4288200
2021-08-12,71.2867202758789,76.5199966430664,76.7699966430664,74.94000244140625,75.0199966430664,5776700
2021-08-13,72.32079315185547,77.62999725341797,77.83999633789062,76.36000061035156,76.38999938964844,4406100
2021-08-16,71.9015884399414,77.18000030517578,77.81999969482422,76.79000091552734,77.5,2582400
2021-08-17,71.74321746826172,77.01000213623047,77.5,76.25,77.48999786376953,2564900
2021-08-18,71.42646026611328,76.66999816894531,77.62000274658203,76.41999816894531,76.52999877929688,3160100
2021-08-19,70.82836151123047,75.79000091552734,76.44999694824219,75.37000274658203,76.0999984741211,2870800
2021-08-20,71.67878723144531,76.69999694824219,76.79000091552734,75.33999633789062,75.55999755859375,2328100
2021-08-23,72.29559326171875,77.36000061035156,77.86000061035156,76.94000244140625,77.05000305175781,3818000
2021-08-24,72.90304565429688,78.01000213623047,78.11000061035156,76.87000274658203,77.16999816894531,3363300
2021-08-25,72.41706848144531,77.48999786376953,78.36000061035156,77.16000366210938,78.04000091552734,3449600
2021-08-26,71.94046783447266,76.9800033569336,77.44999694824219,76.5,77.44999694824219,2357800
2021-08-27,72.18344116210938,77.23999786376953,77.87000274658203,77.01000213623047,77.30000305175781,2266100
2021-08-30,71.81897735595703,76.8499984741211,77.81999969482422,76.81999969482422,77.37999725341797,1724400
2021-08-31,71.31431579589844,76.30999755859375,76.9800033569336,76.16000366210938,76.97000122070312,2948300
2021-09-01,71.80029296875,76.83000183105469,76.94999694824219,76.13999938964844,76.5,2424900
2021-09-02,72.24885559082031,77.30999755859375,77.33999633789062,76.70999908447266,77.0,2038700
2021-09-03,71.53861999511719,76.55000305175781,77.0999984741211,76.43000030517578,77.0999984741211,1568500
2021-09-07,71.22086334228516,76.20999908447266,76.91999816894531,76.05000305175781,76.62999725341797,1751800
2021-09-08,71.64140319824219,76.66000366210938,76.7699966430664,75.94000244140625,76.08000183105469,2536300
2021-09-09,71.47319793701172,76.4800033569336,77.05999755859375,76.44000244140625,76.62999725341797,1849800
2021-09-10,71.26759338378906,76.26000213623047,77.1500015258789,76.19000244140625,76.76000213623047,1754900
2021-09-13,71.39842987060547,76.4000015258789,76.81999969482422,75.66000366210938,76.66000366210938,1941600
2021-09-14,70.72557067871094,75.68000030517578,76.87999725341797,75.55999755859375,76.79000091552734,1668400
2021-09-15,71.47319793701172,76.4800033569336,76.72000122070312,75.25,75.72000122070312,2681000
2021-09-16,71.73487091064453,76.76000213623047,76.86000061035156,76.0,76.4800033569336,1900200
2021-09-17,70.5386734008789,75.4800033569336,76.66000366210938,75.19000244140625,76.3499984741211,3759300
2021-09-20,70.14614868164062,75.05999755859375,75.13999938964844,74.04000091552734,74.69999694824219,2536400
2021-09-21,69.63216400146484,74.51000213623047,75.45999908447266,74.4800033569336,75.18000030517578,2322200
2021-09-22,70.45455932617188,75.38999938964844,75.73999786376953,74.83000183105469,74.9800033569336,1713200
2021-09-23,72.09935760498047,77.1500015258789,77.27999877929688,75.2699966430664,75.66999816894531,2723600
2021-09-24,72.53855895996094,77.62000274658203,78.05999755859375,76.75,76.7699966430664,2989800
2021-09-27,72.92171478271484,78.02999877929688,78.29000091552734,76.80999755859375,77.3499984741211,2884400
2021-09-28,71.36105346679688,76.36000061035156,77.83000183105469,76.18000030517578,77.70999908447266,2959500
2021-09-29,70.6321029663086,75.58000183105469,76.55999755859375,75.48999786376953,76.26000213623047,2062100
2021-09-30,69.351806640625,74.20999908447266,76.12999725341797,74.0199966430664,75.87000274658203,2837000
2021-10-01,70.34239959716797,75.2699966430664,75.68000030517578,73.77999877929688,74.62999725341797,2395700
2021-10-04,69.47327423095703,74.33999633789062,75.44000244140625,73.9000015258789,74.98999786376953,1967400
2021-10-05,69.55738830566406,74.43000030517578,74.94000244140625,73.88999938964844,74.4800033569336,1856300
2021-10-06,69.49198150634766,74.36000061035156,74.88999938964844,73.05000305175781,73.80000305175781,2304500
2021-10-07,70.33305358886719,75.26000213623047,75.75,74.91000366210938,75.0,1516900
2021-10-08,70.54801177978516,75.48999786376953,76.0,75.08000183105469,75.12999725341797,2191500
2021-10-11,70.45455932617188,75.38999938964844,76.41999816894531,75.1500015258789,75.16000366210938,1893400
2021-10-12,70.19288635253906,75.11000061035156,75.66000366210938,74.68000030517578,75.18000030517578,2672800
2021-10-13,70.67884826660156,75.62999725341797,76.58000183105469,75.22000122070312,75.98999786376953,2720100
2021-10-14,72.37970733642578,77.44999694824219,77.80000305175781,76.26000213623047,76.26000213623047,2268000
2021-10-15,73.66934967041016,78.83000183105469,78.95999908447266,77.36000061035156,77.70999908447266,5901600
2021-10-18,73.72541809082031,78.88999938964844,79.06999969482422,77.91000366210938,78.44000244140625,2181300
2021-10-19,74.5665054321289,79.79000091552734,79.91000366210938,78.91999816894531,79.29000091552734,1758300
2021-10-20,73.97775268554688,79.16000366210938,79.7699966430664,78.29000091552734,79.5999984741211,1765100
2021-10-21,73.90299224853516,79.08000183105469,79.19999694824219,78.55000305175781,78.97000122070312,1628300
2021-10-22,73.82820129394531,79.0,79.79000091552734,78.86000061035156,79.33999633789062,1726200
2021-10-25,73.79082489013672,78.95999908447266,79.22000122070312,78.75,79.1500015258789,1600400
2021-10-26,73.59459686279297,78.75,80.23999786376953,78.68000030517578,79.29000091552734,3441600
2021-10-27,72.6226806640625,77.70999908447266,78.4800033569336,76.62999725341797,78.36000061035156,4054800
2021-10-28,72.25819396972656,77.31999969482422,82.0,76.37999725341797,80.0199966430664,5048700
2021-10-29,72.97779846191406,78.08999633789062,78.5999984741211,76.9000015258789,76.91999816894531,2616100
2021-11-01,72.89369201660156,78.0,78.44999694824219,77.69000244140625,78.0,1460600
2021-11-02,73.47309112548828,78.62000274658203,78.69999694824219,77.80000305175781,78.26000213623047,2106900
2021-11-03,74.4356689453125,79.6500015258789,80.0,77.72000122070312,78.55000305175781,2841300
2021-11-04,74.33287811279297,79.54000091552734,80.20999908447266,79.16999816894531,79.7300033569336,2257800
2021-11-05,74.67866516113281,79.91000366210938,80.94000244140625,79.66000366210938,80.0,1791900
2021-11-08,74.92162322998047,80.16999816894531,80.52999877929688,79.7300033569336,80.0,1393200
2021-11-09,75.23937225341797,80.51000213623047,80.69000244140625,79.75,80.12000274658203,1787200
2021-11-10,75.37020111083984,80.6500015258789,81.5,80.52999877929688,80.5999984741211,2253500
2021-11-11,75.7626953125,81.06999969482422,81.55999755859375,80.58000183105469,80.87999725341797,2100000
2021-11-12,76.61312866210938,81.9800033569336,82.52999877929688,81.06999969482422,81.20999908447266,2131000
2021-11-15,76.5851058959961,81.94999694824219,82.68000030517578,81.72000122070312,82.29000091552734,2007700
2021-11-16,76.39818572998047,81.75,82.54000091552734,81.54000091552734,82.0,2006200
2021-11-17,75.68794250488281,80.98999786376953,81.72000122070312,80.43000030517578,81.37000274658203,3018800
2021-11-18,75.95976257324219,81.04000091552734,81.62999725341797,79.56999969482422,81.5,4304800
2021-11-19,76.8501968383789,81.98999786376953,82.83999633789062,80.6500015258789,81.29000091552734,4154400
2021-11-22,76.28781127929688,81.38999938964844,82.80999755859375,81.23999786376953,82.16999816894531,3135200
2021-11-23,75.69731903076172,80.76000213623047,81.54000091552734,79.95999908447266,81.08999633789062,3351500
2021-11-24,75.67857360839844,80.73999786376953,80.94000244140625,79.54000091552734,79.97000122070312,2205600
2021-11-26,73.48527526855469,78.4000015258789,80.18000030517578,78.0999984741211,80.02999877929688,1727600
2021-11-29,74.71312713623047,79.70999908447266,80.13999938964844,78.5199966430664,79.30999755859375,2404200
2021-11-30,73.09159851074219,77.9800033569336,79.6500015258789,77.47000122070312,79.55000305175781,4891600
2021-12-01,72.04178619384766,76.86000061035156,79.44000244140625,76.79000091552734,79.0,3123400
2021-12-02,74.45069885253906,79.43000030517578,79.72000122070312,76.88999938964844,77.47000122070312,3070700
2021-12-03,73.59773254394531,78.5199966430664,80.0199966430664,77.77999877929688,79.87999725341797,3494000
2021-12-06,75.65982818603516,80.72000122070312,81.29000091552734,78.51000213623047,79.47000122070312,2877900
2021-12-07,76.34405517578125,81.44999694824219,82.38999938964844,81.29000091552734,81.58000183105469,2848500
2021-12-08,76.12848663330078,81.22000122070312,82.18000030517578,81.19999694824219,81.73999786376953,2472200
2021-12-09,75.91289520263672,80.98999786376953,81.23999786376953,80.55999755859375,80.8499984741211,2160000
2021-12-10,76.95330810546875,82.0999984741211,82.27999877929688,81.25,81.25,2435900
2021-12-13,76.79397583007812,81.93000030517578,82.38999938964844,81.43000030517578,82.0,2180000
2021-12-14,76.74710845947266,81.87999725341797,82.70999908447266,81.16999816894531,81.36000061035156,2490100
2021-12-15,77.70315551757812,82.9000015258789,83.05000305175781,81.2300033569336,81.94000244140625,2938000
2021-12-16,79.37158966064453,84.68000030517578,85.33999633789062,83.62000274658203,84.29000091552734,5230400
2021-12-17,79.50279235839844,84.81999969482422,85.94000244140625,84.04000091552734,84.2699966430664,7361900
2021-12-20,77.71253967285156,82.91000366210938,84.06999969482422,81.8499984741211,83.62000274658203,2055300
2021-12-21,79.85897827148438,85.19999694824219,85.30999755859375,83.36000061035156,83.5199966430664,2186100
2021-12-22,80.51510620117188,85.9000015258789,85.97000122070312,84.83000183105469,84.91999816894531,1947200
2021-12-23,80.88066864013672,86.29000091552734,86.97000122070312,85.93000030517578,86.05000305175781,1647300
2021-12-27,82.56781005859375,88.08999633789062,88.18000030517578,86.36000061035156,86.44000244140625,1883500
2021-12-28,83.16767883300781,88.7300033569336,88.88999938964844,87.98999786376953,88.2699966430664,1516500
2021-12-29,83.97378540039062,89.58999633789062,90.08000183105469,88.5199966430664,88.68000030517578,2060900
2021-12-30,83.36453247070312,88.94000244140625,89.94999694824219,88.83000183105469,89.58999633789062,1412700
2021-12-31,83.15830993652344,88.72000122070312,89.16999816894531,88.6500015258789,88.72000122070312,1356500
2022-01-03,83.95502471923828,89.56999969482422,89.97000122070312,88.38999938964844,88.68000030517578,2673800
2022-01-04,85.6890640258789,91.41999816894531,92.02999877929688,89.55000305175781,89.56999969482422,2702700
2022-01-05,84.3768081665039,90.0199966430664,91.91999816894531,89.9800033569336,91.41999816894531,2523700
2022-01-06,82.69903564453125,88.2300033569336,90.69999694824219,87.98999786376953,90.08999633789062,3207600
2022-01-07,81.93980407714844,87.41999816894531,88.16999816894531,86.9800033569336,88.16999816894531,2755000
2022-01-10,81.24620819091797,86.68000030517578,86.75,84.88999938964844,85.93000030517578,3504400
2022-01-11,82.45533752441406,87.97000122070312,88.02999877929688,85.5199966430664,86.5,2797400
2022-01-12,82.54905700683594,88.06999969482422,89.61000061035156,87.62000274658203,88.44000244140625,2858300
2022-01-13,81.73359680175781,87.19999694824219,88.4800033569336,87.0199966430664,88.11000061035156,2556600
2022-01-14,81.73359680175781,87.19999694824219,87.30999755859375,85.97000122070312,86.0,2327000
2022-01-18,80.78692626953125,86.19000244140625,86.80000305175781,85.38999938964844,85.5199966430664,2345900
2022-01-19,80.64632415771484,86.04000091552734,87.02999877929688,85.9000015258789,86.26000213623047,2626000
2022-01-20,80.31826782226562,85.69000244140625,87.55999755859375,85.62000274658203,86.27999877929688,2453400
2022-01-21,78.97791290283203,84.26000213623047,86.93000030517578,84.12999725341797,86.16999816894531,4225700
2022-01-24,79.7652587890625,85.0999984741211,85.19999694824219,81.79000091552734,84.91999816894531,5056100
2022-01-25,77.09392547607422,82.25,84.1500015258789,82.06999969482422,83.95999908447266,3805900
2022-01-26,76.70024108886719,81.83000183105469,84.06999969482422,80.97000122070312,82.66999816894531,2866600
2022-01-27,76.66276550292969,81.79000091552734,83.93000030517578,81.30000305175781,82.31999969482422,2837800
2022-01-28,79.14661407470703,84.44000244140625,84.47000122070312,81.2300033569336,81.79000091552734,2491400
2022-01-31,80.06520080566406,85.41999816894531,85.58999633789062,83.69000244140625,84.18000030517578,4080700
2022-02-01,81.00248718261719,86.41999816894531,86.54000091552734,84.79000091552734,85.37999725341797,3224300
2022-02-02,82.70842742919922,88.23999786376953,88.43000030517578,86.29000091552734,86.3499984741211,4075600
2022-02-03,80.66507720947266,86.05999755859375,87.55999755859375,84.2699966430664,87.23999786376953,3680600
2022-02-04,81.37742614746094,86.81999969482422,87.19999694824219,84.86000061035156,85.55999755859375,3105500
2022-02-07,82.23975372314453,87.73999786376953,88.52999877929688,86.20999908447266,87.19000244140625,3003400
2022-02-08,83.58010864257812,89.16999816894531,89.44000244140625,87.54000091552734,87.73999786376953,2786300
2022-02-09,85.94213104248047,91.69000244140625,91.87000274658203,89.8499984741211,90.05000305175781,3760600
2022-02-10,84.59239959716797,90.25,92.44000244140625,89.6500015258789,90.0,3886200
2022-02-11,81.86482238769531,87.33999633789062,90.5199966430664,87.04000091552734,90.23999786376953,3480500
2022-02-14,80.83377838134766,86.23999786376953,87.54000091552734,84.9800033569336,87.4000015258789,3006700
2022-02-15,83.47701263427734,89.05999755859375,89.1500015258789,86.83000183105469,87.1500015258789,3240800
2022-02-16,83.8144302368164,89.41999816894531,89.68000030517578,87.95999908447266,88.54000091552734,3161100
2022-02-17,80.77775573730469,85.91999816894531,88.62000274658203,85.75,88.4000015258789,2800500
2022-02-18,81.19140625,86.36000061035156,87.0199966430664,85.7300033569336,85.73999786376953,2553000
2022-02-22,80.1666488647461,85.2699966430664,86.79000091552734,84.3499984741211,86.16999816894531,2568000
2022-02-23,79.58377075195312,84.6500015258789,86.5199966430664,84.44000244140625,85.68000030517578,2943600
2022-02-24,80.92817687988281,86.08000183105469,86.4000015258789,82.36000061035156,82.68000030517578,3855800
2022-02-25,82.77086639404297,88.04000091552734,88.08000183105469,85.94999694824219,86.29000091552734,2892500
2022-02-28,80.97518157958984,86.12999725341797,87.0199966430664,84.9800033569336,86.5,3835600
2022-03-01,80.66493225097656,85.80000305175781,86.54000091552734,84.41000366210938,85.58000183105469,3327500
2022-03-02,82.9118881225586,88.19000244140625,88.7699966430664,86.27999877929688,86.51000213623047,4074100
2022-03-03,82.66744995117188,87.93000030517578,89.66999816894531,86.81999969482422,88.73999786376953,4163700
2022-03-04,83.56058502197266,88.87999725341797,89.0199966430664,86.47000122070312,87.22000122070312,3072300
2022-03-07,81.41706085205078,86.5999984741211,89.08999633789062,86.58999633789062,88.62000274658203,4496300
2022-03-08,82.244384765625,87.4800033569336,88.8499984741211,85.79000091552734,85.79000091552734,4234800
2022-03-09,82.69566345214844,87.95999908447266,90.30000305175781,87.63999938964844,88.97000122070312,4135700
2022-03-10,82.41363525390625,87.66000366210938,88.06999969482422,85.81999969482422,86.80999755859375,2363500
2022-03-11,82.77086639404297,88.04000091552734,89.5,87.95999908447266,88.19999694824219,3576100
2022-03-14,82.19737243652344,87.43000030517578,89.19999694824219,87.20999908447266,88.2699966430664,4156800
2022-03-15,82.8930892944336,88.16999816894531,88.5199966430664,86.87999725341797,88.13999938964844,3190100
2022-03-16,84.33151245117188,89.69999694824219,89.7300033569336,87.29000091552734,88.45999908447266,3588300
2022-03-17,85.15885162353516,90.58000183105469,90.63999938964844,88.6500015258789,89.22000122070312,2305600
2022-03-18,86.23063659667969,91.72000122070312,91.83000183105469,89.30000305175781,90.41999816894531,4435000
2022-03-21,85.92037200927734,91.38999938964844,92.2699966430664,90.80999755859375,91.30999755859375,2245100
2022-03-22,87.54683685302734,93.12000274658203,93.47000122070312,91.73999786376953,91.80999755859375,2623600
2022-03-23,85.51609802246094,90.95999908447266,93.0,90.8499984741211,92.7699966430664,2448300
2022-03-24,85.73235321044922,91.19000244140625,91.91000366210938,90.6500015258789,91.16999816894531,2768200
2022-03-25,86.03319549560547,91.51000213623047,91.61000061035156,90.04000091552734,91.30999755859375,2205900
2022-03-28,86.06138610839844,91.54000091552734,92.23999786376953,90.87999725341797,91.44999694824219,3229000
2022-03-29,87.18016815185547,92.7300033569336,92.98999786376953,91.54000091552734,91.72000122070312,2483300
2022-03-30,85.92037200927734,91.38999938964844,92.80000305175781,91.05000305175781,92.45999908447266,2254600
2022-03-31,84.30331420898438,89.66999816894531,91.83999633789062,89.66000366210938,91.19999694824219,3228100
2022-04-01,84.62296295166016,90.01000213623047,90.37999725341797,89.41000366210938,90.01000213623047,2014800
2022-04-04,84.63235473632812,90.0199966430664,90.51000213623047,89.33999633789062,90.11000061035156,2086000
2022-04-05,81.60509490966797,86.80000305175781,89.62999725341797,86.18000030517578,89.37000274658203,4007500
2022-04-06,81.70851135253906,86.91000366210938,87.37000274658203,85.55000305175781,85.98999786376953,2239700
2022-04-07,82.55462646484375,87.80999755859375,88.4800033569336,86.44000244140625,86.7300033569336,1956000
2022-04-08,83.63581085205078,88.95999908447266,89.31999969482422,87.12999725341797,87.61000061035156,2406800
2022-04-11,81.99054718017578,87.20999908447266,89.23999786376953,87.11000061035156,88.61000061035156,1882000
2022-04-12,80.93757629394531,86.08999633789062,88.66999816894531,85.86000061035156,87.98999786376953,2295900
2022-04-13,80.90937805175781,86.05999755859375,86.80000305175781,85.06999969482422,85.8499984741211,3249200
2022-04-14,79.66836547851562,84.73999786376953,86.37999725341797,84.58000183105469,86.06999969482422,2616000
2022-04-18,79.54615783691406,84.61000061035156,85.41999816894531,84.06999969482422,84.55000305175781,1570900
2022-04-19,80.60852813720703,85.73999786376953,85.94999694824219,84.33000183105469,84.33000183105469,1790100
2022-04-20,81.05040740966797,86.20999908447266,87.2699966430664,86.02999877929688,86.54000091552734,2638300
2022-04-21,81.24781799316406,86.41999816894531,88.79000091552734,86.12999725341797,86.81999969482422,2291600
2022-04-22,78.18293762207031,83.16000366210938,86.3499984741211,82.93000030517578,86.30999755859375,3160400
2022-04-25,79.40513610839844,84.45999908447266,84.5199966430664,82.5199966430664,83.16000366210938,3720600
2022-04-26,77.34619903564453,82.2699966430664,84.16000366210938,81.97000122070312,83.80999755859375,3345400
2022-04-27,77.88208770751953,82.83999633789062,84.44999694824219,82.25,82.25,3258600
2022-04-28,78.94444274902344,83.97000122070312,84.43000030517578,82.77999877929688,83.69999694824219,3233600
2022-04-29,76.05821228027344,80.9000015258789,84.0,80.87000274658203,83.7699966430664,4299600
2022-05-02,75.84194946289062,80.66999816894531,81.86000061035156,79.45999908447266,80.94999694824219,4755200
2022-05-03,76.6692886352539,81.55000305175781,81.91000366210938,80.79000091552734,80.98999786376953,3675400
2022-05-04,79.31111907958984,84.36000061035156,84.41000366210938,80.22000122070312,81.8499984741211,4087400
2022-05-05,69.1950912475586,73.5999984741211,80.06999969482422,72.48999786376953,78.75,5034000
2022-05-06,71.00017547607422,75.5199966430664,75.66999816894531,72.5999984741211,73.02999877929688,3904700
2022-05-09,71.70529174804688,76.2699966430664,77.48999786376953,74.26000213623047,74.76000213623047,4522700
2022-05-10,69.98481750488281,74.44000244140625,77.61000061035156,73.91999816894531,77.23999786376953,3435000
2022-05-11,68.048095703125,72.37999725341797,74.66999816894531,72.11000061035156,74.58000183105469,3219700
2022-05-12,69.13867950439453,73.54000091552734,73.86000061035156,71.76000213623047,71.81999969482422,3465200
2022-05-13,68.98825073242188,73.37999725341797,74.7300033569336,72.9800033569336,73.88999938964844,3455000
2022-05-16,68.23615264892578,72.58000183105469,73.58000183105469,72.38999938964844,73.47000122070312,4430000
2022-05-17,70.6147232055664,75.11000061035156,75.29000091552734,73.6500015258789,73.79000091552734,3055600
2022-05-18,66.02679443359375,70.2300033569336,74.66000366210938,70.12999725341797,74.22000122070312,4770100
2022-05-19,66.36654663085938,70.31999969482422,71.55000305175781,69.44000244140625,70.11000061035156,3236600
2022-05-20,66.84788513183594,70.83000183105469,71.45999908447266,69.3499984741211,71.0999984741211,2932600
2022-05-23,67.80109405517578,71.83999633789062,72.12000274658203,70.69999694824219,71.5199966430664,2533000
2022-05-24,67.38583374023438,71.4000015258789,71.95999908447266,70.19000244140625,70.19000244140625,2867900
2022-05-25,67.6595458984375,71.69000244140625,72.08999633789062,70.52999877929688,70.83000183105469,2899000
2022-05-26,68.65048217773438,72.73999786376953,73.29000091552734,72.12999725341797,72.12999725341797,2654500
2022-05-27,70.52861785888672,74.7300033569336,74.73999786376953,73.2300033569336,73.2300033569336,2524500
2022-05-31,70.50030517578125,74.69999694824219,75.0999984741211,73.56999969482422,74.25,4678300
2022-06-01,70.00953674316406,74.18000030517578,75.4000015258789,74.04000091552734,75.04000091552734,2332500
2022-06-02,70.74569702148438,74.95999908447266,74.9800033569336,73.3499984741211,74.2300033569336,2535000
2022-06-03,69.42438507080078,73.55999755859375,74.45999908447266,73.19999694824219,73.87999725341797,2289800
2022-06-06,69.72640228271484,73.87999725341797,74.54000091552734,73.51000213623047,74.25,2051000
2022-06-07,69.92459106445312,74.08999633789062,74.27999877929688,72.9800033569336,73.20999908447266,2237400
2022-06-08,68.99968719482422,73.11000061035156,74.18000030517578,72.75,73.72000122070312,1654600
2022-06-09,66.79122924804688,70.7699966430664,73.20999908447266,70.73999786376953,72.88999938964844,2299700
2022-06-10,65.97959899902344,69.91000366210938,70.56999969482422,68.93000030517578,69.55999755859375,3390200
2022-06-13,64.07315063476562,67.88999938964844,69.81999969482422,67.44999694824219,68.38999938964844,4411300
2022-06-14,64.05429077148438,67.87000274658203,68.41999816894531,67.1500015258789,68.41999816894531,2372700
2022-06-15,64.63941955566406,68.48999786376953,69.47000122070312,67.45999908447266,68.54000091552734,2524600
2022-06-16,62.09123229980469,65.79000091552734,67.25,65.23999786376953,67.0999984741211,3612800
2022-06-17,62.76131057739258,66.5,67.01000213623047,65.43000030517578,66.23999786376953,5343600
2022-06-21,63.94103240966797,67.75,68.37000274658203,67.18000030517578,67.95999908447266,3415300
2022-06-22,63.68621826171875,67.4800033569336,68.05999755859375,66.68000030517578,66.9800033569336,3065600
2022-06-23,63.59184646606445,67.37999725341797,68.23999786376953,66.83999633789062,67.87000274658203,3215500
2022-06-24,66.30992126464844,70.26000213623047,70.31999969482422,68.0,68.1500015258789,3280400
2022-06-27,65.97959899902344,69.91000366210938,70.66999816894531,69.43000030517578,70.66999816894531,2530200
2022-06-28,64.28080749511719,68.11000061035156,70.44000244140625,68.0199966430664,69.97000122070312,2856900
2022-06-29,64.62998962402344,68.4800033569336,68.77999877929688,67.76000213623047,68.33999633789062,2026200
2022-06-30,63.69565963745117,67.48999786376953,68.31999969482422,67.05000305175781,67.56999969482422,2668300
2022-07-01,64.20530700683594,68.02999877929688,68.2300033569336,66.72000122070312,67.43000030517578,2006500
2022-07-05,63.912723541259766,67.72000122070312,67.7699966430664,66.08999633789062,67.44000244140625,3076400
2022-07-06,64.19585418701172,68.0199966430664,68.7699966430664,67.68000030517578,68.45999908447266,2668900
2022-07-07,63.78058624267578,67.58000183105469,68.4000015258789,66.69000244140625,68.2300033569336,3838300
2022-07-08,63.25206756591797,67.0199966430664,67.66999816894531,66.4800033569336,67.5999984741211,3234500
2022-07-11,62.00628662109375,65.69999694824219,66.44999694824219,65.13999938964844,66.43000030517578,3477800
2022-07-12,61.487205505371094,65.1500015258789,66.4800033569336,64.76000213623047,65.93000030517578,3475700
2022-07-13,61.383392333984375,65.04000091552734,65.3499984741211,63.810001373291016,64.27999877929688,3628300
2022-07-14,60.835994720458984,64.45999908447266,64.69000244140625,63.2599983215332,64.01000213623047,3173000
2022-07-15,62.15730285644531,65.86000061035156,65.91000366210938,64.72000122070312,65.44999694824219,7912900
2022-07-18,61.44001388549805,65.0999984741211,66.62000274658203,64.86000061035156,66.22000122070312,2998100
2022-07-19,63.62959289550781,67.41999816894531,67.51000213623047,65.69999694824219,66.0999984741211,3281900
2022-07-20,64.29022979736328,68.12000274658203,68.22000122070312,67.12999725341797,67.56999969482422,2701700
2022-07-21,65.10189056396484,68.9800033569336,69.01000213623047,67.93000030517578,68.19000244140625,2226900
2022-07-22,65.21513366699219,69.0999984741211,69.58000183105469,68.70999908447266,69.05000305175781,3616700
2022-07-25,64.38460540771484,68.22000122070312,69.33000183105469,67.7699966430664,69.20999908447266,2584400
2022-07-26,64.2430419921875,68.06999969482422,68.58000183105469,67.58000183105469,67.8499984741211,2825100
2022-07-27,66.34768676757812,70.30000305175781,70.54000091552734,68.20999908447266,68.41000366210938,4437100
2022-07-28,63.07276153564453,66.83000183105469,67.83999633789062,65.04000091552734,65.04000091552734,5442700
2022-07-29,64.13923645019531,67.95999908447266,68.01000213623047,66.73999786376953,67.20999908447266,6000000
2022-08-01,63.818355560302734,67.62000274658203,68.80999755859375,67.5199966430664,67.76000213623047,4960700
2022-08-02,63.771148681640625,67.56999969482422,68.11000061035156,66.36000061035156,67.62000274658203,3480700
2022-08-03,64.8659439086914,68.7300033569336,69.08999633789062,67.75,68.0999984741211,3044800
2022-08-04,64.8753662109375,68.73999786376953,69.12000274658203,68.06999969482422,68.73999786376953,3468000
2022-08-05,64.85651397705078,68.72000122070312,68.77999877929688,67.37999725341797,67.87000274658203,2002600
2022-08-08,64.95088195800781,68.81999969482422,69.66000366210938,68.41999816894531,69.08999633789062,2189100
2022-08-09,64.28080749511719,68.11000061035156,68.75,67.9800033569336,68.61000061035156,1990400
2022-08-10,65.15850067138672,69.04000091552734,69.69000244140625,68.75,69.2699966430664,2825800
2022-08-11,64.85651397705078,68.72000122070312,69.51000213623047,68.47000122070312,69.36000061035156,2986100
2022-08-12,65.85693359375,69.77999877929688,69.97000122070312,69.01000213623047,69.19000244140625,3390100
2022-08-15,65.78140258789062,69.69999694824219,70.20999908447266,69.4000015258789,69.4800033569336,2116800
2022-08-16,66.00791931152344,69.94000244140625,70.41000366210938,69.30000305175781,69.77999877929688,2845100
2022-08-17,65.02639770507812,68.9000015258789,69.80999755859375,68.75,69.44000244140625,2570900
2022-08-18,65.50013732910156,69.12999725341797,69.30999755859375,68.3499984741211,68.62999725341797,1799000
2022-08-19,64.99794006347656,68.5999984741211,68.95999908447266,68.19999694824219,68.80000305175781,2139400
2022-08-22,63.396690368652344,66.91000366210938,68.11000061035156,66.51000213623047,67.51000213623047,1905300
2022-08-23,62.55341720581055,66.0199966430664,66.97000122070312,66.0,66.79000091552734,1603600
2022-08-24,62.51552200317383,65.9800033569336,66.19999694824219,65.5,65.98999786376953,2384800
2022-08-25,63.51039123535156,67.02999877929688,67.04000091552734,66.08999633789062,66.20999908447266,1799000
2022-08-26,61.302730560302734,64.69999694824219,67.1500015258789,64.58000183105469,67.11000061035156,2350900
2022-08-29,60.885841369628906,64.26000213623047,64.94999694824219,64.16000366210938,64.33000183105469,2583800
2022-08-30,60.83845901489258,64.20999908447266,64.66000366210938,63.619998931884766,64.4000015258789,3472800
2022-08-31,59.85306930541992,63.16999816894531,65.06999969482422,63.150001525878906,64.66000366210938,3029800
2022-09-01,60.108890533447266,63.439998626708984,63.47999954223633,62.20000076293945,62.810001373291016,2149900
2022-09-02,59.05717849731445,62.33000183105469,64.08999633789062,62.04999923706055,63.97999954223633,1819200
2022-09-06,58.95295333862305,62.220001220703125,62.619998931884766,61.59000015258789,62.47999954223633,2767900
2022-09-07,60.32681655883789,63.66999816894531,63.959999084472656,62.310001373291016,62.470001220703125,2290300
2022-09-08,60.971107482910156,64.3499984741211,64.36000061035156,62.939998626708984,63.150001525878906,2567900
2022-09-09,62.070213317871094,65.51000213623047,65.69000244140625,64.52999877929688,64.72000122070312,2261200
2022-09-12,62.83766174316406,66.31999969482422,66.58999633789062,65.9800033569336,66.11000061035156,1968700
2022-09-13,59.53092575073242,62.83000183105469,65.08000183105469,62.59000015258789,64.41999816894531,3832200
2022-09-14,58.7729377746582,62.029998779296875,62.93000030517578,61.720001220703125,62.93000030517578,3301500
2022-09-15,58.78240966796875,62.040000915527344,63.22999954223633,61.72999954223633,61.83000183105469,3196600
2022-09-16,58.93401336669922,62.20000076293945,62.63999938964844,60.84000015258789,61.529998779296875,6272100
2022-09-19,59.89097595214844,63.209999084472656,63.470001220703125,61.68000030517578,61.7599983215332,3635500
2022-09-20,58.706600189208984,61.959999084472656,62.900001525878906,61.599998474121094,62.720001220703125,2193600
2022-09-21,56.925323486328125,60.08000183105469,62.810001373291016,60.060001373291016,62.36000061035156,4066700
2022-09-22,56.6600227355957,59.79999923706055,60.540000915527344,59.630001068115234,59.970001220703125,3844900
2022-09-23,55.75990295410156,58.849998474121094,59.560001373291016,58.130001068115234,59.43000030517578,3006300
2022-09-26,55.608306884765625,58.689998626708984,59.400001525878906,58.380001068115234,58.779998779296875,2733100
2022-09-27,54.926109313964844,57.970001220703125,59.63999938964844,57.68000030517578,59.099998474121094,2753500
2022-09-28,56.148380279541016,59.2599983215332,59.599998474121094,57.70000076293945,58.150001525878906,4517100
2022-09-29,55.38091278076172,58.45000076293945,58.90999984741211,57.66999816894531,58.68000030517578,4541800
2022-09-30,54.4239387512207,57.439998626708984,58.91999816894531,57.41999816894531,58.560001373291016,3851500
2022-10-03,55.930450439453125,59.029998779296875,59.599998474121094,57.630001068115234,58.2400016784668,4771500
2022-10-04,57.47486877441406,60.65999984741211,61.0099983215332,59.65999984741211,59.70000076293945,5067700
2022-10-05,57.446441650390625,60.630001068115234,61.150001525878906,59.720001220703125,60.060001373291016,4690700
2022-10-06,56.57474899291992,59.709999084472656,60.439998626708984,59.459999084472656,60.36000061035156,2823100
2022-10-07,55.418819427490234,58.4900016784668,59.150001525878906,58.04999923706055,59.150001525878906,3675600
2022-10-10,55.09666061401367,58.150001525878906,59.119998931884766,57.81999969482422,59.04999923706055,2919200
2022-10-11,54.215492248535156,57.220001220703125,58.029998779296875,56.939998626708984,57.86000061035156,3216400
2022-10-12,53.770179748535156,56.75,57.38999938964844,56.72999954223633,57.279998779296875,2584300
2022-10-13,55.85465621948242,58.95000076293945,59.290000915527344,55.400001525878906,55.61000061035156,5212100
2022-10-14,55.52302932739258,58.599998474121094,59.61000061035156,58.310001373291016,59.18000030517578,3275700
2022-10-17,56.73582077026367,59.880001068115234,60.31999969482422,59.439998626708984,59.790000915527344,3551100
2022-10-18,57.531715393066406,60.720001220703125,61.81999969482422,60.2599983215332,61.060001373291016,4462900
2022-10-19,56.669498443603516,59.810001373291016,60.68000030517578,59.220001220703125,60.20000076293945,2356600
2022-10-20,56.64107894897461,59.779998779296875,61.150001525878906,59.630001068115234,60.029998779296875,3122200
2022-10-21,57.11482620239258,60.279998779296875,60.47999954223633,58.83000183105469,59.11000061035156,7847000
2022-10-24,57.56961441040039,60.7599983215332,61.2599983215332,60.2400016784668,60.75,4285900
2022-10-25,58.251808166503906,61.47999954223633,61.52000045776367,60.560001373291016,60.619998931884766,3214900
2022-10-26,58.41289138793945,61.650001525878906,62.83000183105469,61.310001373291016,61.34000015258789,2249800
2022-10-27,58.57396697998047,61.81999969482422,62.220001220703125,61.45000076293945,61.86000061035156,2543400
2022-10-28,59.7109489440918,63.02000045776367,63.09000015258789,61.83000183105469,61.869998931884766,2871800
2022-10-31,58.981380462646484,62.25,62.63999938964844,61.849998474121094,62.43000030517578,3759100
2022-11-01,59.24667739868164,62.529998779296875,63.0099983215332,62.04999923706055,62.709999084472656,2427000
2022-11-02,57.09587478637695,60.2599983215332,62.84000015258789,60.209999084472656,62.369998931884766,3989100
2022-11-03,49.231689453125,51.959999084472656,53.7400016784668,51.33000183105469,52.11000061035156,8195500
2022-11-04,49.86650848388672,52.630001068115234,53.52000045776367,51.439998626708984,52.61000061035156,5169200
2022-11-07,50.92770004272461,53.75,53.849998474121094,52.47999954223633,52.91999816894531,5007300
2022-11-08,50.4255256652832,53.220001220703125,54.58000183105469,52.72999954223633,54.08000183105469,4411400
2022-11-09,51.18351745605469,54.02000045776367,54.45000076293945,52.7400016784668,52.90999984741211,5199500
2022-11-10,54.28181838989258,57.290000915527344,57.40999984741211,55.20000076293945,56.119998931884766,5478600
2022-11-11,55.352481842041016,58.41999816894531,58.77000045776367,57.380001068115234,57.59000015258789,3611000
2022-11-14,55.030338287353516,58.08000183105469,58.86000061035156,58.02000045776367,58.119998931884766,5063300
2022-11-15,56.811622619628906,59.959999084472656,60.02000045776367,58.599998474121094,59.15999984741211,5668600
2022-11-16,56.29050064086914,59.40999984741211,59.939998626708984,59.20000076293945,59.849998474121094,6229600
2022-11-17,56.6046028137207,59.470001220703125,60.02000045776367,58.0,58.040000915527344,4762000
2022-11-18,57.080509185791016,59.970001220703125,60.529998779296875,59.290000915527344,60.22999954223633,4813400
2022-11-21,55.39579772949219,58.20000076293945,59.7599983215332,57.959999084472656,59.65999984741211,2686200
2022-11-22,56.376163482666016,59.22999954223633,59.369998931884766,58.34000015258789,58.56999969482422,2764700
2022-11-23,57.13761901855469,60.029998779296875,60.310001373291016,59.02000045776367,59.060001373291016,3623200
2022-11-25,57.984737396240234,60.91999816894531,61.279998779296875,60.130001068115234,60.18000030517578,1607400
2022-11-28,57.20424270629883,60.099998474121094,61.18000030517578,60.0,60.52000045776367,3792600
2022-11-29,56.747371673583984,59.619998931884766,60.52000045776367,59.380001068115234,59.91999816894531,2184800
2022-11-30,59.21258544921875,62.209999084472656,62.34000015258789,59.380001068115234,59.56999969482422,4581900
2022-12-01,59.60282897949219,62.619998931884766,63.58000183105469,62.290000915527344,62.59000015258789,2682600
2022-12-02,59.3839111328125,62.38999938964844,62.880001068115234,61.540000915527344,61.619998931884766,3132200
2022-12-05,57.537384033203125,60.45000076293945,62.04999923706055,60.31999969482422,61.7599983215332,3480500
2022-12-06,56.76641082763672,59.63999938964844,60.65999984741211,59.04999923706055,60.310001373291016,2494000
2022-12-07,56.5379753112793,59.400001525878906,60.11000061035156,59.209999084472656,59.939998626708984,2577200
2022-12-08,56.442787170410156,59.29999923706055,59.810001373291016,58.95000076293945,59.38999938964844,4565700
2022-12-09,55.529048919677734,58.34000015258789,59.189998626708984,57.560001373291016,59.099998474121094,6282300
2022-12-12,56.1953239440918,59.040000915527344,59.36000061035156,57.779998779296875,58.18000030517578,7712100
2022-12-13,56.328575134277344,59.18000030517578,61.630001068115234,58.86000061035156,61.47999954223633,5222000
2022-12-14,55.424346923828125,58.22999954223633,59.75,57.70000076293945,59.209999084472656,4461400
2022-12-15,53.63492965698242,56.349998474121094,57.279998779296875,55.61000061035156,56.790000915527344,4896000
2022-12-16,52.88299560546875,55.560001373291016,55.970001220703125,54.95000076293945,55.810001373291016,8720800
2022-12-19,52.3309440612793,54.97999954223633,55.9900016784668,54.810001373291016,55.63999938964844,3315400
2022-12-20,52.3880500793457,55.040000915527344,55.599998474121094,54.59000015258789,54.880001068115234,4526000
2022-12-21,52.94961929321289,55.630001068115234,56.130001068115234,55.38999938964844,55.43000030517578,3954900
2022-12-22,52.787811279296875,55.459999084472656,55.47999954223633,54.25,55.06999969482422,4040600
2022-12-23,53.32082748413086,56.02000045776367,56.060001373291016,54.9900016784668,54.9900016784668,2155800
2022-12-27,53.75865936279297,56.47999954223633,56.59000015258789,55.58000183105469,55.970001220703125,3434700
2022-12-28,52.90203857421875,55.58000183105469,56.90999984741211,55.47999954223633,56.630001068115234,4965200
2022-12-29,54.37734603881836,57.130001068115234,57.36000061035156,56.060001373291016,56.209999084472656,7796600
2022-12-30,54.43445587158203,57.189998626708984,57.220001220703125,56.31999969482422,56.630001068115234,5540600
2023-01-03,54.81517791748047,57.59000015258789,58.099998474121094,57.060001373291016,57.63999938964844,2635800
2023-01-04,55.262542724609375,58.060001373291016,58.630001068115234,57.619998931884766,58.2400016784668,3066600
2023-01-05,54.796142578125,57.56999969482422,57.630001068115234,56.779998779296875,57.0,2682600
2023-01-06,56.87110900878906,59.75,59.93000030517578,57.83000183105469,57.939998626708984,4411600
2023-01-09,57.92762756347656,60.86000061035156,61.150001525878906,58.560001373291016,58.56999969482422,6787100
2023-01-10,58.260765075683594,61.209999084472656,61.25,59.779998779296875,60.54999923706055,6993900
2023-01-11,58.53678894042969,61.5,62.209999084472656,61.029998779296875,61.689998626708984,4884600
2023-01-12,61.96333694458008,65.0999984741211,67.41000366210938,62.119998931884766,62.20000076293945,11756000
2023-01-13,60.97344207763672,64.05999755859375,65.0999984741211,63.709999084472656,64.38999938964844,5249500
2023-01-17,59.92644500732422,62.959999084472656,64.05999755859375,62.880001068115234,63.9900016784668,5486000
2023-01-18,58.051361083984375,60.9900016784668,63.279998779296875,60.84000015258789,63.0,5985400
2023-01-19,58.41305923461914,61.369998931884766,61.709999084472656,60.290000915527344,60.52000045776367,4856900
2023-01-20,59.71704864501953,62.7400016784668,63.08000183105469,61.38999938964844,61.77000045776367,10647300
2023-01-23,61.14476776123047,64.23999786376953,64.48999786376953,62.5099983215332,62.630001068115234,4119900
2023-01-24,60.840187072753906,63.91999816894531,64.5199966430664,63.65999984741211,63.970001220703125,3226800
2023-01-25,61.04958724975586,64.13999938964844,64.23999786376953,62.86000061035156,63.16999816894531,3932700
2023-01-26,61.54454803466797,64.66000366210938,64.72000122070312,63.689998626708984,64.66000366210938,3229500
2023-01-27,62.5439453125,65.70999908447266,65.83999633789062,64.2699966430664,64.66000366210938,3849100
2023-01-30,62.12514114379883,65.2699966430664,65.9000015258789,64.94999694824219,65.04000091552734,7492900
2023-01-31,63.5338249206543,66.75,66.77999877929688,65.06999969482422,65.19999694824219,4195500
2023-02-01,65.52313232421875,68.83999633789062,69.29000091552734,66.16999816894531,66.37000274658203,5728700
2023-02-02,67.25543212890625,70.66000366210938,70.86000061035156,69.26000213623047,69.4800033569336,5879400
2023-02-03,64.93301391601562,68.22000122070312,69.44000244140625,65.98999786376953,66.0199966430664,7388400
2023-02-06,63.609981536865234,66.83000183105469,68.37999725341797,66.63999938964844,67.5199966430664,5334700
2023-02-07,64.26673126220703,67.5199966430664,67.81999969482422,66.1500015258789,66.48999786376953,4132300
2023-02-08,63.10551071166992,66.30000305175781,67.38999938964844,66.2300033569336,67.13999938964844,3862400
2023-02-09,63.41960906982422,66.62999725341797,67.6500015258789,66.26000213623047,66.69999694824219,5366400
2023-02-10,63.50528335571289,66.72000122070312,66.75,65.4800033569336,65.9800033569336,3282100
2023-02-13,64.56179809570312,67.83000183105469,68.01000213623047,66.4000015258789,66.6500015258789,5427900
2023-02-14,64.16203308105469,67.41000366210938,67.70999908447266,66.0,67.58999633789062,3674700
2023-02-15,63.89552688598633,67.12999725341797,67.33000183105469,66.5999984741211,66.8499984741211,3175700
2023-02-16,63.43666076660156,66.36000061035156,67.19999694824219,65.87000274658203,66.05999755859375,3067800
2023-02-17,62.595436096191406,65.4800033569336,66.19000244140625,65.06999969482422,66.05999755859375,3784900
2023-02-21,61.81156921386719,64.66000366210938,64.88999938964844,63.77000045776367,64.61000061035156,3808500
2023-02-22,61.60124969482422,64.44000244140625,65.13999938964844,64.18000030517578,64.75,5370900
2023-02-23,61.457862854003906,64.29000091552734,64.94999694824219,63.5,64.66999816894531,5659000
2023-02-24,61.018123626708984,63.83000183105469,63.959999084472656,63.130001068115234,63.4900016784668,2293600
2023-02-27,60.70265579223633,63.5,64.62999725341797,63.33000183105469,64.55999755859375,3122000
2023-02-28,59.87099075317383,62.630001068115234,63.43000030517578,62.47999954223633,63.290000915527344,3942300
2023-03-01,59.62244415283203,62.369998931884766,62.86000061035156,61.900001525878906,62.58000183105469,3089500
2023-03-02,59.775390625,62.529998779296875,62.650001525878906,61.849998474121094,62.09000015258789,3990500
2023-03-03,59.784950256347656,62.540000915527344,62.88999938964844,62.209999084472656,62.72999954223633,2028800
2023-03-06,59.85186767578125,62.61000061035156,63.720001220703125,62.470001220703125,62.86000061035156,3929200
2023-03-07,58.71428298950195,61.41999816894531,62.68000030517578,61.20000076293945,62.5,2423900
2023-03-08,58.8194465637207,61.529998779296875,61.959999084472656,61.189998626708984,61.59000015258789,4058200
2023-03-09,58.22675323486328,60.90999984741211,61.88999938964844,60.65999984741211,61.560001373291016,5330100
2023-03-10,57.7201042175293,60.380001068115234,61.130001068115234,60.060001373291016,60.95000076293945,10747000
2023-03-13,55.42582702636719,57.97999954223633,60.08000183105469,57.880001068115234,59.79999923706055,8749300
2023-03-14,55.86556625366211,58.439998626708984,59.59000015258789,57.91999816894531,58.70000076293945,4655200
2023-03-15,54.5559196472168,57.06999969482422,57.83000183105469,56.45000076293945,57.63999938964844,5062800
2023-03-16,55.827335357666016,58.400001525878906,58.529998779296875,56.59000015258789,56.65999984741211,6605300
2023-03-17,55.24420166015625,57.790000915527344,58.66999816894531,57.599998474121094,58.439998626708984,7122100
2023-03-20,56.11411666870117,58.70000076293945,58.88999938964844,57.880001068115234,57.88999938964844,3949100
2023-03-21,56.572967529296875,59.18000030517578,59.599998474121094,58.79999923706055,59.310001373291016,3837400
2023-03-22,54.90961456298828,57.439998626708984,59.25,57.400001525878906,59.09000015258789,3675400
2023-03-23,55.597900390625,58.15999984741211,59.18000030517578,57.720001220703125,57.88999938964844,3666000
2023-03-24,56.066314697265625,58.650001525878906,58.68000030517578,57.2400016784668,57.77000045776367,3303000
2023-03-27,56.410457611083984,59.0099983215332,59.4900016784668,58.810001373291016,59.0,3136000
2023-03-28,56.35309982299805,58.95000076293945,59.189998626708984,58.56999969482422,58.86000061035156,1396200
2023-03-29,56.888431549072266,59.5099983215332,59.7400016784668,59.27000045776367,59.70000076293945,2941300
2023-03-30,57.17521667480469,59.810001373291016,60.209999084472656,59.38999938964844,60.0,2439600
2023-03-31,58.24587631225586,60.93000030517578,61.029998779296875,59.95000076293945,60.0,2925900
2023-04-03,58.66649627685547,61.369998931884766,61.40999984741211,60.56999969482422,60.77000045776367,3574000
2023-04-04,57.997318267822266,60.66999816894531,61.560001373291016,59.84000015258789,61.40999984741211,3667700
2023-04-05,57.987770080566406,60.65999984741211,61.16999816894531,60.2400016784668,60.459999084472656,3600200
2023-04-06,57.758338928222656,60.41999816894531,60.88999938964844,60.20000076293945,60.45000076293945,3211900
2023-04-10,58.41794204711914,61.11000061035156,61.130001068115234,59.849998474121094,60.08000183105469,1791400
2023-04-11,58.9724006652832,61.689998626708984,62.0,60.91999816894531,61.040000915527344,1865100
2023-04-12,57.62451171875,60.279998779296875,62.06999969482422,60.13999938964844,61.970001220703125,3572800
2023-04-13,57.93997573852539,60.61000061035156,60.77000045776367,58.22999954223633,58.900001525878906,5310900
2023-04-14,57.395084381103516,60.040000915527344,60.59000015258789,59.52000045776367,60.400001525878906,3708700
2023-04-17,58.07379913330078,60.75,60.7599983215332,59.869998931884766,60.04999923706055,2843300
2023-04-18,58.42750930786133,61.119998931884766,61.349998474121094,60.38999938964844,61.31999969482422,3020600
2023-04-19,57.595829010009766,60.25,61.09000015258789,59.70000076293945,61.09000015258789,3121500
2023-04-20,57.32816696166992,59.970001220703125,60.31999969482422,59.40999984741211,59.869998931884766,3015200
2023-04-21,56.86931228637695,59.4900016784668,60.11000061035156,59.220001220703125,60.11000061035156,4937100
2023-04-24,56.87887191772461,59.5,59.83000183105469,59.220001220703125,59.560001373291016,2230100
2023-04-25,55.88468551635742,58.459999084472656,59.43000030517578,58.43000030517578,59.22999954223633,2807400
2023-04-26,55.827335357666016,58.400001525878906,58.95000076293945,58.09000015258789,58.40999984741211,2615400
2023-04-27,56.601646423339844,59.209999084472656,59.279998779296875,58.630001068115234,58.7400016784668,4363300
2023-04-28,57.07961654663086,59.709999084472656,59.810001373291016,59.279998779296875,59.36000061035156,3370200
2023-05-01,57.20389175415039,59.84000015258789,59.97999954223633,59.16999816894531,59.68000030517578,2978600
2023-05-02,56.76415252685547,59.380001068115234,59.959999084472656,58.470001220703125,59.86000061035156,2586900
2023-05-03,56.28618240356445,58.880001068115234,60.040000915527344,58.810001373291016,59.90999984741211,3577100
2023-05-04,60.09084701538086,62.86000061035156,65.43000030517578,62.04999923706055,62.20000076293945,6920500
2023-05-05,60.501914978027344,63.290000915527344,63.90999984741211,62.84000015258789,63.16999816894531,3853000
2023-05-08,58.924598693847656,61.63999938964844,63.4900016784668,61.310001373291016,63.29999923706055,4825100
2023-05-09,58.9150390625,61.630001068115234,61.65999984741211,60.2599983215332,60.7400016784668,4752700
2023-05-10,59.80406951904297,62.560001373291016,62.7400016784668,61.61000061035156,62.16999816894531,2965600
2023-05-11,59.154029846191406,61.880001068115234,62.349998474121094,61.58000183105469,62.18000030517578,2903000
2023-05-12,58.943721771240234,61.65999984741211,62.34000015258789,61.310001373291016,62.060001373291016,4059100
2023-05-15,59.99525833129883,62.7599983215332,62.779998779296875,61.77000045776367,61.81999969482422,3677400
2023-05-16,59.2496223449707,61.97999954223633,62.709999084472656,61.88999938964844,62.709999084472656,3990300
2023-05-17,59.99525833129883,62.7599983215332,63.08000183105469,62.13999938964844,62.209999084472656,3888700
2023-05-18,61.099700927734375,63.619998931884766,63.66999816894531,62.029998779296875,62.470001220703125,3770400
2023-05-19,60.51386260986328,63.0099983215332,63.880001068115234,62.959999084472656,63.72999954223633,3194500
2023-05-22,61.4742546081543,64.01000213623047,64.20999908447266,62.93000030517578,63.0099983215332,3258100
2023-05-23,60.79237747192383,63.29999923706055,64.05000305175781,63.13999938964844,63.810001373291016,2894600
2023-05-24,60.12971496582031,62.61000061035156,63.18000030517578,62.439998626708984,63.0,2571300
2023-05-25,59.69754409790039,62.15999984741211,62.63999938964844,61.91999816894531,62.599998474121094,2130000
2023-05-26,60.389015197753906,62.880001068115234,63.08000183105469,62.15999984741211,62.15999984741211,2320500
2023-05-30,59.976051330566406,62.45000076293945,63.29999923706055,61.84000015258789,63.029998779296875,2704800
2023-05-31,60.01446533203125,62.4900016784668,62.959999084472656,61.7599983215332,61.93000030517578,5729300
2023-06-01,59.726348876953125,62.189998626708984,62.630001068115234,61.77000045776367,62.5,2969000
2023-06-02,61.23414993286133,63.7599983215332,63.95000076293945,62.540000915527344,63.0,3702400
2023-06-05,58.87160873413086,61.29999923706055,63.0,61.119998931884766,62.72999954223633,5868600
2023-06-06,59.70714569091797,62.16999816894531,62.31999969482422,61.310001373291016,61.36000061035156,2383500
2023-06-07,60.120113372802734,62.599998474121094,62.689998626708984,62.04999923706055,62.04999923706055,2522400
2023-06-08,59.83199691772461,62.29999923706055,62.77000045776367,61.88999938964844,62.77000045776367,2759500
2023-06-09,59.591896057128906,62.04999923706055,62.40999984741211,61.7400016784668,62.02000045776367,3322000
2023-06-12,60.81158447265625,63.31999969482422,63.47999954223633,62.029998779296875,62.04999923706055,6347900
2023-06-13,61.68553924560547,64.2300033569336,64.33999633789062,63.689998626708984,63.720001220703125,4648300
2023-06-14,61.18613815307617,63.709999084472656,64.86000061035156,63.599998474121094,64.20999908447266,3460700
2023-06-15,62.175331115722656,64.73999786376953,65.0,63.58000183105469,63.619998931884766,3143600
2023-06-16,62.501869201660156,65.08000183105469,65.58000183105469,64.29000091552734,64.48999786376953,5839400
2023-06-20,62.07929611206055,64.63999938964844,65.33000183105469,64.41000366210938,65.0,2253600
2023-06-21,60.67713928222656,63.18000030517578,64.48999786376953,63.13999938964844,64.38999938964844,3800500
2023-06-22,60.120113372802734,62.599998474121094,62.75,61.22999954223633,62.61000061035156,4184400
2023-06-23,59.58229446411133,62.040000915527344,62.310001373291016,61.38999938964844,61.88999938964844,9775100
2023-06-26,59.985652923583984,62.459999084472656,62.689998626708984,61.93000030517578,62.040000915527344,3074100
2023-06-27,60.629112243652344,63.130001068115234,63.52000045776367,62.279998779296875,62.88999938964844,5106900
2023-06-28,60.8596076965332,63.369998931884766,63.9900016784668,63.09000015258789,63.09000015258789,4163400
2023-06-29,61.98326110839844,64.54000091552734,64.55999755859375,63.18000030517578,63.25,2180800
2023-06-30,62.693946838378906,65.27999877929688,65.55000305175781,65.01000213623047,65.0999984741211,2832800
2023-07-03,62.96285629272461,65.55999755859375,65.55999755859375,64.63999938964844,64.8499984741211,1207200
2023-07-05,62.934043884277344,65.52999877929688,65.94999694824219,64.69999694824219,65.08999633789062,2467800
2023-07-06,62.14651870727539,64.70999908447266,65.05000305175781,64.11000061035156,65.0,1680500
2023-07-07,62.751564025878906,65.33999633789062,65.70999908447266,64.54000091552734,64.66999816894531,2920300
2023-07-10,64.00005340576172,66.63999938964844,66.94999694824219,65.26000213623047,65.30999755859375,3311800
2023-07-11,64.51866912841797,67.18000030517578,67.3499984741211,66.70999908447266,66.7699966430664,2478500
2023-07-12,64.50908660888672,67.16999816894531,67.98999786376953,66.9000015258789,67.69999694824219,2569900
2023-07-13,65.00846862792969,67.69000244140625,67.95999908447266,67.1500015258789,67.26000213623047,2657100
2023-07-14,65.88241577148438,68.5999984741211,68.63999938964844,67.63999938964844,67.69000244140625,3175700
2023-07-17,65.728759765625,68.44000244140625,68.9000015258789,68.19999694824219,68.48999786376953,5452700
2023-07-18,66.42984008789062,69.16999816894531,69.36000061035156,68.5,68.52999877929688,3338500
2023-07-19,66.3530044555664,69.08999633789062,69.56999969482422,68.56999969482422,69.2300033569336,2897400
2023-07-20,64.11531066894531,66.76000213623047,67.62999725341797,65.83000183105469,67.5,4483600
2023-07-21,64.163330078125,66.80999755859375,67.48999786376953,66.63999938964844,67.12000274658203,9160400
2023-07-24,64.77796936035156,67.44999694824219,67.81999969482422,66.87999725341797,66.9000015258789,4511200
2023-07-25,65.15251159667969,67.83999633789062,68.1500015258789,67.33999633789062,67.38999938964844,1588000
2023-07-26,65.07569885253906,67.76000213623047,67.93000030517578,67.16000366210938,67.58999633789062,2298100
2023-07-27,63.66393280029297,66.29000091552734,68.43000030517578,65.98999786376953,68.43000030517578,3297400
2023-07-28,63.154930114746094,65.76000213623047,66.77999877929688,65.26000213623047,66.5,4911000
2023-07-31,63.41422653198242,66.02999877929688,66.22000122070312,65.6500015258789,65.66999816894531,3111800
2023-08-01,63.24135971069336,65.8499984741211,65.97000122070312,65.1500015258789,65.7699966430664,2689200
2023-08-02,62.751564025878906,65.33999633789062,65.69000244140625,64.68000030517578,65.44000244140625,4792500
2023-08-03,67.67833709716797,70.47000122070312,71.86000061035156,68.37000274658203,70.0,10687900
2023-08-04,68.18733978271484,71.0,71.75,70.52999877929688,70.83000183105469,6268200
2023-08-07,68.5042724609375,71.33000183105469,72.70999908447266,71.08000183105469,71.5,3858300
2023-08-08,67.4766616821289,70.26000213623047,70.93000030517578,69.73999786376953,70.72000122070312,5515900
2023-08-09,67.16934204101562,69.94000244140625,70.45999908447266,69.30999755859375,70.37999725341797,3250700
2023-08-10,68.2641830444336,71.08000183105469,71.43000030517578,70.25,70.62000274658203,4131000
2023-08-11,67.30378723144531,70.08000183105469,70.72000122070312,69.98999786376953,70.5999984741211,2788800
2023-08-14,68.28338623046875,71.0999984741211,71.16999816894531,69.86000061035156,69.86000061035156,3620900
2023-08-15,66.63151550292969,69.37999725341797,70.94999694824219,69.12999725341797,70.9000015258789,5545700
2023-08-16,66.48745727539062,69.2300033569336,70.0199966430664,69.19000244140625,69.30999755859375,3636900
2023-08-17,66.34339904785156,69.08000183105469,70.01000213623047,68.88999938964844,69.30999755859375,3302800
2023-08-18,66.3530502319336,68.80000305175781,68.95999908447266,68.16000366210938,68.30000305175781,2924600
2023-08-21,66.31446075439453,68.76000213623047,69.0199966430664,68.3499984741211,68.70999908447266,3585000
2023-08-22,67.11495971679688,69.58999633789062,69.8499984741211,69.0,69.37000274658203,3472900
2023-08-23,67.95401763916016,70.45999908447266,70.66000366210938,69.73999786376953,69.91000366210938,3031800
2023-08-24,67.539306640625,70.02999877929688,70.94999694824219,70.0199966430664,70.29000091552734,2520100
2023-08-25,67.56822967529297,70.05999755859375,70.77999877929688,69.31999969482422,70.36000061035156,2031600
2023-08-28,68.10831451416016,70.62000274658203,70.95999908447266,70.20999908447266,70.20999908447266,2078100
2023-08-29,68.86058044433594,71.4000015258789,71.41999816894531,70.37999725341797,70.77999877929688,2323100
2023-08-30,68.9473648071289,71.48999786376953,71.72000122070312,71.19000244140625,71.4000015258789,2058100
2023-08-31,69.0631103515625,71.61000061035156,71.8499984741211,71.38999938964844,71.5,2329300
2023-09-01,69.1788558959961,71.7300033569336,72.36000061035156,71.44000244140625,72.0,1744000
2023-09-05,68.44588470458984,70.97000122070312,71.72000122070312,70.94999694824219,71.66999816894531,2187000
2023-09-06,68.7641372680664,71.30000305175781,71.69000244140625,70.75,70.8499984741211,1900900
2023-09-07,68.71591186523438,71.25,71.37999725341797,70.7699966430664,71.08000183105469,2328400
2023-09-08,68.80270385742188,71.33999633789062,71.7300033569336,71.08999633789062,71.37999725341797,1823300
2023-09-11,68.7930679321289,71.33000183105469,71.91000366210938,70.94000244140625,71.63999938964844,1794300
2023-09-12,67.63574981689453,70.12999725341797,71.08999633789062,70.04000091552734,70.63999938964844,2512000
2023-09-13,68.18547058105469,70.69999694824219,70.8499984741211,70.06999969482422,70.23999786376953,2833300
2023-09-14,68.44588470458984,70.97000122070312,71.36000061035156,70.66000366210938,71.0,2351200
2023-09-15,67.67431640625,70.16999816894531,70.93000030517578,69.87999725341797,70.80000305175781,9871500
2023-09-18,67.72254943847656,70.22000122070312,70.93000030517578,70.08000183105469,70.2699966430664,4788900
2023-09-19,67.59716796875,70.08999633789062,70.19000244140625,69.05000305175781,69.8499984741211,5046500
2023-09-20,67.03779602050781,69.51000213623047,71.26000213623047,69.4800033569336,70.30000305175781,3550100
2023-09-21,66.74846649169922,69.20999908447266,69.93000030517578,68.97000122070312,69.19999694824219,2585000
2023-09-22,67.1342544555664,69.61000061035156,70.0999984741211,68.98999786376953,69.18000030517578,2048400
2023-09-25,67.24996948242188,69.7300033569336,69.86000061035156,69.23999786376953,69.4000015258789,3463800
2023-09-26,66.19874572753906,68.63999938964844,69.76000213623047,68.37000274658203,69.62000274658203,3122600
2023-09-27,65.77438354492188,68.19999694824219,69.04000091552734,67.76000213623047,69.04000091552734,3222000
2023-09-28,65.42718505859375,67.83999633789062,68.25,67.06999969482422,67.20999908447266,4173200
2023-09-29,65.33074951171875,67.73999786376953,68.41000366210938,67.48999786376953,68.02999877929688,2866300
2023-10-02,65.35004425048828,67.76000213623047,67.98999786376953,67.22000122070312,67.5199966430664,3246500
2023-10-03,64.90638732910156,67.30000305175781,67.95999908447266,66.97000122070312,67.37999725341797,4139600
2023-10-04,65.13785552978516,67.54000091552734,67.63999938964844,66.9000015258789,67.48999786376953,2714900
2023-10-05,65.29216766357422,67.69999694824219,67.7699966430664,66.75,67.45999908447266,2193000
2023-10-06,65.42718505859375,67.83999633789062,68.16999816894531,66.81999969482422,67.19000244140625,2171100
2023-10-09,65.75509643554688,68.18000030517578,68.37000274658203,67.18000030517578,67.43000030517578,1584400
2023-10-10,65.44647979736328,67.86000061035156,68.5,67.48999786376953,68.12999725341797,3083800
2023-10-11,65.9094009399414,68.33999633789062,68.5999984741211,68.02999877929688,68.12999725341797,2391100
2023-10-12,63.61404800415039,65.95999908447266,68.20999908447266,65.69999694824219,68.20999908447266,3144300
2023-10-13,63.440452575683594,65.77999877929688,66.38999938964844,65.1500015258789,65.94999694824219,3259200
2023-10-16,64.3952407836914,66.7699966430664,66.9000015258789,65.95999908447266,66.0999984741211,5399800
2023-10-17,64.7810287475586,67.16999816894531,67.36000061035156,66.4000015258789,66.55999755859375,2478800
2023-10-18,63.68156051635742,66.02999877929688,67.19999694824219,65.83000183105469,66.80000305175781,4496800
2023-10-19,63.112545013427734,65.44000244140625,66.3499984741211,65.22000122070312,66.1500015258789,2353100
2023-10-20,63.401878356933594,65.73999786376953,66.54000091552734,65.68000030517578,66.45999908447266,2584700
2023-10-23,62.707489013671875,65.0199966430664,66.0,64.94000244140625,65.69000244140625,2193900
2023-10-24,62.8328742980957,65.1500015258789,65.80000305175781,64.69000244140625,65.18000030517578,2988700
2023-10-25,61.81056213378906,64.08999633789062,65.02999877929688,63.970001220703125,64.93000030517578,2314400
2023-10-26,61.164390563964844,63.41999816894531,64.37000274658203,63.31999969482422,64.08000183105469,2812900
2023-10-27,61.04866027832031,63.29999923706055,63.810001373291016,62.790000915527344,63.34000015258789,2724300
2023-10-30,61.4826545715332,63.75,63.91999816894531,63.20000076293945,63.66999816894531,2514300
2023-10-31,62.17705535888672,64.47000122070312,64.58999633789062,63.93000030517578,63.93000030517578,3118900
2023-11-01,62.64962387084961,64.95999908447266,65.20999908447266,64.16999816894531,64.38999938964844,5497400
2023-11-02,61.38621139526367,63.650001525878906,63.81999969482422,62.13999938964844,62.599998474121094,6856800
2023-11-03,63.913028717041016,66.2699966430664,66.91999816894531,64.05000305175781,64.05000305175781,3849700
2023-11-06,63.922664642333984,66.27999877929688,66.47000122070312,65.80999755859375,66.25,2452900
2023-11-07,63.430809020996094,65.7699966430664,66.58000183105469,65.69000244140625,66.58000183105469,3091900
2023-11-08,63.189697265625,65.5199966430664,65.95999908447266,65.2699966430664,65.94000244140625,3562800
2023-11-09,62.350650787353516,64.6500015258789,65.66000366210938,64.48999786376953,65.58000183105469,3613400
2023-11-10,63.60441207885742,65.94999694824219,66.05000305175781,64.76000213623047,64.94000244140625,2665900
2023-11-13,63.344017028808594,65.68000030517578,66.0999984741211,65.33999633789062,65.7699966430664,1937100
2023-11-14,64.98355865478516,67.37999725341797,67.54000091552734,66.7300033569336,66.80999755859375,2698900
2023-11-15,65.97691345214844,68.41000366210938,68.79000091552734,67.31999969482422,67.38999938964844,3046400
2023-11-16,66.04442596435547,68.4800033569336,69.31999969482422,68.2300033569336,68.66999816894531,3152500
2023-11-17,67.05708312988281,69.52999877929688,69.7300033569336,68.77999877929688,68.79000091552734,4257400
2023-11-20,67.59942626953125,69.80000305175781,70.0199966430664,68.95999908447266,69.1500015258789,2404400
2023-11-21,68.03524017333984,70.25,70.5,69.80999755859375,69.91999816894531,2375200
2023-11-22,68.64537811279297,70.87999725341797,71.26000213623047,70.48999786376953,70.48999786376953,2432600
2023-11-24,68.92623901367188,71.16999816894531,71.5,70.93000030517578,70.93000030517578,1410700
2023-11-27,68.5388412475586,70.7699966430664,71.30000305175781,70.76000213623047,70.94999694824219,2769300
2023-11-28,69.0521469116211,71.30000305175781,71.5199966430664,70.69999694824219,70.69999694824219,2607400
2023-11-29,67.90933990478516,70.12000274658203,71.80000305175781,69.9000015258789,71.5999984741211,3521700
2023-11-30,68.16114807128906,70.37999725341797,70.5199966430664,69.80000305175781,70.38999938964844,8254400
2023-12-01,68.58726501464844,70.81999969482422,70.87000274658203,70.08000183105469,70.2300033569336,2672600
2023-12-04,68.91656494140625,71.16000366210938,71.4800033569336,70.22000122070312,70.4000015258789,2405100
2023-12-05,67.91901397705078,70.12999725341797,71.04000091552734,69.88999938964844,70.83999633789062,2832900
2023-12-06,67.90933990478516,70.12000274658203,70.91000366210938,70.04000091552734,70.4000015258789,2288900
2023-12-07,68.19988250732422,70.41999816894531,70.55000305175781,69.94000244140625,70.41000366210938,2749000
2023-12-08,68.11271667480469,70.33000183105469,70.55999755859375,69.94000244140625,69.94000244140625,1765300
2023-12-11,69.42015838623047,71.68000030517578,71.86000061035156,70.41000366210938,70.54000091552734,4844300
2023-12-12,69.77849578857422,72.05000305175781,72.2699966430664,71.51000213623047,71.75,2203000
2023-12-13,70.87287139892578,73.18000030517578,73.20999908447266,71.72000122070312,72.23999786376953,5279300
2023-12-14,72.3255844116211,74.68000030517578,75.11000061035156,73.66000366210938,73.80000305175781,6105000
2023-12-15,73.76860046386719,76.16999816894531,76.63999938964844,75.0,75.19999694824219,9195800
2023-12-18,73.50712585449219,75.9000015258789,76.8499984741211,75.66000366210938,76.25,6026600
2023-12-19,73.05194091796875,75.43000030517578,75.93000030517578,74.91999816894531,75.4000015258789,5067800
2023-12-20,71.69606018066406,74.02999877929688,75.5199966430664,74.0199966430664,75.3499984741211,3271500
2023-12-21,71.82197570800781,74.16000366210938,74.7699966430664,73.62999725341797,74.58000183105469,3214900
2023-12-22,72.78076934814453,75.1500015258789,75.22000122070312,74.19000244140625,74.36000061035156,1972300
2023-12-26,73.09066772460938,75.47000122070312,75.51000213623047,74.68000030517578,75.1500015258789,1801800
2023-12-27,73.2165756225586,75.5999984741211,75.72000122070312,75.30000305175781,75.62999725341797,2189400
2023-12-28,73.4489974975586,75.83999633789062,76.0999984741211,75.5,75.68000030517578,1440300
2023-12-29,73.1487808227539,75.52999877929688,75.87000274658203,75.05999755859375,75.68000030517578,1725300
2024-01-02,72.05440521240234,74.4000015258789,75.36000061035156,73.98999786376953,75.27999877929688,4277800
2024-01-03,71.34742736816406,73.66999816894531,74.29000091552734,73.41999816894531,73.9800033569336,3282400
2024-01-04,71.26995086669922,73.58999633789062,74.29000091552734,73.51000213623047,73.77999877929688,2100900
2024-01-05,70.54359436035156,72.83999633789062,73.47000122070312,72.69000244140625,72.80000305175781,2590200
2024-01-08,71.36679077148438,73.69000244140625,73.72000122070312,72.73999786376953,73.0,2863200
2024-01-09,70.85350036621094,73.16000366210938,73.36000061035156,72.7699966430664,73.0999984741211,2632500
2024-01-10,71.03750610351562,73.3499984741211,73.63999938964844,72.73999786376953,72.97000122070312,2562500
2024-01-11,72.51927185058594,74.87999725341797,74.91999816894531,73.55999755859375,73.87000274658203,4454600
2024-01-12,75.51185607910156,77.97000122070312,78.41999816894531,75.0999984741211,75.31999969482422,6351700
2024-01-16,73.79766082763672,76.19999694824219,77.80999755859375,75.7699966430664,77.66000366210938,3942500
2024-01-17,73.31341552734375,75.69999694824219,76.26000213623047,75.23999786376953,75.75,5570100
2024-01-18,73.27468872070312,75.66000366210938,76.68000030517578,75.19999694824219,75.8499984741211,4693500
2024-01-19,74.45621490478516,76.87999725341797,77.16999816894531,75.5999984741211,75.70999908447266,7178400
2024-01-22,74.83392333984375,77.2699966430664,77.70999908447266,77.08000183105469,77.18000030517578,2452800
2024-01-23,74.67897033691406,77.11000061035156,77.6500015258789,76.83000183105469,77.5199966430664,2263100
2024-01-24,74.52400970458984,76.94999694824219,77.55000305175781,76.7300033569336,77.55000305175781,3473400
2024-01-25,75.83145904541016,78.30000305175781,78.68000030517578,77.79000091552734,77.79000091552734,5396700
2024-01-26,74.84361267089844,77.27999877929688,78.88999938964844,77.04000091552734,78.55999755859375,2481200
2024-01-29,75.41500854492188,77.87000274658203,78.12999725341797,76.91999816894531,76.91999816894531,3223500
2024-01-30,75.15351104736328,77.5999984741211,77.94000244140625,77.19999694824219,77.30000305175781,3377900
2024-01-31,74.68865966796875,77.12000274658203,78.69999694824219,76.97000122070312,77.6500015258789,3316000
2024-02-01,75.42469024658203,77.87999725341797,77.94999694824219,76.54000091552734,77.3499984741211,2530500
2024-02-02,75.43437194824219,77.88999938964844,78.19999694824219,77.1500015258789,77.4800033569336,4500600
2024-02-05,75.14383697509766,77.58999633789062,77.75,76.62999725341797,77.2699966430664,2472300
2024-02-06,76.2479019165039,78.7300033569336,78.93000030517578,77.76000213623047,77.83000183105469,6513100
2024-02-07,75.5409164428711,78.0,78.87999725341797,75.41999816894531,75.63999938964844,5302300
2024-02-08,75.83145904541016,78.30000305175781,78.66000366210938,77.36000061035156,78.12999725341797,3173800
2024-02-09,74.66927337646484,77.0999984741211,78.58000183105469,76.87000274658203,78.56999969482422,5330000
2024-02-12,74.11724853515625,76.52999877929688,76.87999725341797,75.54000091552734,76.73999786376953,5249600
2024-02-13,73.11971282958984,75.5,76.06999969482422,74.79000091552734,75.54000091552734,3214900
2024-02-14,74.32064819335938,76.73999786376953,76.83000183105469,75.79000091552734,75.91000366210938,2729600
2024-02-15,75.56027221679688,78.0199966430664,78.04000091552734,77.08999633789062,77.13999938964844,4396200
2024-02-16,74.86027526855469,77.0,77.77999877929688,76.86000061035156,77.5199966430664,2125900
2024-02-20,74.6075210571289,76.73999786376953,77.38999938964844,76.36000061035156,76.91000366210938,4622000
2024-02-21,75.31723022460938,77.47000122070312,77.52999877929688,76.12000274658203,76.25,3507500
2024-02-22,77.2519302368164,79.45999908447266,79.68000030517578,78.12000274658203,78.4000015258789,3771500
2024-02-23,77.60192108154297,79.81999969482422,80.08999633789062,79.43000030517578,79.5999984741211,3858300
2024-02-26,77.300537109375,79.51000213623047,79.94000244140625,78.94999694824219,79.58000183105469,3442500
2024-02-27,76.9408187866211,79.13999938964844,79.79000091552734,78.75,79.5999984741211,1779700
2024-02-28,76.29915618896484,78.4800033569336,79.08000183105469,78.2300033569336,78.94000244140625,3095800
2024-02-29,76.82415008544922,79.0199966430664,79.69999694824219,78.44000244140625,79.37999725341797,6272400
2024-03-01,76.42554473876953,78.61000061035156,79.5199966430664,78.52999877929688,78.9000015258789,4516500
2024-03-04,76.88247680664062,79.08000183105469,79.68000030517578,78.4800033569336,78.51000213623047,7360000
2024-03-05,75.61861419677734,77.77999877929688,78.9800033569336,77.54000091552734,78.62999725341797,4556100
2024-03-06,74.55890655517578,76.69000244140625,78.94999694824219,76.37999725341797,78.55000305175781,6748900
2024-03-07,75.3074951171875,77.45999908447266,77.95999908447266,77.05000305175781,77.05000305175781,4783700
2024-03-08,74.63666534423828,76.7699966430664,77.52999877929688,76.58999633789062,77.19000244140625,5061500
2024-03-11,74.8213882446289,76.95999908447266,77.30999755859375,76.45999908447266,76.8499984741211,3015600
2024-03-12,74.9477767944336,77.08999633789062,77.41999816894531,76.7300033569336,76.9000015258789,2575700
2024-03-13,74.87972259521484,77.0199966430664,77.37000274658203,76.76000213623047,77.13999938964844,4120900
2024-03-14,74.22834014892578,76.3499984741211,77.13999938964844,75.87999725341797,76.94999694824219,3635500
2024-03-15,73.2366943359375,75.33000183105469,76.56999969482422,75.12999725341797,76.25,6883400
2024-03-18,73.00335693359375,75.08999633789062,76.06999969482422,75.01000213623047,75.87000274658203,11544200
2024-03-19,72.57559204101562,74.6500015258789,75.37000274658203,74.52999877929688,74.83000183105469,7622500
2024-03-20,73.06169891357422,75.1500015258789,75.4000015258789,73.93000030517578,74.47000122070312,6438600
2024-03-21,70.5631103515625,72.58000183105469,75.69999694824219,72.41000366210938,73.4800033569336,7625100
2024-03-22,69.90200805664062,71.9000015258789,72.62000274658203,71.5999984741211,72.61000061035156,5802200
2024-03-25,70.00895690917969,72.01000213623047,72.55999755859375,71.79000091552734,72.0,4257400
2024-03-26,70.38811492919922,72.4000015258789,72.55000305175781,71.91000366210938,72.25,5329800
2024-03-27,71.57421112060547,73.62000274658203,73.6500015258789,72.91000366210938,72.91000366210938,2880900
2024-03-28,71.25337219238281,73.29000091552734,74.06999969482422,73.13999938964844,73.4000015258789,11104800
2024-04-01,69.75617218017578,71.75,72.73999786376953,71.55999755859375,72.7300033569336,5095300
2024-04-02,69.68811798095703,71.68000030517578,72.05999755859375,71.41000366210938,71.5199966430664,5553100
2024-04-03,69.84367370605469,71.83999633789062,72.38999938964844,71.26000213623047,71.41000366210938,3748500
2024-04-04,69.62006378173828,71.61000061035156,72.80999755859375,71.30999755859375,72.37000274658203,3655200
2024-04-05,69.15341186523438,71.12999725341797,71.75,71.06999969482422,71.5,5175800
2024-04-08,69.08533477783203,71.05999755859375,71.55000305175781,70.80999755859375,71.12999725341797,4595800
2024-04-09,69.57144927978516,71.55999755859375,71.75,71.0,71.0,3157500
2024-04-10,68.02565002441406,69.97000122070312,71.05000305175781,69.69999694824219,71.0,3221900
2024-04-11,68.60896301269531,70.56999969482422,70.9000015258789,70.01000213623047,70.01000213623047,3799300
2024-04-12,67.33537292480469,69.26000213623047,70.02999877929688,69.0199966430664,69.9800033569336,2806100
2024-04-15,66.51871490478516,68.41999816894531,70.23999786376953,68.37000274658203,70.0199966430664,2953800
2024-04-16,66.04232788085938,67.93000030517578,68.81999969482422,67.87999725341797,68.66999816894531,2282200
2024-04-17,65.66316986083984,67.54000091552734,68.52999877929688,67.48999786376953,68.41999816894531,2538700
2024-04-18,65.2645492553711,67.12999725341797,68.0,66.5999984741211,66.98999786376953,4601900
2024-04-19,65.56594848632812,67.44000244140625,67.5999984741211,66.9800033569336,67.30000305175781,4889500
2024-04-22,66.30481719970703,68.19999694824219,68.55000305175781,67.36000061035156,67.81999969482422,3050900
2024-04-23,65.88677215576172,67.7699966430664,68.4000015258789,67.55000305175781,68.08999633789062,2819800
2024-04-24,65.64370727539062,67.5199966430664,67.95999908447266,67.16999816894531,67.76000213623047,4256100
2024-04-25,64.90484619140625,66.76000213623047,67.5,66.19999694824219,67.1500015258789,3459900
2024-04-26,65.07984161376953,66.94000244140625,67.19999694824219,66.44999694824219,66.44999694824219,2818900
2024-04-29,64.68122100830078,66.52999877929688,67.88999938964844,66.5,67.06999969482422,5123100
2024-04-30,63.854854583740234,65.68000030517578,66.80000305175781,65.55999755859375,66.22000122070312,3858400
2024-05-01,63.553470611572266,65.37000274658203,66.2699966430664,65.30000305175781,65.5,4873600
2024-05-02,64.42845916748047,66.2699966430664,67.87999725341797,65.55999755859375,67.4000015258789,8585800
2024-05-03,64.40901947021484,66.25,67.2699966430664,66.16000366210938,66.68000030517578,7399700
2024-05-06,64.57428741455078,66.41999816894531,66.95999908447266,66.05000305175781,66.51000213623047,2342900
2024-05-07,65.77982330322266,67.66000366210938,67.70999908447266,66.44000244140625,66.44000244140625,3086700
2024-05-08,65.83816528320312,67.72000122070312,67.88999938964844,67.36000061035156,67.56999969482422,4578300
2024-05-09,64.94373321533203,66.80000305175781,67.62999725341797,66.3499984741211,67.44999694824219,2299400
2024-05-10,65.11872863769531,66.9800033569336,67.12999725341797,66.66999816894531,66.70999908447266,4825200
2024-05-13,65.98399353027344,67.87000274658203,68.20999908447266,67.31999969482422,67.47000122070312,3134700
2024-05-14,65.89649963378906,67.77999877929688,68.75,67.56999969482422,68.04000091552734,1893200
2024-05-15,66.94648742675781,68.86000061035156,69.05999755859375,67.80000305175781,68.08000183105469,3329600
2024-05-16,68.3756332397461,70.33000183105469,70.72000122070312,68.88999938964844,69.05000305175781,6126700
2024-05-17,67.1356430053711,68.76000213623047,70.18000030517578,68.19000244140625,69.9800033569336,4384900
2024-05-20,67.93626403808594,69.58000183105469,69.69000244140625,68.75,69.01000213623047,2584500
2024-05-21,67.16493225097656,68.79000091552734,69.33000183105469,68.5199966430664,69.31999969482422,2704300
2024-05-22,67.41878509521484,69.05000305175781,69.30999755859375,68.7699966430664,68.91999816894531,2961000
2024-05-23,66.85249328613281,68.47000122070312,69.66000366210938,68.26000213623047,69.37999725341797,2149900
2024-05-24,66.70602416992188,68.31999969482422,68.91000366210938,68.25,68.47000122070312,1860100
2024-05-28,65.28052520751953,66.86000061035156,68.2300033569336,66.54000091552734,68.04000091552734,2785400
2024-05-29,64.55799102783203,66.12000274658203,66.51000213623047,66.05999755859375,66.4000015258789,2365900
2024-05-30,63.24966049194336,64.77999877929688,66.01000213623047,64.36000061035156,65.94999694824219,5734700
2024-05-31,64.5873031616211,66.1500015258789,66.22000122070312,64.36000061035156,64.77999877929688,4523000
2024-06-03,64.22603607177734,65.77999877929688,66.29000091552734,65.0999984741211,66.1500015258789,4379100
2024-06-04,63.806190490722656,65.3499984741211,65.98999786376953,65.06999969482422,65.41999816894531,2464700
2024-06-05,63.972171783447266,65.5199966430664,65.81999969482422,65.05999755859375,65.54000091552734,1655200
2024-06-06,64.7435073852539,66.30999755859375,66.5199966430664,65.33999633789062,65.4800033569336,5498400
2024-06-07,64.38226318359375,65.94000244140625,66.75,65.81999969482422,66.19000244140625,1460400
2024-06-10,65.66130828857422,67.25,67.37000274658203,65.68000030517578,65.87999725341797,4143700
2024-06-11,65.3879165649414,66.97000122070312,67.20999908447266,66.0999984741211,67.06999969482422,2070200
2024-06-12,64.73375701904297,66.30000305175781,67.18000030517578,65.86000061035156,67.12999725341797,5382800
2024-06-13,63.083683013916016,64.61000061035156,66.05000305175781,64.55000305175781,66.05000305175781,2728800
2024-06-14,62.74195098876953,64.26000213623047,64.81999969482422,63.91999816894531,64.55000305175781,2579600
2024-06-17,63.972171783447266,65.5199966430664,65.69999694824219,63.790000915527344,64.01000213623047,2956700
2024-06-18,64.25532531738281,65.80999755859375,66.16000366210938,65.47000122070312,65.58000183105469,3406600
2024-06-20,66.53028869628906,68.13999938964844,68.58000183105469,66.69000244140625,67.55999755859375,4226100
2024-06-21,66.72555541992188,68.33999633789062,68.80999755859375,67.63999938964844,68.44999694824219,6412600
2024-06-24,67.05752563476562,68.68000030517578,69.19999694824219,68.01000213623047,68.23999786376953,2461600
2024-06-25,67.2723388671875,68.9000015258789,69.69000244140625,68.30000305175781,68.87999725341797,2770600
2024-06-26,66.68650817871094,68.30000305175781,68.69000244140625,67.88999938964844,68.33000183105469,4218400
2024-06-27,66.12997436523438,67.7300033569336,68.5199966430664,67.55000305175781,68.12000274658203,8942700
2024-06-28,66.39359283447266,68.0,68.3499984741211,67.63999938964844,67.93000030517578,5939400
2024-07-01,66.13973236083984,67.73999786376953,68.19000244140625,67.23999786376953,67.8499984741211,2127100
2024-07-02,66.98918151855469,68.61000061035156,68.69000244140625,67.69999694824219,67.7699966430664,5075300
2024-07-03,66.68650817871094,68.30000305175781,68.72000122070312,68.19000244140625,68.63999938964844,1230300
2024-07-05,66.39359283447266,68.0,68.19000244140625,67.6500015258789,68.06999969482422,1501200
2024-07-08,65.95423126220703,67.55000305175781,68.16999816894531,67.22000122070312,67.81999969482422,2264300
2024-07-09,65.309814453125,66.88999938964844,67.69000244140625,66.86000061035156,67.38999938964844,2109500
2024-07-10,66.22761535644531,67.83000183105469,67.87999725341797,66.55000305175781,66.93000030517578,3483300
2024-07-11,68.4830322265625,70.13999938964844,70.4000015258789,67.87999725341797,67.87999725341797,6550600
2024-07-12,69.84020233154297,71.52999877929688,72.30999755859375,70.36000061035156,70.37999725341797,6434900
2024-07-15,70.71894073486328,72.43000030517578,73.11000061035156,71.06999969482422,71.16000366210938,2999200
2024-07-16,72.04681396484375,73.79000091552734,73.9000015258789,72.7300033569336,72.91999816894531,2635100
2024-07-17,72.93531036376953,74.69999694824219,75.12000274658203,73.66999816894531,73.7699966430664,3016400
2024-07-18,74.1753158569336,75.97000122070312,77.33999633789062,74.58000183105469,74.69999694824219,5156700
2024-07-19,72.57405853271484,74.33000183105469,75.8499984741211,74.08000183105469,75.41000366210938,5069000
2024-07-22,73.38444519042969,75.16000366210938,75.19000244140625,74.08999633789062,74.6500015258789,4135200
2024-07-23,72.14443969726562,73.88999938964844,74.91000366210938,73.5999984741211,74.91000366210938,5753100
2024-07-24,70.9728012084961,72.69000244140625,73.91999816894531,72.38999938964844,73.77999877929688,4094700
2024-07-25,71.48051452636719,73.20999908447266,74.38999938964844,72.5999984741211,72.80000305175781,4982300
2024-07-26,72.80838775634766,74.56999969482422,74.97000122070312,72.83000183105469,73.12999725341797,5126900
2024-07-29,72.77909088134766,74.54000091552734,74.83999633789062,74.02999877929688,74.83999633789062,4825400
2024-07-30,74.02884674072266,75.81999969482422,76.29000091552734,74.51000213623047,74.81999969482422,7283700
2024-07-31,73.89215850830078,75.68000030517578,76.30999755859375,75.12000274658203,76.30999755859375,3860400
2024-08-01,74.50727844238281,76.30999755859375,80.2699966430664,75.4000015258789,78.0,6668000
2024-08-02,72.25184631347656,74.0,76.11000061035156,73.62999725341797,76.11000061035156,4043700
2024-08-05,70.03547668457031,71.7300033569336,73.69000244140625,71.55000305175781,73.19000244140625,5956500
2024-08-06,70.93374633789062,72.6500015258789,73.91999816894531,71.79000091552734,71.95999908447266,2664600
2024-08-07,71.44145202636719,73.16999816894531,74.38999938964844,73.0999984741211,73.68000030517578,3887800
2024-08-08,71.98822784423828,73.7300033569336,74.25,73.06999969482422,73.06999969482422,3796600
2024-08-09,72.66192626953125,74.41999816894531,74.58000183105469,73.20999908447266,73.7300033569336,7783400
2024-08-12,71.41216278076172,73.13999938964844,74.62000274658203,73.0999984741211,74.41000366210938,3853300
2024-08-13,72.51546478271484,74.2699966430664,74.38999938964844,73.33999633789062,73.33999633789062,2458500
2024-08-14,72.62287139892578,74.37999725341797,74.5999984741211,73.86000061035156,73.86000061035156,1622800
2024-08-15,73.68712615966797,75.47000122070312,75.7300033569336,74.69000244140625,75.0,2601600
2024-08-16,74.06791687011719,75.86000061035156,75.87999725341797,75.08000183105469,75.63999938964844,2193700
2024-08-19,74.19483947753906,75.98999786376953,76.48999786376953,75.73999786376953,75.86000061035156,2155300
2024-08-20,73.96937561035156,75.45999908447266,75.98999786376953,75.3499984741211,75.69999694824219,1686400
2024-08-21,75.1064682006836,76.62000274658203,76.72000122070312,75.58999633789062,75.77999877929688,3225000
2024-08-22,74.76337432861328,76.2699966430664,76.93000030517578,76.1500015258789,76.62000274658203,1910800
2024-08-23,75.165283203125,76.68000030517578,76.95999908447266,76.20999908447266,76.62000274658203,1719500
2024-08-26,75.29270935058594,76.80999755859375,77.44999694824219,76.69000244140625,77.12999725341797,2483300
2024-08-27,75.62599182128906,77.1500015258789,77.18000030517578,76.5,76.63999938964844,4533900
2024-08-28,75.35153198242188,76.87000274658203,78.16999816894531,76.68000030517578,77.29000091552734,1990300
2024-08-29,75.61619567871094,77.13999938964844,77.52999877929688,76.4000015258789,77.18000030517578,3347700
2024-08-30,76.23374938964844,77.7699966430664,77.87000274658203,77.02999877929688,77.38999938964844,3383200
2024-09-03,75.25349426269531,76.7699966430664,78.05000305175781,76.4000015258789,77.2699966430664,3506800
2024-09-04,75.79264068603516,77.31999969482422,77.5199966430664,76.5,76.63999938964844,2491400
2024-09-05,75.24370574951172,76.76000213623047,77.33999633789062,76.55000305175781,77.31999969482422,2774500
2024-09-06,74.34186553955078,75.83999633789062,77.51000213623047,75.7300033569336,77.0,2510400
2024-09-09,74.62614440917969,76.12999725341797,76.75,76.08000183105469,76.25,3161500
2024-09-10,75.03785705566406,76.55000305175781,76.6500015258789,75.91999816894531,76.52999877929688,1928200
2024-09-11,74.79279327392578,76.30000305175781,76.41000366210938,74.76000213623047,76.3499984741211,2580400
2024-09-12,74.8025894165039,76.30999755859375,76.7300033569336,75.55000305175781,76.44000244140625,1996600
2024-09-13,75.684814453125,77.20999908447266,77.30999755859375,76.52999877929688,76.55000305175781,2371700
2024-09-16,76.33177947998047,77.87000274658203,77.91000366210938,77.05000305175781,77.52999877929688,1946300
2024-09-17,74.71437072753906,76.22000122070312,78.2699966430664,75.83000183105469,78.12000274658203,2578800
2024-09-18,73.86155700683594,75.3499984741211,76.2699966430664,75.19000244140625,75.86000061035156,2043700
2024-09-19,73.71452331542969,75.19999694824219,76.52999877929688,75.04000091552734,76.33000183105469,3083500
2024-09-20,74.14582824707031,75.63999938964844,75.6500015258789,74.79000091552734,75.22000122070312,5605100
2024-09-23,74.61634063720703,76.12000274658203,76.16999816894531,75.2699966430664,75.77999877929688,6565600
2024-09-24,74.53792572021484,76.04000091552734,76.56999969482422,76.01000213623047,76.2300033569336,2670500
2024-09-25,74.03800964355469,75.52999877929688,76.44000244140625,75.44999694824219,75.83000183105469,1766800
2024-09-26,75.67501831054688,77.19999694824219,77.55999755859375,76.80000305175781,77.2300033569336,3626600
2024-09-27,75.37113189697266,76.88999938964844,77.61000061035156,76.68000030517578,77.47000122070312,4426000
2024-09-30,75.65541076660156,77.18000030517578,77.30000305175781,76.19999694824219,77.0,2665700
2024-10-01,74.5869369506836,76.08999633789062,77.4000015258789,75.73999786376953,77.1500015258789,2356600
2024-10-02,75.24370574951172,76.76000213623047,76.86000061035156,75.61000061035156,75.79000091552734,3571100
2024-10-03,75.01824951171875,76.52999877929688,76.80000305175781,76.0199966430664,76.4800033569336,2587300
2024-10-04,75.61619567871094,77.13999938964844,77.75,76.62999725341797,77.2699966430664,1528500
2024-10-07,74.49871826171875,76.0,76.81999969482422,75.76000213623047,76.7699966430664,1585000
2024-10-08,74.62614440917969,76.12999725341797,76.48999786376953,75.38999938964844,76.19000244140625,2756900
2024-10-09,75.28291320800781,76.80000305175781,76.97000122070312,76.08000183105469,76.08000183105469,1420100
2024-10-10,73.02833557128906,74.5,76.31999969482422,74.2699966430664,76.26000213623047,3545300
2024-10-11,74.43990325927734,75.94000244140625,76.08000183105469,74.54000091552734,74.58000183105469,2800300
2024-10-14,75.25349426269531,76.7699966430664,76.83000183105469,75.98999786376953,76.13999938964844,2025000
2024-10-15,75.85144805908203,77.37999725341797,77.72000122070312,76.6500015258789,76.94000244140625,3863700
2024-10-16,76.06710052490234,77.5999984741211,77.80999755859375,77.2699966430664,77.4800033569336,2351900
2024-10-17,76.204345703125,77.73999786376953,78.0,76.87999725341797,77.61000061035156,2012500
2024-10-18,76.4592056274414,78.0,78.05000305175781,77.33999633789062,77.73999786376953,3058500
2024-10-21,75.35153198242188,76.87000274658203,77.97000122070312,76.76000213623047,77.76000213623047,1884200
2024-10-22,74.322265625,75.81999969482422,76.76000213623047,75.66000366210938,76.62999725341797,1866600
2024-10-23,74.56733703613281,76.06999969482422,76.25,75.41000366210938,75.63999938964844,2083700
2024-10-24,73.38124084472656,74.86000061035156,76.41999816894531,74.69000244140625,76.2300033569336,6106700
2024-10-25,73.34202575683594,74.81999969482422,75.52999877929688,74.62999725341797,75.19000244140625,4909100
2024-10-28,73.49887084960938,74.9800033569336,75.8499984741211,74.83000183105469,75.41000366210938,3441500
2024-10-29,74.0281982421875,75.5199966430664,75.93000030517578,74.55999755859375,74.86000061035156,4020900
2024-10-30,72.88130187988281,74.3499984741211,75.4000015258789,74.2699966430664,74.77999877929688,3266600
2024-10-31,73.11656188964844,74.58999633789062,78.0,74.56999969482422,77.83000183105469,6074400
2024-11-01,73.13617706298828,74.61000061035156,74.91000366210938,73.11000061035156,74.38999938964844,4101200
2024-11-04,73.42044067382812,74.9000015258789,75.30000305175781,74.27999877929688,74.45999908447266,4665100
2024-11-05,73.90076446533203,75.38999938964844,76.06999969482422,74.91999816894531,75.08000183105469,2671100
2024-11-06,77.83155059814453,79.4000015258789,79.43000030517578,77.4800033569336,78.0199966430664,4232900
2024-11-07,79.75283813476562,81.36000061035156,81.52999877929688,79.4000015258789,79.5,5172800
2024-11-08,78.72357940673828,80.30999755859375,81.75,80.1500015258789,81.36000061035156,3994400
2024-11-11,79.89006805419922,81.5,82.19000244140625,80.55000305175781,80.56999969482422,1947000
2024-11-12,80.12532806396484,81.73999786376953,81.93000030517578,81.26000213623047,81.47000122070312,1910500
2024-11-13,80.69387817382812,82.31999969482422,82.41000366210938,81.2699966430664,81.66999816894531,4839100
2024-11-14,79.17447662353516,80.7699966430664,82.2699966430664,80.66000366210938,81.94000244140625,3264900
2024-11-15,75.5867919921875,77.11000061035156,80.5199966430664,77.08000183105469,80.5,5411800
2024-11-18,75.35153198242188,76.87000274658203,77.8499984741211,76.83000183105469,77.22000122070312,4412600
2024-11-19,75.10550689697266,76.31999969482422,76.62999725341797,75.16000366210938,75.9000015258789,5078800
2024-11-20,76.33561706542969,77.56999969482422,77.5999984741211,76.12999725341797,76.16999816894531,4883300
2024-11-21,77.60508728027344,78.86000061035156,79.05000305175781,77.38999938964844,77.80000305175781,5436200
2024-11-22,78.2742691040039,79.54000091552734,80.02999877929688,78.76000213623047,78.93000030517578,2720800
2024-11-25,79.34691619873047,80.62999725341797,80.81999969482422,80.0199966430664,80.30000305175781,3074200
2024-11-26,79.77007293701172,81.05999755859375,81.16000366210938,79.70999908447266,80.73999786376953,2828900
2024-11-27,79.46501159667969,80.75,80.9800033569336,80.01000213623047,80.86000061035156,1456400
2024-11-29,79.20914459228516,80.48999786376953,80.9800033569336,80.20999908447266,80.62000274658203,1399500
2024-12-02,79.53388977050781,80.81999969482422,81.0199966430664,79.97000122070312,80.19000244140625,2984000
2024-12-03,78.70726013183594,79.9800033569336,80.58000183105469,79.5999984741211,80.19000244140625,2372500
2024-12-04,79.2977066040039,80.58000183105469,80.81999969482422,80.19999694824219,80.4000015258789,1914800
2024-12-05,79.4453353881836,80.7300033569336,80.91999816894531,80.12999725341797,80.26000213623047,1823000
2024-12-06,79.85865783691406,81.1500015258789,81.4000015258789,80.86000061035156,81.2300033569336,2657000
2024-12-09,79.35676574707031,80.63999938964844,81.48999786376953,80.5,81.0,2639400
2024-12-10,78.7859878540039,80.05999755859375,80.83999633789062,79.37999725341797,80.1500015258789,2456700
2024-12-11,79.9570541381836,81.25,81.81999969482422,80.31999969482422,80.58999633789062,2150600
2024-12-12,79.09105682373047,80.37000274658203,81.5999984741211,80.33000183105469,81.06999969482422,1869300
2024-12-13,78.7859878540039,80.05999755859375,80.6500015258789,79.48999786376953,80.05000305175781,2698700
2024-12-16,79.41580200195312,80.69999694824219,80.97000122070312,79.8499984741211,80.33999633789062,2587100
2024-12-17,79.74055480957031,81.02999877929688,82.45999908447266,80.87000274658203,81.31999969482422,3368500
2024-12-18,77.01464080810547,78.26000213623047,81.70999908447266,78.23999786376953,80.68000030517578,2771700
2024-12-19,78.22506713867188,79.48999786376953,80.08000183105469,78.63999938964844,78.63999938964844,3391200
2024-12-20,77.96920013427734,79.2300033569336,80.2699966430664,78.33000183105469,78.77999877929688,5945900
2024-12-23,77.74285125732422,79.0,79.43000030517578,78.61000061035156,78.76000213623047,2526500
2024-12-24,78.22506713867188,79.48999786376953,79.5199966430664,78.6500015258789,78.87999725341797,917200
2024-12-26,78.61869812011719,79.88999938964844,80.06999969482422,79.02999877929688,79.18000030517578,1639800
2024-12-27,77.93968200683594,79.19999694824219,80.12000274658203,78.58000183105469,79.22000122070312,1962400
2024-12-30,75.5286636352539,76.75,78.5999984741211,75.62999725341797,78.44999694824219,3208900
2024-12-31,75.67627716064453,76.9000015258789,77.3499984741211,76.33999633789062,77.0,2039900
