Price,Adj Close,Close,High,Low,Open,Volume
Ticker,STLD,STLD,STLD,STLD,STLD,STLD
Date,,,,,,
2000-01-03,2.5304391384124756,3.984375,4.03125,3.96875,4.015625,266400
2000-01-04,2.3915138244628906,3.765625,3.96875,3.6875,3.9375,1070400
2000-01-05,2.570132255554199,4.046875,4.078125,3.765625,3.796875,906400
2000-01-06,2.5999016761779785,4.09375,4.109375,4.03125,4.03125,1042000
2000-01-07,2.689210891723633,4.234375,4.234375,4.09375,4.109375,1640400
2000-01-10,2.7785210609436035,4.375,4.390625,4.234375,4.265625,910400
2000-01-11,2.659440755844116,4.1875,4.390625,4.1875,4.34375,263200
2000-01-12,2.798367738723755,4.40625,4.75,4.390625,4.625,4065200
2000-01-13,2.828136920928955,4.453125,4.484375,4.171875,4.375,7131600
2000-01-14,2.8380606174468994,4.46875,4.515625,4.375,4.375,1835600
2000-01-18,2.847985029220581,4.484375,4.546875,4.4375,4.5,1260000
2000-01-19,2.7437896728515625,4.320312976837158,4.5,4.3125,4.5,1443600
2000-01-20,2.7685983180999756,4.359375,4.4375,4.296875,4.375,738400
2000-01-21,2.7685983180999756,4.359375,4.375,4.28125,4.359375,713200
2000-01-24,2.699134349822998,4.25,4.40625,4.234375,4.28125,589200
2000-01-25,2.570132255554199,4.046875,4.265625,4.0,4.21875,645600
2000-01-26,2.639594793319702,4.15625,4.25,4.015625,4.046875,724000
2000-01-27,2.6197478771209717,4.125,4.25,4.09375,4.140625,352800
2000-01-28,2.609825611114502,4.109375,4.15625,4.0,4.125,440000
2000-01-31,2.4708995819091797,3.890625,4.078125,3.875,4.0625,852000
2000-02-01,2.7289044857025146,4.296875,4.328125,3.890625,3.921875,660400
2000-02-02,2.758674144744873,4.34375,4.359375,4.234375,4.3125,988800
2000-02-03,2.639594793319702,4.15625,4.3125,4.09375,4.25,479200
2000-02-04,2.639594793319702,4.15625,4.1875,4.0625,4.15625,286800
2000-02-07,2.679288625717163,4.21875,4.234375,4.03125,4.0625,911600
2000-02-08,2.609825611114502,4.109375,4.21875,4.0,4.21875,514800
2000-02-09,2.570132255554199,4.046875,4.109375,4.03125,4.09375,691600
2000-02-10,2.6197478771209717,4.125,4.125,4.03125,4.078125,489600
2000-02-11,2.4708995819091797,3.890625,4.15625,3.8125,4.09375,462800
2000-02-14,2.3915138244628906,3.765625,3.9375,3.71875,3.90625,1557200
2000-02-15,2.480821371078491,3.90625,4.0,3.734375,3.734375,1184400
2000-02-16,2.659440755844116,4.1875,4.28125,3.875,3.9375,2289200
2000-02-17,2.679288625717163,4.21875,4.34375,4.140625,4.148437976837158,1532000
2000-02-18,2.609825611114502,4.109375,4.25,4.0625,4.25,626000
2000-02-22,2.6296708583831787,4.140625,4.15625,4.0,4.125,444800
2000-02-23,2.639594793319702,4.15625,4.1875,4.09375,4.09375,944000
2000-02-24,2.609825611114502,4.109375,4.1875,4.09375,4.125,880400
2000-02-25,2.550285816192627,4.015625,4.109375,3.984375,4.09375,495600
2000-02-28,2.5205154418945312,3.96875,4.015625,3.9375,4.0,318400
2000-02-29,2.441129446029663,3.84375,3.984375,3.796875,3.96875,1204400
2000-03-01,2.480821371078491,3.90625,3.90625,3.84375,3.84375,522400
2000-03-02,2.4708995819091797,3.890625,3.921875,3.8125,3.84375,207200
2000-03-03,2.451052188873291,3.859375,3.890625,3.8125,3.875,825200
2000-03-06,2.2426629066467285,3.53125,3.84375,3.46875,3.8125,1084000
2000-03-07,2.1235828399658203,3.34375,3.5625,3.28125,3.5625,1449200
2000-03-08,2.1434309482574463,3.375,3.5,3.34375,3.359375,1152800
2000-03-09,2.103736639022827,3.3125,3.484375,3.234375,3.484375,2997200
2000-03-10,2.073967218399048,3.265625,3.359375,3.25,3.296875,489200
2000-03-13,2.024351119995117,3.1875,3.34375,3.15625,3.28125,389200
2000-03-14,1.9151945114135742,3.015625,3.21875,2.859375,3.1875,936000
2000-03-15,1.8556548357009888,2.921875,3.109375,2.78125,3.09375,2743600
2000-03-16,2.1831233501434326,3.4375,3.5,2.9375,2.9375,2366400
2000-03-17,2.0640437602996826,3.25,3.46875,3.1875,3.34375,1157600
2000-03-20,2.083890438079834,3.28125,3.375,3.265625,3.34375,1090800
2000-03-21,2.153352975845337,3.390625,3.390625,3.28125,3.28125,204000
2000-03-22,2.2228174209594727,3.5,3.546875,3.34375,3.375,905200
2000-03-23,2.1831233501434326,3.4375,3.53125,3.359375,3.429687976837158,188400
2000-03-24,2.1235828399658203,3.34375,3.46875,3.34375,3.4375,207600
2000-03-27,2.044196844100952,3.21875,3.453125,3.21875,3.4375,263200
2000-03-28,1.935041069984436,3.046875,3.296875,3.015625,3.289062976837158,683600
2000-03-29,1.8457311391830444,2.90625,3.0625,2.859375,3.039062976837158,1088000
2000-03-30,1.8457311391830444,2.90625,2.96875,2.875,2.90625,561600
2000-03-31,1.8358086347579956,2.890625,2.953125,2.859375,2.921875,733600
2000-04-03,1.7861920595169067,2.8125,2.9375,2.796875,2.90625,1125200
2000-04-04,1.8804638385772705,2.960937976837158,2.984375,2.765625,2.828125,2886000
2000-04-05,1.806038737297058,2.84375,3.0625,2.75,2.890625,890000
2000-04-06,1.8258851766586304,2.875,2.90625,2.8125,2.890625,444800
2000-04-07,1.905271053314209,3.0,3.0,2.828125,2.84375,466000
2000-04-10,1.8258851766586304,2.875,3.109375,2.871093988418579,3.03125,435600
2000-04-11,1.8358086347579956,2.890625,3.0,2.875,2.90625,595600
2000-04-12,2.0045039653778076,3.15625,3.21875,3.0,3.03125,718000
2000-04-13,2.01442813873291,3.171875,3.21875,3.082031011581421,3.109375,416800
2000-04-14,2.024351119995117,3.1875,3.21875,2.921875,3.03125,667200
2000-04-17,1.9648107290267944,3.09375,3.234375,3.0,3.125,462400
2000-04-18,1.8854260444641113,2.96875,3.140625,2.90625,3.0625,427600
2000-04-19,1.8556548357009888,2.921875,3.125,2.875,3.046875,662000
2000-04-20,1.8457311391830444,2.90625,2.929687976837158,2.8125,2.921875,1133600
2000-04-24,1.74649977684021,2.75,2.890625,2.71875,2.835937976837158,698800
2000-04-25,1.8655784130096436,2.9375,2.9375,2.75,2.796875,586800
2000-04-26,1.8258851766586304,2.875,2.96875,2.75,2.90625,607600
2000-04-27,1.8258851766586304,2.875,2.890625,2.75,2.796875,262400
2000-04-28,1.806038737297058,2.84375,2.875,2.765625,2.78125,316000
2000-05-01,1.8258851766586304,2.875,2.9375,2.78125,2.78125,462400
2000-05-02,1.796115517616272,2.828125,2.9375,2.8125,2.875,204000
2000-05-03,1.7365751266479492,2.734375,2.84375,2.65625,2.828125,1486800
2000-05-04,1.7068061828613281,2.6875,2.71875,2.59375,2.703125,614400
2000-05-05,1.8457311391830444,2.90625,2.90625,2.703125,2.71875,477200
2000-05-08,1.806038737297058,2.84375,2.9375,2.796875,2.90625,428400
2000-05-09,1.7365751266479492,2.734375,2.890625,2.65625,2.890625,616000
2000-05-10,1.6522270441055298,2.601562976837158,2.75,2.5625,2.75,659600
2000-05-11,1.74649977684021,2.75,2.75,2.640625,2.6875,294400
2000-05-12,1.716728925704956,2.703125,2.84375,2.6875,2.765625,415200
2000-05-15,1.7068061828613281,2.6875,2.757812976837158,2.609375,2.75,1328000
2000-05-16,1.6671125888824463,2.625,2.71875,2.546875,2.6875,1671200
2000-05-17,1.5877264738082886,2.5,2.625,2.5,2.59375,743600
2000-05-18,1.5976498126983643,2.515625,2.5625,2.5,2.53125,755600
2000-05-19,1.5877264738082886,2.5,2.546875,2.484375,2.523437976837158,1421600
2000-05-22,1.4686464071273804,2.3125,2.515625,2.0625,2.515625,5824800
2000-05-23,1.5579562187194824,2.453125,2.609375,2.328125,2.34375,1188000
2000-05-24,1.6274187564849854,2.5625,2.59375,2.453125,2.484375,1184000
2000-05-25,1.5678801536560059,2.46875,2.625,2.46875,2.5625,7024800
2000-05-26,1.5877264738082886,2.5,2.5625,2.4375,2.484375,2152800
2000-05-30,1.5976498126983643,2.515625,2.5625,2.46875,2.546875,783600
2000-05-31,1.4785699844360352,2.328125,2.5625,2.328125,2.53125,1330800
2000-06-01,1.5877264738082886,2.5,2.5,2.390625,2.390625,269200
2000-06-02,1.5877264738082886,2.5,2.578125,2.484375,2.53125,783200
2000-06-05,1.5480332374572754,2.4375,2.515625,2.4375,2.5,352000
2000-06-06,1.5008975267410278,2.363281011581421,2.46875,2.34375,2.460937976837158,930400
2000-06-07,1.5133020877838135,2.382812976837158,2.4375,2.265625,2.40625,922400
2000-06-08,1.4488004446029663,2.28125,2.5,2.25,2.464843988418579,2311600
2000-06-09,1.4488004446029663,2.28125,2.367187976837158,2.21875,2.359375,2624000
2000-06-12,1.4190303087234497,2.234375,2.34375,2.203125,2.3125,2049200
2000-06-13,1.528186321258545,2.40625,2.40625,2.21875,2.25,1435200
2000-06-14,1.5381097793579102,2.421875,2.46875,2.351562976837158,2.359375,302400
2000-06-15,1.5480332374572754,2.4375,2.484375,2.398437976837158,2.40625,373200
2000-06-16,1.518263339996338,2.390625,2.484375,2.359375,2.46875,643600
2000-06-19,1.528186321258545,2.40625,2.40625,2.28125,2.40625,420000
2000-06-20,1.518263339996338,2.390625,2.433593988418579,2.265625,2.34375,549200
2000-06-21,1.438876986503601,2.265625,2.375,2.25,2.34375,339200
2000-06-22,1.438876986503601,2.265625,2.375,2.265625,2.3125,352000
2000-06-23,1.4785699844360352,2.328125,2.375,2.265625,2.296875,210800
2000-06-26,1.4587229490280151,2.296875,2.3125,2.234375,2.257812976837158,337600
2000-06-27,1.4190303087234497,2.234375,2.300781011581421,2.234375,2.296875,453200
2000-06-28,1.4587229490280151,2.296875,2.296875,2.25,2.253906011581421,877200
2000-06-29,1.4190303087234497,2.234375,2.296875,2.234375,2.28125,255600
2000-06-30,1.438876986503601,2.265625,2.28125,2.25,2.257812976837158,472400
2000-07-03,1.4438384771347046,2.273437976837158,2.273437976837158,2.25,2.25,130000
2000-07-05,1.4488004446029663,2.28125,2.375,2.25,2.265625,194800
2000-07-06,1.4488004446029663,2.28125,2.328125,2.25,2.265625,343200
2000-07-07,1.3991838693618774,2.203125,2.28125,2.203125,2.28125,237600
2000-07-10,1.433915138244629,2.257812976837158,2.28125,2.21875,2.21875,346800
2000-07-11,1.4438384771347046,2.273437976837158,2.3125,2.25,2.257812976837158,706000
2000-07-12,1.528186321258545,2.40625,2.453125,2.265625,2.296875,433600
2000-07-13,1.5480332374572754,2.4375,2.46875,2.390625,2.390625,354000
2000-07-14,1.4785699844360352,2.328125,2.4375,2.3125,2.40625,138400
2000-07-17,1.5083400011062622,2.375,2.4375,2.3125,2.367187976837158,697200
2000-07-18,1.518263339996338,2.390625,2.46875,2.34375,2.375,354800
2000-07-19,1.5579562187194824,2.453125,2.46875,2.421875,2.46875,346400
2000-07-20,1.6472662687301636,2.59375,2.59375,2.46875,2.46875,759200
2000-07-21,1.6571892499923706,2.609375,2.65625,2.578125,2.59375,1269200
2000-07-24,1.6075721979141235,2.53125,2.65625,2.5,2.625,608800
2000-07-25,1.6770356893539429,2.640625,2.65625,2.5625,2.65625,518000
2000-07-26,1.6968823671340942,2.671875,2.6875,2.5625,2.59375,210000
2000-07-27,1.6770356893539429,2.640625,2.6875,2.59375,2.6875,348400
2000-07-28,1.6968823671340942,2.671875,2.671875,2.59375,2.640625,494800
2000-07-31,1.796115517616272,2.828125,2.84375,2.671875,2.6875,539200
2000-08-01,1.8556548357009888,2.921875,2.96875,2.796875,2.84375,693600
2000-08-02,1.8854260444641113,2.96875,3.03125,2.90625,2.914062976837158,345200
2000-08-03,1.8854260444641113,2.96875,3.0,2.96875,3.0,418400
2000-08-04,1.8457311391830444,2.90625,3.015625,2.90625,2.96875,289600
2000-08-07,1.9945805072784424,3.140625,3.140625,2.96875,2.992187976837158,1482000
2000-08-08,1.905271053314209,3.0,3.15625,2.96875,3.140625,259200
2000-08-09,1.9251182079315186,3.03125,3.0625,3.015625,3.03125,4253600
2000-08-10,1.8159617185592651,2.859375,3.0625,2.859375,3.046875,242800
2000-08-11,1.806038737297058,2.84375,2.90625,2.71875,2.859375,341200
2000-08-14,1.8258851766586304,2.875,2.875,2.796875,2.84375,68000
2000-08-15,1.905271053314209,3.0,3.03125,2.75,2.835937976837158,355600
2000-08-16,1.8358086347579956,2.890625,2.984375,2.78125,2.96875,576000
2000-08-17,1.8953486680984497,2.984375,2.984375,2.8125,2.859375,122800
2000-08-18,1.8358086347579956,2.890625,2.96875,2.890625,2.945312976837158,247600
2000-08-21,1.8258851766586304,2.875,2.921875,2.84375,2.90625,246400
2000-08-22,1.8457311391830444,2.90625,2.953125,2.859375,2.875,258400
2000-08-23,1.905271053314209,3.0,3.03125,2.9375,2.9375,197200
2000-08-24,1.9449654817581177,3.0625,3.125,2.984375,2.984375,485200
2000-08-25,2.01442813873291,3.171875,3.1875,3.0625,3.0625,274800
2000-08-28,1.9846577644348145,3.125,3.1875,3.0625,3.125,386000
2000-08-29,2.024351119995117,3.1875,3.1875,3.09375,3.117187976837158,403600
2000-08-30,2.0045039653778076,3.15625,3.1875,3.109375,3.109375,108800
2000-08-31,1.9251182079315186,3.03125,3.15625,3.015625,3.140625,880800
2000-09-01,1.8854260444641113,2.96875,3.023437976837158,2.84375,3.023437976837158,635200
2000-09-05,1.8953486680984497,2.984375,3.0625,2.921875,2.921875,568000
2000-09-06,1.875501275062561,2.953125,3.078125,2.9375,3.046875,185600
2000-09-07,1.756422758102417,2.765625,2.984375,2.734375,2.96875,585200
2000-09-08,1.796115517616272,2.828125,2.875,2.71875,2.75,214000
2000-09-11,1.6671125888824463,2.625,2.859375,2.59375,2.78125,414800
2000-09-12,1.5579562187194824,2.453125,2.65625,2.4375,2.625,586800
2000-09-13,1.6075721979141235,2.53125,2.53125,2.453125,2.460937976837158,634800
2000-09-14,1.6075721979141235,2.53125,2.59375,2.515625,2.5625,438400
2000-09-15,1.498416781425476,2.359375,2.59375,2.34375,2.53125,729600
2000-09-18,1.5678801536560059,2.46875,2.597656011581421,2.375,2.398437976837158,848800
2000-09-19,1.6671125888824463,2.625,2.65625,2.46875,2.46875,579600
2000-09-20,1.5877264738082886,2.5,2.625,2.5,2.554687976837158,418400
2000-09-21,1.6174958944320679,2.546875,2.625,2.5,2.53125,344800
2000-09-22,1.6075721979141235,2.53125,2.59375,2.5,2.515625,618400
2000-09-25,1.4587229490280151,2.296875,2.5625,2.296875,2.546875,593600
2000-09-26,1.438876986503601,2.265625,2.515625,2.234375,2.296875,721200
2000-09-27,1.5083400011062622,2.375,2.4375,2.28125,2.296875,750000
2000-09-28,1.5083400011062622,2.375,2.40625,2.3125,2.375,952400
2000-09-29,1.4587229490280151,2.296875,2.421875,2.28125,2.34375,1639600
2000-10-02,1.438876986503601,2.265625,2.34375,2.25,2.304687976837158,526800
2000-10-03,1.4686464071273804,2.3125,2.484375,2.109375,2.34375,1043600
2000-10-04,1.4686464071273804,2.3125,2.359375,2.140625,2.144531011581421,263200
2000-10-05,1.438876986503601,2.265625,2.3125,2.265625,2.308593988418579,193200
2000-10-06,1.4289538860321045,2.25,2.304687976837158,2.25,2.265625,370000
2000-10-09,1.4289538860321045,2.25,2.273437976837158,2.21875,2.253906011581421,81200
2000-10-10,1.4686464071273804,2.3125,2.359375,2.203125,2.234375,209600
2000-10-11,1.5381097793579102,2.421875,2.4375,2.203125,2.257812976837158,260400
2000-10-12,1.438876986503601,2.265625,2.421875,2.21875,2.40625,215200
2000-10-13,1.3892605304718018,2.1875,2.28125,2.15625,2.1875,540800
2000-10-16,1.3694144487380981,2.15625,2.21875,2.15625,2.171875,88800
2000-10-17,1.3942221403121948,2.195312976837158,2.25,2.140625,2.15625,214400
2000-10-18,1.4289538860321045,2.25,2.25,2.15625,2.160156011581421,70400
2000-10-19,1.4835320711135864,2.335937976837158,2.359375,2.1875,2.1875,140000
2000-10-20,1.4587229490280151,2.296875,2.359375,2.265625,2.28125,150400
2000-10-23,1.4488004446029663,2.28125,2.359375,2.25,2.28125,362400
2000-10-24,1.4785699844360352,2.328125,2.359375,2.265625,2.3125,516800
2000-10-25,1.4785699844360352,2.328125,2.390625,2.328125,2.328125,424800
2000-10-26,1.5480332374572754,2.4375,2.4375,2.328125,2.34375,325600
2000-10-27,1.577803373336792,2.484375,2.484375,2.390625,2.40625,392800
2000-10-30,1.686958909034729,2.65625,2.71875,2.40625,2.421875,420800
2000-10-31,1.905271053314209,3.0,3.0,2.65625,2.65625,448000
2000-11-01,1.7663458585739136,2.78125,2.984375,2.78125,2.9375,253200
2000-11-02,1.74649977684021,2.75,2.796875,2.640625,2.78125,207600
2000-11-03,1.6968823671340942,2.671875,2.8125,2.5625,2.8125,132800
2000-11-06,1.6472662687301636,2.59375,2.640625,2.578125,2.582031011581421,387600
2000-11-07,1.7068061828613281,2.6875,2.6875,2.59375,2.597656011581421,272000
2000-11-08,1.6075721979141235,2.53125,2.71875,2.53125,2.609375,322800
2000-11-09,1.6968823671340942,2.671875,2.671875,2.5,2.59375,374000
2000-11-10,1.6770356893539429,2.640625,2.75,2.640625,2.6875,127600
2000-11-13,1.7762683629989624,2.796875,2.796875,2.578125,2.609375,320800
2000-11-14,1.7762683629989624,2.796875,2.796875,2.53125,2.78125,452400
2000-11-15,1.8655784130096436,2.9375,2.980468988418579,2.765625,2.8125,361600
2000-11-16,1.74649977684021,2.75,2.9375,2.6875,2.902343988418579,219600
2000-11-17,1.74649977684021,2.75,2.84375,2.703125,2.714843988418579,121600
2000-11-20,1.577803373336792,2.484375,2.707031011581421,2.4375,2.707031011581421,348800
2000-11-21,1.577803373336792,2.484375,2.53125,2.4375,2.527343988418579,335200
2000-11-22,1.577803373336792,2.484375,2.609375,2.46875,2.5,116400
2000-11-24,1.6770356893539429,2.640625,2.65625,2.46875,2.46875,94800
2000-11-27,1.726651906967163,2.71875,2.726562976837158,2.59375,2.65625,185600
2000-11-28,1.5976498126983643,2.515625,2.734375,2.515625,2.734375,300400
2000-11-29,1.6075721979141235,2.53125,2.59375,2.484375,2.589843988418579,358800
2000-11-30,1.5877264738082886,2.5,2.59375,2.46875,2.484375,404800
2000-12-01,1.577803373336792,2.484375,2.59375,2.484375,2.5,198000
2000-12-04,1.5083400011062622,2.375,2.609375,2.375,2.59375,730000
2000-12-05,1.4686464071273804,2.3125,2.40625,2.3125,2.394531011581421,551600
2000-12-06,1.4091064929962158,2.21875,2.375,2.21875,2.375,990000
2000-12-07,1.4785699844360352,2.328125,2.335937976837158,2.21875,2.222656011581421,621200
2000-12-08,1.5083400011062622,2.375,2.375,2.3125,2.324218988418579,526400
2000-12-11,1.518263339996338,2.390625,2.40625,2.328125,2.398437976837158,288000
2000-12-12,1.518263339996338,2.390625,2.4375,2.359375,2.359375,612000
2000-12-13,1.5678801536560059,2.46875,2.46875,2.375,2.375,293200
2000-12-14,1.577803373336792,2.484375,2.484375,2.3125,2.390625,235600
2000-12-15,1.5678801536560059,2.46875,2.515625,2.375,2.40625,1275600
2000-12-18,1.528186321258545,2.40625,2.46875,2.390625,2.46875,315600
2000-12-19,1.5579562187194824,2.453125,2.53125,2.375,2.375,588000
2000-12-20,1.4785699844360352,2.328125,2.4375,2.296875,2.425781011581421,970800
2000-12-21,1.4884932041168213,2.34375,2.34375,2.28125,2.28125,548400
2000-12-22,1.498416781425476,2.359375,2.375,2.265625,2.28125,559600
2000-12-26,1.4884932041168213,2.34375,2.375,2.296875,2.3125,456400
2000-12-27,1.686958909034729,2.65625,2.65625,2.28125,2.28125,929600
2000-12-28,1.6968823671340942,2.671875,2.703125,2.453125,2.5,540400
2000-12-29,1.74649977684021,2.75,2.84375,2.609375,2.625,906000
2001-01-02,1.686958909034729,2.65625,2.808593988418579,2.640625,2.808593988418579,606800
2001-01-03,1.756422758102417,2.765625,2.765625,2.65625,2.703125,1897200
2001-01-04,1.74649977684021,2.75,2.765625,2.703125,2.75,951600
2001-01-05,1.7365751266479492,2.734375,2.75,2.6875,2.734375,384400
2001-01-08,1.6075721979141235,2.53125,2.75,2.53125,2.734375,314400
2001-01-09,1.726651906967163,2.71875,2.71875,2.535156011581421,2.535156011581421,388000
2001-01-10,1.74649977684021,2.75,2.75,2.667968988418579,2.734375,258800
2001-01-11,1.7068061828613281,2.6875,2.75,2.671875,2.746093988418579,164400
2001-01-12,1.74649977684021,2.75,2.75,2.6875,2.691406011581421,145200
2001-01-16,1.7663458585739136,2.78125,2.78125,2.59375,2.71875,745600
2001-01-17,1.7365751266479492,2.734375,2.828125,2.703125,2.777343988418579,1112800
2001-01-18,1.7365751266479492,2.734375,2.828125,2.703125,2.75,510000
2001-01-19,1.716728925704956,2.703125,2.75,2.6875,2.71875,774400
2001-01-22,1.7068061828613281,2.6875,2.71875,2.625,2.671875,423600
2001-01-23,1.6968823671340942,2.671875,2.703125,2.625,2.660156011581421,220800
2001-01-24,1.6770356893539429,2.640625,2.703125,2.609375,2.671875,120800
2001-01-25,1.5976498126983643,2.515625,2.6875,2.515625,2.640625,202400
2001-01-26,1.6274187564849854,2.5625,2.625,2.5,2.5625,179600
2001-01-29,1.6571892499923706,2.609375,2.609375,2.578125,2.609375,232400
2001-01-30,1.7365751266479492,2.734375,2.765625,2.609375,2.609375,4658800
2001-01-31,1.7365751266479492,2.734375,2.734375,2.65625,2.71875,764800
2001-02-01,1.7985960245132446,2.832031011581421,2.84375,2.71875,2.734375,1479600
2001-02-02,1.8358086347579956,2.890625,2.9375,2.8125,2.8125,903600
2001-02-05,1.8556548357009888,2.921875,2.96875,2.890625,2.902343988418579,904800
2001-02-06,1.8655784130096436,2.9375,2.953125,2.875,2.875,766400
2001-02-07,1.8556548357009888,2.921875,2.9375,2.84375,2.925781011581421,198800
2001-02-08,1.8556548357009888,2.921875,2.953125,2.875,2.882812976837158,164400
2001-02-09,1.8854260444641113,2.96875,3.0,2.890625,2.921875,874800
2001-02-12,1.9449654817581177,3.0625,3.09375,2.9375,2.941406011581421,538400
2001-02-13,1.935041069984436,3.046875,3.171875,3.03125,3.0625,857200
2001-02-14,1.9747346639633179,3.109375,3.140625,3.03125,3.03125,656800
2001-02-15,2.054121255874634,3.234375,3.265625,3.078125,3.09375,939200
2001-02-16,2.0045039653778076,3.15625,3.234375,3.078125,3.21875,496400
2001-02-20,2.0640437602996826,3.25,3.28125,3.109375,3.15625,945200
2001-02-21,2.024351119995117,3.1875,3.265625,3.125,3.15625,1244000
2001-02-22,2.024351119995117,3.1875,3.25,3.09375,3.1875,843600
2001-02-23,2.0342743396759033,3.203125,3.21875,3.046875,3.09375,523600
2001-02-26,2.0640437602996826,3.25,3.265625,3.15625,3.1875,586800
2001-02-27,2.01442813873291,3.171875,3.25,3.125,3.246093988418579,684400
2001-02-28,1.9747346639633179,3.109375,3.171875,3.0625,3.15625,200000
2001-03-01,2.0045039653778076,3.15625,3.15625,3.09375,3.109375,300000
2001-03-02,1.9945805072784424,3.140625,3.171875,3.09375,3.109375,251600
2001-03-05,2.0045039653778076,3.15625,3.203125,3.09375,3.09375,870400
2001-03-06,2.01442813873291,3.171875,3.21875,3.140625,3.171875,219200
2001-03-07,2.0640437602996826,3.25,3.28125,3.21875,3.226562976837158,805200
2001-03-08,2.0640437602996826,3.25,3.296875,3.21875,3.21875,1376000
2001-03-09,2.054121255874634,3.234375,3.3125,3.21875,3.28125,322400
2001-03-12,2.0045039653778076,3.15625,3.25,3.15625,3.25,257200
2001-03-13,2.024351119995117,3.1875,3.203125,3.046875,3.140625,365600
2001-03-14,1.9548876285552979,3.078125,3.125,3.0,3.125,447200
2001-03-15,2.054121255874634,3.234375,3.234375,3.03125,3.050781011581421,242800
2001-03-16,1.935041069984436,3.046875,3.234375,3.046875,3.21875,396800
2001-03-19,2.0640437602996826,3.25,3.25,3.03125,3.035156011581421,154800
2001-03-20,1.9945805072784424,3.140625,3.25,3.125,3.25,206800
2001-03-21,1.9548876285552979,3.078125,3.203125,3.03125,3.140625,84400
2001-03-22,1.905271053314209,3.0,3.0625,2.765625,3.046875,209200
2001-03-23,1.875501275062561,2.953125,3.011718988418579,2.859375,3.0,95600
2001-03-26,1.8556548357009888,2.921875,2.984375,2.878906011581421,2.9375,124000
2001-03-27,1.8159617185592651,2.859375,2.9375,2.8125,2.9375,112400
2001-03-28,1.796115517616272,2.828125,2.90625,2.816406011581421,2.816406011581421,171600
2001-03-29,1.726651906967163,2.71875,2.875,2.703125,2.84375,438800
2001-03-30,1.7663458585739136,2.78125,2.828125,2.6875,2.78125,401600
2001-04-02,1.756422758102417,2.765625,2.8125,2.757812976837158,2.785156011581421,209200
2001-04-03,1.7068061828613281,2.6875,2.765625,2.6875,2.765625,246000
2001-04-04,1.7068061828613281,2.6875,2.75,2.6875,2.703125,278400
2001-04-05,1.8655784130096436,2.9375,2.953125,2.671875,2.734375,190000
2001-04-06,1.8457311391830444,2.90625,2.96875,2.898437976837158,2.953125,553600
2001-04-09,1.8751050233840942,2.952500104904175,2.9700000286102295,2.9024999141693115,2.9075000286102295,173600
2001-04-10,1.8862191438674927,2.9700000286102295,3.0,2.9375,2.944999933242798,936400
2001-04-11,1.857640027999878,2.924999952316284,2.990000009536743,2.882499933242798,2.990000009536743,169600
2001-04-12,1.857640027999878,2.924999952316284,2.950000047683716,2.882499933242798,2.932499885559082,207200
2001-04-16,1.8290613889694214,2.880000114440918,2.924999952316284,2.875,2.924999952316284,176800
2001-04-17,1.8893940448760986,2.9749999046325684,3.0,2.762500047683716,2.875,193200
2001-04-18,1.841762661933899,2.9000000953674316,3.077500104904175,2.9000000953674316,3.0,174800
2001-04-19,1.8655784130096436,2.9375,2.950000047683716,2.825000047683716,2.9000000953674316,358800
2001-04-20,1.8893940448760986,2.9749999046325684,2.9825000762939453,2.9375,2.950000047683716,119600
2001-04-23,1.9370259046554565,3.049999952316284,3.069999933242798,2.950000047683716,2.9674999713897705,322400
2001-04-24,2.0640437602996826,3.25,3.265000104904175,3.049999952316284,3.075000047683716,401600
2001-04-25,2.0783329010009766,3.2725000381469727,3.2874999046325684,3.237499952316284,3.240000009536743,420800
2001-04-26,2.1672465801239014,3.4124999046325684,3.4124999046325684,3.259999990463257,3.2725000381469727,422400
2001-04-27,2.205352306365967,3.4725000858306885,3.4725000858306885,3.4149999618530273,3.4175000190734863,1275200
2001-04-30,2.2768001556396484,3.5850000381469727,3.5899999141693115,3.4674999713897705,3.4674999713897705,396400
2001-05-01,2.316493272781372,3.6475000381469727,3.6475000381469727,3.5250000953674316,3.552500009536743,377600
2001-05-02,2.2863259315490723,3.5999999046325684,3.622499942779541,3.547499895095825,3.5875000953674316,417200
2001-05-03,2.2768001556396484,3.5850000381469727,3.694999933242798,3.5374999046325684,3.5875000953674316,545200
2001-05-04,2.357773780822754,3.7125000953674316,3.737499952316284,3.4674999713897705,3.5225000381469727,566800
2001-05-07,2.2863259315490723,3.5999999046325684,3.7174999713897705,3.5999999046325684,3.700000047683716,246000
2001-05-08,2.2704479694366455,3.575000047683716,3.6500000953674316,3.5250000953674316,3.5999999046325684,251200
2001-05-09,2.235518217086792,3.5199999809265137,3.5950000286102295,3.515000104904175,3.567500114440918,187200
2001-05-10,2.2085275650024414,3.4774999618530273,3.549999952316284,3.4625000953674316,3.5174999237060547,252800
2001-05-11,2.1831233501434326,3.4375,3.512500047683716,3.4124999046325684,3.502500057220459,322800
2001-05-14,2.1751856803894043,3.424999952316284,3.4574999809265137,3.4049999713897705,3.424999952316284,190400
2001-05-15,2.2085275650024414,3.4774999618530273,3.490000009536743,3.4124999046325684,3.427500009536743,280800
2001-05-16,2.2275798320770264,3.507499933242798,3.5374999046325684,3.4749999046325684,3.4800000190734863,334800
2001-05-17,2.256159543991089,3.552500009536743,3.577500104904175,3.3450000286102295,3.4625000953674316,335600
2001-05-18,2.237105369567871,3.5225000381469727,3.5625,3.490000009536743,3.555000066757202,104400
2001-05-21,2.2609214782714844,3.559999942779541,3.619999885559082,3.5225000381469727,3.5225000381469727,222800
2001-05-22,2.2625105381011963,3.5625,3.622499942779541,3.5250000953674316,3.567500114440918,303200
2001-05-23,2.1688337326049805,3.4149999618530273,3.557499885559082,3.4000000953674316,3.547499895095825,263200
2001-05-24,2.0703954696655273,3.259999990463257,3.434999942779541,3.177500009536743,3.424999952316284,682000
2001-05-25,2.103736639022827,3.3125,3.315000057220459,3.247499942779541,3.259999990463257,359200
2001-05-29,2.135490655899048,3.362499952316284,3.3924999237060547,3.259999990463257,3.259999990463257,362400
2001-05-30,2.0989749431610107,3.305000066757202,3.4000000953674316,3.305000066757202,3.4000000953674316,418800
2001-05-31,2.194237470626831,3.4549999237060547,3.5,3.315000057220459,3.315000057220459,339200
2001-06-01,2.202176094055176,3.4674999713897705,3.5325000286102295,3.442500114440918,3.4574999809265137,1325200
2001-06-04,2.1958255767822266,3.4574999809265137,3.487499952316284,3.4375,3.4574999809265137,601200
2001-06-05,2.30855393409729,3.634999990463257,3.737499952316284,3.452500104904175,3.5299999713897705,1136000
2001-06-06,2.272035598754883,3.577500104904175,3.6549999713897705,3.5625,3.6500000953674316,966800
2001-06-07,2.294264316558838,3.612499952316284,3.612499952316284,3.5,3.552500009536743,188400
2001-06-08,2.294264316558838,3.612499952316284,3.672499895095825,3.5999999046325684,3.622499942779541,260000
2001-06-11,2.1831233501434326,3.4375,3.619999885559082,3.375,3.615000009536743,360800
2001-06-12,2.2513954639434814,3.5450000762939453,3.5450000762939453,3.432499885559082,3.434999942779541,138800
2001-06-13,2.2180545330047607,3.492500066757202,3.559999942779541,3.484999895095825,3.515000104904175,263200
2001-06-14,2.1751856803894043,3.424999952316284,3.515000104904175,3.4124999046325684,3.497499942779541,210400
2001-06-15,2.1624834537506104,3.4049999713897705,3.5374999046325684,3.4000000953674316,3.4175000190734863,392800
2001-06-18,2.1751856803894043,3.424999952316284,3.4625000953674316,3.4075000286102295,3.4075000286102295,268000
2001-06-19,2.1672465801239014,3.4124999046325684,3.4625000953674316,3.4100000858306885,3.452500104904175,165600
2001-06-20,2.1862990856170654,3.442500114440918,3.4649999141693115,3.4000000953674316,3.4000000953674316,292800
2001-06-21,2.221229314804077,3.497499942779541,3.505000114440918,3.427500009536743,3.440000057220459,302800
2001-06-22,2.06563138961792,3.252500057220459,3.4700000286102295,3.247499942779541,3.4625000953674316,636000
2001-06-25,2.0465800762176514,3.2225000858306885,3.2774999141693115,3.2174999713897705,3.252500057220459,221600
2001-06-26,2.0386412143707275,3.2100000381469727,3.2725000381469727,3.200000047683716,3.237499952316284,372400
2001-06-27,2.0100626945495605,3.1649999618530273,3.262500047683716,3.1624999046325684,3.234999895095825,406000
2001-06-28,2.027526378631592,3.192500114440918,3.2049999237060547,3.1500000953674316,3.190000057220459,300800
2001-06-29,1.9846577644348145,3.125,3.2049999237060547,2.924999952316284,3.200000047683716,834400
2001-07-02,1.9624290466308594,3.0899999141693115,3.125,2.9375,3.0999999046325684,392400
2001-07-03,1.9417890310287476,3.057499885559082,3.1075000762939453,3.0250000953674316,3.0875000953674316,233200
2001-07-05,1.9306751489639282,3.0399999618530273,3.0924999713897705,3.0199999809265137,3.065000057220459,192400
2001-07-06,1.914797067642212,3.015000104904175,3.049999952316284,2.990000009536743,3.0399999618530273,216800
2001-07-09,1.8703409433364868,2.944999933242798,3.015000104904175,2.924999952316284,3.015000104904175,152800
2001-07-10,1.844938039779663,2.9049999713897705,2.997499942779541,2.9024999141693115,2.990000009536743,444000
2001-07-11,1.8354119062423706,2.890000104904175,2.924999952316284,2.875,2.9100000858306885,210000
2001-07-12,1.898921012878418,2.990000009536743,3.0,2.8975000381469727,2.9024999141693115,641200
2001-07-13,1.9290874004364014,3.0374999046325684,3.0399999618530273,2.987499952316284,3.009999990463257,860400
2001-07-16,1.908447504043579,3.005000114440918,3.075000047683716,3.0,3.049999952316284,539200
2001-07-17,1.9100351333618164,3.007499933242798,3.0250000953674316,2.9749999046325684,3.0250000953674316,172000
2001-07-18,1.8512881994247437,2.9149999618530273,3.012500047683716,2.9124999046325684,3.012500047683716,202400
2001-07-19,1.8941563367843628,2.9825000762939453,2.9825000762939453,2.887500047683716,2.9749999046325684,323600
2001-07-20,1.9036842584609985,2.997499942779541,3.012500047683716,2.9024999141693115,2.984999895095825,93600
2001-07-23,1.9576672315597534,3.0824999809265137,3.0924999713897705,3.007499933242798,3.075000047683716,665600
2001-07-24,1.971956491470337,3.1050000190734863,3.122499942779541,3.0250000953674316,3.122499942779541,251200
2001-07-25,2.014824628829956,3.172499895095825,3.172499895095825,3.065000057220459,3.0975000858306885,160000
2001-07-26,1.9560787677764893,3.0799999237060547,3.125,3.0374999046325684,3.0999999046325684,1335200
2001-07-27,1.9402024745941162,3.055000066757202,3.0999999046325684,3.0450000762939453,3.0875000953674316,328000
2001-07-30,1.9529030323028564,3.075000047683716,3.0875000953674316,3.0399999618530273,3.0875000953674316,339200
2001-07-31,2.0164129734039307,3.174999952316284,3.2249999046325684,3.052500009536743,3.075000047683716,1589200
2001-08-01,2.0973873138427734,3.302500009536743,3.302500009536743,3.174999952316284,3.1875,1010800
2001-08-02,2.135490655899048,3.362499952316284,3.390000104904175,3.25,3.302500009536743,3833600
2001-08-03,2.1370794773101807,3.365000009536743,3.380000114440918,3.2874999046325684,3.325000047683716,4210800
2001-08-06,2.0910353660583496,3.2925000190734863,3.384999990463257,3.25,3.3424999713897705,126800
2001-08-07,2.0576930046081543,3.240000009536743,3.3424999713897705,3.1649999618530273,3.3375000953674316,724400
2001-08-08,2.024351119995117,3.1875,3.257499933242798,3.0924999713897705,3.180000066757202,906000
2001-08-09,2.008474349975586,3.1624999046325684,3.2149999141693115,3.112499952316284,3.117500066757202,177600
2001-08-10,2.0179991722106934,3.177500009536743,3.2249999046325684,3.1050000190734863,3.1675000190734863,187600
2001-08-13,2.027526378631592,3.192500114440918,3.2049999237060547,3.109999895095825,3.200000047683716,191600
2001-08-14,2.1021502017974854,3.309999942779541,3.3375000953674316,3.237499952316284,3.3375000953674316,438000
2001-08-15,2.087860345840454,3.2874999046325684,3.3125,3.2699999809265137,3.305000066757202,288000
2001-08-16,2.0926225185394287,3.2950000762939453,3.3125,3.2874999046325684,3.307499885559082,485200
2001-08-17,2.1227900981903076,3.3424999713897705,3.3424999713897705,3.240000009536743,3.322499990463257,234400
2001-08-20,2.1053247451782227,3.315000057220459,3.362499952316284,3.25,3.322499990463257,852000
2001-08-21,2.0989749431610107,3.305000066757202,3.3375000953674316,3.2874999046325684,3.2874999046325684,55200
2001-08-22,2.0942118167877197,3.297499895095825,3.375,3.25,3.362499952316284,882800
2001-08-23,2.0846850872039795,3.2825000286102295,3.369999885559082,3.2774999141693115,3.367500066757202,1092800
2001-08-24,2.170422315597534,3.4175000190734863,3.4175000190734863,3.299999952316284,3.325000047683716,614800
2001-08-27,2.2148783206939697,3.487499952316284,3.507499933242798,3.4124999046325684,3.434999942779541,550000
2001-08-28,2.1688337326049805,3.4149999618530273,3.487499952316284,3.387500047683716,3.484999895095825,117200
2001-08-29,2.184711217880249,3.440000057220459,3.440000057220459,3.3375000953674316,3.390000104904175,510800
2001-08-30,2.087860345840454,3.2874999046325684,3.377500057220459,3.25,3.3375000953674316,575200
2001-08-31,2.119615316390991,3.3375000953674316,3.387500047683716,3.297499895095825,3.375,241600
2001-09-04,2.164069175720215,3.4075000286102295,3.4200000762939453,3.327500104904175,3.327500104904175,424400
2001-09-05,2.2609214782714844,3.559999942779541,3.5625,3.4000000953674316,3.4124999046325684,867600
2001-09-06,2.2498066425323486,3.5425000190734863,3.559999942779541,3.4825000762939453,3.5,1136000
2001-09-07,2.237105369567871,3.5225000381469727,3.737499952316284,3.4100000858306885,3.505000114440918,559600
2001-09-10,2.048166513442993,3.2249999046325684,3.252500057220459,2.8524999618530273,3.25,1060400
2001-09-17,1.8655784130096436,2.9375,3.1624999046325684,2.8575000762939453,3.1050000190734863,1520800
2001-09-18,1.8274734020233154,2.877500057220459,3.0199999809265137,2.875,2.9774999618530273,832400
2001-09-19,1.8179469108581543,2.862499952316284,2.924999952316284,2.6500000953674316,2.9000000953674316,1325600
2001-09-20,1.6178927421569824,2.547499895095825,2.7249999046325684,2.512500047683716,2.6875,330800
2001-09-21,1.5385065078735352,2.422499895095825,2.612499952316284,2.3375000953674316,2.3499999046325684,457600
2001-09-24,1.6353579759597778,2.575000047683716,2.5999999046325684,2.3499999046325684,2.387500047683716,522400
2001-09-25,1.6528241634368896,2.6024999618530273,2.75,2.502500057220459,2.5999999046325684,414400
2001-09-26,1.5162785053253174,2.387500047683716,2.6875,2.372499942779541,2.6875,812400
2001-09-27,1.4924620389938354,2.3499999046325684,2.490000009536743,2.2325000762939453,2.484999895095825,2394400
2001-09-28,1.5702606439590454,2.4725000858306885,2.4725000858306885,2.317500114440918,2.4375,425200
2001-10-01,1.6512353420257568,2.5999999046325684,2.734999895095825,2.5999999046325684,2.622499942779541,1265200
2001-10-02,1.603603720664978,2.5250000953674316,2.619999885559082,2.487499952316284,2.549999952316284,254000
2001-10-03,1.6528241634368896,2.6024999618530273,2.6475000381469727,2.4149999618530273,2.4774999618530273,161600
2001-10-04,1.6290066242218018,2.565000057220459,2.6050000190734863,2.5,2.6050000190734863,321200
2001-10-05,1.5861384868621826,2.497499942779541,2.625,2.422499895095825,2.625,666000
2001-10-08,1.4972257614135742,2.3575000762939453,2.507499933242798,2.3125,2.497499942779541,271600
2001-10-09,1.5178663730621338,2.390000104904175,2.442500114440918,2.25,2.442500114440918,226800
2001-10-10,1.5750247240066528,2.4800000190734863,2.4825000762939453,2.375,2.440000057220459,1066800
2001-10-11,1.5940778255462646,2.509999990463257,2.5199999809265137,2.3975000381469727,2.490000009536743,211600
2001-10-12,1.5718493461608887,2.4749999046325684,2.5250000953674316,2.4124999046325684,2.5,474000
2001-10-15,1.5861384868621826,2.497499942779541,2.5,2.4000000953674316,2.5,1162000
2001-10-16,1.5877264738082886,2.5,2.507499933242798,2.4200000762939453,2.497499942779541,324400
2001-10-17,1.603603720664978,2.5250000953674316,2.5850000381469727,2.490000009536743,2.5299999713897705,376000
2001-10-18,1.543270230293274,2.430000066757202,2.4749999046325684,2.3975000381469727,2.4625000953674316,134400
2001-10-19,1.6163057088851929,2.5450000762939453,2.5450000762939453,2.4124999046325684,2.4749999046325684,717200
2001-10-22,1.7147446870803833,2.700000047683716,2.7249999046325684,2.4375,2.4375,498800
2001-10-23,1.6750514507293701,2.637500047683716,2.7750000953674316,2.637500047683716,2.7249999046325684,420800
2001-10-24,1.6956912279129028,2.6700000762939453,2.7125000953674316,2.549999952316284,2.700000047683716,392800
2001-10-25,1.6750514507293701,2.637500047683716,2.75,2.5950000286102295,2.6424999237060547,228800
2001-10-26,1.7226824760437012,2.7125000953674316,2.7850000858306885,2.619999885559082,2.619999885559082,222000
2001-10-29,1.6274187564849854,2.5625,2.797499895095825,2.549999952316284,2.672499895095825,347600
2001-10-30,1.6464719772338867,2.5924999713897705,2.6424999237060547,2.5450000762939453,2.6075000762939453,131600
2001-10-31,1.6512353420257568,2.5999999046325684,2.625,2.5399999618530273,2.547499895095825,295600
2001-11-01,1.6671125888824463,2.625,2.632499933242798,2.5799999237060547,2.5875000953674316,230400
2001-11-02,1.6623494625091553,2.617500066757202,2.702500104904175,2.6050000190734863,2.6050000190734863,151600
2001-11-05,1.6909282207489014,2.6624999046325684,2.752500057220459,2.617500066757202,2.617500066757202,220000
2001-11-06,1.7417365312576294,2.742500066757202,2.755000114440918,2.5999999046325684,2.627500057220459,264400
2001-11-07,1.6845766305923462,2.6524999141693115,2.7274999618530273,2.625,2.7274999618530273,199200
2001-11-08,1.622656226158142,2.555000066757202,2.6549999713897705,2.5274999141693115,2.6549999713897705,154400
2001-11-09,1.603603720664978,2.5250000953674316,2.5350000858306885,2.4375,2.5325000286102295,961600
2001-11-12,1.5877264738082886,2.5,2.5225000381469727,2.4749999046325684,2.497499942779541,156000
2001-11-13,1.6369457244873047,2.577500104904175,2.5824999809265137,2.4749999046325684,2.502500057220459,407600
2001-11-14,1.6925166845321655,2.6649999618530273,2.680000066757202,2.5225000381469727,2.5274999141693115,474400
2001-11-15,1.6528241634368896,2.6024999618530273,2.674999952316284,2.575000047683716,2.5999999046325684,270800
2001-11-16,1.670288324356079,2.630000114440918,2.674999952316284,2.567500114440918,2.567500114440918,270400
2001-11-19,1.703629732131958,2.682499885559082,2.684999942779541,2.559999942779541,2.5850000381469727,462800
2001-11-20,1.6417087316513062,2.5850000381469727,2.634999990463257,2.549999952316284,2.5850000381469727,1259600
2001-11-21,1.7131569385528564,2.697499990463257,2.8475000858306885,2.5875000953674316,2.615000009536743,6098400
2001-11-23,1.7417365312576294,2.742500066757202,2.805000066757202,2.7249999046325684,2.7750000953674316,326000
2001-11-26,1.717920184135437,2.7049999237060547,2.8125,2.692500114440918,2.809999942779541,636000
2001-11-27,1.6956912279129028,2.6700000762939453,2.765000104904175,2.6624999046325684,2.762500047683716,768000
2001-11-28,1.5861384868621826,2.497499942779541,2.6649999618530273,2.497499942779541,2.6624999046325684,460400
2001-11-29,1.6178927421569824,2.547499895095825,2.5850000381469727,2.487499952316284,2.5824999809265137,591200
2001-11-30,1.6321818828582764,2.569999933242798,2.5899999141693115,2.502500057220459,2.505000114440918,357200
2001-12-03,1.6401207447052002,2.5824999809265137,2.619999885559082,2.5274999141693115,2.5274999141693115,274800
2001-12-04,1.6861661672592163,2.6549999713897705,2.6875,2.612499952316284,2.622499942779541,764000
2001-12-05,1.810006856918335,2.8499999046325684,2.9774999618530273,2.762500047683716,2.875,7082400
2001-12-06,1.8211232423782349,2.867500066757202,2.9000000953674316,2.7874999046325684,2.9000000953674316,1362400
2001-12-07,1.8258851766586304,2.875,2.9175000190734863,2.8375000953674316,2.869999885559082,1785200
2001-12-10,1.74649977684021,2.75,2.8499999046325684,2.740000009536743,2.8450000286102295,441600
2001-12-11,1.7766656875610352,2.797499895095825,2.809999942779541,2.737499952316284,2.797499895095825,359600
2001-12-12,1.7401480674743652,2.740000009536743,2.825000047683716,2.740000009536743,2.7899999618530273,308400
2001-12-13,1.6925166845321655,2.6649999618530273,2.762500047683716,2.632499933242798,2.742500066757202,718400
2001-12-14,1.7353852987289429,2.7325000762939453,2.75,2.6624999046325684,2.702500104904175,879600
2001-12-17,1.759201169013977,2.7699999809265137,2.7874999046325684,2.7174999713897705,2.7174999713897705,603200
2001-12-18,1.7782536745071411,2.799999952316284,2.8475000858306885,2.7750000953674316,2.7874999046325684,806400
2001-12-19,1.7433228492736816,2.744999885559082,2.8450000286102295,2.5625,2.799999952316284,1797600
2001-12-20,1.7607886791229248,2.7725000381469727,2.799999952316284,2.737499952316284,2.740000009536743,757200
2001-12-21,1.7861920595169067,2.8125,2.822499990463257,2.765000104904175,2.797499895095825,776000
2001-12-24,1.8036574125289917,2.8399999141693115,2.8975000381469727,2.7950000762939453,2.7950000762939453,391200
2001-12-26,1.8179469108581543,2.862499952316284,2.875,2.8125,2.8125,342400
2001-12-27,1.8687536716461182,2.942500114440918,3.009999990463257,2.8575000762939453,2.859999895095825,548400
2001-12-28,1.7623767852783203,2.7750000953674316,2.987499952316284,2.7750000953674316,2.930000066757202,421200
2001-12-31,1.8433512449264526,2.9024999141693115,2.9375,2.755000114440918,2.765000104904175,694000
2002-01-02,1.8560519218444824,2.922499895095825,2.950000047683716,2.8524999618530273,2.924999952316284,1022800
2002-01-03,1.8401747941970825,2.8975000381469727,2.950000047683716,2.8499999046325684,2.887500047683716,673200
2002-01-04,1.8687536716461182,2.942500114440918,2.9674999713897705,2.869999885559082,2.9100000858306885,1149200
2002-01-07,1.905271053314209,3.0,3.0,2.9049999713897705,2.9725000858306885,1057600
2002-01-08,1.9687800407409668,3.0999999046325684,3.1500000953674316,2.950000047683716,2.950000047683716,1342400
2002-01-09,2.0640437602996826,3.25,3.384999990463257,3.0975000858306885,3.0999999046325684,2052000
2002-01-10,2.06563138961792,3.252500057220459,3.317500114440918,3.237499952316284,3.3125,1857600
2002-01-11,2.060868740081787,3.244999885559082,3.3125,3.2274999618530273,3.259999990463257,685200
2002-01-14,1.9529030323028564,3.075000047683716,3.25,3.059999942779541,3.237499952316284,1190000
2002-01-15,1.9830703735351562,3.122499942779541,3.1875,3.0875000953674316,3.137500047683716,526400
2002-01-16,1.9767194986343384,3.112499952316284,3.125,3.0824999809265137,3.0899999141693115,240800
2002-01-17,2.0307013988494873,3.197499990463257,3.240000009536743,3.0625,3.0625,220000
2002-01-18,2.0386412143707275,3.2100000381469727,3.315000057220459,3.1600000858306885,3.2225000858306885,475200
2002-01-22,2.0640437602996826,3.25,3.2950000762939453,3.177500009536743,3.180000066757202,934800
2002-01-23,2.1259655952453613,3.3475000858306885,3.372499942779541,3.25,3.265000104904175,456400
2002-01-24,2.079921245574951,3.2750000953674316,3.4000000953674316,3.265000104904175,3.327500104904175,651600
2002-01-25,2.111675500869751,3.325000047683716,3.3375000953674316,3.2750000953674316,3.2750000953674316,720000
2002-01-28,2.1323163509368896,3.3575000762939453,3.375,3.3125,3.319999933242798,288800
2002-01-29,2.119615316390991,3.3375000953674316,3.375,3.2674999237060547,3.3550000190734863,582000
2002-01-30,2.1291403770446777,3.3524999618530273,3.387500047683716,3.25,3.2799999713897705,532000
2002-01-31,2.173597574234009,3.422499895095825,3.442500114440918,3.3375000953674316,3.3975000381469727,1738800
2002-02-01,2.1243784427642822,3.3450000286102295,3.4625000953674316,3.3125,3.4175000190734863,816000
2002-02-04,2.014824628829956,3.172499895095825,3.375,3.1549999713897705,3.369999885559082,850800
2002-02-05,2.032289981842041,3.200000047683716,3.25,3.055000066757202,3.137500047683716,1525600
2002-02-06,2.002121925354004,3.1524999141693115,3.237499952316284,3.049999952316284,3.049999952316284,569200
2002-02-07,1.9846577644348145,3.125,3.182499885559082,3.075000047683716,3.137500047683716,580000
2002-02-08,1.9767194986343384,3.112499952316284,3.112499952316284,3.049999952316284,3.0999999046325684,732400
2002-02-11,2.0957982540130615,3.299999952316284,3.305000066757202,3.0999999046325684,3.112499952316284,814400
2002-02-12,2.073570489883423,3.265000104904175,3.2774999141693115,3.1875,3.255000114440918,166800
2002-02-13,2.1577205657958984,3.3975000381469727,3.4124999046325684,3.2249999046325684,3.2850000858306885,1144400
2002-02-14,2.1624834537506104,3.4049999713897705,3.4375,3.299999952316284,3.4024999141693115,790400
2002-02-15,2.1751856803894043,3.424999952316284,3.497499942779541,3.2950000762939453,3.3499999046325684,1237600
2002-02-19,2.014824628829956,3.172499895095825,3.375,3.0875000953674316,3.375,779200
2002-02-20,2.024351119995117,3.1875,3.299999952316284,3.115000009536743,3.25,1382000
2002-02-21,2.079921245574951,3.2750000953674316,3.362499952316284,3.172499895095825,3.200000047683716,1270000
2002-02-22,2.1434309482574463,3.375,3.375,3.2750000953674316,3.3499999046325684,733200
2002-02-25,2.1720104217529297,3.4200000762939453,3.4725000858306885,3.325000047683716,3.372499942779541,1811200
2002-02-26,2.2005884647369385,3.4649999141693115,3.5,3.365000009536743,3.367500066757202,377200
2002-02-27,2.257746458053589,3.555000066757202,3.567500114440918,3.442500114440918,3.492500066757202,606800
2002-02-28,2.1577205657958984,3.3975000381469727,3.5399999618530273,3.3450000286102295,3.5399999618530273,1236000
2002-03-01,2.1672465801239014,3.4124999046325684,3.424999952316284,3.255000114440918,3.422499895095825,668000
2002-03-04,2.2132906913757324,3.484999895095825,3.5299999713897705,3.382499933242798,3.384999990463257,591600
2002-03-05,2.103736639022827,3.3125,3.497499942779541,3.172499895095825,3.497499942779541,1077200
2002-03-06,2.2688608169555664,3.572499990463257,3.575000047683716,3.3399999141693115,3.3499999046325684,1259200
2002-03-07,2.3022029399871826,3.625,3.625,3.434999942779541,3.567500114440918,1590000
2002-03-08,2.3561859130859375,3.7100000381469727,3.7249999046325684,3.612499952316284,3.612499952316284,1436400
2002-03-11,2.3657124042510986,3.7249999046325684,3.747499942779541,3.674999952316284,3.690000057220459,564800
2002-03-12,2.357773780822754,3.7125000953674316,3.7274999618530273,3.6875,3.7100000381469727,594800
2002-03-13,2.3371329307556152,3.680000066757202,3.7225000858306885,3.674999952316284,3.7225000858306885,848800
2002-03-14,2.332369327545166,3.672499895095825,3.7300000190734863,3.6700000762939453,3.7174999713897705,946400
2002-03-15,2.445098638534546,3.8499999046325684,3.8524999618530273,3.677500009536743,3.680000066757202,1746000
2002-03-18,2.567352771759033,4.042500019073486,4.050000190734863,3.8499999046325684,3.862499952316284,2758400
2002-03-19,2.600696086883545,4.09499979019165,4.125,3.9649999141693115,4.0625,915600
2002-03-20,2.543538808822632,4.005000114440918,4.105000019073486,3.9774999618530273,4.072500228881836,1362400
2002-03-21,2.6197478771209717,4.125,4.197500228881836,4.007500171661377,4.019999980926514,2596400
2002-03-22,2.6324501037597656,4.144999980926514,4.222499847412109,4.114999771118164,4.152500152587891,1315600
2002-03-25,2.6149847507476807,4.117499828338623,4.175000190734863,4.087500095367432,4.172500133514404,1644000
2002-03-26,2.6435630321502686,4.162499904632568,4.199999809265137,4.132500171661377,4.132500171661377,1875600
2002-03-27,2.6086337566375732,4.107500076293945,4.210000038146973,4.09250020980835,4.164999961853027,3598000
2002-03-28,2.6054575443267822,4.102499961853027,4.195000171661377,4.065000057220459,4.082499980926514,1132000
2002-04-01,2.6546778678894043,4.179999828338623,4.210000038146973,4.057499885559082,4.087500095367432,995600
2002-04-02,2.653090476989746,4.177499771118164,4.207499980926514,4.112500190734863,4.150000095367432,529600
2002-04-03,2.665792942047119,4.197500228881836,4.230000019073486,4.137499809265137,4.1875,1155600
2002-04-04,2.684845447540283,4.227499961853027,4.275000095367432,4.175000190734863,4.197500228881836,1172000
2002-04-05,2.7785210609436035,4.375,4.434999942779541,4.25,4.255000114440918,1813200
2002-04-08,2.8436191082000732,4.477499961853027,4.497499942779541,4.25,4.375,2357600
2002-04-09,2.7959866523742676,4.402500152587891,4.5,4.355000019073486,4.497499942779541,1628800
2002-04-10,2.908715009689331,4.579999923706055,4.610000133514404,4.332499980926514,4.402500152587891,2910000
2002-04-11,2.889662504196167,4.550000190734863,4.715000152587891,4.487500190734863,4.574999809265137,1354400
2002-04-12,2.961109161376953,4.662499904632568,4.662499904632568,4.489999771118164,4.559999942779541,1219600
2002-04-15,2.9595229625701904,4.659999847412109,4.675000190734863,4.5,4.610000133514404,1473200
2002-04-16,2.9896891117095947,4.707499980926514,4.727499961853027,4.587500095367432,4.625,1283600
2002-04-17,3.0055665969848633,4.732500076293945,4.824999809265137,4.644999980926514,4.775000095367432,1470800
2002-04-18,2.9134771823883057,4.587500095367432,4.715000152587891,4.400000095367432,4.710000038146973,1638400
2002-04-19,2.7388288974761963,4.3125,4.497499942779541,4.247499942779541,4.449999809265137,2736800
2002-04-22,2.692784070968628,4.239999771118164,4.340000152587891,4.137499809265137,4.337500095367432,1407600
2002-04-23,2.7769336700439453,4.372499942779541,4.372499942779541,4.025000095367432,4.144999980926514,1599200
2002-04-24,2.7150113582611084,4.275000095367432,4.377500057220459,4.252500057220459,4.369999885559082,873600
2002-04-25,2.6864326000213623,4.230000019073486,4.28249979019165,4.177499771118164,4.28249979019165,1328000
2002-04-26,2.672142267227173,4.207499980926514,4.28000020980835,4.159999847412109,4.159999847412109,726800
2002-04-29,2.7086617946624756,4.264999866485596,4.362500190734863,4.244999885559082,4.28249979019165,1402400
2002-04-30,2.7705819606781006,4.362500190734863,4.362500190734863,4.275000095367432,4.322500228881836,902000
2002-05-01,2.730889081954956,4.300000190734863,4.362500190734863,4.212500095367432,4.300000190734863,745600
2002-05-02,2.78169584274292,4.380000114440918,4.389999866485596,4.232500076293945,4.327499866485596,2399600
2002-05-03,2.7928106784820557,4.397500038146973,4.434999942779541,4.295000076293945,4.297500133514404,1637200
2002-05-06,2.7705819606781006,4.362500190734863,4.457499980926514,4.355000019073486,4.397500038146973,1662800
2002-05-07,2.726125478744507,4.292500019073486,4.46999979019165,4.28249979019165,4.445000171661377,1110000
2002-05-08,2.794398546218872,4.400000095367432,4.449999809265137,4.242499828338623,4.375,1929600
2002-05-09,2.79122257232666,4.394999980926514,4.449999809265137,4.337500095367432,4.427499771118164,896400
2002-05-10,2.7054853439331055,4.260000228881836,4.422500133514404,4.25,4.375,1113200
2002-05-13,2.753117561340332,4.335000038146973,4.369999885559082,4.237500190734863,4.252500057220459,1139200
2002-05-14,2.7769336700439453,4.372499942779541,4.387499809265137,4.25,4.287499904632568,732400
2002-05-15,2.7372405529022217,4.309999942779541,4.400000095367432,4.275000095367432,4.367499828338623,1017600
2002-05-16,2.79122257232666,4.394999980926514,4.449999809265137,4.277500152587891,4.337500095367432,1068400
2002-05-17,2.789634943008423,4.392499923706055,4.434999942779541,4.3125,4.40749979019165,3364000
2002-05-20,2.816624879837036,4.434999942779541,4.440000057220459,4.335000038146973,4.387499809265137,1344800
2002-05-21,2.876960277557373,4.53000020980835,4.53000020980835,4.385000228881836,4.434999942779541,1913200
2002-05-22,2.8467931747436523,4.482500076293945,4.550000190734863,4.380000114440918,4.382500171661377,1846400
2002-05-23,2.8848984241485596,4.542500019073486,4.585000038146973,4.465000152587891,4.487500190734863,1780800
2002-05-24,2.849968433380127,4.487500190734863,4.5625,4.474999904632568,4.537499904632568,1111600
2002-05-28,2.927767276763916,4.610000133514404,4.612500190734863,4.400000095367432,4.487500190734863,1933200
2002-05-29,2.8420283794403076,4.474999904632568,4.519999980926514,4.4375,4.474999904632568,1119200
2002-05-30,2.8340914249420166,4.462500095367432,4.557499885559082,4.447500228881836,4.492499828338623,2088400
2002-05-31,2.8293282985687256,4.454999923706055,4.554999828338623,4.449999809265137,4.457499980926514,1602800
2002-06-03,2.85632061958313,4.497499942779541,4.5,4.447500228881836,4.5,1386800
2002-06-04,2.8340914249420166,4.462500095367432,4.512499809265137,4.422500133514404,4.512499809265137,1949200
2002-06-05,2.85632061958313,4.497499942779541,4.550000190734863,4.425000190734863,4.472499847412109,1551600
2002-06-06,2.8198015689849854,4.440000057220459,4.587500095367432,4.440000057220459,4.497499942779541,776400
2002-06-07,2.8102755546569824,4.425000190734863,4.449999809265137,4.375,4.400000095367432,683600
2002-06-10,2.7785210609436035,4.375,4.454999923706055,4.337500095367432,4.425000190734863,930800
2002-06-11,2.7483534812927246,4.327499866485596,4.492499828338623,4.324999809265137,4.352499961853027,1276800
2002-06-12,2.727713108062744,4.295000076293945,4.447500228881836,4.292500019073486,4.327499866485596,1208000
2002-06-13,2.7293009757995605,4.297500133514404,4.385000228881836,4.227499961853027,4.287499904632568,420400
2002-06-14,2.7562928199768066,4.340000152587891,4.364999771118164,4.210000038146973,4.3125,906800
2002-06-17,2.699134349822998,4.25,4.367499828338623,4.099999904632568,4.25,2147200
2002-06-18,2.7102484703063965,4.267499923706055,4.300000190734863,4.202499866485596,4.247499942779541,838800
2002-06-19,2.6324501037597656,4.144999980926514,4.40749979019165,4.132500171661377,4.28249979019165,936800
2002-06-20,2.6832568645477295,4.224999904632568,4.262499809265137,4.125,4.207499980926514,1712000
2002-06-21,2.6642043590545654,4.195000171661377,4.287499904632568,4.15749979019165,4.272500038146973,2947200
2002-06-24,2.6673800945281982,4.199999809265137,4.227499961853027,4.137499809265137,4.175000190734863,2450800
2002-06-25,2.6086337566375732,4.107500076293945,4.235000133514404,4.065000057220459,4.177499771118164,1080400
2002-06-26,2.5530636310577393,4.019999980926514,4.087500095367432,3.8125,4.057499885559082,2364400
2002-06-27,2.6197478771209717,4.125,4.125,3.950000047683716,4.027500152587891,946000
2002-06-28,2.6149847507476807,4.117499828338623,4.164999961853027,4.037499904632568,4.122499942779541,3146800
2002-07-01,2.5387747287750244,3.997499942779541,4.199999809265137,3.9774999618530273,4.074999809265137,743600
2002-07-02,2.537187337875366,3.994999885559082,4.072500228881836,3.9749999046325684,4.0,702000
2002-07-03,2.50543212890625,3.944999933242798,4.025000095367432,3.875,3.997499942779541,641600
2002-07-05,2.6499152183532715,4.172500133514404,4.175000190734863,3.940000057220459,3.944999933242798,245200
2002-07-08,2.7229514122009277,4.287499904632568,4.324999809265137,4.147500038146973,4.182499885559082,1377200
2002-07-09,2.807100534439087,4.420000076293945,4.585000038146973,4.297500133514404,4.297500133514404,7137600
2002-07-10,2.7610559463500977,4.347499847412109,4.474999904632568,4.289999961853027,4.474999904632568,2156400
2002-07-11,2.8340914249420166,4.462500095367432,4.599999904632568,4.252500057220459,4.494999885559082,7999200
2002-07-12,2.730889081954956,4.300000190734863,4.5,4.112500190734863,4.494999885559082,2217600
2002-07-15,2.6483266353607178,4.170000076293945,4.324999809265137,3.950000047683716,4.307499885559082,1140400
2002-07-16,2.7150113582611084,4.275000095367432,4.347499847412109,4.114999771118164,4.150000095367432,3619600
2002-07-17,2.699134349822998,4.25,4.324999809265137,4.242499828338623,4.295000076293945,2566400
2002-07-18,2.6515023708343506,4.175000190734863,4.329999923706055,4.175000190734863,4.284999847412109,1596400
2002-07-19,2.5959322452545166,4.087500095367432,4.182499885559082,4.002500057220459,4.172500133514404,1691200
2002-07-22,2.527660608291626,3.9800000190734863,4.112500190734863,3.9124999046325684,4.050000190734863,2402800
2002-07-23,2.54036283493042,4.0,4.014999866485596,3.9124999046325684,3.987499952316284,3279600
2002-07-24,2.621335983276367,4.127500057220459,4.25,3.862499952316284,3.9625000953674316,3156800
2002-07-25,2.5943443775177,4.085000038146973,4.1875,3.927500009536743,4.074999809265137,3241200
2002-07-26,2.621335983276367,4.127500057220459,4.184999942779541,4.010000228881836,4.09499979019165,1156400
2002-07-29,2.772169828414917,4.364999771118164,4.375,4.099999904632568,4.172500133514404,1897200
2002-07-30,2.689608573913574,4.235000133514404,4.362500190734863,4.15749979019165,4.257500171661377,1764400
2002-07-31,2.702310085296631,4.255000114440918,4.322500228881836,4.137499809265137,4.1875,831200
2002-08-01,2.759467840194702,4.34499979019165,4.380000114440918,4.28249979019165,4.28249979019165,1901600
2002-08-02,2.5657660961151123,4.039999961853027,4.362500190734863,4.039999961853027,4.362500190734863,1680400
2002-08-05,2.4435105323791504,3.8475000858306885,4.087500095367432,3.8424999713897705,4.037499904632568,1524000
2002-08-06,2.534010648727417,3.990000009536743,4.112500190734863,3.8524999618530273,3.8575000762939453,2088800
2002-08-07,2.50543212890625,3.944999933242798,4.045000076293945,3.9200000762939453,3.997499942779541,1423600
2002-08-08,2.5911691188812256,4.079999923706055,4.172500133514404,3.9200000762939453,3.944999933242798,1269600
2002-08-09,2.580054521560669,4.0625,4.162499904632568,3.992500066757202,3.994999885559082,837600
2002-08-12,2.638801336288452,4.15500020980835,4.212500095367432,4.027500152587891,4.059999942779541,1143200
2002-08-13,2.5911691188812256,4.079999923706055,4.195000171661377,4.037499904632568,4.150000095367432,1108000
2002-08-14,2.5784671306610107,4.059999942779541,4.074999809265137,3.884999990463257,4.065000057220459,1028400
2002-08-15,2.4863791465759277,3.9149999618530273,4.079999923706055,3.867500066757202,4.059999942779541,1204000
2002-08-16,2.362536907196045,3.7200000286102295,3.9000000953674316,3.622499942779541,3.882499933242798,5379200
2002-08-19,2.502255439758301,3.940000057220459,3.9725000858306885,3.700000047683716,3.742500066757202,2268000
2002-08-20,2.492729425430298,3.924999952316284,3.924999952316284,3.8499999046325684,3.924999952316284,1829600
2002-08-21,2.4609761238098145,3.875,4.03000020980835,3.7850000858306885,3.922499895095825,686800
2002-08-22,2.391116142272949,3.765000104904175,3.9124999046325684,3.762500047683716,3.875,1196400
2002-08-23,2.303791046142578,3.627500057220459,3.7699999809265137,3.492500066757202,3.6600000858306885,2244000
2002-08-26,2.238694429397583,3.5250000953674316,3.622499942779541,3.515000104904175,3.565000057220459,2321200
2002-08-27,2.1958255767822266,3.4574999809265137,3.75,3.434999942779541,3.557499885559082,5408000
2002-08-28,1.9068591594696045,3.002500057220459,3.549999952316284,2.869999885559082,3.452500104904175,8052800
2002-08-29,1.8401747941970825,2.8975000381469727,3.0199999809265137,2.875,2.9625000953674316,3563200
2002-08-30,1.9195609092712402,3.0225000381469727,3.059999942779541,2.942500114440918,2.997499942779541,3686800
2002-09-03,1.7496744394302368,2.755000114440918,3.0199999809265137,2.744999885559082,3.0199999809265137,7125600
2002-09-04,1.8163589239120483,2.859999895095825,2.859999895095825,2.6524999141693115,2.6875,2752400
2002-09-05,1.8401747941970825,2.8975000381469727,2.940000057220459,2.799999952316284,2.8324999809265137,3228800
2002-09-06,1.9306751489639282,3.0399999618530273,3.0625,2.887500047683716,2.8975000381469727,1979600
2002-09-09,1.986245036125183,3.127500057220459,3.1875,2.987499952316284,3.009999990463257,2218400
2002-09-10,2.037052631378174,3.2074999809265137,3.3524999618530273,3.112499952316284,3.127500057220459,2644400
2002-09-11,1.9973602294921875,3.1449999809265137,3.2200000286102295,3.0999999046325684,3.2200000286102295,2003200
2002-09-12,2.3466594219207764,3.694999933242798,3.757499933242798,3.4749999046325684,3.5899999141693115,9118800
2002-09-13,2.3339574337005615,3.674999952316284,3.737499952316284,3.637500047683716,3.700000047683716,3290000
2002-09-16,2.3244309425354004,3.6600000858306885,3.700000047683716,3.555000066757202,3.6675000190734863,2013600
2002-09-17,2.300614595413208,3.622499942779541,3.6624999046325684,3.5875000953674316,3.640000104904175,3294000
2002-09-18,2.1497819423675537,3.384999990463257,3.625,3.3499999046325684,3.6075000762939453,2890400
2002-09-19,2.151369333267212,3.387500047683716,3.5,3.307499885559082,3.367500066757202,2551200
2002-09-20,2.2196407318115234,3.494999885559082,3.5199999809265137,3.4175000190734863,3.505000114440918,2114000
2002-09-23,2.0672197341918945,3.255000114440918,3.382499933242798,3.1575000286102295,3.372499942779541,4662400
2002-09-24,2.0529301166534424,3.2325000762939453,3.375,3.1700000762939453,3.2300000190734863,1774400
2002-09-25,2.0910353660583496,3.2925000190734863,3.3499999046325684,3.257499933242798,3.257499933242798,1664000
2002-09-26,2.103736639022827,3.3125,3.3424999713897705,3.252500057220459,3.305000066757202,1312000
2002-09-27,2.0973873138427734,3.302500009536743,3.375,3.265000104904175,3.3324999809265137,1085200
2002-09-30,2.0783329010009766,3.2725000381469727,3.302500009536743,3.1700000762939453,3.302500009536743,931600
2002-10-01,2.110088348388672,3.322499990463257,3.325000047683716,3.2149999141693115,3.299999952316284,1406800
2002-10-02,2.087860345840454,3.2874999046325684,3.4124999046325684,3.2274999618530273,3.297499895095825,2816800
2002-10-03,2.121201515197754,3.3399999141693115,3.384999990463257,3.2725000381469727,3.2874999046325684,950400
2002-10-04,2.1386663913726807,3.367500066757202,3.367500066757202,3.247499942779541,3.3450000286102295,790400
2002-10-07,2.048166513442993,3.2249999046325684,3.3975000381469727,3.200000047683716,3.375,1371600
2002-10-08,2.0592806339263916,3.242500066757202,3.3125,3.194999933242798,3.307499885559082,1328400
2002-10-09,1.8925690650939941,2.9800000190734863,3.262500047683716,2.9700000286102295,3.2249999046325684,1484000
2002-10-10,1.971956491470337,3.1050000190734863,3.2174999713897705,2.9574999809265137,2.987499952316284,1195600
2002-10-11,1.971956491470337,3.1050000190734863,3.242500066757202,3.055000066757202,3.2249999046325684,1261200
2002-10-14,2.027526378631592,3.192500114440918,3.2249999046325684,3.0250000953674316,3.0999999046325684,1893600
2002-10-15,2.073570489883423,3.265000104904175,3.382499933242798,3.192500114440918,3.377500057220459,2476800
2002-10-16,2.0640437602996826,3.25,3.325000047683716,3.125,3.2874999046325684,1223600
2002-10-17,2.032289981842041,3.200000047683716,3.3499999046325684,3.0199999809265137,3.299999952316284,2240800
2002-10-18,2.0957982540130615,3.299999952316284,3.3375000953674316,3.192500114440918,3.2249999046325684,1724400
2002-10-21,2.1386663913726807,3.367500066757202,3.3975000381469727,3.252500057220459,3.252500057220459,1101200
2002-10-22,2.0942118167877197,3.297499895095825,3.3924999237060547,3.262500047683716,3.384999990463257,702400
2002-10-23,2.087860345840454,3.2874999046325684,3.362499952316284,3.2225000858306885,3.262500047683716,888800
2002-10-24,2.1370794773101807,3.365000009536743,3.447499990463257,3.2874999046325684,3.305000066757202,1661200
2002-10-25,2.1751856803894043,3.424999952316284,3.424999952316284,3.299999952316284,3.362499952316284,719200
2002-10-28,2.0926225185394287,3.2950000762939453,3.375,3.2725000381469727,3.375,608800
2002-10-29,2.086273670196533,3.2850000858306885,3.3350000381469727,3.190000057220459,3.2850000858306885,903200
2002-10-30,2.0815083980560303,3.2774999141693115,3.3125,3.1624999046325684,3.2750000953674316,768000
2002-10-31,2.0688071250915527,3.257499933242798,3.325000047683716,3.190000057220459,3.2725000381469727,849200
2002-11-01,2.0957982540130615,3.299999952316284,3.3375000953674316,3.25,3.25,1271200
2002-11-04,2.1386663913726807,3.367500066757202,3.4049999713897705,3.325000047683716,3.3324999809265137,818000
2002-11-05,2.1021502017974854,3.309999942779541,3.375,3.259999990463257,3.375,1260400
2002-11-06,2.2005884647369385,3.4649999141693115,3.484999895095825,3.2774999141693115,3.2774999141693115,1314800
2002-11-07,2.110088348388672,3.322499990463257,3.4749999046325684,3.319999933242798,3.4749999046325684,656400
2002-11-08,2.087860345840454,3.2874999046325684,3.3499999046325684,3.262500047683716,3.3499999046325684,901600
2002-11-11,2.0783329010009766,3.2725000381469727,3.3375000953674316,3.2125000953674316,3.2125000953674316,1810400
2002-11-12,2.0576930046081543,3.240000009536743,3.380000114440918,3.240000009536743,3.2899999618530273,807200
2002-11-13,2.037052631378174,3.2074999809265137,3.2750000953674316,3.0924999713897705,3.2750000953674316,1520800
2002-11-14,2.0894477367401123,3.2899999618530273,3.299999952316284,3.1424999237060547,3.2274999618530273,989600
2002-11-15,2.083096981048584,3.2799999713897705,3.3499999046325684,3.262500047683716,3.3125,958800
2002-11-18,2.032289981842041,3.200000047683716,3.3450000286102295,3.1675000190734863,3.2874999046325684,912000
2002-11-19,2.0164129734039307,3.174999952316284,3.237499952316284,3.1524999141693115,3.1875,982000
2002-11-20,2.0354650020599365,3.2049999237060547,3.237499952316284,3.130000114440918,3.200000047683716,623200
2002-11-21,2.2005884647369385,3.4649999141693115,3.5,3.1875,3.1875,1442000
2002-11-22,2.14184308052063,3.372499942779541,3.4749999046325684,3.309999942779541,3.4049999713897705,718000
2002-11-25,2.1339032649993896,3.359999895095825,3.505000114440918,3.3125,3.315000057220459,1353200
2002-11-26,2.1720104217529297,3.4200000762939453,3.4375,3.307499885559082,3.3575000762939453,950400
2002-11-27,2.259333848953247,3.557499885559082,3.577500104904175,3.377500057220459,3.4375,1135600
2002-11-29,2.254570722579956,3.549999952316284,3.625,3.505000114440918,3.5299999713897705,697600
2002-12-02,2.284738540649414,3.5975000858306885,3.672499895095825,3.552500009536743,3.5999999046325684,1235200
2002-12-03,2.299027442932129,3.619999885559082,3.625,3.5174999237060547,3.625,930800
2002-12-04,2.2783875465393066,3.5875000953674316,3.612499952316284,3.5250000953674316,3.5875000953674316,2623200
2002-12-05,2.179948091506958,3.432499885559082,3.5,3.3424999713897705,3.4725000858306885,1521600
2002-12-06,2.121201515197754,3.3399999141693115,3.4000000953674316,3.299999952316284,3.3399999141693115,2959200
2002-12-09,2.0767455101013184,3.2699999809265137,3.3450000286102295,3.192500114440918,3.3125,891200
2002-12-10,2.154545307159424,3.3924999237060547,3.3924999237060547,3.2274999618530273,3.2750000953674316,1006000
2002-12-11,2.1323163509368896,3.3575000762939453,3.4000000953674316,3.307499885559082,3.3924999237060547,455200
2002-12-12,2.10691237449646,3.317500114440918,3.4124999046325684,3.2874999046325684,3.4124999046325684,945200
2002-12-13,2.110088348388672,3.322499990463257,3.380000114440918,3.25,3.302500009536743,759200
2002-12-16,2.164069175720215,3.4075000286102295,3.424999952316284,3.2300000190734863,3.2874999046325684,857200
2002-12-17,1.914797067642212,3.015000104904175,3.299999952316284,2.950000047683716,3.2750000953674316,13072000
2002-12-18,1.898921012878418,2.990000009536743,3.0875000953674316,2.9625000953674316,2.997499942779541,5333200
2002-12-19,1.9354379177093506,3.047499895095825,3.075000047683716,2.9674999713897705,2.997499942779541,3315200
2002-12-20,1.9195609092712402,3.0225000381469727,3.059999942779541,2.952500104904175,2.9549999237060547,1537200
2002-12-23,1.9449654817581177,3.0625,3.077500104904175,2.990000009536743,3.049999952316284,3790800
2002-12-24,1.932262659072876,3.0425000190734863,3.072499990463257,3.0374999046325684,3.0625,811200
2002-12-26,1.9370259046554565,3.049999952316284,3.0850000381469727,3.015000104904175,3.0399999618530273,1698400
2002-12-27,1.9259119033813477,3.0325000286102295,3.067500114440918,3.015000104904175,3.0250000953674316,778000
2002-12-30,1.914797067642212,3.015000104904175,3.072499990463257,3.009999990463257,3.065000057220459,1690400
2002-12-31,1.9100351333618164,3.007499933242798,3.059999942779541,2.952500104904175,3.0,1286400
2003-01-02,1.943377137184143,3.059999942779541,3.119999885559082,2.9800000190734863,3.0425000190734863,2974000
2003-01-03,1.908447504043579,3.005000114440918,3.0625,3.005000114440918,3.059999942779541,3534800
2003-01-06,1.9465521574020386,3.065000057220459,3.0999999046325684,2.9100000858306885,3.002500057220459,2474800
2003-01-07,1.9767194986343384,3.112499952316284,3.134999990463257,2.9774999618530273,3.069999933242798,3330000
2003-01-08,1.9481396675109863,3.067500114440918,3.0999999046325684,3.0350000858306885,3.0899999141693115,917600
2003-01-09,2.0338780879974365,3.202500104904175,3.202500104904175,3.0374999046325684,3.0374999046325684,2180400
2003-01-10,2.0164129734039307,3.174999952316284,3.2249999046325684,3.137500047683716,3.1675000190734863,982000
2003-01-13,2.0211756229400635,3.182499885559082,3.2750000953674316,3.1624999046325684,3.2725000381469727,761200
2003-01-14,2.0211756229400635,3.182499885559082,3.2100000381469727,3.134999990463257,3.1624999046325684,909200
2003-01-15,2.0497536659240723,3.2274999618530273,3.2850000858306885,3.125,3.184999942779541,1902800
2003-01-16,2.0989749431610107,3.305000066757202,3.309999942779541,3.200000047683716,3.2249999046325684,1477200
2003-01-17,2.0957982540130615,3.299999952316284,3.315000057220459,3.252500057220459,3.299999952316284,1164800
2003-01-21,2.056105136871338,3.237499952316284,3.2950000762939453,3.1475000381469727,3.2850000858306885,3657200
2003-01-22,2.06563138961792,3.252500057220459,3.2774999141693115,3.1624999046325684,3.240000009536743,1106800
2003-01-23,2.1053247451782227,3.315000057220459,3.315000057220459,3.2274999618530273,3.237499952316284,1124000
2003-01-24,2.048166513442993,3.2249999046325684,3.3350000381469727,3.2074999809265137,3.2899999618530273,909200
2003-01-27,2.0179991722106934,3.177500009536743,3.2750000953674316,3.1624999046325684,3.25,1080000
2003-01-28,2.013237714767456,3.1700000762939453,3.25,3.112499952316284,3.2174999713897705,1396400
2003-01-29,2.103736639022827,3.3125,3.3499999046325684,3.190000057220459,3.25,3275200
2003-01-30,2.0576930046081543,3.240000009536743,3.3125,3.234999895095825,3.3125,595600
2003-01-31,2.111675500869751,3.325000047683716,3.325000047683716,3.2149999141693115,3.25,833200
2003-02-03,1.987834095954895,3.130000114440918,3.2174999713897705,3.075000047683716,3.0999999046325684,2258000
2003-02-04,1.9608421325683594,3.0875000953674316,3.1575000286102295,3.0399999618530273,3.127500057220459,1406400
2003-02-05,1.8751050233840942,2.952500104904175,3.109999895095825,2.922499895095825,3.0999999046325684,2995600
2003-02-06,1.8957455158233643,2.984999895095825,3.049999952316284,2.880000114440918,2.9749999046325684,1276400
2003-02-07,1.8592272996902466,2.927500009536743,3.0325000286102295,2.924999952316284,3.0,702800
2003-02-10,1.905271053314209,3.0,3.0,2.862499952316284,2.887500047683716,1022800
2003-02-11,1.8671659231185913,2.940000057220459,3.047499895095825,2.9375,3.0,650400
2003-02-12,1.8671659231185913,2.940000057220459,2.990000009536743,2.9100000858306885,2.990000009536743,1010400
2003-02-13,1.857640027999878,2.924999952316284,2.9725000858306885,2.884999990463257,2.944999933242798,535200
2003-02-14,1.8862191438674927,2.9700000286102295,2.9825000762939453,2.8399999141693115,2.8450000286102295,723200
2003-02-18,1.971956491470337,3.1050000190734863,3.1075000762939453,2.947499990463257,3.005000114440918,853200
2003-02-19,1.905271053314209,3.0,3.132499933242798,2.9649999141693115,3.112499952316284,1258800
2003-02-20,1.897332787513733,2.987499952316284,3.0250000953674316,2.9649999141693115,2.9825000762939453,530800
2003-02-21,1.9449654817581177,3.0625,3.0625,2.9625000953674316,3.0,1301200
2003-02-24,1.8893940448760986,2.9749999046325684,3.0824999809265137,2.924999952316284,3.072499990463257,978800
2003-02-25,1.9608421325683594,3.0875000953674316,3.112499952316284,2.9024999141693115,2.924999952316284,1109200
2003-02-26,1.9576672315597534,3.0824999809265137,3.125,3.0325000286102295,3.125,1488400
2003-02-27,1.9227360486984253,3.0274999141693115,3.077500104904175,3.0,3.0250000953674316,548400
2003-02-28,1.9259119033813477,3.0325000286102295,3.0875000953674316,3.012500047683716,3.047499895095825,860400
2003-03-03,1.959254264831543,3.0850000381469727,3.1475000381469727,3.0274999141693115,3.072499990463257,559600
2003-03-04,1.9243247509002686,3.0299999713897705,3.112499952316284,2.9774999618530273,3.0374999046325684,452800
2003-03-05,1.8925690650939941,2.9800000190734863,3.0350000858306885,2.9725000858306885,3.012500047683716,2502400
2003-03-06,1.844938039779663,2.9049999713897705,2.992500066757202,2.9000000953674316,2.9625000953674316,1175200
2003-03-07,1.8592272996902466,2.927500009536743,3.0,2.887500047683716,2.9075000286102295,584000
2003-03-10,1.8354119062423706,2.890000104904175,3.0299999713897705,2.890000104904175,2.950000047683716,1082800
2003-03-11,1.857640027999878,2.924999952316284,2.997499942779541,2.9000000953674316,2.9200000762939453,443600
2003-03-12,1.670288324356079,2.630000114440918,2.950000047683716,2.4375,2.950000047683716,4584400
2003-03-13,1.7798413038253784,2.802500009536743,2.805000066757202,2.569999933242798,2.572499990463257,1919600
2003-03-14,1.7798413038253784,2.802500009536743,2.862499952316284,2.7074999809265137,2.7874999046325684,960800
2003-03-17,1.8782798051834106,2.9574999809265137,2.9725000858306885,2.75,2.75,1334800
2003-03-18,1.8655784130096436,2.9375,2.9800000190734863,2.9000000953674316,2.9175000190734863,3086800
2003-03-19,1.8242979049682617,2.872499942779541,2.950000047683716,2.799999952316284,2.927500009536743,612800
2003-03-20,1.8846310377120972,2.9674999713897705,2.994999885559082,2.759999990463257,2.8299999237060547,838400
2003-03-21,1.9513154029846191,3.072499990463257,3.0950000286102295,2.9124999046325684,2.9725000858306885,1105600
2003-03-24,1.943377137184143,3.059999942779541,3.125,3.0,3.0875000953674316,1204800
2003-03-25,1.914797067642212,3.015000104904175,3.0875000953674316,2.9749999046325684,3.047499895095825,1256400
2003-03-26,1.8036574125289917,2.8399999141693115,3.075000047683716,2.822499990463257,3.075000047683716,768800
2003-03-27,1.8004810810089111,2.8350000381469727,2.8375000953674316,2.797499895095825,2.819999933242798,975200
2003-03-28,1.810006856918335,2.8499999046325684,2.890000104904175,2.7774999141693115,2.799999952316284,488800
2003-03-31,1.8592272996902466,2.927500009536743,2.950000047683716,2.7774999141693115,2.8350000381469727,882800
2003-04-01,1.8941563367843628,2.9825000762939453,3.0374999046325684,2.8450000286102295,3.0374999046325684,1493200
2003-04-02,1.8957455158233643,2.984999895095825,3.115000009536743,2.950000047683716,3.009999990463257,1928000
2003-04-03,1.8766920566558838,2.9549999237060547,3.0875000953674316,2.952500104904175,2.997499942779541,630400
2003-04-04,1.8862191438674927,2.9700000286102295,3.012500047683716,2.944999933242798,3.002500057220459,469600
2003-04-07,1.857640027999878,2.924999952316284,3.117500066757202,2.9200000762939453,3.005000114440918,1195600
2003-04-08,1.898921012878418,2.990000009536743,3.012500047683716,2.9000000953674316,2.9749999046325684,539200
2003-04-09,1.8846310377120972,2.9674999713897705,3.0174999237060547,2.934999942779541,2.9600000381469727,702000
2003-04-10,1.8893940448760986,2.9749999046325684,3.012500047683716,2.944999933242798,2.987499952316284,2315600
2003-04-11,1.9100351333618164,3.007499933242798,3.0250000953674316,2.9749999046325684,2.992500066757202,546400
2003-04-14,1.9132102727890015,3.012500047683716,3.0625,2.990000009536743,3.0625,691200
2003-04-15,1.9227360486984253,3.0274999141693115,3.047499895095825,2.990000009536743,3.012500047683716,860800
2003-04-16,1.9354379177093506,3.047499895095825,3.072499990463257,3.0250000953674316,3.0374999046325684,1337600
2003-04-17,1.9290874004364014,3.0374999046325684,3.0850000381469727,3.0174999237060547,3.047499895095825,948800
2003-04-21,1.9354379177093506,3.047499895095825,3.0799999237060547,3.0250000953674316,3.0450000762939453,1207200
2003-04-22,1.9370259046554565,3.049999952316284,3.117500066757202,2.887500047683716,3.0250000953674316,1605200
2003-04-23,1.8719292879104614,2.947499990463257,3.0975000858306885,2.947499990463257,3.0975000858306885,684800
2003-04-24,1.8354119062423706,2.890000104904175,2.952500104904175,2.8450000286102295,2.952500104904175,1951200
2003-04-25,1.8020693063735962,2.8375000953674316,2.9000000953674316,2.7750000953674316,2.8949999809265137,1248800
2003-04-28,1.8878062963485718,2.9725000858306885,2.987499952316284,2.797499895095825,2.862499952316284,1633600
2003-04-29,1.9132102727890015,3.012500047683716,3.0450000762939453,2.9749999046325684,2.990000009536743,2306800
2003-04-30,1.9227360486984253,3.0274999141693115,3.047499895095825,2.9749999046325684,3.015000104904175,1489600
2003-05-01,1.9227360486984253,3.0274999141693115,3.0625,3.0,3.047499895095825,1346400
2003-05-02,1.943377137184143,3.059999942779541,3.122499942779541,3.012500047683716,3.049999952316284,909200
2003-05-05,1.9687800407409668,3.0999999046325684,3.1050000190734863,3.0250000953674316,3.075000047683716,951600
2003-05-06,2.0497536659240723,3.2274999618530273,3.237499952316284,3.067500114440918,3.075000047683716,1511200
2003-05-07,2.056105136871338,3.237499952316284,3.2750000953674316,3.1524999141693115,3.2125000953674316,985600
2003-05-08,2.029114246368408,3.194999933242798,3.2225000858306885,3.1649999618530273,3.174999952316284,837200
2003-05-09,2.037052631378174,3.2074999809265137,3.25,3.1624999046325684,3.2249999046325684,907600
2003-05-12,2.032289981842041,3.200000047683716,3.25,3.182499885559082,3.2174999713897705,1306800
2003-05-13,2.0354650020599365,3.2049999237060547,3.237499952316284,3.174999952316284,3.174999952316284,1522800
2003-05-14,2.0338780879974365,3.202500104904175,3.2149999141693115,3.182499885559082,3.1875,866000
2003-05-15,2.060868740081787,3.244999885559082,3.305000066757202,3.182499885559082,3.202500104904175,756800
2003-05-16,2.022763967514038,3.184999942779541,3.2774999141693115,3.1600000858306885,3.177500009536743,1763600
2003-05-19,2.014824628829956,3.172499895095825,3.237499952316284,3.1700000762939453,3.174999952316284,1490800
2003-05-20,2.0259392261505127,3.190000057220459,3.2249999046325684,3.137500047683716,3.2249999046325684,1527600
2003-05-21,2.0116493701934814,3.1675000190734863,3.197499990463257,3.140000104904175,3.190000057220459,1792000
2003-05-22,2.000534772872925,3.1500000953674316,3.174999952316284,3.125,3.1675000190734863,1053200
2003-05-23,2.0402276515960693,3.2125000953674316,3.2200000286102295,3.127500057220459,3.127500057220459,514000
2003-05-27,2.051342725753784,3.2300000190734863,3.262500047683716,3.1475000381469727,3.1475000381469727,1164400
2003-05-28,2.0894477367401123,3.2899999618530273,3.315000057220459,3.192500114440918,3.192500114440918,1550000
2003-05-29,2.073570489883423,3.265000104904175,3.3375000953674316,3.242500066757202,3.3125,1735200
2003-05-30,2.1259655952453613,3.3475000858306885,3.367500066757202,3.257499933242798,3.265000104904175,901200
2003-06-02,2.170422315597534,3.4175000190734863,3.427500009536743,3.3499999046325684,3.3524999618530273,1023600
2003-06-03,2.152956485748291,3.390000104904175,3.4674999713897705,3.369999885559082,3.4200000762939453,880800
2003-06-04,2.1577205657958984,3.3975000381469727,3.4149999618530273,3.322499990463257,3.382499933242798,909200
2003-06-05,2.2228174209594727,3.5,3.5,3.375,3.4124999046325684,893600
2003-06-06,2.211702346801758,3.4825000762939453,3.5450000762939453,3.4800000190734863,3.512500047683716,890800
2003-06-09,2.237105369567871,3.5225000381469727,3.5225000381469727,3.4625000953674316,3.5,624800
2003-06-10,2.252983808517456,3.547499895095825,3.549999952316284,3.4625000953674316,3.487499952316284,737600
2003-06-11,2.2609214782714844,3.559999942779541,3.5625,3.487499952316284,3.549999952316284,692000
2003-06-12,2.257746458053589,3.555000066757202,3.5625,3.512500047683716,3.5374999046325684,205200
2003-06-13,2.194237470626831,3.4549999237060547,3.5625,3.442500114440918,3.5250000953674316,543600
2003-06-16,2.221229314804077,3.497499942779541,3.512500047683716,3.4124999046325684,3.4674999713897705,753200
2003-06-17,2.2625105381011963,3.5625,3.5999999046325684,3.484999895095825,3.497499942779541,1076000
2003-06-18,2.2926764488220215,3.609999895095825,3.6424999237060547,3.512500047683716,3.549999952316284,1114800
2003-06-19,2.257746458053589,3.555000066757202,3.627500057220459,3.5374999046325684,3.627500057220459,955200
2003-06-20,2.2513954639434814,3.5450000762939453,3.6050000190734863,3.4825000762939453,3.5250000953674316,702800
2003-06-23,2.2005884647369385,3.4649999141693115,3.555000066757202,3.384999990463257,3.5250000953674316,1014800
2003-06-24,2.1974127292633057,3.4600000381469727,3.5225000381469727,3.387500047683716,3.387500047683716,1167600
2003-06-25,2.2148783206939697,3.487499952316284,3.557499885559082,3.4000000953674316,3.430000066757202,784000
2003-06-26,2.1974127292633057,3.4600000381469727,3.549999952316284,3.4200000762939453,3.549999952316284,1110000
2003-06-27,2.1926493644714355,3.452500104904175,3.512500047683716,3.4375,3.4375,543600
2003-06-30,2.189474105834961,3.447499990463257,3.5,3.372499942779541,3.4625000953674316,1622000
2003-07-01,2.1720104217529297,3.4200000762939453,3.507499933242798,3.3324999809265137,3.422499895095825,2960400
2003-07-02,2.2625105381011963,3.5625,3.694999933242798,3.380000114440918,3.440000057220459,5376800
2003-07-03,2.2402822971343994,3.5274999141693115,3.625,3.512500047683716,3.575000047683716,422400
2003-07-07,2.2863259315490723,3.5999999046325684,3.674999952316284,3.552500009536743,3.572499990463257,990400
2003-07-08,2.3704748153686523,3.7325000762939453,3.7325000762939453,3.5625,3.612499952316284,1419200
2003-07-09,2.3212547302246094,3.6549999713897705,3.737499952316284,3.5899999141693115,3.737499952316284,1648400
2003-07-10,2.2498066425323486,3.5425000190734863,3.674999952316284,3.5199999809265137,3.6675000190734863,535200
2003-07-11,2.2863259315490723,3.5999999046325684,3.625,3.497499942779541,3.5350000858306885,624000
2003-07-14,2.3022029399871826,3.625,3.6649999618530273,3.612499952316284,3.612499952316284,493200
2003-07-15,2.299027442932129,3.619999885559082,3.700000047683716,3.575000047683716,3.625,959600
2003-07-16,2.2926764488220215,3.609999895095825,3.674999952316284,3.5799999237060547,3.674999952316284,480000
2003-07-17,2.254570722579956,3.549999952316284,3.6475000381469727,3.5199999809265137,3.569999933242798,452800
2003-07-18,2.30855393409729,3.634999990463257,3.634999990463257,3.507499933242798,3.5199999809265137,1137200
2003-07-21,2.173597574234009,3.422499895095825,3.6449999809265137,3.4149999618530273,3.5299999713897705,1044800
2003-07-22,2.2704479694366455,3.575000047683716,3.5975000858306885,3.427500009536743,3.442500114440918,1284000
2003-07-23,2.2498066425323486,3.5425000190734863,3.617500066757202,3.430000066757202,3.612499952316284,1133600
2003-07-24,2.2752113342285156,3.5824999809265137,3.5975000858306885,3.549999952316284,3.5625,716000
2003-07-25,2.294264316558838,3.612499952316284,3.684999942779541,3.557499885559082,3.575000047683716,911200
2003-07-28,2.330782175064087,3.6700000762939453,3.700000047683716,3.552500009536743,3.552500009536743,1812000
2003-07-29,2.357773780822754,3.7125000953674316,3.7750000953674316,3.6700000762939453,3.7125000953674316,2568800
2003-07-30,2.3657124042510986,3.7249999046325684,3.862499952316284,3.6500000953674316,3.862499952316284,1323200
2003-07-31,2.3974671363830566,3.7750000953674316,3.8375000953674316,3.674999952316284,3.694999933242798,1165600
2003-08-01,2.376826047897339,3.742500066757202,3.797499895095825,3.6875,3.747499942779541,1554800
2003-08-04,2.3704748153686523,3.7325000762939453,3.75,3.674999952316284,3.7300000190734863,1114400
2003-08-05,2.3657124042510986,3.7249999046325684,3.747499942779541,3.7049999237060547,3.737499952316284,1128800
2003-08-06,2.332369327545166,3.672499895095825,3.7249999046325684,3.672499895095825,3.7125000953674316,808800
2003-08-07,2.341895818710327,3.6875,3.694999933242798,3.6449999809265137,3.6875,718000
2003-08-08,2.384765148162842,3.755000114440918,3.7750000953674316,3.637500047683716,3.6500000953674316,1193200
2003-08-11,2.3974671363830566,3.7750000953674316,3.827500104904175,3.737499952316284,3.75,717600
2003-08-12,2.419694662094116,3.809999942779541,3.825000047683716,3.747499942779541,3.747499942779541,802000
2003-08-13,2.4689152240753174,3.887500047683716,3.9000000953674316,3.7799999713897705,3.7799999713897705,1154000
2003-08-14,2.529247522354126,3.9825000762939453,3.9825000762939453,3.8375000953674316,3.8375000953674316,1316400
2003-08-15,2.5498886108398438,4.014999866485596,4.025000095367432,3.940000057220459,3.992500066757202,1942000
2003-08-18,2.5165464878082275,3.9625000953674316,4.025000095367432,3.9000000953674316,4.025000095367432,1416000
2003-08-19,2.4752652645111084,3.8975000381469727,3.9800000190734863,3.875,3.9749999046325684,1556400
2003-08-20,2.4816172122955322,3.9075000286102295,3.927500009536743,3.867500066757202,3.887500047683716,1700400
2003-08-21,2.50543212890625,3.944999933242798,3.950000047683716,3.887500047683716,3.9124999046325684,2003600
2003-08-22,2.4212825298309326,3.8125,3.950000047683716,3.807499885559082,3.944999933242798,1194400
2003-08-25,2.418107748031616,3.807499885559082,3.8450000286102295,3.7950000762939453,3.799999952316284,568800
2003-08-26,2.4212825298309326,3.8125,3.867500066757202,3.7699999809265137,3.799999952316284,2338800
2003-08-27,2.4768528938293457,3.9000000953674316,3.9124999046325684,3.815000057220459,3.862499952316284,766000
2003-08-28,2.5387747287750244,3.997499942779541,4.037499904632568,3.8924999237060547,3.924999952316284,1288000
2003-08-29,2.5657660961151123,4.039999961853027,4.057499885559082,3.9375,3.9375,1085200
2003-09-02,2.572117328643799,4.050000190734863,4.052499771118164,3.990000009536743,4.027500152587891,2623600
2003-09-03,2.592756748199463,4.082499980926514,4.082499980926514,4.03000020980835,4.054999828338623,1148400
2003-09-04,2.5864055156707764,4.072500228881836,4.112500190734863,4.047500133514404,4.085000038146973,681600
2003-09-05,2.5562405586242676,4.025000095367432,4.087500095367432,4.007500171661377,4.050000190734863,518400
2003-09-08,2.5864055156707764,4.072500228881836,4.102499961853027,4.002500057220459,4.007500171661377,744800
2003-09-09,2.562589406967163,4.034999847412109,4.072500228881836,4.0,4.042500019073486,492000
2003-09-10,2.4816172122955322,3.9075000286102295,4.047500133514404,3.9075000286102295,4.047500133514404,552800
2003-09-11,2.502255439758301,3.940000057220459,3.950000047683716,3.880000114440918,3.890000104904175,696000
2003-09-12,2.597520589828491,4.090000152587891,4.099999904632568,3.887500047683716,3.9200000762939453,1004400
2003-09-15,2.570528745651245,4.047500133514404,4.112500190734863,3.9375,4.074999809265137,660000
2003-09-16,2.5419490337371826,4.002500057220459,4.047500133514404,3.924999952316284,4.039999961853027,766400
2003-09-17,2.4943175315856934,3.927500009536743,3.9749999046325684,3.872499942779541,3.930000066757202,671200
2003-09-18,2.514958381652832,3.9600000381469727,4.0,3.9149999618530273,3.9149999618530273,360800
2003-09-19,2.4847917556762695,3.9124999046325684,3.992500066757202,3.8949999809265137,3.924999952316284,927200
2003-09-22,2.4673266410827637,3.884999990463257,3.950000047683716,3.8475000858306885,3.8924999237060547,2580800
2003-09-23,2.508607864379883,3.950000047683716,3.9774999618530273,3.9024999141693115,3.930000066757202,1259200
2003-09-24,2.4768528938293457,3.9000000953674316,3.9700000286102295,3.872499942779541,3.9375,592000
2003-09-25,2.4133434295654297,3.799999952316284,3.9000000953674316,3.797499895095825,3.8924999237060547,834800
2003-09-26,2.4419233798980713,3.8450000286102295,3.9049999713897705,3.8125,3.8324999809265137,1936400
2003-09-29,2.4165191650390625,3.805000066757202,3.8524999618530273,3.692500114440918,3.8375000953674316,1184400
2003-09-30,2.4149317741394043,3.802500009536743,3.887500047683716,3.734999895095825,3.7799999713897705,1092800
2003-10-01,2.5213093757629395,3.9700000286102295,3.9749999046325684,3.799999952316284,3.8575000762939453,932800
2003-10-02,2.5133700370788574,3.9574999809265137,3.9700000286102295,3.882499933242798,3.9024999141693115,656400
2003-10-03,2.5657660961151123,4.039999961853027,4.072500228881836,3.9700000286102295,3.9700000286102295,681200
2003-10-06,2.5943443775177,4.085000038146973,4.085000038146973,4.022500038146973,4.034999847412109,1170000
2003-10-07,2.6038713455200195,4.099999904632568,4.099999904632568,4.042500019073486,4.072500228881836,718400
2003-10-08,2.534010648727417,3.990000009536743,4.082499980926514,3.990000009536743,4.050000190734863,580400
2003-10-09,2.583230972290039,4.067500114440918,4.099999904632568,3.990000009536743,3.990000009536743,831600
2003-10-10,2.568941593170166,4.045000076293945,4.0625,4.012499809265137,4.03249979019165,1344400
2003-10-13,2.575291395187378,4.054999828338623,4.070000171661377,4.012499809265137,4.027500152587891,863200
2003-10-14,2.6197478771209717,4.125,4.125,4.022500038146973,4.074999809265137,1644400
2003-10-15,2.6673800945281982,4.199999809265137,4.210000038146973,4.0625,4.137499809265137,1722000
2003-10-16,2.6642043590545654,4.195000171661377,4.235000133514404,4.150000095367432,4.224999904632568,912000
2003-10-17,2.6181602478027344,4.122499942779541,4.207499980926514,4.122499942779541,4.197500228881836,789600
2003-10-20,2.621335983276367,4.127500057220459,4.175000190734863,4.112500190734863,4.15749979019165,603600
2003-10-21,2.624511241912842,4.132500171661377,4.150000095367432,4.097499847412109,4.119999885559082,764000
2003-10-22,2.575291395187378,4.054999828338623,4.137499809265137,4.050000190734863,4.09499979019165,968800
2003-10-23,2.711836576461792,4.269999980926514,4.337500095367432,4.017499923706055,4.065000057220459,5138400
2003-10-24,2.7420029640197754,4.317500114440918,4.349999904632568,4.257500171661377,4.300000190734863,1437600
2003-10-27,2.832503080368042,4.460000038146973,4.472499847412109,4.297500133514404,4.320000171661377,2434400
2003-10-28,3.062723398208618,4.822500228881836,4.840000152587891,4.452499866485596,4.465000152587891,4309600
2003-10-29,3.029381513595581,4.769999980926514,4.775000095367432,4.690000057220459,4.767499923706055,2307200
2003-10-30,3.0262067317962646,4.764999866485596,4.860000133514404,4.71999979019165,4.775000095367432,2166000
2003-10-31,2.9579336643218994,4.65749979019165,4.775000095367432,4.635000228881836,4.710000038146973,1140800
2003-11-03,2.9817514419555664,4.695000171661377,4.75,4.627500057220459,4.650000095367432,1410400
2003-11-04,2.983336925506592,4.697500228881836,4.71750020980835,4.650000095367432,4.697500228881836,1847600
2003-11-05,2.973811149597168,4.682499885559082,4.75,4.65749979019165,4.730000019073486,1688800
2003-11-06,2.9531705379486084,4.650000095367432,4.692500114440918,4.625,4.690000057220459,1120800
2003-11-07,3.0230329036712646,4.760000228881836,4.775000095367432,4.635000228881836,4.659999847412109,1128000
2003-11-10,2.951582431793213,4.647500038146973,4.772500038146973,4.622499942779541,4.762499809265137,858800
2003-11-11,2.9769864082336426,4.6875,4.697500228881836,4.599999904632568,4.630000114440918,966000
2003-11-12,3.140521287918091,4.945000171661377,4.947500228881836,4.695000171661377,4.695000171661377,3140400
2003-11-13,3.1913301944732666,5.025000095367432,5.037499904632568,4.849999904632568,4.922500133514404,3613200
2003-11-14,3.1436986923217773,4.949999809265137,5.0625,4.922500133514404,5.007500171661377,1464800
2003-11-17,3.116706132888794,4.90749979019165,4.960000038146973,4.764999866485596,4.960000038146973,1072400
2003-11-18,3.108767509460449,4.894999980926514,4.949999809265137,4.824999809265137,4.824999809265137,2076800
2003-11-19,3.0833661556243896,4.855000019073486,4.925000190734863,4.822500228881836,4.869999885559082,2431200
2003-11-20,3.089714765548706,4.864999771118164,4.885000228881836,4.75,4.840000152587891,913600
2003-11-21,3.0198562145233154,4.755000114440918,4.8125,4.722499847412109,4.804999828338623,1462400
2003-11-24,3.040494918823242,4.787499904632568,4.824999809265137,4.650000095367432,4.672500133514404,2462000
2003-11-25,3.1452860832214355,4.952499866485596,4.980000019073486,4.784999847412109,4.804999828338623,2636000
2003-11-26,3.2262582778930664,5.079999923706055,5.099999904632568,4.929999828338623,4.949999809265137,2256800
2003-11-28,3.178628444671631,5.005000114440918,5.057499885559082,4.949999809265137,5.027500152587891,342800
2003-12-01,3.373917818069458,5.3125,5.375,4.9375,5.034999847412109,8371600
2003-12-02,3.1357603073120117,4.9375,5.119999885559082,4.807499885559082,5.022500038146973,5846400
2003-12-03,3.1373469829559326,4.940000057220459,5.034999847412109,4.925000190734863,4.954999923706055,2143600
2003-12-04,3.1913301944732666,5.025000095367432,5.025000095367432,4.872499942779541,4.940000057220459,2396400
2003-12-05,3.1436986923217773,4.949999809265137,5.012499809265137,4.90749979019165,4.9375,1683200
2003-12-08,3.2881813049316406,5.177499771118164,5.1875,4.925000190734863,4.949999809265137,2288000
2003-12-09,3.2469003200531006,5.112500190734863,5.175000190734863,5.072500228881836,5.164999961853027,1482400
2003-12-10,3.223083734512329,5.074999809265137,5.142499923706055,5.025000095367432,5.110000133514404,1961200
2003-12-11,3.3342251777648926,5.25,5.25,5.050000190734863,5.074999809265137,1492400
2003-12-12,3.3945586681365967,5.34499979019165,5.357500076293945,5.144999980926514,5.215000152587891,2593200
2003-12-15,3.3596291542053223,5.289999961853027,5.385000228881836,5.25,5.362500190734863,3760800
2003-12-16,3.3977339267730713,5.349999904632568,5.364999771118164,5.184999942779541,5.252500057220459,2633200
2003-12-17,3.464418649673462,5.454999923706055,5.457499980926514,5.275000095367432,5.3125,1738800
2003-12-18,3.49299955368042,5.5,5.5,5.412499904632568,5.445000171661377,1734800
2003-12-19,3.5168137550354004,5.537499904632568,5.574999809265137,5.304999828338623,5.304999828338623,1893200
2003-12-22,3.6390678882598877,5.730000019073486,5.762499809265137,5.547500133514404,5.574999809265137,1733200
2003-12-23,3.708928346633911,5.840000152587891,5.864999771118164,5.702499866485596,5.702499866485596,1770000
2003-12-24,3.612077474594116,5.6875,5.849999904632568,5.625,5.849999904632568,572400
2003-12-26,3.6295437812805176,5.715000152587891,5.8125,5.702499866485596,5.784999847412109,643600
2003-12-29,3.810542106628418,6.0,6.03249979019165,5.71999979019165,5.737500190734863,3017200
2003-12-30,3.7454464435577393,5.897500038146973,6.025000095367432,5.847499847412109,5.997499942779541,1493200
2003-12-31,3.6517703533172607,5.75,5.925000190734863,5.747499942779541,5.847499847412109,1314000
2004-01-02,3.7629096508026123,5.925000190734863,6.0,5.829999923706055,5.829999923706055,1246800
2004-01-05,3.8565869331359863,6.072500228881836,6.072500228881836,5.9375,5.949999809265137,2435200
2004-01-06,3.7692620754241943,5.934999942779541,6.09250020980835,5.90749979019165,6.077499866485596,1462400
2004-01-07,3.5819103717803955,5.639999866485596,5.75,5.387499809265137,5.75,4766000
2004-01-08,3.6517703533172607,5.75,5.815000057220459,5.637499809265137,5.670000076293945,2596400
2004-01-09,3.580322742462158,5.637499809265137,5.757500171661377,5.627500057220459,5.757500171661377,1160000
2004-01-12,3.6358938217163086,5.724999904632568,5.724999904632568,5.585000038146973,5.587500095367432,1133600
2004-01-13,3.5962002277374268,5.662499904632568,5.744999885559082,5.599999904632568,5.744999885559082,1063200
2004-01-14,3.621603012084961,5.702499866485596,5.710000038146973,5.637499809265137,5.639999866485596,980800
2004-01-15,3.569209337234497,5.619999885559082,5.747499942779541,5.527500152587891,5.724999904632568,1360400
2004-01-16,3.5517444610595703,5.59250020980835,5.625,5.552499771118164,5.587500095367432,836800
2004-01-20,3.564446210861206,5.612500190734863,5.650000095367432,5.550000190734863,5.625,1018400
2004-01-21,3.5946097373962402,5.659999847412109,5.775000095367432,5.612500190734863,5.71999979019165,2402800
2004-01-22,3.5930235385894775,5.65749979019165,5.755000114440918,5.614999771118164,5.752500057220459,1908400
2004-01-23,3.5406296253204346,5.574999809265137,5.730000019073486,5.514999866485596,5.724999904632568,1475600
2004-01-26,3.527928352355957,5.554999828338623,5.574999809265137,5.462500095367432,5.537499904632568,1291200
2004-01-27,3.464418649673462,5.454999923706055,5.570000171661377,5.449999809265137,5.5,1166800
2004-01-28,3.3993217945098877,5.352499961853027,5.557499885559082,5.297500133514404,5.557499885559082,1532400
2004-01-29,3.4501280784606934,5.432499885559082,5.449999809265137,5.327499866485596,5.337500095367432,3958800
2004-01-30,3.5787343978881836,5.635000228881836,5.647500038146973,5.367499828338623,5.482500076293945,2772000
2004-02-02,3.4898226261138916,5.494999885559082,5.670000076293945,5.372499942779541,5.59499979019165,3422400
2004-02-03,3.432663679122925,5.40500020980835,5.527500152587891,5.40500020980835,5.489999771118164,2756000
2004-02-04,3.310408115386963,5.212500095367432,5.442500114440918,5.212500095367432,5.402500152587891,2175200
2004-02-05,3.5517444610595703,5.59250020980835,5.849999904632568,5.335000038146973,5.337500095367432,5281200
2004-02-06,3.7390968799591064,5.887499809265137,5.947500228881836,5.597499847412109,5.605000019073486,2270800
2004-02-09,3.8422980308532715,6.050000190734863,6.1875,5.824999809265137,5.925000190734863,2152800
2004-02-10,3.9200937747955322,6.172500133514404,6.175000190734863,6.037499904632568,6.037499904632568,1977600
2004-02-11,3.9851925373077393,6.275000095367432,6.300000190734863,5.985000133514404,6.199999809265137,1866400
2004-02-12,4.024886131286621,6.337500095367432,6.397500038146973,6.195000171661377,6.202499866485596,2103600
2004-02-13,3.9772534370422363,6.262499809265137,6.372499942779541,6.199999809265137,6.287499904632568,1477600
2004-02-17,4.029649257659912,6.34499979019165,6.362500190734863,6.239999771118164,6.252500057220459,2119600
2004-02-18,4.031238555908203,6.347499847412109,6.349999904632568,6.224999904632568,6.260000228881836,2336000
2004-02-19,3.8804049491882324,6.110000133514404,6.355000019073486,6.102499961853027,6.289999961853027,1510000
2004-02-20,3.786726236343384,5.962500095367432,6.164999961853027,5.914999961853027,6.150000095367432,1830400
2004-02-23,3.797842025756836,5.980000019073486,6.090000152587891,5.922500133514404,5.960000038146973,1254000
2004-02-24,3.7533841133117676,5.909999847412109,5.982500076293945,5.800000190734863,5.914999961853027,1534000
2004-02-25,3.7390968799591064,5.887499809265137,6.025000095367432,5.837500095367432,5.952499866485596,1675200
2004-02-26,3.712103843688965,5.84499979019165,5.887499809265137,5.787499904632568,5.872499942779541,2266000
2004-02-27,3.850236415863037,6.0625,6.070000171661377,5.800000190734863,5.829999923706055,2272800
2004-03-01,4.016948699951172,6.324999809265137,6.372499942779541,6.087500095367432,6.122499942779541,1996800
2004-03-02,3.9772534370422363,6.262499809265137,6.46750020980835,6.262499809265137,6.349999904632568,3074400
2004-03-03,3.905806064605713,6.150000095367432,6.3125,6.047500133514404,6.237500190734863,1868400
2004-03-04,3.9645533561706543,6.242499828338623,6.242499828338623,6.085000038146973,6.135000228881836,1542000
2004-03-05,3.859762668609619,6.077499866485596,6.247499942779541,6.045000076293945,6.247499942779541,1532400
2004-03-08,3.810542106628418,6.0,6.117499828338623,5.980000019073486,6.0,3374800
2004-03-09,3.742269515991211,5.892499923706055,6.059999942779541,5.864999771118164,6.059999942779541,1395200
2004-03-10,3.666060209274292,5.772500038146973,6.0,5.769999980926514,5.897500038146973,4662400
2004-03-11,3.5930235385894775,5.65749979019165,5.849999904632568,5.525000095367432,5.762499809265137,2188000
2004-03-12,3.727979898452759,5.869999885559082,5.869999885559082,5.65500020980835,5.757500171661377,1200000
2004-03-15,3.6470086574554443,5.742499828338623,5.972499847412109,5.724999904632568,5.90749979019165,1435600
2004-03-16,3.612077474594116,5.6875,5.795000076293945,5.637499809265137,5.767499923706055,1876000
2004-03-17,3.712103843688965,5.84499979019165,5.872499942779541,5.630000114440918,5.630000114440918,1237200
2004-03-18,3.699401617050171,5.824999809265137,5.875,5.71750020980835,5.789999961853027,1269600
2004-03-19,3.9343855381011963,6.195000171661377,6.28000020980835,6.014999866485596,6.110000133514404,3820000
2004-03-22,3.810542106628418,6.0,6.25,5.985000133514404,6.202499866485596,1358000
2004-03-23,3.7883126735687256,5.965000152587891,6.429999828338623,5.965000152587891,6.364999771118164,4980400
2004-03-24,3.751796245574951,5.90749979019165,6.03000020980835,5.824999809265137,5.972499847412109,5967600
2004-03-25,3.859762668609619,6.077499866485596,6.090000152587891,5.900000095367432,5.947500228881836,2334400
2004-03-26,3.945499897003174,6.212500095367432,6.237500190734863,5.949999809265137,6.077499866485596,1728800
2004-03-29,3.988368511199951,6.28000020980835,6.300000190734863,6.197500228881836,6.237500190734863,1454000
2004-03-30,4.013772010803223,6.320000171661377,6.442500114440918,6.239999771118164,6.247499942779541,1397200
2004-03-31,3.9343855381011963,6.195000171661377,6.375,6.162499904632568,6.332499980926514,1482400
2004-04-01,3.9121575355529785,6.159999847412109,6.247499942779541,6.057499885559082,6.177499771118164,2428800
2004-04-02,4.009007930755615,6.3125,6.387499809265137,6.1875,6.237500190734863,2272400
2004-04-05,4.15190315246582,6.537499904632568,6.599999904632568,6.320000171661377,6.324999809265137,2377600
2004-04-06,4.413877964019775,6.949999809265137,7.050000190734863,6.465000152587891,6.5,6404800
2004-04-07,4.3233771324157715,6.807499885559082,7.0625,6.727499961853027,7.059999942779541,3361600
2004-04-08,4.329729080200195,6.817500114440918,6.96750020980835,6.789999961853027,6.949999809265137,1945200
2004-04-12,4.426581382751465,6.96999979019165,7.022500038146973,6.852499961853027,6.90500020980835,1922800
2004-04-13,4.350371360778809,6.849999904632568,7.034999847412109,6.772500038146973,7.025000095367432,1462800
2004-04-14,4.318617343902588,6.800000190734863,6.9375,6.684999942779541,6.822500228881836,6102000
2004-04-15,4.340844631195068,6.835000038146973,7.110000133514404,6.5625,6.962500095367432,9402800
2004-04-16,4.363070011138916,6.869999885559082,6.985000133514404,6.772500038146973,6.840000152587891,2334800
2004-04-19,4.334493160247803,6.824999809265137,6.9375,6.752500057220459,6.900000095367432,1089600
2004-04-20,4.239230632781982,6.675000190734863,6.945000171661377,6.662499904632568,6.864999771118164,1627600
2004-04-21,4.1455535888671875,6.527500152587891,6.650000095367432,6.440000057220459,6.644999980926514,2669600
2004-04-22,4.270981311798096,6.724999904632568,6.747499942779541,6.587500095367432,6.599999904632568,1666400
2004-04-23,4.124910831451416,6.494999885559082,6.724999904632568,6.460000038146973,6.724999904632568,1621200
2004-04-26,4.140790939331055,6.519999980926514,6.599999904632568,6.460000038146973,6.539999961853027,976000
2004-04-27,4.0947465896606445,6.447500228881836,6.625,6.387499809265137,6.550000190734863,1747600
2004-04-28,3.9407362937927246,6.204999923706055,6.557499885559082,6.142499923706055,6.542500019073486,3535200
2004-04-29,3.8438849449157715,6.052499771118164,6.335000038146973,6.017499923706055,6.137499809265137,3216400
2004-04-30,3.821654796600342,6.017499923706055,6.15500020980835,6.0,6.012499809265137,1266800
2004-05-03,3.743858575820923,5.894999980926514,6.059999942779541,5.5625,6.052499771118164,6956800
2004-05-04,3.859762668609619,6.077499866485596,6.1875,5.835000038146973,5.835000038146973,3258800
2004-05-05,3.8438849449157715,6.052499771118164,6.167500019073486,5.96750020980835,6.139999866485596,1636800
2004-05-06,3.7692620754241943,5.934999942779541,6.019999980926514,5.809999942779541,5.987500190734863,1921600
2004-05-07,3.5580952167510986,5.602499961853027,5.9375,5.587500095367432,5.762499809265137,4241600
2004-05-10,3.477121353149414,5.474999904632568,5.582499980926514,5.402500152587891,5.507500171661377,4604400
2004-05-11,3.534278154373169,5.565000057220459,5.672500133514404,5.480000019073486,5.552499771118164,1346400
2004-05-12,3.4866456985473633,5.489999771118164,5.542500019073486,5.355000019073486,5.542500019073486,2799600
2004-05-13,3.4882349967956543,5.492499828338623,5.517499923706055,5.425000190734863,5.510000228881836,1835600
2004-05-14,3.4374282360076904,5.412499904632568,5.510000228881836,5.335000038146973,5.434999942779541,1372000
2004-05-17,3.3231112957000732,5.232500076293945,5.375,5.192500114440918,5.309999942779541,2930400
2004-05-18,3.6739988327026367,5.784999847412109,5.784999847412109,5.199999809265137,5.199999809265137,4701600
2004-05-19,3.764498472213745,5.927499771118164,6.014999866485596,5.795000076293945,5.824999809265137,4902400
2004-05-20,4.018534183502197,6.327499866485596,6.352499961853027,5.820000171661377,5.912499904632568,7654800
2004-05-21,3.9375600814819336,6.199999809265137,6.387499809265137,6.147500038146973,6.375,2427600
2004-05-24,3.969315528869629,6.25,6.324999809265137,6.170000076293945,6.207499980926514,4232800
2004-05-25,4.112210273742676,6.474999904632568,6.489999771118164,6.172500133514404,6.210000038146973,3077200
2004-05-26,4.050290584564209,6.377500057220459,6.5,6.352499961853027,6.485000133514404,1771200
2004-05-27,4.088393688201904,6.4375,6.474999904632568,6.372499942779541,6.4375,1893600
2004-05-28,4.064579963684082,6.400000095367432,6.46750020980835,6.324999809265137,6.400000095367432,1102800
2004-06-01,4.102685451507568,6.460000038146973,6.5,6.360000133514404,6.400000095367432,1980800
2004-06-02,4.074105262756348,6.414999961853027,6.497499942779541,6.304999828338623,6.474999904632568,963600
2004-06-03,3.969315528869629,6.25,6.452499866485596,6.210000038146973,6.412499904632568,913200
2004-06-04,3.996306896209717,6.292500019073486,6.380000114440918,6.224999904632568,6.224999904632568,1020400
2004-06-07,4.14872932434082,6.53249979019165,6.619999885559082,6.267499923706055,6.382500171661377,4172000
2004-06-08,4.256695747375488,6.702499866485596,6.775000095367432,6.445000171661377,6.487500190734863,3924400
2004-06-09,4.158254146575928,6.547500133514404,6.747499942779541,6.53249979019165,6.650000095367432,2829600
2004-06-10,4.242403030395508,6.679999828338623,6.699999809265137,6.567500114440918,6.574999809265137,1749200
2004-06-14,4.172547340393066,6.570000171661377,6.695000171661377,6.527500152587891,6.695000171661377,2684400
2004-06-15,4.270981311798096,6.724999904632568,6.860000133514404,6.587500095367432,6.599999904632568,4382400
2004-06-16,4.1995368003845215,6.612500190734863,6.724999904632568,6.577499866485596,6.690000057220459,2157600
2004-06-17,4.2487568855285645,6.690000057220459,6.699999809265137,6.587500095367432,6.650000095367432,2086400
2004-06-18,4.3265533447265625,6.8125,6.8125,6.539999961853027,6.559999942779541,2927600
2004-06-21,4.299563884735107,6.769999980926514,6.885000228881836,6.744999885559082,6.815000057220459,1424400
2004-06-22,4.413877964019775,6.949999809265137,6.949999809265137,6.724999904632568,6.724999904632568,1717600
2004-06-23,4.523431301116943,7.122499942779541,7.135000228881836,6.912499904632568,6.989999771118164,1731600
2004-06-24,4.531369686126709,7.135000228881836,7.272500038146973,7.102499961853027,7.125,3503200
2004-06-25,4.523431301116943,7.122499942779541,7.237500190734863,7.059999942779541,7.125,3128800
2004-06-28,4.478975772857666,7.052499771118164,7.21750020980835,7.025000095367432,7.182499885559082,1614400
2004-06-29,4.478975772857666,7.052499771118164,7.139999866485596,7.025000095367432,7.125,2408000
2004-06-30,4.545661449432373,7.15749979019165,7.199999809265137,7.045000076293945,7.045000076293945,1435600
2004-07-01,4.525021076202393,7.125,7.204999923706055,7.042500019073486,7.102499961853027,2066800
2004-07-02,4.4503960609436035,7.007500171661377,7.099999904632568,6.982500076293945,7.099999904632568,1540000
2004-07-06,4.561537265777588,7.182499885559082,7.375,7.177499771118164,7.25,8664800
2004-07-07,4.623459339141846,7.28000020980835,7.337500095367432,7.152500152587891,7.15500020980835,4149200
2004-07-08,4.588528633117676,7.224999904632568,7.28000020980835,7.112500190734863,7.137499809265137,2490400
2004-07-09,4.586941242218018,7.222499847412109,7.335000038146973,7.074999809265137,7.284999847412109,1392800
2004-07-12,4.57900333404541,7.210000038146973,7.300000190734863,7.150000095367432,7.292500019073486,1879200
2004-07-13,4.656801223754883,7.332499980926514,7.375,7.232500076293945,7.309999942779541,4064400
2004-07-14,4.9632344245910645,7.815000057220459,7.875,7.347499847412109,7.364999771118164,9229200
2004-07-15,5.117242336273193,8.057499885559082,8.114999771118164,7.760000228881836,7.840000152587891,6344400
2004-07-16,5.255372524261475,8.274999618530273,8.287500381469727,8.052499771118164,8.112500190734863,3302800
2004-07-19,4.971171855926514,7.827499866485596,8.324999809265137,7.757500171661377,8.154999732971191,5809600
2004-07-20,5.131532192230225,8.079999923706055,8.09749984741211,7.5625,7.929999828338623,8846800
2004-07-21,4.988635063171387,7.855000019073486,8.147500038146973,7.840000152587891,8.145000457763672,4151200
2004-07-22,4.948051452636719,7.772500038146973,7.9375,7.605000019073486,7.775000095367432,2940800
2004-07-23,4.844602108001709,7.610000133514404,7.824999809265137,7.485000133514404,7.824999809265137,2273600
2004-07-26,4.7920823097229,7.527500152587891,7.650000095367432,7.457499980926514,7.617499828338623,2062400
2004-07-27,5.013303279876709,7.875,7.90749979019165,7.445000171661377,7.550000190734863,3907200
2004-07-28,5.105613708496094,8.020000457763672,8.107500076293945,7.885000228881836,7.914999961853027,3599200
2004-07-29,5.189964294433594,8.15250015258789,8.167499542236328,7.712500095367432,8.085000038146973,2531200
2004-07-30,5.21224308013916,8.1875,8.2475004196167,8.072500228881836,8.175000190734863,1983200
2004-08-02,5.1342597007751465,8.0649995803833,8.1875,7.947500228881836,8.140000343322754,2631200
2004-08-03,5.092881679534912,8.0,8.082500457763672,7.9375,8.022500038146973,2011200
2004-08-04,5.038768768310547,7.914999961853027,8.012499809265137,7.860000133514404,7.960000038146973,1791200
2004-08-05,4.906672477722168,7.707499980926514,8.114999771118164,7.599999904632568,7.947500228881836,2672000
2004-08-06,4.6233811378479,7.262499809265137,7.684999942779541,7.230000019073486,7.559999942779541,2744400
2004-08-09,4.752294063568115,7.465000152587891,7.574999809265137,7.292500019073486,7.300000190734863,2298800
2004-08-10,4.927363395690918,7.739999771118164,7.762499809265137,7.487500190734863,7.512499809265137,2813200
2004-08-11,4.925769329071045,7.737500190734863,7.762499809265137,7.477499961853027,7.642499923706055,2506400
2004-08-12,4.7761664390563965,7.502500057220459,7.715000152587891,7.482500076293945,7.712500095367432,1814400
2004-08-13,4.779351234436035,7.507500171661377,7.75,7.442500114440918,7.482500076293945,1641200
2004-08-16,5.100839138031006,8.012499809265137,8.050000190734863,7.567500114440918,7.579999923706055,3220000
2004-08-17,5.076965808868408,7.974999904632568,8.22249984741211,7.932499885559082,8.079999923706055,3604000
2004-08-18,5.091289043426514,7.997499942779541,8.037500381469727,7.857500076293945,8.037500381469727,1581200
2004-08-19,5.062640190124512,7.952499866485596,8.147500038146973,7.857500076293945,7.96999979019165,1856400
2004-08-20,5.0674147605896,7.960000038146973,8.024999618530273,7.849999904632568,7.965000152587891,2232800
2004-08-23,4.782532691955566,7.512499809265137,8.055000305175781,7.447500228881836,8.022500038146973,8769200
2004-08-24,4.779351234436035,7.507500171661377,7.697500228881836,7.369999885559082,7.599999904632568,4974800
2004-08-25,4.854152202606201,7.625,7.902500152587891,7.46750020980835,7.787499904632568,4408000
2004-08-26,4.8700690269470215,7.650000095367432,7.699999809265137,7.579999923706055,7.605000019073486,4482000
2004-08-27,4.948051452636719,7.772500038146973,7.827499866485596,7.599999904632568,7.675000190734863,1613200
2004-08-30,4.860519886016846,7.635000228881836,7.875,7.605000019073486,7.847499847412109,1412400
2004-08-31,4.991024494171143,7.840000152587891,7.852499961853027,7.622499942779541,7.702499866485596,1739600
2004-09-01,4.941686153411865,7.762499809265137,7.974999904632568,7.659999847412109,7.872499942779541,1429600
2004-09-02,5.164500713348389,8.112500190734863,8.1850004196167,7.737500190734863,7.767499923706055,2796000
2004-09-03,5.146993160247803,8.085000038146973,8.157500267028809,8.037500381469727,8.100000381469727,1475600
2004-09-07,5.4430155754089355,8.550000190734863,8.552499771118164,8.074999809265137,8.140000343322754,6885600
2004-09-08,5.4923553466796875,8.6274995803833,8.732500076293945,8.524999618530273,8.550000190734863,7638800
2004-09-09,5.637180805206299,8.854999542236328,8.984999656677246,8.6899995803833,8.927499771118164,10759200
2004-09-10,5.692885398864746,8.942500114440918,9.057499885559082,8.765000343322754,8.925000190734863,6399600
2004-09-13,5.864771842956543,9.212499618530273,9.2475004196167,8.982500076293945,9.087499618530273,5202800
2004-09-14,5.8568115234375,9.199999809265137,9.27750015258789,9.182499885559082,9.2475004196167,7363200
2004-09-15,5.812249660491943,9.130000114440918,9.399999618530273,9.102499961853027,9.375,6864000
2004-09-16,5.879092693328857,9.234999656677246,9.332500457763672,9.130000114440918,9.140000343322754,2633200
2004-09-17,5.880684852600098,9.237500190734863,9.407500267028809,9.197500228881836,9.272500038146973,2889200
2004-09-20,5.864771842956543,9.212499618530273,9.4350004196167,9.182499885559082,9.270000457763672,2312000
2004-09-21,5.761320114135742,9.050000190734863,9.125,8.975000381469727,9.125,5527600
2004-09-22,5.694474697113037,8.944999694824219,9.037500381469727,8.734999656677246,8.917499542236328,4911200
2004-09-23,5.514636516571045,8.662500381469727,8.982500076293945,8.585000038146973,8.9399995803833,6154400
2004-09-24,5.589436054229736,8.779999732971191,8.850000381469727,8.585000038146973,8.592499732971191,2810800
2004-09-27,5.761320114135742,9.050000190734863,9.157500267028809,8.712499618530273,8.795000076293945,4689600
2004-09-28,6.060352802276611,9.5,9.532500267028809,9.100000381469727,9.175000190734863,5366000
2004-09-29,6.002938270568848,9.40999984741211,9.592499732971191,9.265000343322754,9.550000190734863,11317600
2004-09-30,6.159232139587402,9.654999732971191,9.845000267028809,9.462499618530273,9.479999542236328,4012400
2004-10-01,6.223023891448975,9.755000114440918,9.800000190734863,9.59749984741211,9.707500457763672,2578800
2004-10-04,6.455867767333984,10.119999885559082,10.199999809265137,9.800000190734863,9.8725004196167,4902800
2004-10-05,6.462250232696533,10.130000114440918,10.302499771118164,10.102499961853027,10.197500228881836,4174800
2004-10-06,6.685525417327881,10.479999542236328,10.609999656677246,10.100000381469727,10.15999984741211,4964400
2004-10-07,6.481385707855225,10.15999984741211,10.5,10.149999618530273,10.4350004196167,4266800
2004-10-08,6.223023891448975,9.755000114440918,10.0625,9.677499771118164,9.829999923706055,6296000
2004-10-11,6.116168975830078,9.587499618530273,9.920000076293945,9.537500381469727,9.84749984741211,3919600
2004-10-12,5.9790143966674805,9.3725004196167,9.587499618530273,9.274999618530273,9.569999694824219,5120000
2004-10-13,5.51332426071167,8.642499923706055,9.182499885559082,8.542499542236328,9.117500305175781,11278800
2004-10-14,5.431986331939697,8.515000343322754,8.875,8.319999694824219,8.3725004196167,6704400
2004-10-15,5.518108367919922,8.649999618530273,8.792499542236328,8.492500305175781,8.5,4134400
2004-10-18,5.390524387359619,8.449999809265137,8.6899995803833,8.337499618530273,8.572500228881836,5057200
2004-10-19,4.730264663696289,7.414999961853027,8.475000381469727,7.349999904632568,8.387499809265137,21712400
2004-10-20,4.883366584777832,7.65500020980835,7.797500133514404,7.375,7.375,11764000
2004-10-21,5.012547969818115,7.857500076293945,7.954999923706055,7.5,7.574999809265137,6774400
2004-10-22,4.920048236846924,7.712500095367432,8.045000076293945,7.679999828338623,7.929999828338623,2488800
2004-10-25,5.19914436340332,8.149999618530273,8.397500038146973,7.942500114440918,8.194999694824219,9070000
2004-10-26,5.6217732429504395,8.8125,8.8725004196167,8.012499809265137,8.1899995803833,19760800
2004-10-27,5.484619617462158,8.59749984741211,8.837499618530273,8.302499771118164,8.802499771118164,5103200
2004-10-28,5.191169261932373,8.137499809265137,8.237500190734863,7.802499771118164,8.104999542236328,6014800
2004-10-29,5.294832706451416,8.300000190734863,8.457500457763672,8.037500381469727,8.037500381469727,3548000
2004-11-01,5.414444923400879,8.487500190734863,8.625,8.2524995803833,8.342499732971191,4236400
2004-11-02,5.3841423988342285,8.4399995803833,8.550000190734863,8.137499809265137,8.199999809265137,7532000
2004-11-03,5.690350532531738,8.920000076293945,8.982500076293945,8.6225004196167,8.774999618530273,4387600
2004-11-04,5.8386688232421875,9.15250015258789,9.170000076293945,8.864999771118164,8.942500114440918,3231600
2004-11-05,5.790826797485352,9.077500343322754,9.274999618530273,8.947500228881836,9.1875,2483200
2004-11-08,5.923197269439697,9.28499984741211,9.364999771118164,9.087499618530273,9.087499618530273,3083200
2004-11-09,5.980610370635986,9.375,9.447500228881836,9.255000114440918,9.3125,3208000
2004-11-10,5.935955047607422,9.305000305175781,9.574999809265137,9.274999618530273,9.322500228881836,2719200
2004-11-11,5.910438537597656,9.265000343322754,9.375,9.125,9.302499771118164,2550800
2004-11-12,6.122551441192627,9.59749984741211,9.667499542236328,9.15999984741211,9.234999656677246,4452400
2004-11-15,6.141687870025635,9.6274995803833,9.837499618530273,9.557499885559082,9.637499809265137,3576400
2004-11-16,5.996557235717773,9.399999618530273,9.625,9.317500114440918,9.592499732971191,2876000
2004-11-17,6.128929138183594,9.607500076293945,9.75,9.407500267028809,9.467499732971191,2319600
2004-11-18,5.982201099395752,9.3774995803833,9.667499542236328,9.260000228881836,9.664999961853027,2416000
2004-11-19,6.014101028442383,9.427499771118164,9.574999809265137,9.345000267028809,9.34749984741211,2296000
2004-11-22,5.9487128257751465,9.324999809265137,9.492500305175781,9.265000343322754,9.395000457763672,5054000
2004-11-23,6.023669242858887,9.442500114440918,9.662500381469727,9.327500343322754,9.6274995803833,5371600
2004-11-24,6.082681179046631,9.53499984741211,9.600000381469727,9.457500457763672,9.460000038146973,1828000
2004-11-26,6.380913257598877,10.0024995803833,10.234999656677246,9.654999732971191,9.654999732971191,5962000
2004-11-29,6.476601600646973,10.15250015258789,10.25,10.024999618530273,10.21500015258789,7434800
2004-11-30,6.463841438293457,10.132499694824219,10.267499923706055,10.067500114440918,10.104999542236328,3841600
2004-12-01,6.3984551429748535,10.029999732971191,10.244999885559082,9.984999656677246,10.109999656677246,2898000
2004-12-02,5.902462005615234,9.2524995803833,9.96500015258789,9.067500114440918,9.854999542236328,10134000
2004-12-03,6.103410720825195,9.567500114440918,9.607500076293945,9.239999771118164,9.305000305175781,3744000
2004-12-06,5.88810920715332,9.229999542236328,9.449999809265137,9.170000076293945,9.412500381469727,3826400
2004-12-07,5.704704284667969,8.942500114440918,9.239999771118164,8.75,9.227499961853027,4672800
2004-12-08,5.661643981933594,8.875,8.912500381469727,8.524999618530273,8.807499885559082,5373600
2004-12-09,5.746170997619629,9.007499694824219,9.069999694824219,8.885000228881836,8.987500190734863,3260800
2004-12-10,5.717462062835693,8.962499618530273,9.194999694824219,8.912500381469727,8.987500190734863,1875200
2004-12-13,5.910438537597656,9.265000343322754,9.395000457763672,8.912500381469727,8.954999923706055,5338800
2004-12-14,5.762119293212891,9.032500267028809,9.335000038146973,8.9399995803833,9.327500343322754,3076800
2004-12-15,5.865780830383301,9.194999694824219,9.25,8.904999732971191,9.0024995803833,3189200
2004-12-16,5.677593231201172,8.899999618530273,9.272500038146973,8.800000190734863,9.192500114440918,3631600
2004-12-17,5.765307903289795,9.037500381469727,9.212499618530273,8.90250015258789,9.024999618530273,14800800
2004-12-20,5.797204494476318,9.087499618530273,9.244999885559082,9.012499809265137,9.1274995803833,3210400
2004-12-21,6.053974628448486,9.489999771118164,9.647500038146973,9.074999809265137,9.100000381469727,4846400
2004-12-22,6.014101028442383,9.427499771118164,9.704999923706055,9.40999984741211,9.595000267028809,4576400
2004-12-23,6.1018171310424805,9.5649995803833,9.6875,9.462499618530273,9.462499618530273,1893600
2004-12-27,6.1018171310424805,9.5649995803833,9.744999885559082,9.532500267028809,9.5600004196167,2185200
2004-12-28,6.253325462341309,9.802499771118164,9.864999771118164,9.524999618530273,9.529999732971191,2398000
2004-12-29,6.160588264465332,9.632499694824219,9.8125,9.552499771118164,9.805000305175781,1883600
2004-12-30,5.991105079650879,9.367500305175781,9.4375,8.885000228881836,9.397500038146973,7072400
2004-12-31,6.0566606521606445,9.470000267028809,9.585000038146973,9.297499656677246,9.302499771118164,2904000
2005-01-03,5.788043975830078,9.050000190734863,9.5024995803833,8.97249984741211,9.475000381469727,5289600
2005-01-04,5.800834655761719,9.069999694824219,9.135000228881836,8.770000457763672,9.047499656677246,4777600
2005-01-05,5.752871036529541,8.994999885559082,9.270000457763672,8.927499771118164,9.0,3943200
2005-01-06,5.664929389953613,8.857500076293945,9.087499618530273,8.75,9.052499771118164,5376800
2005-01-07,5.757665157318115,9.0024995803833,9.125,8.692500114440918,8.854999542236328,4644400
2005-01-10,5.754466533660889,8.9975004196167,9.09749984741211,8.920000076293945,9.012499809265137,3567200
2005-01-11,5.43308687210083,8.494999885559082,8.949999809265137,8.287500381469727,8.8725004196167,8513200
2005-01-12,5.537014961242676,8.657500267028809,8.720000267028809,8.3774995803833,8.425000190734863,2674400
2005-01-13,5.636146545410156,8.8125,8.837499618530273,8.6225004196167,8.6274995803833,5152800
2005-01-14,5.914357662200928,9.2475004196167,9.282500267028809,8.887499809265137,8.914999961853027,6634400
2005-01-18,5.845605373382568,9.140000343322754,9.3125,9.024999618530273,9.170000076293945,2920800
2005-01-19,5.867988586425781,9.175000190734863,9.260000228881836,8.989999771118164,9.149999618530273,3489200
2005-01-20,5.748070240020752,8.987500190734863,9.117500305175781,8.987500190734863,9.117500305175781,2788000
2005-01-21,5.9015631675720215,9.227499961853027,9.414999961853027,8.989999771118164,9.042499542236328,5074800
2005-01-24,5.767256259918213,9.017499923706055,9.287500381469727,8.994999885559082,9.25,2798400
2005-01-25,5.79923677444458,9.067500114440918,9.425000190734863,8.9975004196167,9.199999809265137,5053600
2005-01-26,5.821620464324951,9.102499961853027,9.1875,8.925000190734863,9.132499694824219,5287200
2005-01-27,5.844005107879639,9.137499809265137,9.237500190734863,9.012499809265137,9.1274995803833,2656800
2005-01-28,5.788043975830078,9.050000190734863,9.262499809265137,8.960000038146973,9.172499656677246,3128000
2005-01-31,6.043870449066162,9.449999809265137,9.552499771118164,8.954999923706055,9.020000457763672,6164400
2005-02-01,5.917552947998047,9.2524995803833,9.5625,9.210000038146973,9.524999618530273,2760000
2005-02-02,6.28530216217041,9.827500343322754,9.8774995803833,9.237500190734863,9.25,9236800
2005-02-03,6.103028774261475,9.542499542236328,9.807499885559082,9.125,9.175000190734863,15821200
2005-02-04,6.119017124176025,9.567500114440918,9.727499961853027,9.225000381469727,9.542499542236328,7690400
2005-02-07,6.226143836975098,9.734999656677246,9.952500343322754,9.517499923706055,9.600000381469727,3732000
2005-02-08,6.192566871643066,9.682499885559082,9.737500190734863,9.487500190734863,9.645000457763672,2495200
2005-02-09,6.015089511871338,9.404999732971191,9.704999923706055,9.3774995803833,9.6875,2903200
2005-02-10,6.173377990722656,9.65250015258789,9.692500114440918,9.342499732971191,9.420000076293945,3157600
2005-02-11,6.2277445793151855,9.737500190734863,9.800000190734863,9.505000114440918,9.65999984741211,3400400
2005-02-14,6.291698932647705,9.837499618530273,10.074999809265137,9.762499809265137,9.787500381469727,4378800
2005-02-15,6.173377990722656,9.65250015258789,9.875,9.522500038146973,9.875,3511200
2005-02-16,6.6354660987854,10.375,10.462499618530273,9.585000038146973,9.6225004196167,11524800
2005-02-17,6.4867682456970215,10.142499923706055,10.447500228881836,10.104999542236328,10.385000228881836,5323200
2005-02-18,6.79695463180542,10.6274995803833,10.664999961853027,10.175000190734863,10.292499542236328,6153200
2005-02-22,6.79535436630249,10.625,10.952500343322754,10.457500457763672,10.600000381469727,9723600
2005-02-23,6.782565116882324,10.604999542236328,10.8725004196167,10.529999732971191,10.65250015258789,5674000
2005-02-24,7.003215312957764,10.949999809265137,10.987500190734863,10.552499771118164,10.625,7613600
2005-02-25,7.29901123046875,11.412500381469727,11.600000381469727,10.84749984741211,10.975000381469727,8387600
2005-02-28,7.121532917022705,11.135000228881836,11.422499656677246,10.90250015258789,11.420000076293945,4568000
2005-03-01,6.960042953491211,10.882499694824219,11.204999923706055,10.657500267028809,11.180000305175781,4542000
2005-03-02,6.758579254150391,10.567500114440918,10.737500190734863,10.137499809265137,10.737500190734863,10973600
2005-03-03,6.777768135070801,10.59749984741211,10.664999961853027,10.395000457763672,10.607500076293945,3676400
2005-03-04,7.05597448348999,11.032500267028809,11.270000457763672,10.662500381469727,10.694999694824219,6819600
2005-03-07,6.870503902435303,10.742500305175781,11.012499809265137,10.670000076293945,10.984999656677246,4872800
2005-03-08,6.529937744140625,10.210000038146973,10.625,10.050000190734863,10.612500190734863,7355200
2005-03-09,6.376439571380615,9.970000267028809,10.4350004196167,9.960000038146973,10.255000114440918,6565600
2005-03-10,6.323678016662598,9.887499809265137,10.102499961853027,9.645000457763672,9.970000267028809,8499200
2005-03-11,6.614680767059326,10.342499732971191,10.670000076293945,10.107500076293945,10.220000267028809,11839600
2005-03-14,6.4867682456970215,10.142499923706055,10.28499984741211,9.90999984741211,10.232500076293945,7626800
2005-03-15,6.453190326690674,10.09000015258789,10.380000114440918,10.015000343322754,10.15250015258789,7142800
2005-03-16,5.906362056732178,9.234999656677246,10.104999542236328,8.922499656677246,10.104999542236328,13084000
2005-03-17,5.939940452575684,9.287500381469727,9.392499923706055,9.03499984741211,9.267499923706055,7536800
2005-03-18,5.859994888305664,9.162500381469727,9.337499618530273,9.010000228881836,9.292499542236328,5573200
2005-03-21,6.032676696777344,9.432499885559082,9.59000015258789,9.237500190734863,9.40250015258789,5087600
2005-03-22,6.1046271324157715,9.545000076293945,9.8100004196167,9.319999694824219,9.460000038146973,8484000
2005-03-23,5.903162479400635,9.229999542236328,9.582500457763672,9.229999542236328,9.484999656677246,6676000
2005-03-24,5.896770000457764,9.220000267028809,9.475000381469727,9.192500114440918,9.265000343322754,3254800
2005-03-28,5.716093063354492,8.9375,9.267499923706055,8.930000305175781,9.267499923706055,8752400
2005-03-29,5.4114484786987305,8.4375,9.024999618530273,8.3774995803833,8.97249984741211,13730000
2005-03-30,5.425877571105957,8.460000038146973,8.65999984741211,8.21500015258789,8.479999542236328,15996400
2005-03-31,5.523685455322266,8.612500190734863,8.760000228881836,8.512499809265137,8.539999961853027,6771600
2005-04-01,5.515669822692871,8.600000381469727,8.762499809265137,8.5,8.6274995803833,7274400
2005-04-04,5.4274821281433105,8.462499618530273,8.577500343322754,8.1875,8.539999961853027,7270800
2005-04-05,5.4194655418396,8.449999809265137,8.609999656677246,8.357500076293945,8.53499984741211,4755600
2005-04-06,5.353725910186768,8.34749984741211,8.449999809265137,8.194999694824219,8.227499961853027,6746800
2005-04-07,5.3825883865356445,8.392499923706055,8.40999984741211,8.239999771118164,8.382499694824219,4725600
2005-04-08,5.101994514465332,7.954999923706055,8.25,7.954999923706055,8.1875,9242400
2005-04-11,5.211024761199951,8.125,8.212499618530273,7.822500228881836,7.949999809265137,7316800
2005-04-12,5.251108646392822,8.1875,8.255000114440918,7.982500076293945,8.085000038146973,7071200
2005-04-13,5.0170135498046875,7.822500228881836,8.260000228881836,7.802499771118164,8.207500457763672,6962800
2005-04-14,4.630595684051514,7.21999979019165,7.742499828338623,7.21999979019165,7.637499809265137,10888400
2005-04-15,4.564857482910156,7.117499828338623,7.449999809265137,6.989999771118164,7.232500076293945,7688800
2005-04-18,4.670680522918701,7.28249979019165,7.382500171661377,7.002500057220459,7.002500057220459,6785600
2005-04-19,4.895153522491455,7.632500171661377,7.662499904632568,7.284999847412109,7.362500190734863,6999600
2005-04-20,4.672285556793213,7.284999847412109,7.699999809265137,7.227499961853027,7.607500076293945,5541600
2005-04-21,4.781315326690674,7.454999923706055,7.690000057220459,7.175000190734863,7.642499923706055,9963200
2005-04-22,4.786125659942627,7.462500095367432,7.635000228881836,7.372499942779541,7.525000095367432,6816000
2005-04-25,4.864691257476807,7.585000038146973,7.699999809265137,7.40500020980835,7.534999847412109,4884400
2005-04-26,4.5921149253845215,7.159999847412109,7.727499961853027,7.132500171661377,7.715000152587891,6711600
2005-04-27,4.43658447265625,6.917500019073486,7.135000228881836,6.579999923706055,7.107500076293945,9990800
2005-04-28,4.372450351715088,6.817500114440918,7.079999923706055,6.809999942779541,6.852499961853027,6872800
2005-04-29,4.366037368774414,6.807499885559082,6.949999809265137,6.647500038146973,6.90500020980835,5199600
2005-05-02,4.325951099395752,6.744999885559082,6.885000228881836,6.664999961853027,6.875,4684400
2005-05-03,4.398104667663574,6.857500076293945,6.945000171661377,6.679999828338623,6.737500190734863,4909600
2005-05-04,4.540805816650391,7.079999923706055,7.150000095367432,6.820000171661377,6.917500019073486,5143600
2005-05-05,4.428569793701172,6.90500020980835,7.142499923706055,6.78249979019165,7.132500171661377,3797200
2005-05-06,4.500723838806152,7.017499923706055,7.107500076293945,6.949999809265137,7.025000095367432,2270800
2005-05-09,4.537600040435791,7.074999809265137,7.112500190734863,6.929999828338623,7.03000020980835,2958800
2005-05-10,4.295489311218262,6.697500228881836,6.947500228881836,6.677499771118164,6.902500152587891,6678000
2005-05-11,4.428569793701172,6.90500020980835,6.954999923706055,6.6875,6.747499942779541,5451600
2005-05-12,4.176836013793945,6.512499809265137,6.872499942779541,6.460000038146973,6.849999904632568,7550000
2005-05-13,4.09666633605957,6.387499809265137,6.59250020980835,6.260000228881836,6.550000190734863,7751600
2005-05-16,4.184854984283447,6.525000095367432,6.527500152587891,6.34250020980835,6.392499923706055,5062800
2005-05-17,4.285866737365723,6.682499885559082,6.710000038146973,6.462500095367432,6.507500171661377,4856800
2005-05-18,4.568063259124756,7.122499942779541,7.262499809265137,6.732500076293945,6.75,8412800
2005-05-19,4.521566867828369,7.050000190734863,7.172500133514404,6.914999961853027,7.172500133514404,4389200
2005-05-20,4.487896919250488,6.997499942779541,7.097499847412109,6.940000057220459,7.054999828338623,7276800
2005-05-23,4.468653202056885,6.96750020980835,7.09499979019165,6.932499885559082,6.977499961853027,3138000
2005-05-24,4.410930633544922,6.877500057220459,6.994999885559082,6.847499847412109,6.9375,4800800
2005-05-25,4.232955455780029,6.599999904632568,6.862500190734863,6.574999809265137,6.862500190734863,5444400
2005-05-26,4.366037368774414,6.807499885559082,6.8125,6.597499847412109,6.597499847412109,4021200
2005-05-27,4.406120777130127,6.869999885559082,7.21999979019165,6.787499904632568,7.099999904632568,5760400
2005-05-31,4.311520576477051,6.722499847412109,6.837500095367432,6.690000057220459,6.827499866485596,5174800
2005-06-01,4.410930633544922,6.877500057220459,6.889999866485596,6.675000190734863,6.684999942779541,4487200
2005-06-02,4.31953763961792,6.735000133514404,7.119999885559082,6.625,6.737500190734863,13922800
2005-06-03,4.322743892669678,6.739999771118164,6.96750020980835,6.695000171661377,6.697500228881836,4342800
2005-06-06,4.285866737365723,6.682499885559082,6.829999923706055,6.614999771118164,6.777500152587891,7977200
2005-06-07,4.353208065032959,6.787499904632568,6.925000190734863,6.512499809265137,6.647500038146973,7623200
2005-06-08,4.418946266174316,6.889999866485596,6.925000190734863,6.787499904632568,6.84250020980835,8369200
2005-06-09,4.293883800506592,6.695000171661377,6.925000190734863,6.662499904632568,6.860000133514404,9060000
2005-06-10,4.34519100189209,6.775000095367432,6.824999809265137,6.667500019073486,6.722499847412109,3492000
2005-06-13,4.409327507019043,6.875,6.909999847412109,6.704999923706055,6.775000095367432,2449600
2005-06-14,4.442999362945557,6.927499771118164,6.945000171661377,6.852499961853027,6.852499961853027,2886000
2005-06-15,4.678698539733887,7.295000076293945,7.364999771118164,6.962500095367432,6.994999885559082,6852000
2005-06-16,4.754056453704834,7.412499904632568,7.525000095367432,7.255000114440918,7.275000095367432,6537600
2005-06-17,4.683508396148682,7.302499771118164,7.494999885559082,7.287499904632568,7.412499904632568,6309200
2005-06-20,4.564857482910156,7.117499828338623,7.309999942779541,7.072500228881836,7.309999942779541,3932400
2005-06-21,4.4798784255981445,6.985000133514404,7.125,6.920000076293945,6.980000019073486,3888400
2005-06-22,4.426964282989502,6.902500152587891,7.087500095367432,6.840000152587891,7.002500057220459,4493600
2005-06-23,4.215315818786621,6.572500228881836,6.8125,6.539999961853027,6.8125,9679600
2005-06-24,4.120716571807861,6.425000190734863,6.599999904632568,6.300000190734863,6.397500038146973,9449600
2005-06-27,4.090252876281738,6.377500057220459,6.454999923706055,6.317500114440918,6.375,4230400
2005-06-28,4.252832889556885,6.605000019073486,6.677499771118164,6.440000057220459,6.440000057220459,4132000
2005-06-29,4.278589725494385,6.644999980926514,6.677499771118164,6.605000019073486,6.605000019073486,2844000
2005-06-30,4.22546911239624,6.5625,6.724999904632568,6.554999828338623,6.632500171661377,2185200
2005-07-01,4.286636829376221,6.65749979019165,6.675000190734863,6.53249979019165,6.574999809265137,2240400
2005-07-05,4.326879501342773,6.71999979019165,6.730000019073486,6.625,6.682499885559082,2858800
2005-07-06,4.426682949066162,6.875,6.929999828338623,6.627500057220459,6.762499809265137,4420000
2005-07-07,4.550627708435059,7.067500114440918,7.09499979019165,6.84250020980835,6.912499904632568,7439200
2005-07-08,4.627894401550293,7.1875,7.242499828338623,7.107500076293945,7.170000076293945,4525200
2005-07-11,4.7888641357421875,7.4375,7.462500095367432,7.199999809265137,7.204999923706055,4570000
2005-07-12,4.827495574951172,7.497499942779541,7.505000114440918,7.295000076293945,7.442500114440918,4371600
2005-07-13,4.735743999481201,7.355000019073486,7.53249979019165,7.300000190734863,7.494999885559082,5160800
2005-07-14,4.59730863571167,7.139999866485596,7.440000057220459,7.027500152587891,7.364999771118164,4984000
2005-07-15,4.582821846008301,7.117499828338623,7.204999923706055,7.107500076293945,7.110000133514404,2068000
2005-07-18,4.5474090576171875,7.0625,7.184999942779541,7.034999847412109,7.057499885559082,4591600
2005-07-19,4.748621463775635,7.375,7.487500190734863,6.925000190734863,6.934999942779541,10269200
2005-07-20,5.065732002258301,7.867499828338623,7.949999809265137,7.315000057220459,7.349999904632568,12710800
2005-07-21,5.093098163604736,7.909999847412109,8.055000305175781,7.775000095367432,7.867499828338623,6802000
2005-07-22,5.291093349456787,8.217499732971191,8.237500190734863,7.9375,7.957499980926514,8571600
2005-07-25,5.099535942077637,7.920000076293945,8.225000381469727,7.802499771118164,8.217499732971191,7157600
2005-07-26,5.167142868041992,8.024999618530273,8.199999809265137,7.820000171661377,7.920000076293945,6188000
2005-07-27,5.118852138519287,7.949999809265137,8.130000114440918,7.864999771118164,8.104999542236328,3190800
2005-07-28,5.22670316696167,8.117500305175781,8.1899995803833,7.980000019073486,8.0,3720400
2005-07-29,5.176802158355713,8.039999961853027,8.180000305175781,8.010000228881836,8.119999885559082,3617200
2005-08-01,5.1558756828308105,8.007499694824219,8.15999984741211,7.957499980926514,7.974999904632568,3701200
2005-08-02,5.400548934936523,8.387499809265137,8.529999732971191,8.055000305175781,8.067500114440918,4772000
2005-08-03,5.378015041351318,8.352499961853027,8.5024995803833,8.25,8.397500038146973,4650800
2005-08-04,5.255680084228516,8.162500381469727,8.332500457763672,8.149999618530273,8.297499656677246,3140400
2005-08-05,5.15909481048584,8.012499809265137,8.2475004196167,7.914999961853027,8.135000228881836,3363600
2005-08-08,5.440792560577393,8.449999809265137,8.47249984741211,7.96750020980835,7.992499828338623,5744400
2005-08-09,5.551860332489014,8.6225004196167,8.737500190734863,8.492500305175781,8.492500305175781,7090400
2005-08-10,5.576009750366211,8.65999984741211,8.852499961853027,8.579999923706055,8.729999542236328,5114800
2005-08-11,5.616251468658447,8.72249984741211,8.852499961853027,8.592499732971191,8.637499809265137,3581200
2005-08-12,5.595322132110596,8.6899995803833,8.772500038146973,8.452500343322754,8.699999809265137,2382000
2005-08-15,5.613029956817627,8.717499732971191,8.78499984741211,8.52750015258789,8.720000267028809,4891200
2005-08-16,5.368356704711914,8.337499618530273,8.739999771118164,8.327500343322754,8.71500015258789,4777200
2005-08-17,5.323284149169922,8.267499923706055,8.539999961853027,8.25,8.292499542236328,5281600
2005-08-18,5.138168811798096,7.980000019073486,8.21500015258789,7.932499885559082,8.147500038146973,4765200
2005-08-19,5.194510459899902,8.067500114440918,8.170000076293945,7.982500076293945,8.037500381469727,3234000
2005-08-22,5.318455219268799,8.260000228881836,8.369999885559082,8.112500190734863,8.112500190734863,2958800
2005-08-23,5.065732002258301,7.867499828338623,8.28499984741211,7.837500095367432,8.242500305175781,4034800
2005-08-24,4.79691219329834,7.449999809265137,7.797500133514404,7.432499885559082,7.78000020980835,9195200
2005-08-25,4.948225021362305,7.684999942779541,7.78000020980835,7.387499809265137,7.387499809265137,4999600
2005-08-26,4.919249057769775,7.639999866485596,7.715000152587891,7.452499866485596,7.650000095367432,3407200
2005-08-29,5.051245212554932,7.84499979019165,7.867499828338623,7.585000038146973,7.597499847412109,3660000
2005-08-30,4.953054428100586,7.692500114440918,7.852499961853027,7.659999847412109,7.835000038146973,4076000
2005-08-31,5.0753912925720215,7.882500171661377,7.882500171661377,7.574999809265137,7.75,4284000
2005-09-01,5.2218732833862305,8.109999656677246,8.1850004196167,7.942500114440918,7.949999809265137,3362800
2005-09-02,5.218653202056885,8.104999542236328,8.272500038146973,8.077500343322754,8.199999809265137,3208400
2005-09-06,5.241189002990723,8.140000343322754,8.237500190734863,8.055000305175781,8.125,2844000
2005-09-07,5.210604190826416,8.092499732971191,8.4399995803833,8.037500381469727,8.337499618530273,5566000
2005-09-08,5.188071250915527,8.057499885559082,8.162500381469727,7.945000171661377,8.119999885559082,2990000
2005-09-09,5.286262512207031,8.210000038146973,8.25,8.032500267028809,8.069999694824219,2995200
2005-09-12,5.279824256896973,8.199999809265137,8.327500343322754,8.079999923706055,8.227499961853027,4017600
2005-09-13,5.2347540855407715,8.130000114440918,8.267499923706055,8.112500190734863,8.125,2717200
2005-09-14,5.1333394050598145,7.972499847412109,8.194999694824219,7.90500020980835,8.125,2709200
2005-09-15,5.22992467880249,8.1225004196167,8.1875,7.96750020980835,8.0024995803833,3616000
2005-09-16,5.458502769470215,8.477499961853027,8.487500190734863,8.164999961853027,8.167499542236328,4579600
2005-09-19,5.342599868774414,8.297499656677246,8.529999732971191,8.262499809265137,8.4975004196167,2864800
2005-09-20,5.202556133270264,8.079999923706055,8.5024995803833,8.067500114440918,8.272500038146973,5994000
2005-09-21,5.241189002990723,8.140000343322754,8.390000343322754,8.0600004196167,8.100000381469727,3544400
2005-09-22,5.110805988311768,7.9375,8.225000381469727,7.855000019073486,8.125,2766800
2005-09-23,5.310409069061279,8.2475004196167,8.267499923706055,7.832499980926514,7.902500152587891,3023200
2005-09-26,5.434353351593018,8.4399995803833,8.494999885559082,8.137499809265137,8.25,3383200
2005-09-27,5.310409069061279,8.2475004196167,8.5,8.119999885559082,8.5,3223200
2005-09-28,5.40566873550415,8.369999885559082,8.53499984741211,8.207500457763672,8.207500457763672,2449600
2005-09-29,5.37660551071167,8.324999809265137,8.46500015258789,8.234999656677246,8.337499618530273,1818800
2005-09-30,5.483168601989746,8.489999771118164,8.524999618530273,8.270000457763672,8.272500038146973,2951600
2005-10-03,5.3120198249816895,8.225000381469727,8.587499618530273,8.212499618530273,8.489999771118164,3281600
2005-10-04,5.126344680786133,7.9375,8.270000457763672,7.902500152587891,8.207500457763672,4672400
2005-10-05,4.814725875854492,7.454999923706055,7.960000038146973,7.442500114440918,7.875,5153200
2005-10-06,4.813111782073975,7.452499866485596,7.715000152587891,7.300000190734863,7.53000020980835,5049200
2005-10-07,4.848632335662842,7.507500171661377,7.664999961853027,7.429999828338623,7.489999771118164,3280400
2005-10-10,4.7323808670043945,7.327499866485596,7.622499942779541,7.3125,7.507500171661377,4199600
2005-10-11,4.703319549560547,7.28249979019165,7.497499942779541,7.262499809265137,7.34499979019165,3544400
2005-10-12,4.4885759353637695,6.949999809265137,7.287499904632568,6.9375,7.25,6605200
2005-10-13,4.470818042755127,6.922500133514404,6.957499980926514,6.65749979019165,6.932499885559082,5203200
2005-10-14,4.4934210777282715,6.957499980926514,7.170000076293945,6.887499809265137,6.957499980926514,5758400
2005-10-17,4.6451945304870605,7.192500114440918,7.199999809265137,6.994999885559082,7.002500057220459,4234400
2005-10-18,4.504723072052002,6.974999904632568,7.324999809265137,6.962500095367432,7.204999923706055,4877600
2005-10-19,4.599984645843506,7.122499942779541,7.164999961853027,6.767499923706055,6.9375,6253600
2005-10-20,4.453056335449219,6.894999980926514,7.824999809265137,6.857500076293945,7.357500076293945,8478800
2005-10-21,4.570924282073975,7.077499866485596,7.097499847412109,6.900000095367432,6.90500020980835,5362000
2005-10-24,4.853477478027344,7.514999866485596,7.534999847412109,7.090000152587891,7.090000152587891,4290000
2005-10-25,5.029468536376953,7.787499904632568,8.042499542236328,7.704999923706055,7.767499923706055,8092800
2005-10-26,4.940663814544678,7.650000095367432,7.90749979019165,7.632500171661377,7.727499961853027,3758000
2005-10-27,4.774360179901123,7.392499923706055,7.625,7.372499942779541,7.625,3045600
2005-10-28,4.956809997558594,7.675000190734863,7.767499923706055,7.414999961853027,7.445000171661377,3771200
2005-10-31,5.000404357910156,7.742499828338623,7.852499961853027,7.672500133514404,7.695000171661377,3918000
2005-11-01,5.039155960083008,7.802499771118164,7.902500152587891,7.652500152587891,7.724999904632568,5007200
2005-11-02,5.1021246910095215,7.900000095367432,7.987500190734863,7.787499904632568,7.804999828338623,2714000
2005-11-03,5.158635139465332,7.987500190734863,8.022500038146973,7.824999809265137,7.9375,3677200
2005-11-04,5.144104480743408,7.965000152587891,7.994999885559082,7.724999904632568,7.974999904632568,4297600
2005-11-07,5.079519748687744,7.864999771118164,8.037500381469727,7.697500228881836,7.989999771118164,3708000
2005-11-08,5.084364891052246,7.872499942779541,7.96999979019165,7.71750020980835,7.847499847412109,3043200
2005-11-09,5.044000148773193,7.809999942779541,8.007499694824219,7.792500019073486,7.849999904632568,2524800
2005-11-10,5.0326972007751465,7.792500019073486,7.902500152587891,7.545000076293945,7.837500095367432,2690000
2005-11-11,5.261970043182373,8.147500038146973,8.220000267028809,7.795000076293945,7.795000076293945,3210000
2005-11-14,5.040771007537842,7.804999828338623,8.167499542236328,7.797500133514404,8.137499809265137,3320400
2005-11-15,4.981029510498047,7.712500095367432,7.847499847412109,7.599999904632568,7.650000095367432,3738000
2005-11-16,5.068218231201172,7.847499847412109,7.889999866485596,7.607500076293945,7.727499961853027,3652000
2005-11-17,5.16024923324585,7.989999771118164,8.024999618530273,7.797500133514404,7.894999980926514,2598000
2005-11-18,5.042383193969727,7.807499885559082,8.079999923706055,7.78000020980835,8.0600004196167,2963200
2005-11-21,5.36046028137207,8.300000190734863,8.352499961853027,7.739999771118164,7.797500133514404,4168000
2005-11-22,5.315249443054199,8.229999542236328,8.3149995803833,8.125,8.25,3314800
2005-11-23,5.539679050445557,8.577500343322754,8.744999885559082,8.357500076293945,8.357500076293945,5389200
2005-11-25,5.499314308166504,8.515000343322754,8.657500267028809,8.447500228881836,8.569999694824219,560000
2005-11-28,5.473482131958008,8.475000381469727,8.6899995803833,8.4399995803833,8.600000381469727,2386800
2005-11-29,5.610722541809082,8.6875,8.8149995803833,8.5625,8.5625,3262800
2005-11-30,5.599421501159668,8.670000076293945,8.789999961853027,8.582500457763672,8.757499694824219,3672800
2005-12-01,5.823849201202393,9.017499923706055,9.079999923706055,8.702500343322754,8.725000381469727,4648400
2005-12-02,5.736658573150635,8.882499694824219,8.970000267028809,8.795000076293945,8.9350004196167,2651200
2005-12-05,5.85291051864624,9.0625,9.112500190734863,8.90250015258789,8.962499618530273,2697600
2005-12-06,5.854526042938232,9.0649995803833,9.177499771118164,8.9399995803833,9.125,2464000
2005-12-07,5.856142044067383,9.067500114440918,9.167499542236328,8.984999656677246,9.052499771118164,2656400
2005-12-08,5.701140403747559,8.827500343322754,9.067500114440918,8.819999694824219,8.979999542236328,5634400
2005-12-09,5.7221293449401855,8.859999656677246,8.890000343322754,8.675000190734863,8.8125,2200400
2005-12-12,5.626868724822998,8.712499618530273,8.984999656677246,8.6850004196167,8.917499542236328,1989200
2005-12-13,5.541293144226074,8.579999923706055,8.65999984741211,8.494999885559082,8.645000457763672,3456400
2005-12-14,5.50900411605835,8.529999732971191,8.6899995803833,8.5,8.585000038146973,2461600
2005-12-15,5.428269863128662,8.404999732971191,8.5625,8.369999885559082,8.489999771118164,2644800
2005-12-16,5.547752857208252,8.59000015258789,8.774999618530273,8.362500190734863,8.407500267028809,4401200
2005-12-19,5.476710796356201,8.479999542236328,8.795000076293945,8.40250015258789,8.604999542236328,4366400
2005-12-20,5.557440757751465,8.604999542236328,8.645000457763672,8.319999694824219,8.524999618530273,3972000
2005-12-21,5.715672492980957,8.850000381469727,8.8725004196167,8.670000076293945,8.670000076293945,3450400
2005-12-22,5.717285633087158,8.852499961853027,8.880000114440918,8.6850004196167,8.824999809265137,2196400
2005-12-23,5.817392826080322,9.007499694824219,9.032500267028809,8.8100004196167,8.8774995803833,2164800
2005-12-27,5.6543169021606445,8.755000114440918,9.0625,8.75,8.9975004196167,2087200
2005-12-28,5.748229503631592,8.875,8.882499694824219,8.72249984741211,8.782500267028809,1209600
2005-12-29,5.858340263366699,9.045000076293945,9.095000267028809,8.8125,8.824999809265137,1828800
2005-12-30,5.749849796295166,8.8774995803833,9.010000228881836,8.8149995803833,8.982500076293945,1621200
2006-01-03,5.918251991271973,9.137499809265137,9.15250015258789,8.75,8.987500190734863,4098400
2006-01-04,5.8907246589660645,9.095000267028809,9.182499885559082,8.952500343322754,9.005000114440918,3504800
2006-01-05,5.864818572998047,9.055000305175781,9.132499694824219,8.890000343322754,9.125,1718400
2006-01-06,5.939298629760742,9.170000076293945,9.367500305175781,9.047499656677246,9.117500305175781,3467200
2006-01-09,5.987877368927002,9.244999885559082,9.324999809265137,9.055000305175781,9.100000381469727,2770400
2006-01-10,5.90205717086792,9.112500190734863,9.212499618530273,9.0,9.137499809265137,2927600
2006-01-11,5.942541122436523,9.175000190734863,9.272500038146973,9.09000015258789,9.172499656677246,3770400
2006-01-12,5.971683025360107,9.220000267028809,9.282500267028809,9.039999961853027,9.125,2160400
2006-01-13,5.910153388977051,9.125,9.354999542236328,9.09749984741211,9.175000190734863,3077200
2006-01-17,5.939298629760742,9.170000076293945,9.270000457763672,9.074999809265137,9.130000114440918,1742000
2006-01-18,5.8680548667907715,9.0600004196167,9.1875,9.0024995803833,9.147500038146973,1859600
2006-01-19,5.952253341674805,9.1899995803833,9.257499694824219,9.047499656677246,9.145000457763672,2613600
2006-01-20,5.8389081954956055,9.015000343322754,9.25,8.987500190734863,9.204999923706055,2611600
2006-01-23,6.122273921966553,9.452500343322754,9.487500190734863,8.97249984741211,8.97249984741211,3014000
2006-01-24,6.760242938995361,10.4375,10.72249984741211,9.697500228881836,9.75,12109600
2006-01-25,6.815297603607178,10.522500038146973,10.800000190734863,10.229999542236328,10.345000267028809,3422400
2006-01-26,6.839587211608887,10.5600004196167,10.677499771118164,10.477499961853027,10.524999618530273,4390000
2006-01-27,7.278392791748047,11.237500190734863,11.3725004196167,10.779999732971191,10.779999732971191,7634400
2006-01-30,7.106759071350098,10.97249984741211,11.324999809265137,10.9399995803833,11.324999809265137,4104000
2006-01-31,7.516417980194092,11.604999542236328,11.727499961853027,10.767499923706055,10.869999885559082,9363600
2006-02-01,7.370688438415527,11.380000114440918,11.71500015258789,11.207500457763672,11.479999542236328,3110800
2006-02-02,7.218486785888672,11.145000457763672,11.572500228881836,11.005000114440918,11.322500228881836,4271600
2006-02-03,7.215243816375732,11.140000343322754,11.369999885559082,11.02750015258789,11.072500228881836,3010400
2006-02-06,7.7398762702941895,11.949999809265137,12.1225004196167,11.1274995803833,11.175000190734863,6432800
2006-02-07,7.31563663482666,11.295000076293945,11.857500076293945,11.180000305175781,11.779999732971191,5150000
2006-02-08,7.178009033203125,11.082500457763672,11.354999542236328,10.852499961853027,11.297499656677246,4652000
2006-02-09,6.931878566741943,10.702500343322754,11.229999542236328,10.65999984741211,11.162500381469727,3920000
2006-02-10,7.035513877868652,10.862500190734863,11.055000305175781,10.577500343322754,10.649999618530273,3578800
2006-02-13,6.782915115356445,10.47249984741211,10.819999694824219,10.444999694824219,10.805000305175781,3038000
2006-02-14,7.131044864654541,11.010000228881836,11.09000015258789,10.470000267028809,10.52750015258789,4218800
2006-02-15,7.268678188323975,11.22249984741211,11.272500038146973,10.880000114440918,10.944999694824219,5785600
2006-02-16,7.335068225860596,11.324999809265137,11.34749984741211,10.899999618530273,10.90250015258789,6100000
2006-02-17,7.276773452758789,11.234999656677246,11.40999984741211,11.095000267028809,11.297499656677246,2712800
2006-02-21,7.446792125701904,11.4975004196167,11.617500305175781,11.297499656677246,11.337499618530273,2024400
2006-02-22,7.552042007446289,11.65999984741211,11.699999809265137,11.292499542236328,11.547499656677246,2514400
2006-02-23,7.717203617095947,11.914999961853027,12.0625,11.6899995803833,11.762499809265137,5310000
2006-02-24,7.699397087097168,11.887499809265137,12.03499984741211,11.787500381469727,11.904999732971191,4210800
2006-02-27,7.6184282302856445,11.762499809265137,11.975000381469727,11.53499984741211,11.887499809265137,5866400
2006-02-28,7.4484148025512695,11.5,11.710000038146973,11.350000381469727,11.680000305175781,2410800
2006-03-01,7.718822956085205,11.917499542236328,12.042499542236328,11.5024995803833,11.510000228881836,3362400
2006-03-02,7.699397087097168,11.887499809265137,11.96500015258789,11.694999694824219,11.864999771118164,3386400
2006-03-03,7.869412899017334,12.149999618530273,12.46500015258789,12.0,12.177499771118164,5100000
2006-03-06,7.63462495803833,11.787500381469727,12.417499542236328,11.609999656677246,12.192500114440918,4351600
2006-03-07,7.382023334503174,11.397500038146973,11.762499809265137,11.227499961853027,11.699999809265137,3652400
2006-03-08,7.560135364532471,11.672499656677246,11.717499732971191,11.1274995803833,11.354999542236328,6784400
2006-03-09,7.485655307769775,11.557499885559082,11.899999618530273,11.4975004196167,11.742500305175781,3312400
2006-03-10,7.8839802742004395,12.172499656677246,12.212499618530273,11.662500381469727,12.020000457763672,4355200
2006-03-13,7.6443400382995605,11.802499771118164,12.28499984741211,11.762499809265137,12.194999694824219,3681200
2006-03-14,7.93418025970459,12.25,12.267499923706055,11.7475004196167,11.84749984741211,3797600
2006-03-15,7.990855693817139,12.337499618530273,12.470000267028809,11.984999656677246,12.279999732971191,4176400
2006-03-16,7.798164367675781,12.039999961853027,12.449999809265137,11.977499961853027,12.449999809265137,3969600
2006-03-17,8.024855613708496,12.390000343322754,12.454999923706055,11.977499961853027,12.100000381469727,4694800
2006-03-20,7.900177001953125,12.197500228881836,12.782500267028809,12.032500267028809,12.390000343322754,4758800
2006-03-21,7.676724910736084,11.852499961853027,12.449999809265137,11.8100004196167,11.852499961853027,3706800
2006-03-22,7.922846794128418,12.232500076293945,12.34000015258789,11.807499885559082,11.842499732971191,2737600
2006-03-23,8.110672950744629,12.522500038146973,12.532500267028809,12.069999694824219,12.177499771118164,2690400
2006-03-24,8.316314697265625,12.84000015258789,12.84749984741211,12.307499885559082,12.537500381469727,4289600
2006-03-27,8.844181060791016,13.654999732971191,13.75,12.952500343322754,13.220000267028809,9302800
2006-03-28,8.755125045776367,13.517499923706055,13.770000457763672,13.467499732971191,13.647500038146973,4868400
2006-03-29,9.392210960388184,14.447500228881836,14.572500228881836,13.805000305175781,13.927499771118164,11076800
2006-03-30,9.280074119567871,14.274999618530273,14.8125,14.154999732971191,14.59000015258789,4525600
2006-03-31,9.219942092895508,14.182499885559082,14.335000038146973,13.862500190734863,14.335000038146973,3902800
2006-04-03,9.289820671081543,14.289999961853027,14.75,14.21500015258789,14.382499694824219,4218800
2006-04-04,9.447471618652344,14.532500267028809,14.574999809265137,14.212499618530273,14.297499656677246,4061600
2006-04-05,9.492975234985352,14.602499961853027,14.694999694824219,14.362500190734863,14.582500457763672,2670400
2006-04-06,9.533608436584473,14.664999961853027,14.8725004196167,14.395000457763672,14.574999809265137,3172400
2006-04-07,9.23131275177002,14.199999809265137,14.857500076293945,14.137499809265137,14.6875,4930400
2006-04-10,9.42309284210205,14.494999885559082,14.494999885559082,13.954999923706055,14.125,5262800
2006-04-11,9.267067909240723,14.255000114440918,14.7475004196167,14.087499618530273,14.555000305175781,5914400
2006-04-12,9.31583023071289,14.329999923706055,14.4399995803833,14.079999923706055,14.199999809265137,2720000
2006-04-13,9.439347267150879,14.520000457763672,14.555000305175781,14.015000343322754,14.282500267028809,2632000
2006-04-17,9.557988166809082,14.702500343322754,14.78499984741211,14.522500038146973,14.5625,4069200
2006-04-18,9.92529010772705,15.267499923706055,15.267499923706055,14.737500190734863,14.8100004196167,5026000
2006-04-19,10.1300687789917,15.582500457763672,15.59749984741211,14.962499618530273,15.3774995803833,6392400
2006-04-20,9.974045753479004,15.342499732971191,16.174999237060547,15.172499656677246,16.114999771118164,11765600
2006-04-21,10.297466278076172,15.84000015258789,16.0625,15.427499771118164,15.5625,6086800
2006-04-24,10.445363998413086,16.0674991607666,16.1924991607666,15.7475004196167,15.822500228881836,5644400
2006-04-25,10.372230529785156,15.954999923706055,16.4375,15.885000228881836,16.1875,8118400
2006-04-26,10.331597328186035,15.892499923706055,16.24250030517578,15.864999771118164,15.949999809265137,5930800
2006-04-27,9.855406761169434,15.15999984741211,15.65999984741211,14.832500457763672,15.637499809265137,7461600
2006-04-28,10.147945404052734,15.609999656677246,15.670000076293945,15.142499923706055,15.220000267028809,4596800
2006-05-01,10.45349407196045,16.079999923706055,16.344999313354492,15.717499732971191,15.717499732971191,4812800
2006-05-02,10.75740909576416,16.547500610351562,16.647499084472656,16.09749984741211,16.232500076293945,6129200
2006-05-03,10.747655868530273,16.532499313354492,16.6924991607666,16.087499618530273,16.647499084472656,4694000
2006-05-04,10.889050483703613,16.75,16.889999389648438,16.510000228881836,16.614999771118164,4790800
2006-05-05,10.984940528869629,16.897499084472656,17.02750015258789,16.665000915527344,16.90250015258789,4643600
2006-05-08,10.944311141967773,16.834999084472656,17.142499923706055,16.65999984741211,16.834999084472656,4032000
2006-05-09,11.030448913574219,16.967500686645508,17.209999084472656,16.8125,16.872499465942383,4105200
2006-05-10,11.194596290588379,17.219999313354492,17.25,16.717500686645508,16.950000762939453,3432400
2006-05-11,10.91018009185791,16.782499313354492,17.487499237060547,16.732500076293945,17.299999237060547,5928800
2006-05-12,10.351097106933594,15.922499656677246,16.920000076293945,15.885000228881836,16.71500015258789,5904000
2006-05-15,10.338099479675293,15.90250015258789,16.047500610351562,15.462499618530273,15.5625,6799200
2006-05-16,10.170699119567871,15.645000457763672,16.25,15.175000190734863,15.932499885559082,5178000
2006-05-17,9.544981002807617,14.682499885559082,15.727499961853027,14.600000381469727,15.675000190734863,9704400
2006-05-18,9.179309844970703,14.119999885559082,15.039999961853027,13.899999618530273,14.792499542236328,6714800
2006-05-19,9.20531177520752,14.15999984741211,14.375,13.697500228881836,14.050000190734863,6039200
2006-05-22,8.743746757507324,13.449999809265137,14.077500343322754,12.967499732971191,13.970000267028809,8096400
2006-05-23,8.880266189575195,13.65999984741211,14.242500305175781,13.647500038146973,13.875,6198800
2006-05-24,8.703116416931152,13.387499809265137,13.97249984741211,12.827500343322754,13.680000305175781,7518800
2006-05-25,9.252442359924316,14.232500076293945,14.357500076293945,13.550000190734863,13.5649995803833,9320800
2006-05-26,9.557988166809082,14.702500343322754,14.904999732971191,14.279999732971191,14.319999694824219,5353600
2006-05-30,9.072037696838379,13.954999923706055,14.710000038146973,13.917499542236328,14.710000038146973,7070000
2006-05-31,9.440971374511719,14.522500038146973,14.657500267028809,14.024999618530273,14.024999618530273,5514800
2006-06-01,9.657126426696777,14.854999542236328,14.90250015258789,14.380000114440918,14.457500457763672,4817600
2006-06-02,9.82452392578125,15.112500190734863,15.452500343322754,14.845000267028809,15.024999618530273,5008000
2006-06-05,9.242694854736328,14.217499732971191,15.232500076293945,14.100000381469727,15.147500038146973,5338800
2006-06-06,9.26382064819336,14.25,14.362500190734863,13.682499885559082,14.25,7341200
2006-06-07,8.733997344970703,13.4350004196167,14.4399995803833,13.425000190734863,14.234999656677246,6245600
2006-06-08,8.740497589111328,13.444999694824219,13.510000228881836,12.637499809265137,13.307499885559082,10699200
2006-06-09,8.64785385131836,13.302499771118164,13.975000381469727,13.242500305175781,13.647500038146973,5432800
2006-06-12,8.287055969238281,12.7475004196167,13.395000457763672,12.667499542236328,13.25,6060800
2006-06-13,8.012388229370117,12.324999809265137,13.087499618530273,12.167499542236328,12.737500190734863,7195200
2006-06-14,8.274057388305664,12.727499961853027,12.77750015258789,12.354999542236328,12.380000114440918,5812400
2006-06-15,9.031408309936523,13.892499923706055,13.954999923706055,12.975000381469727,12.975000381469727,7248000
2006-06-16,8.9599027633667,13.782500267028809,13.899999618530273,13.362500190734863,13.827500343322754,11483200
2006-06-19,8.574724197387695,13.1899995803833,13.9399995803833,13.074999809265137,13.8125,4827200
2006-06-20,8.712862014770508,13.40250015258789,13.797499656677246,13.135000228881836,13.274999618530273,5602800
2006-06-21,9.361334800720215,14.399999618530273,14.52750015258789,13.369999885559082,13.369999885559082,7450400
2006-06-22,9.158183097839355,14.087499618530273,14.427499771118164,13.8100004196167,14.324999809265137,6917600
2006-06-23,9.306076049804688,14.3149995803833,14.572500228881836,13.989999771118164,14.045000076293945,4227200
2006-06-26,9.514105796813965,14.635000228881836,14.692500114440918,14.3125,14.417499542236328,4972400
2006-06-27,9.426342964172363,14.5,14.975000381469727,14.399999618530273,14.699999809265137,5637600
2006-06-28,9.582903861999512,14.6899995803833,14.729999542236328,14.3125,14.572500228881836,4283200
2006-06-29,10.189583778381348,15.619999885559082,15.667499542236328,14.697500228881836,14.862500190734863,5535200
2006-06-30,10.721242904663086,16.434999465942383,16.434999465942383,15.4350004196167,15.59749984741211,19914800
2006-07-03,10.585884094238281,16.227500915527344,16.412500381469727,16.0625,16.412500381469727,2671200
2006-07-05,10.504343032836914,16.102500915527344,16.167499542236328,15.412500381469727,16.15250015258789,6880000
2006-07-06,10.349405288696289,15.864999771118164,16.315000534057617,15.78499984741211,16.167499542236328,4601600
2006-07-07,10.282541275024414,15.762499809265137,16.274999618530273,15.6899995803833,15.84000015258789,3797200
2006-07-10,10.246661186218262,15.707500457763672,15.912500381469727,15.324999809265137,15.885000228881836,4425600
2006-07-11,10.311901092529297,15.807499885559082,15.850000381469727,15.237500190734863,15.680000305175781,3993600
2006-07-12,10.279278755187988,15.757499694824219,16.09000015258789,15.6899995803833,15.744999885559082,3511600
2006-07-13,9.739471435546875,14.930000305175781,15.619999885559082,14.875,15.619999885559082,4850400
2006-07-14,9.790024757385254,15.007499694824219,15.177499771118164,14.492500305175781,14.930000305175781,6728400
2006-07-17,9.333381652832031,14.307499885559082,14.960000038146973,14.202500343322754,14.947500228881836,5177600
2006-07-18,9.42308235168457,14.444999694824219,14.635000228881836,13.882499694824219,14.390000343322754,8119200
2006-07-19,9.887876510620117,15.157500267028809,15.362500190734863,14.5,14.592499732971191,6044000
2006-07-20,9.723159790039062,14.904999732971191,16.75,14.662500381469727,16.587499618530273,17903600
2006-07-21,9.243688583374023,14.170000076293945,15.244999885559082,13.680000305175781,15.020000457763672,8729200
2006-07-24,9.0545072555542,13.880000114440918,14.359999656677246,13.545000076293945,13.875,13233200
2006-07-25,9.370890617370605,14.364999771118164,14.520000457763672,13.727499961853027,13.917499542236328,8650800
2006-07-26,9.444283485412598,14.477499961853027,14.53499984741211,14.03499984741211,14.380000114440918,5864800
2006-07-27,9.441022872924805,14.47249984741211,14.957500457763672,14.422499656677246,14.677499771118164,6845200
2006-07-28,9.290982246398926,14.242500305175781,14.487500190734863,13.992500305175781,14.475000381469727,6704800
2006-07-31,9.462218284606934,14.505000114440918,14.682499885559082,14.047499656677246,14.324999809265137,6457200
2006-08-01,9.18824291229248,14.085000038146973,14.454999923706055,13.6899995803833,14.319999694824219,5597200
2006-08-02,9.318704605102539,14.28499984741211,14.630000114440918,13.774999618530273,14.010000228881836,7197600
2006-08-03,9.163779258728027,14.047499656677246,14.322500228881836,13.927499771118164,14.112500190734863,4575600
2006-08-04,8.906102180480957,13.65250015258789,14.457500457763672,13.577500343322754,14.242500305175781,6248800
2006-08-07,9.100171089172363,13.949999809265137,14.102499961853027,13.547499656677246,13.664999961853027,6708800
2006-08-08,8.912623405456543,13.662500381469727,14.074999809265137,13.5625,13.899999618530273,4578000
2006-08-09,8.772367477416992,13.447500228881836,13.829999923706055,13.210000038146973,13.772500038146973,10423200
2006-08-10,8.69735050201416,13.332500457763672,13.479999542236328,13.047499656677246,13.232500076293945,6124800
2006-08-11,8.464137077331543,12.975000381469727,13.375,12.885000228881836,13.220000267028809,4426400
2006-08-14,8.398906707763672,12.875,13.212499618530273,12.8149995803833,13.047499656677246,4657200
2006-08-15,8.659843444824219,13.274999618530273,13.40250015258789,12.8774995803833,13.074999809265137,5347600
2006-08-16,8.886526107788086,13.6225004196167,13.662500381469727,13.357500076293945,13.375,3932000
2006-08-17,8.627223014831543,13.225000381469727,13.614999771118164,13.074999809265137,13.614999771118164,4140400
2006-08-18,8.744644165039062,13.404999732971191,13.420000076293945,13.087499618530273,13.1875,3633200
2006-08-21,8.604393005371094,13.1899995803833,13.662500381469727,13.157500267028809,13.399999618530273,3888000
2006-08-22,8.610912322998047,13.199999809265137,13.295000076293945,13.087499618530273,13.15250015258789,3140800
2006-08-23,8.4021635055542,12.880000114440918,13.28499984741211,12.774999618530273,13.255000114440918,3017600
2006-08-24,8.252128601074219,12.649999618530273,12.9375,12.574999809265137,12.869999885559082,4523600
2006-08-25,8.248869895935059,12.645000457763672,12.869999885559082,12.612500190734863,12.677499771118164,2534400
2006-08-28,8.160798072814941,12.510000228881836,12.672499656677246,12.367500305175781,12.595000267028809,4176400
2006-08-29,8.645162582397461,13.2524995803833,13.305000305175781,12.699999809265137,13.132499694824219,15411200
2006-08-30,8.563620567321777,13.1274995803833,13.274999618530273,13.037500381469727,13.272500038146973,6570800
2006-08-31,8.609281539916992,13.197500228881836,13.345000267028809,13.130000114440918,13.130000114440918,4491600
2006-09-01,8.884899139404297,13.619999885559082,13.632499694824219,13.162500381469727,13.197500228881836,4599600
2006-09-05,9.152362823486328,14.029999732971191,14.167499542236328,13.5,13.682499885559082,6020800
2006-09-06,8.888161659240723,13.625,13.885000228881836,13.425000190734863,13.805000305175781,6808400
2006-09-07,8.775629997253418,13.452500343322754,13.609999656677246,13.109999656677246,13.515000343322754,5610000
2006-09-08,8.615808486938477,13.207500457763672,13.5,13.164999961853027,13.404999732971191,3920800
2006-09-11,8.141228675842285,12.479999542236328,13.262499809265137,12.422499656677246,13.135000228881836,6844800
2006-09-12,8.20319938659668,12.574999809265137,12.819999694824219,12.380000114440918,12.452500343322754,5128000
2006-09-13,8.482078552246094,13.0024995803833,13.137499809265137,12.614999771118164,12.619999885559082,4684000
2006-09-14,8.257025718688965,12.657500267028809,13.199999809265137,12.600000381469727,13.005000114440918,4438800
2006-09-15,8.30594539642334,12.732500076293945,12.850000381469727,12.462499618530273,12.72249984741211,6018800
2006-09-18,8.615808486938477,13.207500457763672,13.512499809265137,12.744999885559082,12.817500114440918,4926000
2006-09-19,8.451092720031738,12.954999923706055,13.212499618530273,12.75,13.147500038146973,3587200
2006-09-20,8.394012451171875,12.867500305175781,13.197500228881836,12.787500381469727,13.032500267028809,3144800
2006-09-21,8.149383544921875,12.492500305175781,12.932499885559082,12.3725004196167,12.895000457763672,6124000
2006-09-22,7.802011013031006,11.960000038146973,12.617500305175781,11.912500381469727,12.5024995803833,6768800
2006-09-25,7.700899124145508,11.805000305175781,11.824999809265137,11.287500381469727,11.694999694824219,7878000
2006-09-26,8.146123886108398,12.487500190734863,12.5600004196167,11.800000190734863,11.827500343322754,6570800
2006-09-27,8.178937911987305,12.462499618530273,12.707500457763672,12.192500114440918,12.412500381469727,5564800
2006-09-28,8.155964851379395,12.427499771118164,12.5,12.012499809265137,12.462499618530273,6316400
2006-09-29,8.277375221252441,12.612500190734863,12.819999694824219,12.524999618530273,12.52750015258789,4011600
2006-10-02,8.2576904296875,12.582500457763672,12.762499809265137,12.4350004196167,12.574999809265137,3615200
2006-10-03,7.954159736633301,12.119999885559082,12.475000381469727,12.100000381469727,12.475000381469727,5136000
2006-10-04,8.193700790405273,12.484999656677246,12.484999656677246,11.944999694824219,12.157500267028809,7849200
2006-10-05,8.886082649230957,13.539999961853027,13.600000381469727,12.545000076293945,12.5649995803833,10834800
2006-10-06,8.91889476776123,13.59000015258789,13.640000343322754,13.207500457763672,13.510000228881836,5622000
2006-10-09,9.07968807220459,13.835000038146973,14.432499885559082,13.532500267028809,13.630000114440918,7253600
2006-10-10,9.194534301757812,14.010000228881836,14.010000228881836,13.582500457763672,13.782500267028809,6648400
2006-10-11,9.076403617858887,13.829999923706055,13.975000381469727,13.6875,13.862500190734863,6572400
2006-10-12,9.315948486328125,14.194999694824219,14.239999771118164,13.78499984741211,13.869999885559082,4145200
2006-10-13,9.424234390258789,14.359999656677246,14.617500305175781,14.107500076293945,14.22249984741211,3799600
2006-10-16,9.558774948120117,14.5649995803833,14.75,14.364999771118164,14.707500457763672,4872800
2006-10-17,9.383213996887207,14.297499656677246,14.567500114440918,14.095000267028809,14.567500114440918,4276400
2006-10-18,9.22899055480957,14.0625,14.532500267028809,13.914999961853027,14.354999542236328,4168000
2006-10-19,9.629324913024902,14.672499656677246,14.869999885559082,13.77750015258789,14.024999618530273,9233200
2006-10-20,9.566978454589844,14.577500343322754,14.6850004196167,14.387499809265137,14.625,4086000
2006-10-23,9.575178146362305,14.59000015258789,14.675000190734863,14.354999542236328,14.529999732971191,3989600
2006-10-24,10.050982475280762,15.3149995803833,15.462499618530273,14.457500457763672,14.5024995803833,7348000
2006-10-25,10.026374816894531,15.27750015258789,15.444999694824219,15.104999542236328,15.25,4863600
2006-10-26,10.105123519897461,15.397500038146973,15.52750015258789,15.170000076293945,15.289999961853027,3022400
2006-10-27,10.037859916687012,15.295000076293945,15.807499885559082,15.242500305175781,15.337499618530273,3434000
2006-10-30,9.852460861206055,15.012499809265137,15.345000267028809,14.9350004196167,15.182499885559082,4073600
2006-10-31,9.862303733825684,15.02750015258789,15.297499656677246,14.892499923706055,15.117500305175781,6151600
2006-11-01,9.760578155517578,14.8725004196167,15.234999656677246,14.807499885559082,15.117500305175781,4665200
2006-11-02,9.662137031555176,14.72249984741211,14.97249984741211,14.600000381469727,14.8125,3316400
2006-11-03,9.74089241027832,14.842499732971191,14.962499618530273,14.672499656677246,14.762499809265137,3371200
2006-11-06,10.041141510009766,15.300000190734863,15.512499809265137,14.970000267028809,14.970000267028809,4953200
2006-11-07,10.008326530456543,15.25,15.625,15.130000114440918,15.407500267028809,4869200
2006-11-08,9.91480541229248,15.107500076293945,15.364999771118164,14.96500015258789,15.172499656677246,4321200
2006-11-09,9.960747718811035,15.177499771118164,15.677499771118164,15.069999694824219,15.1899995803833,5290400
2006-11-10,9.813078880310059,14.952500343322754,15.305000305175781,14.7475004196167,15.142499923706055,2808800
2006-11-13,9.878714561462402,15.052499771118164,15.107500076293945,14.662500381469727,14.887499809265137,3495600
2006-11-14,9.898399353027344,15.082500457763672,15.225000381469727,14.90999984741211,15.135000228881836,3388800
2006-11-15,10.023088455200195,15.272500038146973,15.479999542236328,14.979999542236328,15.077500343322754,4582400
2006-11-16,9.401263236999512,14.324999809265137,15.210000038146973,14.27750015258789,15.210000038146973,6054800
2006-11-17,9.859021186828613,15.022500038146973,15.204999923706055,14.369999885559082,14.369999885559082,8329200
2006-11-20,10.14450454711914,15.457500457763672,15.9375,15.324999809265137,15.414999961853027,7623200
2006-11-21,10.549763679504395,16.075000762939453,16.170000076293945,15.475000381469727,16.049999237060547,4453000
2006-11-22,10.697425842285156,16.299999237060547,16.350000381469727,15.854999542236328,16.290000915527344,3509800
2006-11-24,10.769618034362793,16.40999984741211,16.65999984741211,16.235000610351562,16.479999542236328,1321000
2006-11-27,10.579290390014648,16.1200008392334,16.545000076293945,16.045000076293945,16.454999923706055,3488600
2006-11-28,10.418505668640137,15.875,16.114999771118164,15.625,16.059999465942383,4537600
2006-11-29,10.75321102142334,16.385000228881836,16.420000076293945,15.869999885559082,15.869999885559082,3879600
2006-11-30,10.667892456054688,16.2549991607666,16.440000534057617,15.975000381469727,16.219999313354492,3438200
2006-12-01,10.500540733337402,16.0,16.344999313354492,15.744999885559082,16.309999465942383,2216600
2006-12-04,11.301201820373535,17.219999313354492,17.354999542236328,15.925000190734863,16.125,6031000
2006-12-05,11.29464054107666,17.209999084472656,17.389999389648438,16.809999465942383,17.0,4138200
2006-12-06,11.484964370727539,17.5,17.764999389648438,16.940000534057617,17.110000610351562,4596800
2006-12-07,11.635906219482422,17.729999542236328,17.950000762939453,17.434999465942383,17.5049991607666,4072000
2006-12-08,11.530903816223145,17.56999969482422,17.65999984741211,17.239999771118164,17.545000076293945,4766200
2006-12-11,11.176512718200684,17.030000686645508,17.469999313354492,16.665000915527344,17.21500015258789,5052800
2006-12-12,10.457880973815918,15.9350004196167,16.200000762939453,15.5600004196167,16.139999389648438,8229400
2006-12-13,10.825404167175293,16.4950008392334,16.575000762939453,15.5,15.984999656677246,7910400
2006-12-14,10.789304733276367,16.440000534057617,16.739999771118164,16.235000610351562,16.450000762939453,4190000
2006-12-15,10.845088958740234,16.524999618530273,16.600000381469727,16.385000228881836,16.424999237060547,3679200
2006-12-18,10.539918899536133,16.059999465942383,16.5,15.984999656677246,16.440000534057617,2928000
2006-12-19,10.635078430175781,16.204999923706055,16.280000686645508,15.739999771118164,15.979999542236328,4302600
2006-12-20,10.621954917907715,16.184999465942383,16.5,16.079999923706055,16.31999969482422,2162200
2006-12-21,10.543198585510254,16.065000534057617,16.290000915527344,15.885000228881836,15.954999923706055,1917400
2006-12-22,10.484129905700684,15.975000381469727,16.100000381469727,15.8100004196167,15.984999656677246,986800
2006-12-26,10.487414360046387,15.979999542236328,16.1299991607666,15.904999732971191,15.904999732971191,1066800
2006-12-27,10.854934692382812,16.540000915527344,16.594999313354492,16.014999389648438,16.1200008392334,1912200
2006-12-28,10.92086124420166,16.565000534057617,16.81999969482422,16.454999923706055,16.46500015258789,2222200
2006-12-29,10.696708679199219,16.225000381469727,16.469999313354492,16.18000030517578,16.454999923706055,1523200
2007-01-03,10.386847496032715,15.755000114440918,16.5,15.545000076293945,16.405000686645508,3576400
2007-01-04,10.446183204650879,15.845000267028809,15.904999732971191,15.425000190734863,15.604999542236328,2295000
2007-01-05,10.462664604187012,15.869999885559082,15.979999542236328,15.550000190734863,15.864999771118164,1871800
2007-01-08,10.634078025817871,16.1299991607666,16.145000457763672,15.720000267028809,15.755000114440918,2641600
2007-01-09,10.594518661499023,16.06999969482422,16.184999465942383,15.755000114440918,16.15999984741211,2452600
2007-01-10,10.73626708984375,16.28499984741211,16.354999542236328,15.920000076293945,16.024999618530273,1606400
2007-01-11,10.795595169067383,16.375,16.690000534057617,16.174999237060547,16.354999542236328,1772200
2007-01-12,10.894490242004395,16.524999618530273,16.690000534057617,16.299999237060547,16.3799991607666,2065600
2007-01-16,10.848340034484863,16.454999923706055,16.75,16.3700008392334,16.610000610351562,2223600
2007-01-17,10.92086124420166,16.565000534057617,16.739999771118164,16.375,16.375,2032400
2007-01-18,10.798894882202148,16.3799991607666,16.84000015258789,16.264999389648438,16.545000076293945,2449600
2007-01-19,10.999971389770508,16.684999465942383,16.774999618530273,16.295000076293945,16.34000015258789,2650000
2007-01-22,11.00656795501709,16.69499969482422,16.985000610351562,16.684999465942383,16.80500030517578,2627000
2007-01-23,11.507611274719238,17.454999923706055,17.524999618530273,16.684999465942383,16.684999465942383,3221600
2007-01-24,11.787802696228027,17.8799991607666,17.93000030517578,16.864999771118164,16.8700008392334,3673800
2007-01-25,12.371261596679688,18.764999389648438,18.975000381469727,18.165000915527344,18.239999771118164,5597200
2007-01-26,12.222929000854492,18.540000915527344,19.079999923706055,18.389999389648438,18.774999618530273,3463600
2007-01-29,12.773418426513672,19.375,19.719999313354492,18.625,18.68000030517578,6051600
2007-01-30,12.96130657196045,19.65999984741211,19.985000610351562,19.399999618530273,19.56999969482422,5023200
2007-01-31,12.925046920776367,19.604999542236328,19.94499969482422,19.290000915527344,19.575000762939453,3750400
2007-02-01,13.07998275756836,19.84000015258789,19.850000381469727,19.434999465942383,19.7549991607666,2895800
2007-02-02,12.918457984924316,19.594999313354492,19.795000076293945,19.31999969482422,19.780000686645508,2514000
2007-02-05,12.625079154968262,19.149999618530273,19.59000015258789,19.084999084472656,19.524999618530273,3127400
2007-02-06,12.756938934326172,19.350000381469727,19.399999618530273,18.899999618530273,19.014999389648438,3031800
2007-02-07,12.671228408813477,19.219999313354492,19.594999313354492,19.104999542236328,19.334999084472656,2278800
2007-02-08,12.602004051208496,19.114999771118164,19.174999237060547,18.84000015258789,19.1200008392334,1787400
2007-02-09,12.381150245666504,18.780000686645508,19.079999923706055,18.565000534057617,19.0,2412000
2007-02-12,12.50311279296875,18.96500015258789,19.299999237060547,18.584999084472656,18.735000610351562,2599600
2007-02-13,12.96130657196045,19.65999984741211,20.0,19.174999237060547,19.190000534057617,3792000
2007-02-14,12.855830192565918,19.5,19.93000030517578,19.489999771118164,19.71500015258789,2739600
2007-02-15,13.09975814819336,19.8700008392334,20.135000228881836,19.489999771118164,19.5,4813200
2007-02-16,13.198652267456055,20.020000457763672,20.1299991607666,19.665000915527344,19.924999237060547,4814200
2007-02-20,12.944828033447266,19.635000228881836,19.9950008392334,19.354999542236328,19.9950008392334,3249000
2007-02-21,13.383245468139648,20.299999237060547,20.344999313354492,19.524999618530273,19.579999923706055,3425000
2007-02-22,13.231616020202637,20.06999969482422,20.600000381469727,19.885000228881836,20.4950008392334,2018200
2007-02-23,13.228320121765137,20.065000534057617,20.299999237060547,19.854999542236328,20.045000076293945,1497000
2007-02-26,13.231616020202637,20.06999969482422,20.44499969482422,19.864999771118164,20.174999237060547,1892200
2007-02-27,12.265778541564941,18.604999542236328,19.204999923706055,18.405000686645508,19.05500030517578,6305600
2007-02-28,12.440481185913086,18.8700008392334,19.040000915527344,18.149999618530273,18.604999542236328,6241000
2007-03-01,12.397631645202637,18.80500030517578,19.100000381469727,18.225000381469727,18.235000610351562,4963400
2007-03-02,11.96910285949707,18.155000686645508,18.954999923706055,17.959999084472656,18.635000228881836,3762800
2007-03-05,11.537278175354004,17.5,17.975000381469727,16.875,17.975000381469727,4230800
2007-03-06,12.104255676269531,18.360000610351562,18.399999618530273,17.614999771118164,17.614999771118164,3707400
2007-03-07,12.13722038269043,18.40999984741211,18.68000030517578,18.18000030517578,18.3799991607666,3858800
2007-03-08,12.605302810668945,19.1200008392334,19.18000030517578,18.674999237060547,18.825000762939453,3566600
2007-03-09,12.783308982849121,19.389999389648438,19.530000686645508,18.950000762939453,19.40999984741211,3348200
2007-03-12,12.85912036895752,19.5049991607666,19.940000534057617,19.1299991607666,19.8700008392334,6454800
2007-03-13,12.493226051330566,18.950000762939453,19.875,18.84000015258789,19.479999542236328,5475600
2007-03-14,12.971199989318848,19.674999237060547,19.700000762939453,18.934999465942383,18.979999542236328,4879600
2007-03-15,13.066791534423828,19.81999969482422,19.985000610351562,19.459999084472656,19.55500030517578,2904800
2007-03-16,12.852538108825684,19.4950008392334,20.125,19.399999618530273,19.864999771118164,2706800
2007-03-19,13.22501277923584,20.059999465942383,20.170000076293945,19.6200008392334,19.71500015258789,3667600
2007-03-20,13.244794845581055,20.09000015258789,20.530000686645508,19.950000762939453,20.139999389648438,4112600
2007-03-21,13.722769737243652,20.815000534057617,20.829999923706055,20.145000457763672,20.235000610351562,4221200
2007-03-22,13.531583786010742,20.524999618530273,20.96500015258789,20.485000610351562,20.725000381469727,3368200
2007-03-23,13.63046932220459,20.674999237060547,20.809999465942383,20.524999618530273,20.670000076293945,3103000
2007-03-26,13.91726016998291,21.110000610351562,21.399999618530273,20.649999618530273,20.940000534057617,4165400
2007-03-27,13.69310474395752,20.770000457763672,21.094999313354492,20.674999237060547,21.094999313354492,3739800
2007-03-28,13.47475528717041,20.364999771118164,20.735000610351562,20.299999237060547,20.5,2158800
2007-03-29,14.126494407653809,21.350000381469727,21.399999618530273,20.575000762939453,20.600000381469727,3883800
2007-03-30,14.29190731048584,21.600000381469727,22.135000228881836,21.399999618530273,21.719999313354492,5916200
2007-04-02,14.30182933807373,21.614999771118164,21.80500030517578,21.274999618530273,21.80500030517578,4121000
2007-04-03,14.321682929992676,21.645000457763672,21.864999771118164,21.6299991607666,21.75,2863600
2007-04-04,14.308456420898438,21.625,21.774999618530273,21.424999237060547,21.625,3189800
2007-04-05,14.480485916137695,21.885000228881836,21.979999542236328,21.520000457763672,21.81999969482422,3844000
2007-04-09,14.460633277893066,21.854999542236328,22.309999465942383,21.790000915527344,22.155000686645508,3888600
2007-04-10,14.45732307434082,21.850000381469727,22.100000381469727,21.510000228881836,21.655000686645508,4627200
2007-04-11,14.32829761505127,21.655000686645508,22.030000686645508,21.53499984741211,21.899999618530273,3050400
2007-04-12,14.447400093078613,21.834999084472656,21.9950008392334,21.6200008392334,21.80500030517578,2492000
2007-04-13,14.811318397521973,22.385000228881836,22.469999313354492,21.80500030517578,22.084999084472656,3743600
2007-04-16,15.208318710327148,22.985000610351562,23.094999313354492,22.56999969482422,22.594999313354492,5975000
2007-04-17,14.993270874023438,22.65999984741211,23.149999618530273,22.18000030517578,22.645000457763672,6480000
2007-04-18,14.755074501037598,22.299999237060547,22.81999969482422,22.165000915527344,22.674999237060547,3912000
2007-04-19,14.827852249145508,22.40999984741211,22.53499984741211,21.729999542236328,22.110000610351562,4004800
2007-04-20,14.920489311218262,22.549999237060547,22.81999969482422,22.43000030517578,22.704999923706055,2802000
2007-04-23,15.218240737915039,23.0,23.280000686645508,22.5049991607666,22.600000381469727,4254800
2007-04-24,14.884100914001465,22.4950008392334,22.815000534057617,22.350000381469727,22.739999771118164,3906800
2007-04-25,15.429974555969238,23.31999969482422,23.364999771118164,22.674999237060547,22.864999771118164,4199400
2007-04-26,15.165307998657227,22.920000076293945,23.274999618530273,22.799999237060547,23.219999313354492,2884800
2007-04-27,14.937026023864746,22.575000762939453,22.895000457763672,22.440000534057617,22.895000457763672,2290400
2007-04-30,14.659130096435547,22.155000686645508,22.700000762939453,22.114999771118164,22.635000228881836,3311000
2007-05-01,14.626045227050781,22.104999542236328,22.290000915527344,21.549999237060547,22.229999542236328,3086600
2007-05-02,14.851012229919434,22.44499969482422,22.604999542236328,21.96500015258789,22.075000762939453,2095600
2007-05-03,15.03958797454834,22.729999542236328,22.7549991607666,22.139999389648438,22.524999618530273,2917000
2007-05-04,14.854324340820312,22.450000762939453,23.049999237060547,22.440000534057617,22.895000457763672,3211600
2007-05-07,14.877482414245605,22.485000610351562,23.049999237060547,22.46500015258789,22.764999389648438,3663200
2007-05-08,15.93614387512207,24.084999084472656,24.15999984741211,22.885000228881836,22.899999618530273,9094200
2007-05-09,16.10486602783203,24.34000015258789,24.405000686645508,23.700000762939453,24.0049991607666,4770200
2007-05-10,15.714483261108398,23.75,24.53499984741211,23.684999465942383,24.239999771118164,4017800
2007-05-11,15.929522514343262,24.075000762939453,24.395000457763672,23.80500030517578,23.969999313354492,1882400
2007-05-14,15.879900932312012,24.0,24.329999923706055,23.719999313354492,24.274999618530273,2720400
2007-05-15,15.873286247253418,23.989999771118164,24.149999618530273,23.645000457763672,24.040000915527344,2935200
2007-05-16,15.946066856384277,24.100000381469727,24.21500015258789,23.844999313354492,24.030000686645508,3037000
2007-05-17,15.734332084655762,23.780000686645508,23.9950008392334,23.264999389648438,23.950000762939453,2756800
2007-05-18,15.99899959564209,24.18000030517578,24.239999771118164,23.625,23.774999618530273,3340800
2007-05-21,16.134639739990234,24.385000228881836,24.770000457763672,24.270000457763672,24.299999237060547,3353200
2007-05-22,15.595381736755371,23.56999969482422,24.260000228881836,23.540000915527344,24.024999618530273,4566000
2007-05-23,15.549073219299316,23.5,23.975000381469727,23.43000030517578,23.80500030517578,3471000
2007-05-24,15.138838768005371,22.8799991607666,23.579999923706055,22.735000610351562,23.540000915527344,4560400
2007-05-25,15.545757293701172,23.4950008392334,23.520000457763672,22.8799991607666,22.905000686645508,3657600
2007-05-29,15.31747817993164,23.149999618530273,23.350000381469727,22.81999969482422,22.979999542236328,3888400
2007-05-30,15.697942733764648,23.725000381469727,23.7450008392334,22.325000762939453,22.7450008392334,5912800
2007-05-31,15.515983581542969,23.450000762939453,23.959999084472656,23.44499969482422,23.700000762939453,6005800
2007-06-01,16.042003631591797,24.2450008392334,24.469999313354492,23.5,23.56999969482422,3918800
2007-06-04,15.879900932312012,24.0,24.299999237060547,23.8799991607666,24.1200008392334,2082800
2007-06-05,15.780644416809082,23.850000381469727,24.049999237060547,23.575000762939453,23.885000228881836,2540600
2007-06-06,15.459739685058594,23.364999771118164,23.690000534057617,23.1200008392334,23.6299991607666,2432000
2007-06-07,14.817934036254883,22.395000457763672,23.645000457763672,22.1200008392334,23.170000076293945,5749400
2007-06-08,15.138838768005371,22.8799991607666,23.049999237060547,22.049999237060547,22.235000610351562,4738000
2007-06-11,14.374615669250488,21.725000381469727,22.670000076293945,21.104999542236328,22.0049991607666,6174800
2007-06-12,13.838669776916504,20.915000915527344,21.56999969482422,20.295000076293945,21.530000686645508,8443000
2007-06-13,13.891600608825684,20.9950008392334,21.239999771118164,20.674999237060547,21.045000076293945,5774000
2007-06-14,14.334920883178711,21.665000915527344,21.825000762939453,21.05500030517578,21.094999313354492,4339400
2007-06-15,14.295220375061035,21.604999542236328,22.25,21.434999465942383,21.96500015258789,4146000
2007-06-18,14.23897933959961,21.520000457763672,21.825000762939453,21.399999618530273,21.604999542236328,2619200
2007-06-19,14.361384391784668,21.704999923706055,21.81999969482422,21.354999542236328,21.5,2185400
2007-06-20,14.215818405151367,21.485000610351562,22.094999313354492,21.440000534057617,21.725000381469727,2886400
2007-06-21,14.033863067626953,21.209999084472656,21.600000381469727,20.969999313354492,21.549999237060547,5677400
2007-06-22,13.832060813903809,20.905000686645508,21.209999084472656,20.7549991607666,21.125,3425000
2007-06-25,13.577311515808105,20.520000457763672,21.155000686645508,20.514999389648438,20.924999237060547,2514400
2007-06-26,13.345731735229492,20.170000076293945,20.709999084472656,20.049999237060547,20.549999237060547,3571400
2007-06-27,13.578178405761719,20.44499969482422,20.479999542236328,19.459999084472656,19.954999923706055,4549200
2007-06-28,13.780738830566406,20.75,20.924999237060547,20.485000610351562,20.489999771118164,2606600
2007-06-29,13.91688346862793,20.954999923706055,21.020000457763672,20.665000915527344,20.774999618530273,3858600
2007-07-02,14.43159294128418,21.729999542236328,21.93000030517578,20.969999313354492,20.969999313354492,3825600
2007-07-03,14.617545127868652,22.010000228881836,22.05500030517578,21.75,21.825000762939453,1734400
2007-07-05,15.06251335144043,22.68000030517578,22.709999084472656,22.280000686645508,22.450000762939453,5156000
2007-07-06,15.371330261230469,23.145000457763672,23.315000534057617,22.725000381469727,22.735000610351562,3923800
2007-07-09,15.23186206817627,22.934999465942383,23.584999084472656,22.899999618530273,23.3799991607666,3313200
2007-07-10,14.992780685424805,22.575000762939453,23.020000457763672,22.510000228881836,22.709999084472656,2172000
2007-07-11,15.407856941223145,23.200000762939453,23.575000762939453,23.014999389648438,23.334999084472656,4599000
2007-07-12,15.866116523742676,23.889999389648438,23.975000381469727,23.43000030517578,23.434999465942383,3418000
2007-07-13,15.909286499023438,23.954999923706055,24.125,23.6200008392334,23.959999084472656,2428800
2007-07-16,15.729965209960938,23.684999465942383,23.905000686645508,23.350000381469727,23.875,3417800
2007-07-17,15.812978744506836,23.809999465942383,24.075000762939453,23.604999542236328,23.635000228881836,2363000
2007-07-18,16.071990966796875,24.200000762939453,24.21500015258789,23.610000610351562,23.7450008392334,2937000
2007-07-19,15.862792015075684,23.885000228881836,24.295000076293945,23.709999084472656,23.80500030517578,3580000
2007-07-20,15.81630802154541,23.815000534057617,24.344999313354492,23.3700008392334,23.809999465942383,4174800
2007-07-23,15.331483840942383,23.084999084472656,24.200000762939453,22.674999237060547,24.06999969482422,4691800
2007-07-24,15.470952033996582,23.295000076293945,24.875,23.010000228881836,23.655000686645508,9759000
2007-07-25,14.919726371765137,22.46500015258789,23.829999923706055,22.1299991607666,23.5,7460000
2007-07-26,13.989938735961914,21.065000534057617,22.540000915527344,20.5,22.014999389648438,7891800
2007-07-27,13.810616493225098,20.795000076293945,21.690000534057617,20.704999923706055,21.0,6729000
2007-07-30,14.066319465637207,21.18000030517578,21.260000228881836,20.799999237060547,20.81999969482422,4933200
2007-07-31,13.923527717590332,20.96500015258789,21.950000762939453,20.959999084472656,21.670000076293945,5923400
2007-08-01,14.01650333404541,21.104999542236328,21.364999771118164,20.735000610351562,20.84000015258789,5922200
2007-08-02,14.072957992553711,21.190000534057617,21.450000762939453,21.040000915527344,21.1200008392334,4692600
2007-08-03,13.262713432312012,19.969999313354492,21.260000228881836,19.829999923706055,21.075000762939453,5529600
2007-08-06,13.216227531433105,19.899999618530273,20.174999237060547,19.270000457763672,19.950000762939453,4654000
2007-08-07,13.056829452514648,19.65999984741211,19.96500015258789,19.225000381469727,19.719999313354492,3621400
2007-08-08,13.139848709106445,19.78499984741211,20.5,19.53499984741211,19.979999542236328,4516200
2007-08-09,12.372773170471191,18.6299991607666,19.5049991607666,17.399999618530273,19.479999542236328,7442600
2007-08-10,12.658353805541992,19.059999465942383,19.59000015258789,17.575000762939453,18.155000686645508,9976600
2007-08-13,12.92068862915039,19.454999923706055,19.799999237060547,19.2549991607666,19.440000534057617,4053200
2007-08-14,12.7114896774292,19.139999389648438,19.7549991607666,19.0049991607666,19.584999084472656,3773000
2007-08-15,12.153615951538086,18.299999237060547,19.110000610351562,18.290000915527344,19.024999618530273,3921400
2007-08-16,12.02743148803711,18.110000610351562,18.375,16.809999465942383,18.0,6863800
2007-08-17,12.459108352661133,18.760000228881836,19.010000228881836,18.18000030517578,18.5,4173400
2007-08-20,12.615188598632812,18.9950008392334,19.264999389648438,18.524999618530273,18.850000381469727,2520200
2007-08-21,12.817744255065918,19.299999237060547,19.709999084472656,18.780000686645508,19.0049991607666,2473000
2007-08-22,13.681117057800293,20.600000381469727,20.729999542236328,19.59000015258789,19.610000610351562,3186600
2007-08-23,13.707683563232422,20.639999389648438,21.135000228881836,20.25,20.7450008392334,3959200
2007-08-24,14.786897659301758,22.264999389648438,22.625,21.149999618530273,21.25,5610000
2007-08-27,14.371810913085938,21.639999389648438,22.104999542236328,21.5,22.084999084472656,2186800
2007-08-28,13.697720527648926,20.625,21.514999389648438,20.559999465942383,21.489999771118164,2624600
2007-08-29,14.013188362121582,21.100000381469727,21.280000686645508,20.520000457763672,20.75,2347400
2007-08-30,14.175897598266602,21.344999313354492,21.75,20.649999618530273,20.899999618530273,3401600
2007-08-31,14.40501594543457,21.690000534057617,21.975000381469727,21.399999618530273,21.55500030517578,2688800
2007-09-04,14.46147346496582,21.774999618530273,22.030000686645508,21.024999618530273,21.514999389648438,2889000
2007-09-05,14.551135063171387,21.90999984741211,22.145000457763672,21.280000686645508,22.145000457763672,4321400
2007-09-06,14.600948333740234,21.985000610351562,22.30500030517578,21.68000030517578,22.010000228881836,2701800
2007-09-07,14.335280418395996,21.584999084472656,21.959999084472656,21.514999389648438,21.799999237060547,2246000
2007-09-10,13.847153663635254,20.850000381469727,21.829999923706055,20.684999465942383,21.674999237060547,2824400
2007-09-11,14.265556335449219,21.479999542236328,21.704999923706055,20.8799991607666,21.010000228881836,2587800
2007-09-12,13.88367748260498,20.905000686645508,21.5,20.795000076293945,21.125,2675800
2007-09-13,14.258904457092285,21.469999313354492,21.770000457763672,20.959999084472656,21.079999923706055,2218600
2007-09-14,14.454835891723633,21.764999389648438,21.950000762939453,21.059999465942383,21.200000762939453,1657000
2007-09-17,14.238991737365723,21.440000534057617,21.825000762939453,21.350000381469727,21.600000381469727,1764400
2007-09-18,14.846667289733887,22.354999542236328,22.450000762939453,21.0,21.6299991607666,3321000
2007-09-19,15.105680465698242,22.7450008392334,23.225000381469727,22.559999465942383,22.625,2931400
2007-09-20,15.208617210388184,22.899999618530273,23.235000610351562,22.69499969482422,22.80500030517578,2416400
2007-09-21,15.368017196655273,23.139999389648438,23.579999923706055,23.03499984741211,23.1299991607666,4248800
2007-09-24,14.979500770568848,22.55500030517578,23.350000381469727,22.450000762939453,23.264999389648438,2400600
2007-09-25,15.228553771972656,22.93000030517578,22.9950008392334,21.94499969482422,22.350000381469727,2051000
2007-09-26,15.325163841247559,23.0,23.604999542236328,22.889999389648438,23.125,2642000
2007-09-27,15.628323554992676,23.454999923706055,24.174999237060547,23.024999618530273,23.125,1938200
2007-09-28,15.558369636535645,23.350000381469727,23.729999542236328,23.280000686645508,23.424999237060547,1978000
2007-10-01,15.794909477233887,23.704999923706055,23.864999771118164,23.25,23.274999618530273,1825600
2007-10-02,15.868199348449707,23.815000534057617,24.625,23.655000686645508,24.084999084472656,3241800
2007-10-03,15.28518295288086,22.940000534057617,23.780000686645508,22.864999771118164,23.780000686645508,2734800
2007-10-04,14.868739128112793,22.315000534057617,23.145000457763672,22.209999084472656,22.59000015258789,2491200
2007-10-05,15.085288047790527,22.639999389648438,22.78499984741211,22.15999984741211,22.5,2718000
2007-10-08,15.18523120880127,22.790000915527344,23.2450008392334,22.405000686645508,22.520000457763672,2487000
2007-10-09,15.958161354064941,23.950000762939453,24.094999313354492,22.8799991607666,22.924999237060547,2966000
2007-10-10,15.781579971313477,23.684999465942383,24.25,23.479999542236328,23.670000076293945,2497000
2007-10-11,15.475085258483887,23.225000381469727,24.594999313354492,22.68000030517578,23.799999237060547,3122800
2007-10-12,15.321831703186035,22.9950008392334,23.155000686645508,22.625,22.864999771118164,2202200
2007-10-15,15.275181770324707,22.924999237060547,23.420000076293945,22.59000015258789,22.975000381469727,4269000
2007-10-16,14.958688735961914,22.450000762939453,22.954999923706055,22.25,22.825000762939453,2738000
2007-10-17,16.07143211364746,24.1200008392334,24.399999618530273,21.770000457763672,22.21500015258789,10844800
2007-10-18,16.837690353393555,25.270000457763672,25.815000534057617,23.790000915527344,23.975000381469727,8949000
2007-10-19,16.238006591796875,24.3700008392334,25.565000534057617,24.34000015258789,25.235000610351562,5762400
2007-10-22,17.02425765991211,25.549999237060547,26.190000534057617,23.19499969482422,24.079999923706055,7482600
2007-10-23,17.1641845703125,25.760000228881836,26.834999084472656,25.43000030517578,25.969999313354492,4867800
2007-10-24,17.320762634277344,25.9950008392334,26.075000762939453,25.135000228881836,25.649999618530273,5715800
2007-10-25,17.990402221679688,27.0,27.475000381469727,25.665000915527344,26.149999618530273,8183600
2007-10-26,18.260257720947266,27.405000686645508,27.69499969482422,26.7549991607666,27.280000686645508,5205600
2007-10-29,18.156986236572266,27.25,27.674999237060547,26.719999313354492,26.975000381469727,9115000
2007-10-30,17.41737937927246,26.139999389648438,27.1299991607666,26.05500030517578,26.8700008392334,4656000
2007-10-31,17.73054313659668,26.610000610351562,26.809999465942383,26.114999771118164,26.270000457763672,3164200
2007-11-01,17.00426483154297,25.520000457763672,26.469999313354492,25.43000030517578,26.2450008392334,3432000
2007-11-02,17.247467041015625,25.885000228881836,26.55500030517578,25.229999542236328,25.579999923706055,3428800
2007-11-05,16.761064529418945,25.155000686645508,25.700000762939453,24.645000457763672,25.385000228881836,2455200
2007-11-06,17.633935928344727,26.46500015258789,26.524999618530273,24.954999923706055,25.344999313354492,2747800
2007-11-07,17.02425765991211,25.549999237060547,26.155000686645508,25.399999618530273,26.094999313354492,2842000
2007-11-08,17.287450790405273,25.94499969482422,26.375,24.90999984741211,25.950000762939453,3534200
2007-11-09,16.517860412597656,24.790000915527344,25.684999465942383,24.75,25.594999313354492,3824600
2007-11-12,15.591683387756348,23.399999618530273,24.725000381469727,23.2549991607666,24.405000686645508,6054400
2007-11-13,16.194692611694336,24.30500030517578,24.3799991607666,23.079999923706055,23.530000686645508,3543400
2007-11-14,16.584489822387695,24.889999389648438,25.4950008392334,24.514999389648438,24.549999237060547,3095000
2007-11-15,16.241342544555664,24.375,24.860000610351562,23.799999237060547,24.6200008392334,5624000
2007-11-16,16.444564819335938,24.68000030517578,24.979999542236328,24.030000686645508,24.5049991607666,9968000
2007-11-19,16.27798843383789,24.43000030517578,24.764999389648438,23.899999618530273,24.450000762939453,6233600
2007-11-20,16.49786949157715,24.760000228881836,25.43000030517578,24.405000686645508,24.600000381469727,5053000
2007-11-21,16.16138458251953,24.2549991607666,24.614999771118164,23.729999542236328,24.290000915527344,2875400
2007-11-23,16.387928009033203,24.594999313354492,24.690000534057617,24.274999618530273,24.450000762939453,1313400
2007-11-26,15.731607437133789,23.610000610351562,24.684999465942383,23.610000610351562,24.520000457763672,3194600
2007-11-27,15.914852142333984,23.885000228881836,24.43000030517578,23.21500015258789,23.639999389648438,3995000
2007-11-28,16.80437660217285,25.219999313354492,25.360000610351562,23.75,24.049999237060547,2760200
2007-11-29,17.15418815612793,25.7450008392334,26.25,24.764999389648438,25.31999969482422,6649600
2007-11-30,16.761064529418945,25.155000686645508,26.454999923706055,25.059999465942383,25.850000381469727,5368000
2007-12-03,16.784385681152344,25.190000534057617,25.645000457763672,24.889999389648438,25.15999984741211,2737800
2007-12-04,16.564495086669922,24.860000610351562,25.174999237060547,24.59000015258789,25.0,2549200
2007-12-05,16.88433265686035,25.34000015258789,25.395000457763672,24.420000076293945,25.100000381469727,4039400
2007-12-06,18.150318145751953,27.239999771118164,27.2450008392334,25.2549991607666,25.2549991607666,4202600
2007-12-07,18.450166702270508,27.690000534057617,27.969999313354492,26.950000762939453,27.450000762939453,3274400
2007-12-10,18.566762924194336,27.864999771118164,28.040000915527344,27.520000457763672,27.520000457763672,2603000
2007-12-11,17.87380599975586,26.825000762939453,28.0,26.69499969482422,27.875,2958200
2007-12-12,18.526782989501953,27.80500030517578,28.075000762939453,26.924999237060547,26.9950008392334,4564600
2007-12-13,18.523456573486328,27.799999237060547,27.885000228881836,26.969999313354492,27.625,3992800
2007-12-14,18.203624725341797,27.31999969482422,27.69499969482422,26.975000381469727,27.69499969482422,3405400
2007-12-17,17.160846710205078,25.7549991607666,27.190000534057617,25.7549991607666,27.0,5309000
2007-12-18,17.314098358154297,25.985000610351562,26.165000915527344,25.110000610351562,26.045000076293945,3823000
2007-12-19,17.44402313232422,26.18000030517578,26.614999771118164,25.815000534057617,25.975000381469727,2909600
2007-12-20,18.236936569213867,27.3700008392334,27.385000228881836,26.125,26.405000686645508,5129600
2007-12-21,19.02318572998047,28.549999237060547,29.024999618530273,27.295000076293945,27.5,10475400
2007-12-24,19.639530181884766,29.475000381469727,29.90999984741211,28.649999618530273,28.75,1711200
2007-12-26,20.12593650817871,30.204999923706055,30.56999969482422,29.18000030517578,29.364999771118164,3892600
2007-12-27,20.025737762451172,29.979999542236328,30.670000076293945,29.875,30.280000686645508,2769800
2007-12-28,20.192731857299805,30.229999542236328,30.65999984741211,29.989999771118164,30.364999771118164,2038800
2007-12-31,19.895479202270508,29.78499984741211,30.375,29.385000228881836,30.375,1965600
2008-01-02,19.361103057861328,28.985000610351562,30.415000915527344,28.559999465942383,30.209999084472656,5319200
2008-01-03,19.073884963989258,28.55500030517578,29.3700008392334,28.260000228881836,28.9950008392334,3566000
2008-01-04,18.54618263244629,27.764999389648438,28.450000762939453,27.450000762939453,28.239999771118164,4189800
2008-01-07,18.058568954467773,27.03499984741211,27.94499969482422,26.260000228881836,27.5,4061600
2008-01-08,17.40729522705078,26.059999465942383,27.68000030517578,26.059999465942383,27.479999542236328,4548600
2008-01-09,17.651105880737305,26.424999237060547,26.559999465942383,25.329999923706055,25.829999923706055,3852800
2008-01-10,18.132041931152344,27.145000457763672,27.549999237060547,25.65999984741211,26.075000762939453,5118400
2008-01-11,17.76466178894043,26.594999313354492,27.190000534057617,26.299999237060547,26.985000610351562,3002800
2008-01-14,18.599618911743164,27.844999313354492,28.0,26.584999084472656,26.895000457763672,2742000
2008-01-15,17.7279109954834,26.540000915527344,27.415000915527344,26.274999618530273,27.415000915527344,3475000
2008-01-16,17.013195037841797,25.469999313354492,26.90999984741211,25.260000228881836,26.264999389648438,5114400
2008-01-17,15.734030723571777,23.55500030517578,25.875,23.459999084472656,25.690000534057617,6107200
2008-01-18,16.221649169921875,24.28499984741211,24.434999465942383,23.295000076293945,23.94499969482422,5896400
2008-01-22,15.92105770111084,23.834999084472656,24.30500030517578,21.260000228881836,22.895000457763672,6416400
2008-01-23,15.376666069030762,23.020000457763672,23.834999084472656,21.135000228881836,22.844999313354492,8617400
2008-01-24,17.12006950378418,25.6299991607666,26.05500030517578,22.625,23.149999618530273,6931000
2008-01-25,17.180185317993164,25.719999313354492,26.850000381469727,25.34000015258789,26.125,3778400
2008-01-28,17.667802810668945,26.450000762939453,26.674999237060547,25.125,25.209999084472656,3796800
2008-01-29,17.624391555786133,26.385000228881836,27.96500015258789,25.815000534057617,26.0,4330200
2008-01-30,17.534208297729492,26.25,27.045000076293945,25.834999084472656,26.549999237060547,2777400
2008-01-31,17.417314529418945,26.075000762939453,26.5,25.084999084472656,25.700000762939453,4382200
2008-02-01,17.580970764160156,26.31999969482422,27.0,25.850000381469727,26.399999618530273,5148800
2008-02-04,17.04324722290039,25.514999389648438,26.31999969482422,25.280000686645508,26.155000686645508,3482400
2008-02-05,16.408679962158203,24.565000534057617,25.114999771118164,24.44499969482422,24.8700008392334,2591000
2008-02-06,16.281770706176758,24.375,25.045000076293945,24.219999313354492,24.219999313354492,3200400
2008-02-07,16.6324405670166,24.899999618530273,25.15999984741211,23.719999313354492,24.229999542236328,3850800
2008-02-08,17.003173828125,25.454999923706055,25.739999771118164,24.420000076293945,24.975000381469727,4644000
2008-02-11,17.474098205566406,26.15999984741211,26.15999984741211,25.354999542236328,25.485000610351562,2924600
2008-02-12,17.307098388671875,25.90999984741211,26.80500030517578,25.700000762939453,26.280000686645508,4137000
2008-02-13,17.94835662841797,26.8700008392334,26.905000686645508,25.764999389648438,26.3700008392334,2761400
2008-02-14,18.41259002685547,27.565000534057617,27.94499969482422,26.514999389648438,26.989999771118164,3961000
2008-02-15,18.162097930908203,27.190000534057617,27.475000381469727,26.635000228881836,27.344999313354492,3486800
2008-02-19,19.321027755737305,28.924999237060547,29.59000015258789,28.0049991607666,28.100000381469727,4249400
2008-02-20,19.975635528564453,29.905000686645508,29.979999542236328,28.309999465942383,28.6299991607666,4451000
2008-02-21,19.53143882751465,29.239999771118164,30.420000076293945,29.209999084472656,29.90999984741211,4857800
2008-02-22,20.433204650878906,30.59000015258789,30.655000686645508,28.829999923706055,29.514999389648438,4153600
2008-02-25,20.6770076751709,30.954999923706055,31.290000915527344,29.899999618530273,30.5,3860000
2008-02-26,20.396467208862305,30.53499984741211,31.0,30.075000762939453,30.075000762939453,3824600
2008-02-27,20.192731857299805,30.229999542236328,30.6299991607666,29.850000381469727,30.450000762939453,3631400
2008-02-28,20.710412979125977,31.0049991607666,31.549999237060547,29.90999984741211,30.290000915527344,3913800
2008-02-29,19.457963943481445,29.1299991607666,30.600000381469727,29.020000457763672,30.600000381469727,4248000
2008-03-03,20.169347763061523,30.19499969482422,30.28499984741211,29.21500015258789,29.21500015258789,4338000
2008-03-04,20.119253158569336,30.1200008392334,31.415000915527344,29.309999465942383,29.940000534057617,4866200
2008-03-05,21.2514591217041,31.815000534057617,32.09000015258789,30.5049991607666,30.610000610351562,4880800
2008-03-06,20.773862838745117,31.100000381469727,32.03499984741211,31.09000015258789,31.854999542236328,3961800
2008-03-07,20.2127685546875,30.260000228881836,31.69499969482422,29.729999542236328,30.899999618530273,4921600
2008-03-10,19.31768226623535,28.920000076293945,30.389999389648438,28.864999771118164,30.389999389648438,4809000
2008-03-11,20.957550048828125,31.375,31.43000030517578,29.764999389648438,30.045000076293945,4290600
2008-03-12,21.75911521911621,32.57500076293945,33.13999938964844,31.174999237060547,31.434999465942383,7839800
2008-03-13,22.77777099609375,34.099998474121094,34.415000915527344,31.80500030517578,32.040000915527344,6298200
2008-03-14,22.58740234375,33.814998626708984,34.79999923706055,33.1349983215332,34.459999084472656,7737200
2008-03-17,22.41706657409668,33.560001373291016,34.20500183105469,32.48500061035156,32.97999954223633,5474800
2008-03-18,23.55596160888672,35.26499938964844,35.279998779296875,33.79999923706055,34.064998626708984,6580600
2008-03-19,21.428482055664062,32.08000183105469,35.25,32.060001373291016,35.189998626708984,4816400
2008-03-20,21.9661865234375,32.8849983215332,33.60499954223633,31.549999237060547,32.1150016784668,6854600
2008-03-24,22.537302017211914,33.7400016784668,34.5099983215332,33.06999969482422,33.130001068115234,4036000
2008-03-25,22.834548950195312,34.185001373291016,34.77000045776367,33.98500061035156,34.345001220703125,3785000
2008-03-26,22.974824905395508,34.39500045776367,34.75,33.775001525878906,34.54499816894531,4208000
2008-03-27,21.951339721679688,32.814998626708984,34.150001525878906,32.79499816894531,33.86000061035156,2908800
2008-03-28,22.556743621826172,33.720001220703125,33.88999938964844,33.0099983215332,33.33000183105469,4811600
2008-03-31,22.101856231689453,33.040000915527344,34.22999954223633,32.400001525878906,33.7599983215332,3213600
2008-04-01,22.98485565185547,34.36000061035156,34.470001220703125,32.279998779296875,33.5,3745200
2008-04-02,22.677146911621094,33.900001525878906,34.93000030517578,33.43000030517578,34.560001373291016,3448600
2008-04-03,22.944721221923828,34.29999923706055,34.95000076293945,33.560001373291016,33.869998931884766,4206600
2008-04-04,24.03510284423828,35.93000030517578,36.63999938964844,34.56999969482422,34.849998474121094,5689100
2008-04-07,25.00506591796875,37.380001068115234,38.720001220703125,36.95000076293945,37.41999816894531,7842300
2008-04-08,24.69734764099121,36.91999816894531,38.33000183105469,36.619998931884766,36.720001220703125,5170400
2008-04-09,23.499948501586914,35.130001068115234,37.380001068115234,35.0,37.220001220703125,3958200
2008-04-10,24.22240447998047,36.209999084472656,36.34000015258789,34.56999969482422,35.0099983215332,3850100
2008-04-11,23.573532104492188,35.2400016784668,36.08000183105469,35.04999923706055,35.7400016784668,2942100
2008-04-14,23.125335693359375,34.56999969482422,35.70000076293945,34.349998474121094,35.130001068115234,2660700
2008-04-15,23.439741134643555,35.040000915527344,35.709999084472656,34.16999816894531,34.81999969482422,3593200
2008-04-16,25.098712921142578,37.52000045776367,37.97999954223633,35.61000061035156,35.9900016784668,4186800
2008-04-17,24.423086166381836,36.5099983215332,37.45000076293945,35.5099983215332,36.29999923706055,4305600
2008-04-18,25.339536666870117,37.880001068115234,38.13999938964844,36.189998626708984,37.58000183105469,3789500
2008-04-21,25.299392700195312,37.81999969482422,39.040000915527344,37.11000061035156,38.88999938964844,4241100
2008-04-22,24.831144332885742,37.119998931884766,39.25,36.7599983215332,39.25,5437900
2008-04-23,23.787607192993164,35.560001373291016,36.470001220703125,35.25,36.29999923706055,5910600
2008-04-24,23.158784866333008,34.619998931884766,35.91999816894531,34.060001373291016,35.91999816894531,4340600
2008-04-25,24.617076873779297,36.79999923706055,36.959999084472656,34.619998931884766,34.689998626708984,4436500
2008-04-28,24.269222259521484,36.279998779296875,37.0,35.68000030517578,36.849998474121094,2551300
2008-04-29,23.14539909362793,34.599998474121094,36.18000030517578,34.459999084472656,35.650001525878906,2943800
2008-04-30,23.312644958496094,34.849998474121094,35.47999954223633,34.540000915527344,34.9900016784668,5243100
2008-05-01,22.764110565185547,34.029998779296875,34.56999969482422,32.70000076293945,34.45000076293945,4990300
2008-05-02,23.352771759033203,34.90999984741211,35.529998779296875,34.130001068115234,34.209999084472656,4474700
2008-05-05,24.336122512817383,36.380001068115234,36.54999923706055,34.81999969482422,34.900001525878906,3216100
2008-05-06,24.570247650146484,36.72999954223633,37.099998474121094,36.060001373291016,36.119998931884766,3698400
2008-05-07,23.593595504760742,35.27000045776367,36.75,35.09000015258789,36.720001220703125,3610200
2008-05-08,24.195636749267578,36.16999816894531,36.189998626708984,35.150001525878906,35.869998931884766,3945100
2008-05-09,23.071815490722656,34.4900016784668,35.70000076293945,33.630001068115234,35.58000183105469,4759100
2008-05-12,23.259122848510742,34.77000045776367,35.0,33.83000183105469,34.4900016784668,3455800
2008-05-13,23.90131187438965,35.72999954223633,35.81999969482422,34.119998931884766,34.59000015258789,3097300
2008-05-14,23.065134048461914,34.47999954223633,36.150001525878906,34.369998931884766,36.150001525878906,3592500
2008-05-15,24.32943344116211,36.369998931884766,36.41999816894531,34.810001373291016,34.84000015258789,5499300
2008-05-16,25.366287231445312,37.91999816894531,38.060001373291016,36.630001068115234,36.970001220703125,5979600
2008-05-19,25.259275436401367,37.7599983215332,39.380001068115234,37.29999923706055,38.11000061035156,5296200
2008-05-20,25.312782287597656,37.84000015258789,37.970001220703125,36.599998474121094,37.150001525878906,5615600
2008-05-21,24.583637237548828,36.75,38.22999954223633,36.68000030517578,38.0,4911800
2008-05-22,24.91809844970703,37.25,38.70000076293945,36.470001220703125,36.72999954223633,6574900
2008-05-23,24.008337020874023,35.88999938964844,37.25,34.91999816894531,37.0,4265300
2008-05-27,23.446428298950195,35.04999923706055,36.22999954223633,34.5099983215332,36.11000061035156,4866400
2008-05-28,23.968196868896484,35.83000183105469,35.84000015258789,34.59000015258789,35.18000030517578,6740600
2008-05-29,22.938032150268555,34.290000915527344,35.970001220703125,34.029998779296875,35.900001525878906,4587600
2008-05-30,24.14881134033203,36.099998474121094,36.2400016784668,34.47999954223633,34.47999954223633,8571900
2008-06-02,23.687238693237305,35.40999984741211,36.79999923706055,35.099998474121094,36.06999969482422,3555100
2008-06-03,23.874557495117188,35.689998626708984,37.150001525878906,34.86000061035156,35.9900016784668,4804200
2008-06-04,24.269222259521484,36.279998779296875,36.90999984741211,35.029998779296875,35.369998931884766,6302300
2008-06-05,25.480016708374023,38.09000015258789,38.150001525878906,36.560001373291016,37.119998931884766,6739100
2008-06-06,25.426498413085938,38.0099983215332,39.560001373291016,37.88999938964844,38.099998474121094,4721600
2008-06-09,26.06867790222168,38.970001220703125,39.150001525878906,38.0099983215332,38.08000183105469,3430300
2008-06-10,25.265954971313477,37.77000045776367,38.5099983215332,37.119998931884766,38.380001068115234,3886100
2008-06-11,24.79100227355957,37.060001373291016,38.5,36.95000076293945,37.959999084472656,3489400
2008-06-12,24.583637237548828,36.75,38.119998931884766,36.470001220703125,37.29999923706055,4601500
2008-06-13,26.403152465820312,39.470001220703125,39.939998626708984,37.709999084472656,38.08000183105469,7785500
2008-06-16,26.322887420654297,39.349998474121094,39.939998626708984,39.02000045776367,39.650001525878906,3901100
2008-06-17,26.309499740600586,39.33000183105469,40.5,39.150001525878906,40.16999816894531,3553900
2008-06-18,26.19578742980957,39.15999984741211,39.70000076293945,38.459999084472656,39.43000030517578,3080700
2008-06-19,27.205890655517578,40.66999816894531,40.7599983215332,39.16999816894531,39.560001373291016,5073900
2008-06-20,26.0218505859375,38.900001525878906,40.779998779296875,38.709999084472656,40.20000076293945,4254500
2008-06-23,26.724246978759766,39.95000076293945,40.43000030517578,38.97999954223633,39.06999969482422,2875400
2008-06-24,26.817895889282227,40.09000015258789,40.91999816894531,39.380001068115234,40.56999969482422,3663700
2008-06-25,26.67072868347168,39.869998931884766,40.45000076293945,38.220001220703125,39.709999084472656,3883900
2008-06-26,25.383132934570312,37.849998474121094,39.849998474121094,37.349998474121094,39.72999954223633,5614900
2008-06-27,25.7586727142334,38.40999984741211,38.93000030517578,37.56999969482422,37.869998931884766,4953900
2008-06-30,26.2012939453125,39.06999969482422,39.77000045776367,38.75,38.75,2904400
2008-07-01,25.544086456298828,38.09000015258789,38.66999816894531,37.02000045776367,38.66999816894531,5088400
2008-07-02,22.942058563232422,34.209999084472656,38.400001525878906,34.04999923706055,38.13999938964844,9319600
2008-07-03,22.331790924072266,33.29999923706055,34.900001525878906,32.459999084472656,33.720001220703125,3570500
2008-07-07,22.237897872924805,33.15999984741211,34.70000076293945,32.43000030517578,33.369998931884766,3794600
2008-07-08,21.25879669189453,31.700000762939453,33.15999984741211,30.34000015258789,33.15999984741211,6782800
2008-07-09,22.258024215698242,33.189998626708984,35.40999984741211,32.810001373291016,33.459999084472656,6581300
2008-07-10,22.38544273376465,33.380001068115234,33.75,31.559999465942383,33.20000076293945,5629600
2008-07-11,23.25725746154785,34.68000030517578,35.040000915527344,32.65999984741211,34.20000076293945,5321700
2008-07-14,22.640274047851562,33.7599983215332,35.470001220703125,33.16999816894531,34.91999816894531,3716600
2008-07-15,21.567277908325195,32.15999984741211,33.47999954223633,31.40999984741211,32.970001220703125,4143800
2008-07-16,22.177549362182617,33.06999969482422,33.11000061035156,31.040000915527344,32.209999084472656,4706300
2008-07-17,20.849712371826172,31.09000015258789,32.9900016784668,30.09000015258789,32.02000045776367,5459700
2008-07-18,20.69546890258789,30.860000610351562,32.75,30.75,31.09000015258789,4221600
2008-07-21,22.103778839111328,32.959999084472656,32.97999954223633,30.760000228881836,31.5,4351900
2008-07-22,22.197668075561523,33.099998474121094,34.900001525878906,30.780000686645508,34.599998474121094,8861700
2008-07-23,21.124671936035156,31.5,33.54999923706055,30.899999618530273,33.11000061035156,6676400
2008-07-24,19.66269874572754,29.31999969482422,31.0,29.219999313354492,30.010000228881836,7093800
2008-07-25,20.31321144104004,30.290000915527344,30.799999237060547,29.280000686645508,29.969999313354492,5924100
2008-07-28,20.299793243408203,30.270000457763672,31.59000015258789,30.15999984741211,30.739999771118164,4358600
2008-07-29,21.29903221130371,31.760000228881836,32.279998779296875,31.18000030517578,31.649999618530273,6301300
2008-07-30,22.492738723754883,33.540000915527344,33.540000915527344,32.04999923706055,32.11000061035156,4976100
2008-07-31,21.245380401611328,31.68000030517578,32.95000076293945,31.219999313354492,32.95000076293945,5313500
2008-08-01,20.138851165771484,30.030000686645508,31.8700008392334,29.969999313354492,31.600000381469727,4197600
2008-08-04,18.200748443603516,27.139999389648438,30.209999084472656,26.93000030517578,29.950000762939453,7044200
2008-08-05,18.64335823059082,27.799999237060547,28.25,26.809999465942383,27.350000381469727,6270800
2008-08-06,19.267045974731445,28.729999542236328,29.040000915527344,27.75,27.8799991607666,3920000
2008-08-07,18.79759979248047,28.030000686645508,29.100000381469727,27.639999389648438,28.899999618530273,3430800
2008-08-08,17.75142478942871,26.469999313354492,28.6299991607666,26.100000381469727,28.6299991607666,5056700
2008-08-11,16.745492935180664,24.969999313354492,27.100000381469727,24.56999969482422,27.100000381469727,6992500
2008-08-12,16.208988189697266,24.170000076293945,25.420000076293945,23.670000076293945,25.299999237060547,8564400
2008-08-13,17.33563995361328,25.850000381469727,26.0,24.209999084472656,24.25,5509000
2008-08-14,17.114336013793945,25.520000457763672,25.950000762939453,24.68000030517578,25.5,4504500
2008-08-15,16.651601791381836,24.829999923706055,25.350000381469727,24.600000381469727,25.0,3621600
2008-08-18,16.597959518432617,24.75,25.6200008392334,24.25,25.059999465942383,4658800
2008-08-19,16.919858932495117,25.229999542236328,25.520000457763672,24.290000915527344,24.420000076293945,6907400
2008-08-20,17.375879287719727,25.90999984741211,26.049999237060547,24.709999084472656,25.5,5385000
2008-08-21,17.255163192749023,25.729999542236328,26.200000762939453,25.239999771118164,26.149999618530273,3941800
2008-08-22,17.094213485717773,25.489999771118164,25.649999618530273,24.649999618530273,25.43000030517578,4882100
2008-08-25,15.685904502868652,23.389999389648438,25.479999542236328,23.1299991607666,25.3700008392334,8345200
2008-08-26,15.987687110900879,23.84000015258789,23.950000762939453,23.010000228881836,23.360000610351562,6312900
2008-08-27,16.577836990356445,24.719999313354492,24.959999084472656,24.030000686645508,24.030000686645508,3872600
2008-08-28,16.8595027923584,25.139999389648438,25.25,24.5,24.729999542236328,3307100
2008-08-29,16.651601791381836,24.829999923706055,25.469999313354492,24.670000076293945,24.75,3025300
2008-09-02,15.236587524414062,22.719999313354492,24.229999542236328,22.510000228881836,24.229999542236328,5883100
2008-09-03,14.666557312011719,21.8700008392334,22.969999313354492,21.299999237060547,22.780000686645508,7070800
2008-09-04,14.250768661499023,21.25,22.600000381469727,20.799999237060547,22.239999771118164,8712500
2008-09-05,14.807389259338379,22.079999923706055,22.239999771118164,20.59000015258789,21.0,8396900
2008-09-08,14.002640724182129,20.8799991607666,22.84000015258789,20.739999771118164,22.40999984741211,9543200
2008-09-09,12.668094635009766,18.889999389648438,20.690000534057617,18.860000610351562,20.639999389648438,10499100
2008-09-10,14.317829132080078,21.350000381469727,21.829999923706055,19.100000381469727,19.100000381469727,12088600
2008-09-11,14.4452486038208,21.540000915527344,21.93000030517578,19.940000534057617,20.469999313354492,6729400
2008-09-12,15.33047103881836,22.860000610351562,23.09000015258789,21.420000076293945,21.510000228881836,5360000
2008-09-15,13.6941499710083,20.420000076293945,22.100000381469727,20.309999465942383,21.6200008392334,7909300
2008-09-16,14.693379402160645,21.90999984741211,22.1299991607666,19.75,20.15999984741211,8084300
2008-09-17,13.580137252807617,20.25,21.43000030517578,19.5,21.3700008392334,8163700
2008-09-18,14.203825950622559,21.18000030517578,21.3799991607666,19.329999923706055,20.860000610351562,9422900
2008-09-19,14.921390533447266,22.25,22.770000457763672,20.149999618530273,21.93000030517578,8800900
2008-09-22,14.177000045776367,21.139999389648438,22.5,21.010000228881836,22.06999969482422,5594700
2008-09-23,14.0697021484375,20.979999542236328,21.780000686645508,20.6299991607666,21.649999618530273,6579500
2008-09-24,14.042874336242676,20.940000534057617,21.56999969482422,20.530000686645508,20.530000686645508,5625500
2008-09-25,13.90875244140625,20.739999771118164,21.440000534057617,20.610000610351562,21.0,4946400
2008-09-26,13.24835205078125,19.65999984741211,20.1200008392334,19.139999389648438,19.889999389648438,4065000
2008-09-29,10.822407722473145,16.059999465942383,18.950000762939453,15.470000267028809,18.940000534057617,9212600
2008-09-30,11.516498565673828,17.09000015258789,17.209999084472656,15.859999656677246,16.440000534057617,5899300
2008-10-01,10.728067398071289,15.920000076293945,16.940000534057617,15.550000190734863,16.940000534057617,6648000
2008-10-02,8.767095565795898,13.010000228881836,15.770000457763672,13.0,15.770000457763672,10302500
2008-10-03,8.167343139648438,12.119999885559082,13.6899995803833,11.949999809265137,13.0,13867000
2008-10-06,7.479995250701904,11.100000381469727,11.350000381469727,9.600000381469727,10.75,14861700
2008-10-07,6.536571502685547,9.699999809265137,11.670000076293945,9.640000343322754,11.5,10604400
2008-10-08,6.408539772033691,9.510000228881836,10.430000305175781,8.529999732971191,9.399999618530273,17119600
2008-10-09,5.714447498321533,8.479999542236328,9.989999771118164,8.300000190734863,9.649999618530273,11981500
2008-10-10,5.202302932739258,7.71999979019165,8.739999771118164,6.860000133514404,7.880000114440918,15258100
2008-10-13,6.320932388305664,9.380000114440918,9.479999542236328,8.0600004196167,8.800000190734863,9380200
2008-10-14,6.031167507171631,8.949999809265137,10.170000076293945,8.699999809265137,10.010000228881836,15276900
2008-10-15,4.939493656158447,7.329999923706055,8.899999618530273,7.260000228881836,8.890000343322754,8068900
2008-10-16,6.058121681213379,8.989999771118164,9.270000457763672,7.699999809265137,7.949999809265137,20689100
2008-10-17,5.896393775939941,8.75,9.869999885559082,8.25,8.520000457763672,12887800
2008-10-20,6.866770267486572,10.1899995803833,10.199999809265137,8.90999984741211,9.210000038146973,13161400
2008-10-21,7.237399101257324,10.739999771118164,11.569999694824219,9.640000343322754,9.819999694824219,19041400
2008-10-22,6.374845504760742,9.460000038146973,10.449999809265137,8.9399995803833,10.319999694824219,12061100
2008-10-23,6.341150283813477,9.40999984741211,9.979999542236328,8.6899995803833,9.4399995803833,12654300
2008-10-24,6.462447166442871,9.59000015258789,10.1899995803833,8.25,8.329999923706055,10957300
2008-10-27,5.983996868133545,8.880000114440918,10.289999961853027,8.880000114440918,9.8100004196167,7879400
2008-10-28,6.785905361175537,10.069999694824219,10.09000015258789,8.40999984741211,9.4399995803833,10694600
2008-10-29,7.513689041137695,11.149999618530273,11.569999694824219,9.779999732971191,9.949999809265137,12275400
2008-10-30,8.046049118041992,11.9399995803833,12.220000267028809,10.84000015258789,11.890000343322754,9533800
2008-10-31,8.032571792602539,11.920000076293945,12.029999732971191,10.930000305175781,11.640000343322754,12908300
2008-11-03,7.776500701904297,11.539999961853027,12.039999961853027,11.210000038146973,11.899999618530273,7197900
2008-11-04,8.389723777770996,12.449999809265137,12.84000015258789,11.65999984741211,11.789999961853027,10109000
2008-11-05,6.98132848739624,10.359999656677246,12.170000076293945,10.279999732971191,12.0600004196167,8928600
2008-11-06,6.320932388305664,9.380000114440918,10.300000190734863,9.369999885559082,10.170000076293945,7820700
2008-11-07,6.415277004241943,9.520000457763672,9.880000114440918,9.130000114440918,9.529999732971191,5606500
2008-11-10,6.347886562347412,9.420000076293945,10.539999961853027,9.25,10.319999694824219,3809600
2008-11-11,6.15920352935791,9.140000343322754,9.529999732971191,8.75,9.149999618530273,4255800
2008-11-12,5.15513277053833,7.650000095367432,9.0,7.639999866485596,8.90999984741211,8256200
2008-11-13,5.983996868133545,8.880000114440918,8.90999984741211,7.309999942779541,7.849999904632568,7997700
2008-11-14,5.471851825714111,8.119999885559082,8.90999984741211,7.949999809265137,8.529999732971191,7316800
2008-11-17,5.168609142303467,7.670000076293945,8.09000015258789,7.46999979019165,7.849999904632568,5752300
2008-11-18,4.90579891204834,7.28000020980835,8.0,7.03000020980835,7.809999942779541,5953300
2008-11-19,4.258880138397217,6.320000171661377,7.400000095367432,6.320000171661377,7.28000020980835,6183400
2008-11-20,3.5243587493896484,5.230000019073486,6.300000190734863,5.179999828338623,6.25,10181900
2008-11-21,4.110628604888916,6.099999904632568,6.119999885559082,5.340000152587891,5.710000038146973,9035800
2008-11-24,4.528430938720703,6.71999979019165,6.900000095367432,6.289999961853027,6.329999923706055,6999100
2008-11-25,5.0405731201171875,7.480000019073486,7.71999979019165,6.699999809265137,6.989999771118164,13106200
2008-11-26,5.5864105224609375,8.289999961853027,8.289999961853027,7.130000114440918,7.159999847412109,5513500
2008-11-28,5.566194534301758,8.260000228881836,8.270000457763672,7.949999809265137,8.0600004196167,1987900
2008-12-01,4.589078903198242,6.809999942779541,8.0,6.800000190734863,7.800000190734863,4640700
2008-12-02,4.791242599487305,7.110000133514404,7.289999961853027,6.769999980926514,7.0,8253300
2008-12-03,4.791242599487305,7.110000133514404,7.150000095367432,6.539999961853027,6.860000133514404,6530100
2008-12-04,4.865365982055664,7.21999979019165,7.639999866485596,6.760000228881836,6.949999809265137,8329000
2008-12-05,5.492070198059082,8.149999618530273,8.1899995803833,6.949999809265137,6.96999979019165,8655600
2008-12-08,6.745474338531494,10.010000228881836,10.170000076293945,9.0,9.010000228881836,13035600
2008-12-09,6.644392967224121,9.859999656677246,10.84000015258789,9.460000038146973,9.630000114440918,10848300
2008-12-10,7.648465633392334,11.350000381469727,11.430000305175781,10.100000381469727,10.3100004196167,12764600
2008-12-11,7.257615089416504,10.770000457763672,11.890000343322754,10.550000190734863,11.229999542236328,16121200
2008-12-12,7.574342250823975,11.239999771118164,11.539999961853027,9.5,9.670000076293945,9489600
2008-12-15,7.284575462341309,10.8100004196167,12.109999656677246,10.710000038146973,11.390000343322754,9957600
2008-12-16,7.897800922393799,11.720000267028809,11.75,10.699999809265137,10.9399995803833,8905400
2008-12-17,8.618842124938965,12.789999961853027,13.25,11.300000190734863,11.529999732971191,11505400
2008-12-18,8.066267967224121,11.970000267028809,13.390000343322754,11.819999694824219,13.210000038146973,10538400
2008-12-19,7.897800922393799,11.720000267028809,12.380000114440918,11.569999694824219,12.210000038146973,9870000
2008-12-22,6.98132848739624,10.359999656677246,12.09000015258789,9.960000038146973,11.710000038146973,7871500
2008-12-23,7.122843265533447,10.569999694824219,10.699999809265137,10.220000267028809,10.470000267028809,5516000
2008-12-24,7.136322498321533,10.59000015258789,10.720000267028809,10.220000267028809,10.65999984741211,1342600
2008-12-26,7.277831554412842,10.800000190734863,10.859999656677246,10.359999656677246,10.630000114440918,1557200
2008-12-29,7.060177803039551,10.380000114440918,10.989999771118164,10.25,10.670000076293945,3112300
2008-12-30,7.4818830490112305,11.0,11.0,10.3100004196167,10.3100004196167,2642900
2008-12-31,7.604318618774414,11.180000305175781,11.430000305175781,10.680000305175781,10.890000343322754,3444100
2009-01-02,8.400120735168457,12.350000381469727,12.420000076293945,11.300000190734863,11.4399995803833,4957400
2009-01-05,8.678986549377441,12.760000228881836,12.890000343322754,12.0,12.119999885559082,6959400
2009-01-06,8.83542537689209,12.989999771118164,13.489999771118164,12.649999618530273,13.0600004196167,8738100
2009-01-07,8.692586898803711,12.779999732971191,13.239999771118164,12.34000015258789,13.020000457763672,7578200
2009-01-08,9.229928970336914,13.569999694824219,13.600000381469727,12.210000038146973,12.420000076293945,7037500
2009-01-09,8.481738090515137,12.470000267028809,13.600000381469727,12.460000038146973,13.569999694824219,4922700
2009-01-12,7.5363006591796875,11.079999923706055,12.529999732971191,10.960000038146973,12.520000457763672,6606000
2009-01-13,8.019222259521484,11.789999961853027,11.930000305175781,10.779999732971191,11.079999923706055,6183500
2009-01-14,7.223423004150391,10.619999885559082,11.359999656677246,10.369999885559082,11.220000267028809,5547300
2009-01-15,7.366253852844238,10.829999923706055,10.979999542236328,9.720000267028809,10.609999656677246,8401200
2009-01-16,7.604318618774414,11.180000305175781,11.550000190734863,10.520000457763672,11.229999542236328,6176800
2009-01-20,6.985361099243164,10.270000457763672,11.220000267028809,10.180000305175781,11.09000015258789,4542000
2009-01-21,7.679132461547852,11.289999961853027,11.319999694824219,10.300000190734863,10.470000267028809,5249200
2009-01-22,7.373058319091797,10.84000015258789,11.1899995803833,10.399999618530273,10.789999961853027,5323200
2009-01-23,7.407066822052002,10.890000343322754,11.300000190734863,10.25,10.300000190734863,5601600
2009-01-26,6.964956283569336,10.239999771118164,11.300000190734863,10.0,10.739999771118164,11225200
2009-01-27,8.012417793273926,11.779999732971191,12.210000038146973,10.670000076293945,11.0,15645200
2009-01-28,8.89664363861084,13.079999923706055,13.529999732971191,11.989999771118164,12.199999809265137,13076500
2009-01-29,8.053227424621582,11.84000015258789,12.75,11.729999542236328,12.680000305175781,9529700
2009-01-30,7.223423004150391,10.619999885559082,12.0,10.510000228881836,11.84000015258789,10385400
2009-02-02,7.549901008605957,11.100000381469727,11.279999732971191,10.25,10.4399995803833,8711600
2009-02-03,8.114444732666016,11.930000305175781,11.970000267028809,11.010000228881836,11.010000228881836,8247400
2009-02-04,8.202866554260254,12.0600004196167,12.699999809265137,11.920000076293945,12.210000038146973,8229900
2009-02-05,8.631376266479492,12.6899995803833,13.0600004196167,11.770000457763672,12.069999694824219,8362700
2009-02-06,9.379561424255371,13.789999961853027,14.0,12.489999771118164,12.579999923706055,8951000
2009-02-09,9.080289840698242,13.350000381469727,14.390000343322754,13.010000228881836,13.699999809265137,6941900
2009-02-10,8.332097053527832,12.25,13.880000114440918,12.140000343322754,12.989999771118164,7569000
2009-02-11,8.393311500549316,12.34000015258789,13.210000038146973,12.010000228881836,12.6899995803833,7358400
2009-02-12,8.604167938232422,12.649999618530273,12.670000076293945,11.699999809265137,11.960000038146973,7326200
2009-02-13,8.658578872680664,12.729999542236328,12.979999542236328,12.470000267028809,12.550000190734863,5712600
2009-02-17,7.502290725708008,11.029999732971191,12.050000190734863,10.949999809265137,12.010000228881836,7749300
2009-02-18,7.25742769241333,10.670000076293945,11.380000114440918,10.5,11.329999923706055,6305100
2009-02-19,7.100988388061523,10.4399995803833,11.260000228881836,10.399999618530273,10.899999618530273,6004900
2009-02-20,7.128197193145752,10.479999542236328,10.670000076293945,9.779999732971191,10.010000228881836,8858100
2009-02-23,6.189559459686279,9.100000381469727,11.0,9.069999694824219,10.90999984741211,7686700
2009-02-24,6.502439022064209,9.5600004196167,9.619999885559082,8.720000267028809,9.15999984741211,7978800
2009-02-25,6.169151782989502,9.069999694824219,9.640000343322754,8.960000038146973,9.640000343322754,6882900
2009-02-26,5.937895774841309,8.729999542236328,9.5,8.6899995803833,9.40999984741211,5140800
2009-02-27,5.679430961608887,8.350000381469727,8.859999656677246,8.210000038146973,8.529999732971191,9618800
2009-03-02,5.080878734588623,7.46999979019165,8.649999618530273,7.320000171661377,8.579999923706055,11145100
2009-03-03,5.312139511108398,7.809999942779541,8.079999923706055,7.53000020980835,7.710000038146973,8330200
2009-03-04,6.101139068603516,8.970000267028809,9.229999542236328,8.149999618530273,8.399999618530273,10261400
2009-03-05,5.461775779724121,8.029999732971191,8.550000190734863,7.940000057220459,8.520000457763672,5609700
2009-03-06,5.366551399230957,7.889999866485596,8.5,7.599999904632568,8.15999984741211,4724500
2009-03-09,5.312139511108398,7.809999942779541,8.239999771118164,7.71999979019165,7.800000190734863,4157700
2009-03-10,6.060328006744385,8.90999984741211,8.949999809265137,8.100000381469727,8.170000076293945,7241100
2009-03-11,5.815465927124023,8.550000190734863,9.149999618530273,8.25,8.989999771118164,6644000
2009-03-12,4.931242942810059,7.25,7.28000020980835,5.949999809265137,6.960000038146973,33825400
2009-03-13,4.917639255523682,7.230000019073486,7.380000114440918,6.949999809265137,7.25,9069400
2009-03-16,4.9108381271362305,7.21999979019165,7.630000114440918,7.070000171661377,7.21999979019165,6546000
2009-03-17,4.69318151473999,6.900000095367432,7.0,6.420000076293945,7.0,8980800
2009-03-18,5.060474395751953,7.440000057220459,7.460000038146973,6.630000114440918,6.820000171661377,8847200
2009-03-19,5.468577861785889,8.039999961853027,8.380000114440918,7.789999961853027,7.909999847412109,13071200
2009-03-20,5.094483852386475,7.489999771118164,8.170000076293945,7.340000152587891,8.0,7815900
2009-03-23,5.611415386199951,8.25,8.25,7.639999866485596,8.0,7227700
2009-03-24,6.203164100646973,9.119999885559082,9.289999961853027,7.860000133514404,7.860000133514404,11224400
2009-03-25,6.175955295562744,9.079999923706055,9.579999923706055,8.600000381469727,9.270000457763672,11897400
2009-03-26,6.6248674392700195,9.739999771118164,9.899999618530273,9.34000015258789,9.359999656677246,11241800
2009-03-27,6.425573348999023,9.350000381469727,9.850000381469727,9.229999542236328,9.399999618530273,7283500
2009-03-30,5.7108588218688965,8.3100004196167,8.720000267028809,8.010000228881836,8.649999618530273,7532600
2009-03-31,6.054470062255859,8.8100004196167,9.149999618530273,8.3100004196167,8.479999542236328,7433900
2009-04-01,6.171297073364258,8.979999542236328,9.109999656677246,8.180000305175781,8.399999618530273,7369200
2009-04-02,6.975356101989746,10.149999618530273,10.25,9.470000267028809,9.619999885559082,9695300
2009-04-03,7.270864486694336,10.579999923706055,10.779999732971191,9.670000076293945,9.880000114440918,8368700
2009-04-06,6.899761199951172,10.039999961853027,10.289999961853027,9.770000457763672,10.289999961853027,6010600
2009-04-07,6.336232662200928,9.220000267028809,9.779999732971191,9.0600004196167,9.779999732971191,9287400
2009-04-08,6.70733642578125,9.760000228881836,9.789999961853027,9.0,9.3100004196167,6016200
2009-04-09,7.346457004547119,10.6899995803833,10.869999885559082,10.079999923706055,10.180000305175781,6225800
2009-04-13,7.731304168701172,11.25,11.319999694824219,10.100000381469727,10.350000381469727,7705100
2009-04-14,7.5938615798950195,11.050000190734863,11.59000015258789,10.819999694824219,10.819999694824219,7157400
2009-04-15,7.813771724700928,11.369999885559082,11.4399995803833,10.729999542236328,10.90999984741211,4571700
2009-04-16,8.123023986816406,11.819999694824219,12.029999732971191,11.170000076293945,11.770000457763672,6999900
2009-04-17,8.308576583862305,12.09000015258789,12.210000038146973,11.479999542236328,11.779999732971191,5250500
2009-04-20,7.538880348205566,10.970000267028809,11.210000038146973,10.720000267028809,11.15999984741211,7828600
2009-04-21,7.9924516677856445,11.630000114440918,11.65999984741211,10.710000038146973,10.710000038146973,6223100
2009-04-22,8.205490112304688,11.9399995803833,12.369999885559082,11.34000015258789,11.470000267028809,7599800
2009-04-23,7.538880348205566,10.970000267028809,11.699999809265137,10.819999694824219,11.609999656677246,12002200
2009-04-24,7.923726558685303,11.529999732971191,11.75,11.050000190734863,11.170000076293945,9064400
2009-04-27,7.655707836151123,11.140000343322754,11.479999542236328,10.989999771118164,11.470000267028809,4406400
2009-04-28,7.635092258453369,11.109999656677246,11.319999694824219,10.550000190734863,10.949999809265137,4195400
2009-04-29,8.026816368103027,11.680000305175781,11.970000267028809,10.850000381469727,11.0,9402400
2009-04-30,8.555977821350098,12.449999809265137,12.84000015258789,11.8100004196167,11.930000305175781,8509100
2009-05-01,8.98205852508545,13.069999694824219,13.319999694824219,12.279999732971191,12.489999771118164,5285500
2009-05-04,9.6624116897583,14.0600004196167,14.079999923706055,13.199999809265137,13.199999809265137,7444300
2009-05-05,9.229455947875977,13.430000305175781,14.109999656677246,13.09000015258789,13.890000343322754,5735400
2009-05-06,9.277567863464355,13.5,14.09000015258789,13.199999809265137,13.819999694824219,7964300
2009-05-07,8.61095905303955,12.529999732971191,13.989999771118164,12.3100004196167,13.970000267028809,10298900
2009-05-08,9.126375198364258,13.279999732971191,13.539999961853027,12.699999809265137,13.09000015258789,6780400
2009-05-11,8.775887489318848,12.770000457763672,12.859999656677246,12.359999656677246,12.859999656677246,6079700
2009-05-12,8.66593074798584,12.609999656677246,12.970000267028809,12.069999694824219,12.84000015258789,4611400
2009-05-13,7.7794108390808105,11.319999694824219,12.390000343322754,11.25,12.300000190734863,6395900
2009-05-14,7.951219081878662,11.569999694824219,11.770000457763672,10.949999809265137,11.40999984741211,4922800
2009-05-15,7.855004787445068,11.430000305175781,11.930000305175781,11.279999732971191,11.819999694824219,2789900
2009-05-18,8.762142181396484,12.75,12.760000228881836,11.550000190734863,11.630000114440918,5963400
2009-05-19,9.428759574890137,13.720000267028809,13.989999771118164,12.760000228881836,12.970000267028809,7982600
2009-05-20,9.676158905029297,14.079999923706055,14.850000381469727,13.970000267028809,14.0,7279000
2009-05-21,8.80338191986084,12.8100004196167,13.34000015258789,12.539999961853027,13.300000190734863,8733900
2009-05-22,9.222589492797852,13.420000076293945,13.819999694824219,12.9399995803833,13.180000305175781,6079500
2009-05-26,9.71052074432373,14.130000114440918,14.25,12.819999694824219,13.329999923706055,6495900
2009-05-27,9.951050758361816,14.479999542236328,15.140000343322754,13.960000038146973,13.979999542236328,8465200
2009-05-28,10.19157600402832,14.829999923706055,14.979999542236328,14.180000305175781,14.640000343322754,5068400
2009-05-29,10.267169952392578,14.9399995803833,15.3100004196167,14.539999961853027,15.220000267028809,7574100
2009-06-01,10.968147277832031,15.960000038146973,16.15999984741211,15.510000228881836,15.789999961853027,7818200
2009-06-02,10.713871955871582,15.59000015258789,16.06999969482422,15.369999885559082,15.84000015258789,6998600
2009-06-03,9.64179801940918,14.029999732971191,14.630000114440918,13.579999923706055,14.1899995803833,11201700
2009-06-04,10.198450088500977,14.84000015258789,15.0,13.579999923706055,13.8100004196167,35056200
2009-06-05,10.150347709655762,14.770000457763672,15.1899995803833,14.0,15.1899995803833,11847900
2009-06-08,10.19157600402832,14.829999923706055,14.989999771118164,14.079999923706055,14.5,10389400
2009-06-09,10.720746040344238,15.600000381469727,15.779999732971191,14.949999809265137,14.979999542236328,12094800
2009-06-10,10.975019454956055,15.970000267028809,16.260000228881836,15.350000381469727,16.040000915527344,11419100
2009-06-11,11.174312591552734,16.260000228881836,16.489999771118164,15.5600004196167,16.06999969482422,12918200
2009-06-12,11.105586051940918,16.15999984741211,16.68000030517578,15.649999618530273,16.31999969482422,13228600
2009-06-15,10.473337173461914,15.239999771118164,15.539999961853027,14.470000267028809,15.479999542236328,11077400
2009-06-16,10.487085342407227,15.260000228881836,16.3799991607666,14.920000076293945,15.850000381469727,15265900
2009-06-17,10.487085342407227,15.260000228881836,15.65999984741211,14.529999732971191,15.25,10945000
2009-06-18,10.487085342407227,15.260000228881836,15.65999984741211,14.75,15.130000114440918,7253000
2009-06-19,10.610786437988281,15.4399995803833,15.949999809265137,15.369999885559082,15.5600004196167,10275800
2009-06-22,9.476860046386719,13.789999961853027,15.199999809265137,13.789999961853027,15.180000305175781,9635700
2009-06-23,9.861708641052246,14.350000381469727,14.510000228881836,13.649999618530273,13.899999618530273,8455200
2009-06-24,10.294662475585938,14.979999542236328,15.449999809265137,14.579999923706055,14.75,10253500
2009-06-25,10.44585132598877,15.199999809265137,15.279999732971191,14.4399995803833,14.670000076293945,7767200
2009-06-26,10.70484447479248,15.5,15.930000305175781,14.880000114440918,14.90999984741211,11569100
2009-06-29,10.476932525634766,15.170000076293945,15.75,15.09000015258789,15.619999885559082,6086800
2009-06-30,10.22139835357666,14.800000190734863,15.260000228881836,14.470000267028809,15.069999694824219,8910500
2009-07-01,10.138521194458008,14.680000305175781,15.470000267028809,14.619999885559082,15.029999732971191,6914200
2009-07-02,9.903707504272461,14.34000015258789,14.680000305175781,14.130000114440918,14.369999885559082,5106900
2009-07-06,9.164722442626953,13.270000457763672,14.0,13.069999694824219,14.0,9769600
2009-07-07,9.371912956237793,13.569999694824219,14.140000343322754,13.550000190734863,13.65999984741211,10459900
2009-07-08,8.936813354492188,12.9399995803833,13.819999694824219,12.430000305175781,13.59000015258789,11714100
2009-07-09,9.330476760864258,13.510000228881836,13.880000114440918,13.199999809265137,13.25,8347500
2009-07-10,9.434072494506836,13.65999984741211,13.770000457763672,13.119999885559082,13.359999656677246,7879000
2009-07-13,9.75866985321045,14.130000114440918,14.149999618530273,13.369999885559082,13.789999961853027,8629500
2009-07-14,10.041830062866211,14.539999961853027,14.800000190734863,14.34000015258789,14.630000114440918,7361200
2009-07-15,10.559806823730469,15.289999961853027,15.359999656677246,14.760000228881836,14.970000267028809,9803400
2009-07-16,11.091597557067871,16.059999465942383,16.280000686645508,15.5,15.710000038146973,11995900
2009-07-17,11.209002494812012,16.229999542236328,16.520000457763672,15.75,16.239999771118164,10613400
2009-07-20,11.588851928710938,16.780000686645508,16.829999923706055,16.1200008392334,16.299999237060547,8942200
2009-07-21,11.595758438110352,16.790000915527344,17.1200008392334,16.139999389648438,16.700000762939453,11144800
2009-07-22,11.284971237182617,16.34000015258789,16.600000381469727,16.1200008392334,16.360000610351562,8610000
2009-07-23,11.057062149047852,16.010000228881836,17.0,15.8100004196167,16.399999618530273,18484000
2009-07-24,11.312600135803223,16.3799991607666,16.65999984741211,15.920000076293945,16.020000457763672,9267200
2009-07-27,11.340226173400879,16.420000076293945,17.0,16.260000228881836,16.520000457763672,8284500
2009-07-28,11.747699737548828,17.010000228881836,17.139999389648438,16.15999984741211,16.190000534057617,11594200
2009-07-29,10.856780052185059,15.720000267028809,16.690000534057617,15.430000305175781,16.690000534057617,15541000
2009-07-30,11.133036613464355,16.1200008392334,16.739999771118164,16.0,16.170000076293945,10493100
2009-07-31,11.29879093170166,16.360000610351562,16.65999984741211,16.020000457763672,16.1200008392334,8803100
2009-08-03,12.155177116394043,17.600000381469727,17.770000457763672,16.989999771118164,17.170000076293945,8756400
2009-08-04,12.072299003601074,17.479999542236328,17.65999984741211,17.1299991607666,17.360000610351562,6649600
2009-08-05,12.244954109191895,17.729999542236328,17.790000915527344,17.030000686645508,17.530000686645508,7686300
2009-08-06,11.851293563842773,17.15999984741211,18.049999237060547,16.979999542236328,17.829999923706055,9328300
2009-08-07,12.093015670776367,17.510000228881836,17.799999237060547,17.110000610351562,17.260000228881836,7947400
2009-08-10,11.519791603088379,16.68000030517578,17.399999618530273,16.43000030517578,17.350000381469727,9182900
2009-08-11,11.139939308166504,16.1299991607666,16.649999618530273,15.869999885559082,16.530000686645508,7068300
2009-08-12,11.119220733642578,16.100000381469727,16.450000762939453,15.899999618530273,15.899999618530273,10291100
2009-08-13,11.73388385772705,16.989999771118164,16.989999771118164,16.170000076293945,16.56999969482422,9853500
2009-08-14,11.485257148742676,16.6299991607666,17.030000686645508,16.219999313354492,17.030000686645508,6862600
2009-08-17,10.801532745361328,15.640000343322754,15.949999809265137,15.399999618530273,15.800000190734863,7351500
2009-08-18,11.271160125732422,16.31999969482422,16.389999389648438,15.569999694824219,15.75,6407200
2009-08-19,11.112316131591797,16.09000015258789,16.219999313354492,15.710000038146973,15.829999923706055,6100000
2009-08-20,11.457632064819336,16.59000015258789,16.68000030517578,15.989999771118164,16.139999389648438,5426600
2009-08-21,11.685541152954102,16.920000076293945,17.100000381469727,16.739999771118164,16.860000610351562,5897400
2009-08-24,11.789138793945312,17.06999969482422,17.43000030517578,17.0,17.25,4844300
2009-08-25,11.53360366821289,16.700000762939453,17.350000381469727,16.549999237060547,17.25,5460600
2009-08-26,11.209002494812012,16.229999542236328,16.760000228881836,16.040000915527344,16.510000228881836,7202100
2009-08-27,11.374756813049316,16.469999313354492,16.520000457763672,15.760000228881836,16.239999771118164,7540800
2009-08-28,11.823670387268066,17.1200008392334,17.200000762939453,16.469999313354492,16.75,8225200
2009-08-31,11.430006980895996,16.549999237060547,16.780000686645508,16.420000076293945,16.530000686645508,8189700
2009-09-01,10.987998962402344,15.90999984741211,16.969999313354492,15.850000381469727,16.40999984741211,9650800
2009-09-02,10.918935775756836,15.8100004196167,16.31999969482422,15.710000038146973,15.880000114440918,7165500
2009-09-03,11.174471855163574,16.18000030517578,16.31999969482422,15.829999923706055,16.079999923706055,5533000
2009-09-04,11.485257148742676,16.6299991607666,16.649999618530273,15.949999809265137,16.309999465942383,5424900
2009-09-08,11.920356750488281,17.260000228881836,17.299999237060547,16.940000534057617,17.020000457763672,7675900
2009-09-09,11.927265167236328,17.270000457763672,17.549999237060547,17.020000457763672,17.290000915527344,6756400
2009-09-10,12.334738731384277,17.860000610351562,17.8799991607666,16.90999984741211,17.190000534057617,7049100
2009-09-11,11.837484359741211,17.139999389648438,18.219999313354492,16.8700008392334,18.200000762939453,13240100
2009-09-14,11.975610733032227,17.34000015258789,17.40999984741211,16.549999237060547,16.829999923706055,9108100
2009-09-15,12.141361236572266,17.579999923706055,17.780000686645508,16.860000610351562,16.860000610351562,9592100
2009-09-16,12.348548889160156,17.8799991607666,18.219999313354492,17.670000076293945,17.799999237060547,8017300
2009-09-17,12.25876522064209,17.75,18.559999465942383,17.709999084472656,17.8700008392334,8030000
2009-09-18,12.32783317565918,17.850000381469727,18.040000915527344,17.329999923706055,17.899999618530273,11327200
2009-09-21,12.14826488494873,17.59000015258789,17.65999984741211,17.209999084472656,17.350000381469727,4919400
2009-09-22,12.27258586883545,17.770000457763672,18.059999465942383,17.700000762939453,17.850000381469727,5726800
2009-09-23,11.961797714233398,17.31999969482422,17.90999984741211,17.280000686645508,17.75,6426600
2009-09-24,11.609566688537598,16.809999465942383,17.530000686645508,16.56999969482422,17.389999389648438,5839000
2009-09-25,11.471447944641113,16.610000610351562,16.920000076293945,16.360000610351562,16.739999771118164,5338600
2009-09-28,11.017027854919434,15.880000114440918,16.530000686645508,15.770000457763672,16.459999084472656,11383800
2009-09-29,11.010088920593262,15.869999885559082,16.25,15.789999961853027,15.960000038146973,9146700
2009-09-30,10.642393112182617,15.34000015258789,16.079999923706055,15.260000228881836,15.960000038146973,12344700
2009-10-01,10.191441535949707,14.6899995803833,15.529999732971191,14.65999984741211,15.4399995803833,8829100
2009-10-02,9.948623657226562,14.34000015258789,14.850000381469727,13.720000267028809,14.319999694824219,8764800
2009-10-05,10.462013244628906,15.079999923706055,15.180000305175781,14.380000114440918,14.5,7106600
2009-10-06,10.413453102111816,15.010000228881836,15.569999694824219,14.819999694824219,15.380000114440918,10151500
2009-10-07,10.566078186035156,15.229999542236328,15.399999618530273,14.899999618530273,15.050000190734863,5230300
2009-10-08,10.85052490234375,15.640000343322754,15.779999732971191,15.270000457763672,15.6899995803833,6580700
2009-10-09,10.73258113861084,15.470000267028809,15.670000076293945,15.220000267028809,15.510000228881836,3993900
2009-10-12,10.593831062316895,15.270000457763672,15.869999885559082,15.210000038146973,15.59000015258789,4448900
2009-10-13,10.711770057678223,15.4399995803833,15.479999542236328,15.020000457763672,15.210000038146973,4991700
2009-10-14,11.044778823852539,15.920000076293945,16.100000381469727,15.649999618530273,15.649999618530273,8360500
2009-10-15,11.197405815124512,16.139999389648438,16.190000534057617,15.59000015258789,15.65999984741211,6141700
2009-10-16,10.677082061767578,15.390000343322754,16.0,15.300000190734863,16.0,8523700
2009-10-19,10.628519058227539,15.319999694824219,15.65999984741211,15.109999656677246,15.539999961853027,10420000
2009-10-20,10.573016166687012,15.239999771118164,15.920000076293945,15.0600004196167,15.850000381469727,12994700
2009-10-21,10.684019088745117,15.399999618530273,15.890000343322754,15.079999923706055,15.170000076293945,8913600
2009-10-22,10.704833030700684,15.430000305175781,15.520000457763672,14.8100004196167,15.460000038146973,7402500
2009-10-23,10.427324295043945,15.029999732971191,15.640000343322754,14.899999618530273,15.479999542236328,5094300
2009-10-26,10.205317497253418,14.710000038146973,15.4399995803833,14.609999656677246,15.220000267028809,6088500
2009-10-27,9.955564498901367,14.350000381469727,14.800000190734863,14.109999656677246,14.630000114440918,10581000
2009-10-28,9.462989807128906,13.640000343322754,14.300000190734863,13.489999771118164,14.279999732971191,9749600
2009-10-29,9.678056716918945,13.949999809265137,14.300000190734863,13.899999618530273,14.100000381469727,9912500
2009-10-30,9.289546966552734,13.390000343322754,13.979999542236328,13.100000381469727,13.90999984741211,11409900
2009-11-02,9.3519868850708,13.479999542236328,14.010000228881836,13.069999694824219,13.520000457763672,11286700
2009-11-03,9.587868690490723,13.819999694824219,13.869999885559082,13.109999656677246,13.220000267028809,8360100
2009-11-04,9.546243667602539,13.760000228881836,14.350000381469727,13.699999809265137,14.020000457763672,7860400
2009-11-05,10.004124641418457,14.420000076293945,14.420000076293945,13.829999923706055,14.1899995803833,6433100
2009-11-06,9.76824951171875,14.079999923706055,14.670000076293945,13.800000190734863,14.119999885559082,5869700
2009-11-09,10.115131378173828,14.579999923706055,14.779999732971191,14.289999961853027,14.3100004196167,5155200
2009-11-10,10.08044147491455,14.529999732971191,14.670000076293945,14.25,14.5,3888500
2009-11-11,10.295509338378906,14.84000015258789,15.170000076293945,14.760000228881836,14.859999656677246,6607700
2009-11-12,10.240007400512695,14.760000228881836,15.260000228881836,14.699999809265137,15.039999961853027,6555500
2009-11-13,10.385700225830078,14.970000267028809,15.069999694824219,14.6899995803833,14.779999732971191,4485200
2009-11-16,10.829708099365234,15.609999656677246,15.760000228881836,15.1899995803833,15.199999809265137,7778700
2009-11-17,11.363913536071777,16.3799991607666,16.43000030517578,15.460000038146973,15.579999923706055,11300100
2009-11-18,11.530415534973145,16.6200008392334,16.81999969482422,16.290000915527344,16.5,9339800
2009-11-19,11.294535636901855,16.280000686645508,16.360000610351562,15.850000381469727,16.219999313354492,6916200
2009-11-20,11.204347610473633,16.149999618530273,16.260000228881836,15.819999694824219,16.040000915527344,6403000
2009-11-23,11.523478507995605,16.610000610351562,16.90999984741211,16.459999084472656,16.459999084472656,7164100
2009-11-24,11.537352561950684,16.6299991607666,16.709999084472656,16.209999084472656,16.530000686645508,4287600
2009-11-25,11.82873821258545,17.049999237060547,17.09000015258789,16.670000076293945,16.739999771118164,5025700
2009-11-27,11.544290542602539,16.639999389648438,16.84000015258789,16.079999923706055,16.239999771118164,2986200
2009-11-30,11.738546371459961,16.920000076293945,17.030000686645508,16.68000030517578,16.940000534057617,8785900
2009-12-01,12.099306106567383,17.440000534057617,17.860000610351562,17.1299991607666,17.18000030517578,8589400
2009-12-02,12.356000900268555,17.809999465942383,18.0,17.459999084472656,17.489999771118164,7543000
2009-12-03,12.133993148803711,17.489999771118164,17.989999771118164,17.459999084472656,17.93000030517578,5167100
2009-12-04,11.995241165161133,17.290000915527344,18.059999465942383,16.899999618530273,17.709999084472656,8748000
2009-12-07,12.147868156433105,17.510000228881836,17.770000457763672,17.25,17.309999465942383,3409800
2009-12-08,12.085431098937988,17.420000076293945,17.639999389648438,17.030000686645508,17.399999618530273,5548200
2009-12-09,12.758382797241211,18.389999389648438,18.469999313354492,17.3700008392334,17.420000076293945,8591400
2009-12-10,12.411500930786133,17.889999389648438,18.6299991607666,17.790000915527344,18.200000762939453,15283900
2009-12-11,12.64044189453125,18.219999313354492,18.290000915527344,17.889999389648438,17.889999389648438,6908800
2009-12-14,12.626564025878906,18.200000762939453,18.440000534057617,17.93000030517578,18.399999618530273,5875100
2009-12-15,12.473937034606934,17.979999542236328,18.280000686645508,17.920000076293945,18.280000686645508,4196400
2009-12-16,12.127056121826172,17.479999542236328,17.969999313354492,17.389999389648438,17.8700008392334,8578000
2009-12-17,11.9744234085083,17.260000228881836,17.670000076293945,17.200000762939453,17.25,5412800
2009-12-18,12.050741195678711,17.3700008392334,17.59000015258789,16.969999313354492,17.34000015258789,15673600
2009-12-21,12.258869171142578,17.670000076293945,17.860000610351562,17.209999084472656,17.450000762939453,6670800
2009-12-22,12.307435989379883,17.739999771118164,17.829999923706055,17.299999237060547,17.670000076293945,3686500
2009-12-23,12.571067810058594,18.1200008392334,18.149999618530273,17.709999084472656,17.860000610351562,3464000
2009-12-24,12.64044189453125,18.219999313354492,18.440000534057617,18.030000686645508,18.1200008392334,1076900
2009-12-28,12.522503852844238,18.049999237060547,18.5,17.93000030517578,18.459999084472656,4147800
2009-12-29,12.428450584411621,17.84000015258789,18.200000762939453,17.6299991607666,18.100000381469727,1967300
2009-12-30,12.428450584411621,17.84000015258789,17.899999618530273,17.479999542236328,17.65999984741211,2732000
2009-12-31,12.344854354858398,17.719999313354492,18.040000915527344,17.700000762939453,17.899999618530273,2184100
2010-01-04,12.741954803466797,18.290000915527344,18.5,18.040000915527344,18.170000076293945,3691600
2010-01-05,12.665318489074707,18.18000030517578,18.5,18.1200008392334,18.360000610351562,3422800
2010-01-06,13.584911346435547,19.5,19.610000610351562,18.209999084472656,18.209999084472656,8994300
2010-01-07,13.49434757232666,19.3700008392334,19.479999542236328,19.110000610351562,19.3700008392334,7727800
2010-01-08,14.065604209899902,20.190000534057617,20.3799991607666,19.559999465942383,19.729999542236328,12040500
2010-01-11,13.626709938049316,19.559999465942383,20.469999313354492,19.450000762939453,20.469999313354492,5665900
2010-01-12,13.292312622070312,19.079999923706055,19.360000610351562,18.729999542236328,19.170000076293945,5228500
2010-01-13,13.083319664001465,18.780000686645508,19.389999389648438,18.239999771118164,19.31999969482422,7847200
2010-01-14,12.839481353759766,18.43000030517578,18.90999984741211,18.09000015258789,18.739999771118164,7966800
2010-01-15,12.546890258789062,18.010000228881836,18.5,17.809999465942383,18.420000076293945,5165300
2010-01-19,12.525984764099121,17.979999542236328,18.350000381469727,17.860000610351562,18.260000228881836,4941900
2010-01-20,12.170685768127441,17.469999313354492,17.899999618530273,17.25,17.81999969482422,5556600
2010-01-21,11.634254455566406,16.700000762939453,17.579999923706055,16.6299991607666,17.420000076293945,8428700
2010-01-22,11.425256729125977,16.399999618530273,17.229999542236328,16.25,16.40999984741211,8257000
2010-01-25,11.355594635009766,16.299999237060547,17.049999237060547,16.170000076293945,16.780000686645508,5784700
2010-01-26,11.181427001953125,16.049999237060547,16.639999389648438,15.84000015258789,16.030000686645508,9950300
2010-01-27,11.160530090332031,16.020000457763672,16.459999084472656,15.600000381469727,15.989999771118164,6155300
2010-01-28,10.860962867736816,15.59000015258789,16.25,15.289999961853027,16.09000015258789,7277500
2010-01-29,10.575331687927246,15.180000305175781,16.149999618530273,15.0600004196167,15.75,8745100
2010-02-01,11.20233154296875,16.079999923706055,16.09000015258789,15.369999885559082,15.380000114440918,4772400
2010-02-02,11.397395133972168,16.360000610351562,16.469999313354492,15.829999923706055,16.34000015258789,5272900
2010-02-03,11.090859413146973,15.920000076293945,16.450000762939453,15.8100004196167,16.190000534057617,5763900
2010-02-04,10.303632736206055,14.789999961853027,15.460000038146973,14.710000038146973,15.079999923706055,10458100
2010-02-05,10.442962646484375,14.989999771118164,15.0600004196167,14.3100004196167,14.9399995803833,10364000
2010-02-08,10.345434188842773,14.850000381469727,15.199999809265137,14.449999809265137,14.930000305175781,11663600
2010-02-09,10.74949836730957,15.430000305175781,15.770000457763672,15.279999732971191,15.350000381469727,8028600
2010-02-10,10.49173355102539,15.0600004196167,15.479999542236328,14.899999618530273,15.380000114440918,7061300
2010-02-11,10.951529502868652,15.720000267028809,15.850000381469727,15.050000190734863,15.079999923706055,5421100
2010-02-12,11.118730545043945,15.960000038146973,16.190000534057617,15.25,15.399999618530273,6077400
2010-02-16,11.425256729125977,16.399999618530273,16.75,16.149999618530273,16.350000381469727,7216400
2010-02-17,11.299860000610352,16.219999313354492,16.5,16.010000228881836,16.459999084472656,6495900
2010-02-18,11.613358497619629,16.670000076293945,16.729999542236328,16.06999969482422,16.170000076293945,6907800
2010-02-19,11.655158996582031,16.729999542236328,16.959999084472656,16.5,16.59000015258789,6378100
2010-02-22,11.7039213180542,16.799999237060547,16.959999084472656,16.6200008392334,16.8799991607666,4667800
2010-02-23,11.209294319152832,16.09000015258789,16.700000762939453,15.90999984741211,16.600000381469727,6695500
2010-02-24,11.285929679870605,16.200000762939453,16.420000076293945,15.989999771118164,16.18000030517578,5120000
2010-02-25,11.216263771057129,16.100000381469727,16.15999984741211,15.520000457763672,15.6899995803833,6480500
2010-02-26,11.376493453979492,16.329999923706055,16.360000610351562,15.84000015258789,16.100000381469727,5077900
2010-03-01,11.620326042175293,16.68000030517578,16.780000686645508,16.25,16.399999618530273,4464200
2010-03-02,11.717860221862793,16.81999969482422,17.0,16.670000076293945,16.75,4156000
2010-03-03,11.864158630371094,17.030000686645508,17.459999084472656,16.90999984741211,16.90999984741211,5324600
2010-03-04,11.96865463256836,17.18000030517578,17.440000534057617,16.920000076293945,17.079999923706055,5564900
2010-03-05,12.21249008178711,17.530000686645508,17.670000076293945,17.350000381469727,17.420000076293945,4119100
2010-03-08,12.512051582336426,17.959999084472656,18.190000534057617,17.729999542236328,18.09000015258789,6215800
2010-03-09,12.351816177368164,17.729999542236328,18.079999923706055,17.5,17.799999237060547,7481700
2010-03-10,12.456318855285645,17.8799991607666,18.030000686645508,17.559999465942383,17.729999542236328,4007900
2010-03-11,12.37968921661377,17.770000457763672,17.860000610351562,17.329999923706055,17.520000457763672,4286700
2010-03-12,12.491155624389648,17.93000030517578,18.239999771118164,17.760000228881836,17.93000030517578,5152800
2010-03-15,12.407551765441895,17.809999465942383,17.889999389648438,17.559999465942383,17.829999923706055,3152700
2010-03-16,12.6862154006958,18.209999084472656,18.3799991607666,17.899999618530273,17.989999771118164,6206000
2010-03-17,12.525984764099121,17.979999542236328,18.389999389648438,17.969999313354492,18.31999969482422,5428400
2010-03-18,12.289119720458984,17.639999389648438,18.1299991607666,17.600000381469727,17.940000534057617,3747000
2010-03-19,12.114956855773926,17.389999389648438,17.780000686645508,17.25,17.649999618530273,4804200
2010-03-22,12.219452857971191,17.540000915527344,17.6299991607666,16.889999389648438,17.18000030517578,3610400
2010-03-23,12.53991985321045,18.0,18.0,17.389999389648438,17.760000228881836,2752300
2010-03-24,12.310020446777344,17.670000076293945,17.889999389648438,17.6200008392334,17.850000381469727,3224700
2010-03-25,11.98259162902832,17.200000762939453,18.0,17.110000610351562,17.93000030517578,3799700
2010-03-26,12.073152542114258,17.329999923706055,17.719999313354492,17.190000534057617,17.229999542236328,2961900
2010-03-29,12.384516716003418,17.700000762939453,17.940000534057617,17.389999389648438,17.43000030517578,3078300
2010-03-30,12.223589897155762,17.469999313354492,17.829999923706055,17.200000762939453,17.65999984741211,2908800
2010-03-31,12.223589897155762,17.469999313354492,17.610000610351562,17.270000457763672,17.360000610351562,3885700
2010-04-01,12.39151668548584,17.709999084472656,17.81999969482422,17.469999313354492,17.65999984741211,5767600
2010-04-05,12.895289421081543,18.43000030517578,18.43000030517578,17.8799991607666,17.889999389648438,4364100
2010-04-06,13.056221008300781,18.65999984741211,18.940000534057617,18.360000610351562,18.399999618530273,4573400
2010-04-07,12.629409790039062,18.049999237060547,18.719999313354492,17.780000686645508,18.670000076293945,6825000
2010-04-08,12.566438674926758,17.959999084472656,18.0,17.479999542236328,17.850000381469727,3729900
2010-04-09,12.531451225280762,17.90999984741211,18.149999618530273,17.690000534057617,18.020000457763672,3107700
2010-04-12,12.587430000305176,17.989999771118164,18.1200008392334,17.860000610351562,17.979999542236328,3576500
2010-04-13,12.482474327087402,17.84000015258789,18.139999389648438,17.780000686645508,17.8799991607666,2084300
2010-04-14,12.881301879882812,18.40999984741211,18.450000762939453,18.059999465942383,18.110000610351562,4063000
2010-04-15,12.594423294067383,18.0,18.40999984741211,17.90999984741211,18.299999237060547,2942200
2010-04-16,12.258574485778809,17.520000457763672,18.030000686645508,17.350000381469727,17.850000381469727,5243400
2010-04-19,12.258574485778809,17.520000457763672,17.670000076293945,17.010000228881836,17.3799991607666,7478100
2010-04-20,11.922720909118652,17.040000915527344,18.200000762939453,17.0,18.100000381469727,13993100
2010-04-21,11.628853797912598,16.6200008392334,17.170000076293945,16.389999389648438,17.170000076293945,11781800
2010-04-22,11.670836448669434,16.68000030517578,16.719999313354492,16.020000457763672,16.459999084472656,7960500
2010-04-23,11.71281623840332,16.739999771118164,16.770000457763672,16.520000457763672,16.709999084472656,5225700
2010-04-26,11.698819160461426,16.719999313354492,17.1200008392334,16.600000381469727,16.850000381469727,7026700
2010-04-27,11.139068603515625,15.920000076293945,16.600000381469727,15.890000343322754,16.530000686645508,8384300
2010-04-28,11.251020431518555,16.079999923706055,16.350000381469727,15.989999771118164,16.100000381469727,6257500
2010-04-29,11.292999267578125,16.139999389648438,16.270000457763672,15.859999656677246,16.229999542236328,6124700
2010-04-30,10.999131202697754,15.720000267028809,16.260000228881836,15.619999885559082,16.239999771118164,4852100
2010-05-03,11.006126403808594,15.729999542236328,16.030000686645508,15.380000114440918,15.930000305175781,4261700
2010-05-04,10.502352714538574,15.010000228881836,15.489999771118164,14.880000114440918,15.4399995803833,9079100
2010-05-05,10.824209213256836,15.470000267028809,15.829999923706055,14.5,14.6899995803833,8499600
2010-05-06,10.481359481811523,14.979999542236328,15.9399995803833,14.25,15.369999885559082,8793400
2010-05-07,10.404397010803223,14.869999885559082,15.350000381469727,14.329999923706055,14.949999809265137,8993600
2010-05-10,10.999131202697754,15.720000267028809,15.829999923706055,15.489999771118164,15.75,6113200
2010-05-11,10.558323860168457,15.09000015258789,15.680000305175781,15.09000015258789,15.470000267028809,6907200
2010-05-12,10.74024486541748,15.350000381469727,15.420000076293945,15.109999656677246,15.260000228881836,7126700
2010-05-13,11.11108112335205,15.880000114440918,16.43000030517578,15.390000343322754,15.640000343322754,10444300
2010-05-14,10.663276672363281,15.239999771118164,15.630000114440918,15.09000015258789,15.569999694824219,8365500
2010-05-17,10.397395133972168,14.859999656677246,15.399999618530273,14.449999809265137,15.390000343322754,8789000
2010-05-18,10.145508766174316,14.5,15.300000190734863,14.420000076293945,15.119999885559082,6649200
2010-05-19,10.019564628601074,14.319999694824219,14.600000381469727,14.050000190734863,14.329999923706055,9243200
2010-05-20,9.494792938232422,13.569999694824219,14.020000457763672,13.5,13.779999732971191,6802900
2010-05-21,9.80265998840332,14.010000228881836,14.0600004196167,13.300000190734863,13.3100004196167,6865700
2010-05-24,9.690711975097656,13.850000381469727,14.420000076293945,13.829999923706055,14.0,4884900
2010-05-25,9.87263011932373,14.109999656677246,14.130000114440918,13.119999885559082,13.300000190734863,7659600
2010-05-26,9.767675399780273,13.960000038146973,14.640000343322754,13.880000114440918,14.4399995803833,6267600
2010-05-27,10.45337200164795,14.9399995803833,14.949999809265137,14.289999961853027,14.390000343322754,4899700
2010-05-28,10.264455795288086,14.670000076293945,15.029999732971191,14.489999771118164,14.920000076293945,4237200
2010-06-01,9.69770336151123,13.859999656677246,14.779999732971191,13.850000381469727,14.449999809265137,4914300
2010-06-02,10.29944133758545,14.720000267028809,14.800000190734863,14.0,14.09000015258789,5496300
2010-06-03,10.37640380859375,14.829999923706055,14.9399995803833,14.5,14.819999694824219,8171700
2010-06-04,9.94260025024414,14.210000038146973,14.760000228881836,13.979999542236328,14.329999923706055,9790600
2010-06-07,9.886622428894043,14.130000114440918,14.4399995803833,13.619999885559082,14.25,11155500
2010-06-08,9.676716804504395,13.829999923706055,14.380000114440918,13.520000457763672,14.15999984741211,7753600
2010-06-09,9.627737998962402,13.760000228881836,14.34000015258789,13.720000267028809,14.069999694824219,4667300
2010-06-10,9.921606063842773,14.180000305175781,14.199999809265137,13.930000305175781,14.119999885559082,6457700
2010-06-11,9.991575241088867,14.279999732971191,14.3100004196167,13.880000114440918,13.930000305175781,4013700
2010-06-14,10.061544418334961,14.380000114440918,14.699999809265137,14.34000015258789,14.510000228881836,2824700
2010-06-15,10.306437492370605,14.729999542236328,14.819999694824219,14.109999656677246,14.4399995803833,6005600
2010-06-16,9.94260025024414,14.210000038146973,14.600000381469727,14.149999618530273,14.550000190734863,5792300
2010-06-17,9.704705238342285,13.869999885559082,14.130000114440918,13.680000305175781,13.9399995803833,6834200
2010-06-18,9.77467155456543,13.970000267028809,14.020000457763672,13.729999542236328,13.8100004196167,4192200
2010-06-21,9.87263011932373,14.109999656677246,14.640000343322754,13.989999771118164,14.449999809265137,7806700
2010-06-22,9.6837158203125,13.84000015258789,14.329999923706055,13.779999732971191,14.100000381469727,3811300
2010-06-23,9.87263011932373,14.109999656677246,14.25,13.479999542236328,13.869999885559082,6051800
2010-06-24,9.69770336151123,13.859999656677246,14.050000190734863,13.779999732971191,14.029999732971191,5774100
2010-06-25,9.851637840270996,14.079999923706055,14.140000343322754,13.680000305175781,13.880000114440918,3346500
2010-06-28,9.784811019897461,13.90999984741211,14.109999656677246,13.75,14.0,3836000
2010-06-29,9.31351089477539,13.239999771118164,13.65999984741211,13.170000076293945,13.600000381469727,6872500
2010-06-30,9.278338432312012,13.1899995803833,13.600000381469727,13.119999885559082,13.260000228881836,4144700
2010-07-01,9.243167877197266,13.140000343322754,13.430000305175781,12.890000343322754,13.260000228881836,6199100
2010-07-02,9.16578483581543,13.029999732971191,13.350000381469727,12.970000267028809,13.1899995803833,4581100
2010-07-06,9.475299835205078,13.470000267028809,13.829999923706055,13.319999694824219,13.319999694824219,5814700
2010-07-07,9.890326499938965,14.0600004196167,14.0600004196167,13.399999618530273,13.5,4991300
2010-07-08,10.185770988464355,14.479999542236328,14.510000228881836,13.779999732971191,14.170000076293945,5678200
2010-07-09,10.410872459411621,14.800000190734863,14.920000076293945,14.359999656677246,14.399999618530273,4148800
2010-07-12,10.227978706359863,14.539999961853027,14.739999771118164,14.329999923706055,14.739999771118164,4792800
2010-07-13,10.439003944396973,14.84000015258789,15.0,14.6899995803833,14.800000190734863,4596700
2010-07-14,10.340527534484863,14.699999809265137,14.979999542236328,14.5600004196167,14.789999961853027,3709400
2010-07-15,10.305350303649902,14.649999618530273,14.699999809265137,14.369999885559082,14.649999618530273,2551900
2010-07-16,9.995847702026367,14.210000038146973,14.699999809265137,14.130000114440918,14.569999694824219,2244500
2010-07-19,9.848125457763672,14.0,14.399999618530273,13.90999984741211,14.220000267028809,4462200
2010-07-20,10.038047790527344,14.270000457763672,14.350000381469727,13.699999809265137,13.739999771118164,9654800
2010-07-21,9.925498008728027,14.109999656677246,14.729999542236328,14.039999961853027,14.399999618530273,8474800
2010-07-22,10.284252166748047,14.619999885559082,14.680000305175781,14.279999732971191,14.3100004196167,4556100
2010-07-23,10.460114479064941,14.869999885559082,14.989999771118164,14.479999542236328,14.529999732971191,7915700
2010-07-26,10.544526100158691,14.989999771118164,15.229999542236328,14.710000038146973,14.869999885559082,6401400
2010-07-27,10.045083045959473,14.279999732971191,15.100000381469727,14.25,15.09000015258789,6222900
2010-07-28,10.0802583694458,14.329999923706055,14.479999542236328,14.170000076293945,14.289999961853027,3582500
2010-07-29,10.115425109863281,14.380000114440918,14.720000267028809,14.119999885559082,14.430000305175781,3098300
2010-07-30,10.073222160339355,14.319999694824219,14.430000305175781,14.069999694824219,14.149999618530273,2841100
2010-08-02,10.354598045349121,14.720000267028809,14.890000343322754,14.550000190734863,14.569999694824219,2703400
2010-08-03,10.249079704284668,14.569999694824219,14.890000343322754,14.539999961853027,14.630000114440918,2273100
2010-08-04,10.593765258789062,15.0600004196167,15.09000015258789,14.619999885559082,14.619999885559082,3042500
2010-08-05,10.509352684020996,14.9399995803833,15.0600004196167,14.859999656677246,14.890000343322754,2116300
2010-08-06,10.544526100158691,14.989999771118164,15.220000267028809,14.729999542236328,14.770000457763672,2556600
2010-08-09,10.593765258789062,15.0600004196167,15.1899995803833,14.819999694824219,15.079999923706055,2014200
2010-08-10,10.375700950622559,14.75,14.899999618530273,14.470000267028809,14.800000190734863,2375900
2010-08-11,9.735570907592773,13.84000015258789,14.390000343322754,13.8100004196167,14.369999885559082,3129300
2010-08-12,9.707438468933105,13.800000190734863,13.970000267028809,13.5,13.619999885559082,2644800
2010-08-13,9.630053520202637,13.6899995803833,13.920000076293945,13.649999618530273,13.90999984741211,1711600
2010-08-16,9.798881530761719,13.930000305175781,14.09000015258789,13.640000343322754,13.65999984741211,2160100
2010-08-17,10.087291717529297,14.34000015258789,14.59000015258789,14.020000457763672,14.170000076293945,2862600
2010-08-18,10.284252166748047,14.619999885559082,14.819999694824219,14.199999809265137,14.34000015258789,3135200
2010-08-19,10.16466999053955,14.449999809265137,14.890000343322754,14.220000267028809,14.5,3259400
2010-08-20,10.087291717529297,14.34000015258789,14.390000343322754,14.130000114440918,14.25,2690900
2010-08-23,9.827017784118652,13.970000267028809,14.449999809265137,13.970000267028809,14.4399995803833,2089100
2010-08-24,9.552681922912598,13.579999923706055,13.880000114440918,13.5600004196167,13.720000267028809,2440800
2010-08-25,9.686332702636719,13.770000457763672,13.8100004196167,13.199999809265137,13.470000267028809,3176200
2010-08-26,9.383853912353516,13.34000015258789,13.949999809265137,13.300000190734863,13.800000190734863,2531500
2010-08-27,9.728536605834961,13.829999923706055,13.859999656677246,13.279999732971191,13.479999542236328,2398600
2010-08-30,9.552681922912598,13.579999923706055,13.880000114440918,13.510000228881836,13.789999961853027,1994400
2010-08-31,9.615987777709961,13.670000076293945,13.9399995803833,13.520000457763672,13.550000190734863,2218700
2010-09-01,10.101361274719238,14.359999656677246,14.399999618530273,13.869999885559082,13.970000267028809,2993200
2010-09-02,10.213909149169922,14.520000457763672,14.520000457763672,14.079999923706055,14.369999885559082,1609200
2010-09-03,10.389768600463867,14.770000457763672,14.90999984741211,14.619999885559082,14.75,2236400
2010-09-07,10.298324584960938,14.640000343322754,14.949999809265137,14.569999694824219,14.760000228881836,3469200
2010-09-08,10.333495140075684,14.6899995803833,14.9399995803833,14.65999984741211,14.739999771118164,2197500
2010-09-09,10.178738594055176,14.470000267028809,14.949999809265137,14.289999961853027,14.899999618530273,3296200
2010-09-10,10.038047790527344,14.270000457763672,14.579999923706055,14.199999809265137,14.539999961853027,2838600
2010-09-13,10.220943450927734,14.529999732971191,14.680000305175781,14.359999656677246,14.59000015258789,3358000
2010-09-14,10.26314926147461,14.59000015258789,14.770000457763672,14.210000038146973,14.289999961853027,5446100
2010-09-15,10.34756088256836,14.710000038146973,14.720000267028809,14.300000190734863,14.4399995803833,6308800
2010-09-16,10.650041580200195,15.140000343322754,15.199999809265137,14.59000015258789,14.649999618530273,6528600
2010-09-17,10.55859375,15.010000228881836,15.59000015258789,14.90999984741211,15.479999542236328,5426300
2010-09-20,10.621906280517578,15.100000381469727,15.140000343322754,14.770000457763672,15.0,2359000
2010-09-21,10.270182609558105,14.600000381469727,15.0,14.359999656677246,14.890000343322754,5167000
2010-09-22,10.16466999053955,14.449999809265137,14.859999656677246,14.359999656677246,14.640000343322754,2876900
2010-09-23,10.0802583694458,14.329999923706055,14.4399995803833,14.09000015258789,14.199999809265137,3209200
2010-09-24,10.185770988464355,14.479999542236328,14.6899995803833,14.40999984741211,14.550000190734863,3547800
2010-09-27,10.094325065612793,14.350000381469727,14.550000190734863,14.279999732971191,14.460000038146973,3686000
2010-09-28,10.005932807922363,14.149999618530273,14.399999618530273,14.020000457763672,14.329999923706055,6124700
2010-09-29,9.991791725158691,14.130000114440918,14.239999771118164,13.930000305175781,14.039999961853027,6055700
2010-09-30,9.977643966674805,14.109999656677246,14.300000190734863,14.0,14.289999961853027,3919000
2010-10-01,10.352431297302246,14.640000343322754,14.729999542236328,14.260000228881836,14.319999694824219,6715200
2010-10-04,10.104928970336914,14.289999961853027,14.520000457763672,14.229999542236328,14.489999771118164,5566900
2010-10-05,10.133220672607422,14.329999923706055,14.640000343322754,14.300000190734863,14.550000190734863,7008600
2010-10-06,10.154435157775879,14.359999656677246,14.600000381469727,14.229999542236328,14.3100004196167,4915900
2010-10-07,10.133220672607422,14.329999923706055,14.510000228881836,14.140000343322754,14.470000267028809,2721100
2010-10-08,10.3594970703125,14.649999618530273,14.8100004196167,14.3100004196167,14.369999885559082,3165800
2010-10-11,10.331212997436523,14.609999656677246,14.880000114440918,14.520000457763672,14.649999618530273,2474800
2010-10-12,10.451425552368164,14.779999732971191,14.930000305175781,14.350000381469727,14.470000267028809,4897400
2010-10-13,10.437284469604492,14.760000228881836,15.010000228881836,14.720000267028809,14.90999984741211,2841800
2010-10-14,10.203933715820312,14.430000305175781,14.800000190734863,14.350000381469727,14.760000228881836,4045800
2010-10-15,10.147360801696777,14.350000381469727,14.65999984741211,14.069999694824219,14.619999885559082,4226200
2010-10-18,10.288785934448242,14.550000190734863,14.630000114440918,14.260000228881836,14.329999923706055,3477000
2010-10-19,9.935220718383789,14.050000190734863,14.399999618530273,13.970000267028809,14.260000228881836,4681600
2010-10-20,10.196859359741211,14.420000076293945,14.569999694824219,14.100000381469727,14.100000381469727,3739000
2010-10-21,10.147360801696777,14.350000381469727,14.520000457763672,14.079999923706055,14.5,6161000
2010-10-22,10.126145362854004,14.319999694824219,14.510000228881836,14.210000038146973,14.4399995803833,2873600
2010-10-25,10.302926063537598,14.569999694824219,14.770000457763672,14.329999923706055,14.470000267028809,3536800
2010-10-26,10.182717323303223,14.399999618530273,14.550000190734863,14.180000305175781,14.359999656677246,3256000
2010-10-27,10.225143432617188,14.460000038146973,14.479999542236328,14.050000190734863,14.25,3503000
2010-10-28,10.218073844909668,14.449999809265137,14.65999984741211,14.34000015258789,14.5,3467300
2010-10-29,10.28171443939209,14.539999961853027,14.720000267028809,14.369999885559082,14.369999885559082,4183900
2010-11-01,10.366571426391602,14.65999984741211,14.850000381469727,14.510000228881836,14.65999984741211,3355200
2010-11-02,10.642351150512695,15.050000190734863,15.220000267028809,14.84000015258789,14.859999656677246,4740800
2010-11-03,10.77670669555664,15.239999771118164,15.260000228881836,14.8100004196167,15.09000015258789,4090800
2010-11-04,11.12320327758789,15.729999542236328,15.869999885559082,15.390000343322754,15.5,4904100
2010-11-05,11.264629364013672,15.930000305175781,16.110000610351562,15.630000114440918,15.880000114440918,4537600
2010-11-08,11.27877140045166,15.949999809265137,16.030000686645508,15.479999542236328,15.829999923706055,3889600
2010-11-09,11.080775260925293,15.670000076293945,16.1299991607666,15.5600004196167,16.030000686645508,4287300
2010-11-10,11.27170181274414,15.9399995803833,15.9399995803833,15.369999885559082,15.600000381469727,4133200
2010-11-11,11.469698905944824,16.219999313354492,16.25,15.720000267028809,15.779999732971191,4951300
2010-11-12,11.243414878845215,15.899999618530273,16.100000381469727,15.770000457763672,16.020000457763672,3478000
2010-11-15,11.179773330688477,15.8100004196167,16.049999237060547,15.760000228881836,16.040000915527344,3135800
2010-11-16,11.002992630004883,15.5600004196167,15.6899995803833,15.369999885559082,15.619999885559082,4966900
2010-11-17,10.939350128173828,15.470000267028809,16.030000686645508,15.40999984741211,15.539999961853027,5264800
2010-11-18,11.208060264587402,15.850000381469727,16.020000457763672,15.670000076293945,15.670000076293945,2747600
2010-11-19,11.349486351013184,16.049999237060547,16.149999618530273,15.65999984741211,15.84000015258789,2386000
2010-11-22,11.363627433776855,16.06999969482422,16.15999984741211,15.649999618530273,15.880000114440918,3820100
2010-11-23,11.172704696655273,15.800000190734863,15.949999809265137,15.710000038146973,15.800000190734863,3107400
2010-11-24,11.144417762756348,15.760000228881836,16.1299991607666,15.670000076293945,15.899999618530273,3441700
2010-11-26,11.158560752868652,15.779999732971191,15.84000015258789,15.510000228881836,15.619999885559082,1258700
2010-11-29,11.172704696655273,15.800000190734863,15.850000381469727,15.359999656677246,15.640000343322754,3362800
2010-11-30,11.292913436889648,15.970000267028809,16.1299991607666,15.529999732971191,15.609999656677246,4028000
2010-12-01,11.568696975708008,16.360000610351562,16.450000762939453,16.1299991607666,16.18000030517578,3218600
2010-12-02,11.667695999145508,16.5,16.65999984741211,16.290000915527344,16.350000381469727,5189200
2010-12-03,11.653553009033203,16.479999542236328,16.579999923706055,16.299999237060547,16.459999084472656,4896200
2010-12-06,11.794978141784668,16.68000030517578,16.90999984741211,16.399999618530273,16.40999984741211,4843300
2010-12-07,11.830337524414062,16.729999542236328,17.149999618530273,16.690000534057617,16.950000762939453,4868800
2010-12-08,11.802054405212402,16.690000534057617,17.149999618530273,16.670000076293945,16.799999237060547,4814300
2010-12-09,11.844474792480469,16.75,17.079999923706055,16.579999923706055,16.850000381469727,4574400
2010-12-10,11.809120178222656,16.700000762939453,16.889999389648438,16.559999465942383,16.809999465942383,2986000
2010-12-13,11.957622528076172,16.90999984741211,17.1299991607666,16.8700008392334,17.020000457763672,3973100
2010-12-14,12.063691139221191,17.059999465942383,17.100000381469727,16.84000015258789,16.979999542236328,3266400
2010-12-15,12.056617736816406,17.049999237060547,17.190000534057617,16.93000030517578,17.0,3748900
2010-12-16,12.466754913330078,17.6299991607666,17.989999771118164,16.809999465942383,16.950000762939453,6309000
2010-12-17,12.792036056518555,18.09000015258789,18.200000762939453,17.56999969482422,17.610000610351562,11256100
2010-12-20,12.756682395935059,18.040000915527344,18.329999923706055,17.850000381469727,18.209999084472656,4097200
2010-12-21,12.883963584899902,18.219999313354492,18.229999542236328,17.850000381469727,18.040000915527344,3441600
2010-12-22,12.933465957641602,18.290000915527344,18.420000076293945,18.110000610351562,18.229999542236328,2027800
2010-12-23,12.891036033630371,18.229999542236328,18.389999389648438,18.170000076293945,18.31999969482422,1722000
2010-12-27,12.806180953979492,18.110000610351562,18.219999313354492,17.979999542236328,18.209999084472656,1218000
2010-12-28,12.806180953979492,18.110000610351562,18.290000915527344,18.049999237060547,18.09000015258789,1146400
2010-12-29,13.036952018737793,18.360000610351562,18.459999084472656,17.969999313354492,18.09000015258789,2066300
2010-12-30,13.086660385131836,18.43000030517578,18.639999389648438,18.299999237060547,18.299999237060547,2217600
2010-12-31,12.994348526000977,18.299999237060547,18.549999237060547,18.239999771118164,18.43000030517578,2548500
2011-01-03,13.171868324279785,18.549999237060547,18.709999084472656,18.40999984741211,18.440000534057617,3571700
2011-01-04,13.072458267211914,18.40999984741211,18.75,18.020000457763672,18.549999237060547,3791700
2011-01-05,13.242879867553711,18.649999618530273,18.809999465942383,18.229999542236328,18.280000686645508,3256000
2011-01-06,13.370694160461426,18.829999923706055,19.079999923706055,18.559999465942383,18.690000534057617,5943600
2011-01-07,13.328084945678711,18.770000457763672,19.350000381469727,18.65999984741211,18.829999923706055,6722400
2011-01-10,13.200268745422363,18.59000015258789,18.780000686645508,18.510000228881836,18.610000610351562,4127100
2011-01-11,13.427490234375,18.90999984741211,18.940000534057617,18.649999618530273,18.649999618530273,2724300
2011-01-12,13.484299659729004,18.989999771118164,19.229999542236328,18.889999389648438,19.149999618530273,3608100
2011-01-13,13.242879867553711,18.649999618530273,19.15999984741211,18.579999923706055,18.950000762939453,2814300
2011-01-14,12.95174503326416,18.239999771118164,18.81999969482422,18.110000610351562,18.649999618530273,4780000
2011-01-18,13.157665252685547,18.530000686645508,18.540000915527344,18.290000915527344,18.31999969482422,5143200
2011-01-19,12.547000885009766,17.670000076293945,18.530000686645508,17.610000610351562,18.5,3852500
2011-01-20,12.738722801208496,17.940000534057617,17.940000534057617,17.440000534057617,17.450000762939453,4697500
2011-01-21,12.582505226135254,17.719999313354492,18.34000015258789,17.600000381469727,18.079999923706055,4210700
2011-01-24,12.83813190460205,18.079999923706055,18.25,17.329999923706055,17.81999969482422,6115300
2011-01-25,13.008550643920898,18.31999969482422,18.350000381469727,17.790000915527344,18.1200008392334,3405700
2011-01-26,13.512701988220215,19.030000686645508,19.09000015258789,18.34000015258789,18.350000381469727,5441600
2011-01-27,13.157665252685547,18.530000686645508,19.100000381469727,18.270000457763672,19.100000381469727,3283400
2011-01-28,12.845231056213379,18.09000015258789,18.780000686645508,17.969999313354492,18.65999984741211,4389400
2011-01-31,12.923337936401367,18.200000762939453,18.34000015258789,17.989999771118164,18.15999984741211,5535800
2011-02-01,13.22867488861084,18.6299991607666,18.690000534057617,18.18000030517578,18.360000610351562,5715000
2011-02-02,13.420395851135254,18.899999618530273,18.959999084472656,18.5,18.610000610351562,4326200
2011-02-03,13.434599876403809,18.920000076293945,18.979999542236328,18.600000381469727,18.90999984741211,3911700
2011-02-04,13.455892562866211,18.950000762939453,19.200000762939453,18.610000610351562,19.0,4988700
2011-02-07,13.548209190368652,19.079999923706055,19.25,18.979999542236328,19.010000228881836,3578500
2011-02-08,13.470096588134766,18.969999313354492,19.25,18.780000686645508,19.200000762939453,2120500
2011-02-09,13.328084945678711,18.770000457763672,19.0,18.6299991607666,18.81999969482422,3655700
2011-02-10,13.399093627929688,18.8700008392334,19.0,18.549999237060547,18.670000076293945,3159800
2011-02-11,13.363590240478516,18.81999969482422,18.84000015258789,18.489999771118164,18.770000457763672,3270300
2011-02-14,13.810935020446777,19.450000762939453,19.600000381469727,18.81999969482422,18.920000076293945,4252100
2011-02-15,13.839340209960938,19.489999771118164,19.889999389648438,19.399999618530273,19.579999923706055,3146500
2011-02-16,14.364791870117188,20.229999542236328,20.270000457763672,19.700000762939453,19.739999771118164,6055300
2011-02-17,14.528108596801758,20.459999084472656,20.579999923706055,20.1299991607666,20.270000457763672,5535000
2011-02-18,14.357690811157227,20.219999313354492,20.700000762939453,20.1299991607666,20.639999389648438,2966800
2011-02-22,13.484299659729004,18.989999771118164,20.049999237060547,18.979999542236328,19.8799991607666,5220700
2011-02-23,13.157665252685547,18.530000686645508,19.229999542236328,18.149999618530273,19.030000686645508,4261600
2011-02-24,13.157665252685547,18.530000686645508,19.100000381469727,18.309999465942383,18.520000457763672,6084300
2011-02-25,13.079556465148926,18.420000076293945,18.760000228881836,18.34000015258789,18.68000030517578,2688700
2011-02-28,13.10795783996582,18.459999084472656,18.809999465942383,18.299999237060547,18.6200008392334,2802800
2011-03-01,12.65351390838623,17.81999969482422,18.639999389648438,17.760000228881836,18.56999969482422,3582800
2011-03-02,12.760025978088379,17.969999313354492,18.6299991607666,17.75,17.790000915527344,5668400
2011-03-03,13.178970336914062,18.559999465942383,18.59000015258789,17.90999984741211,17.90999984741211,3400800
2011-03-04,13.122164726257324,18.479999542236328,18.6200008392334,18.15999984741211,18.469999313354492,2505100
2011-03-07,12.852333068847656,18.100000381469727,18.59000015258789,17.959999084472656,18.59000015258789,4572800
2011-03-08,12.923337936401367,18.200000762939453,18.440000534057617,17.90999984741211,18.25,2973700
2011-03-09,12.887839317321777,18.149999618530273,18.209999084472656,17.5,18.09000015258789,5242400
2011-03-10,12.674814224243164,17.850000381469727,18.18000030517578,17.3799991607666,17.860000610351562,5347200
2011-03-11,13.171868324279785,18.549999237060547,18.780000686645508,18.0,18.0,4019900
2011-03-14,13.214473724365234,18.610000610351562,18.90999984741211,18.299999237060547,18.450000762939453,4403700
2011-03-15,12.980145454406738,18.280000686645508,18.459999084472656,17.559999465942383,17.559999465942383,4628300
2011-03-16,12.639313697814941,17.799999237060547,18.489999771118164,17.719999313354492,18.219999313354492,5938300
2011-03-17,12.909137725830078,18.18000030517578,18.34000015258789,18.020000457763672,18.15999984741211,3720800
2011-03-18,12.852333068847656,18.100000381469727,18.5,17.799999237060547,18.420000076293945,7343600
2011-03-21,12.916241645812988,18.190000534057617,18.389999389648438,18.040000915527344,18.3700008392334,3136500
2011-03-22,12.859436988830566,18.110000610351562,18.299999237060547,17.950000762939453,18.219999313354492,1772100
2011-03-23,13.15056324005127,18.520000457763672,18.829999923706055,18.040000915527344,18.1299991607666,2752400
2011-03-24,13.377784729003906,18.84000015258789,18.889999389648438,18.290000915527344,18.68000030517578,3758000
2011-03-25,13.519810676574707,19.040000915527344,19.399999618530273,18.790000915527344,18.899999618530273,4950900
2011-03-28,13.313878059387207,18.75,19.25,18.65999984741211,19.0,3730400
2011-03-29,13.670822143554688,19.149999618530273,19.190000534057617,18.459999084472656,18.610000610351562,3045100
2011-03-30,13.727932929992676,19.229999542236328,19.389999389648438,18.950000762939453,19.25,4091800
2011-03-31,13.399548530578613,18.770000457763672,19.229999542236328,18.75,19.18000030517578,3093100
2011-04-01,13.456655502319336,18.850000381469727,19.100000381469727,18.690000534057617,18.8700008392334,2229700
2011-04-04,13.742213249206543,19.25,19.34000015258789,18.920000076293945,18.959999084472656,3592000
2011-04-05,13.992067337036133,19.600000381469727,19.81999969482422,19.079999923706055,19.25,3697200
2011-04-06,13.884987831115723,19.450000762939453,19.84000015258789,19.399999618530273,19.68000030517578,3745100
2011-04-07,13.70651912689209,19.200000762939453,19.530000686645508,19.059999465942383,19.399999618530273,3294200
2011-04-08,13.370991706848145,18.729999542236328,19.3700008392334,18.649999618530273,19.3700008392334,2126000
2011-04-11,13.149688720703125,18.420000076293945,18.90999984741211,18.18000030517578,18.809999465942383,2827400
2011-04-12,12.999773979187012,18.209999084472656,18.309999465942383,18.020000457763672,18.200000762939453,2981600
2011-04-13,12.95694351196289,18.149999618530273,18.43000030517578,17.93000030517578,18.309999465942383,2111600
2011-04-14,12.799891471862793,17.93000030517578,18.299999237060547,17.8799991607666,17.979999542236328,2520900
2011-04-15,12.6928071975708,17.780000686645508,17.989999771118164,17.68000030517578,17.979999542236328,4294500
2011-04-18,12.464365005493164,17.459999084472656,17.6200008392334,17.09000015258789,17.540000915527344,6490100
2011-04-19,13.178242683410645,18.459999084472656,18.6200008392334,17.920000076293945,18.18000030517578,6343500
2011-04-20,13.192525863647461,18.479999542236328,18.809999465942383,18.290000915527344,18.799999237060547,3037000
2011-04-21,13.242493629455566,18.549999237060547,18.709999084472656,18.40999984741211,18.709999084472656,2143300
2011-04-25,13.185380935668945,18.469999313354492,18.709999084472656,18.3799991607666,18.610000610351562,2193100
2011-04-26,13.44238567352295,18.829999923706055,18.959999084472656,18.399999618530273,18.600000381469727,4000000
2011-04-27,13.28532886505127,18.610000610351562,18.950000762939453,18.309999465942383,18.950000762939453,3141700
2011-04-28,12.978355407714844,18.18000030517578,18.75,18.09000015258789,18.600000381469727,7000000
2011-04-29,12.98549747467041,18.190000534057617,18.260000228881836,17.920000076293945,18.200000762939453,4658300
2011-05-02,12.83558177947998,17.979999542236328,18.25,17.8700008392334,18.25,2359500
2011-05-03,12.685665130615234,17.770000457763672,18.059999465942383,17.579999923706055,17.899999618530273,3304800
2011-05-04,12.392976760864258,17.360000610351562,17.770000457763672,17.209999084472656,17.770000457763672,2685800
2011-05-05,12.235920906066895,17.139999389648438,17.489999771118164,17.049999237060547,17.15999984741211,2600000
2011-05-06,12.050308227539062,16.8799991607666,17.420000076293945,16.790000915527344,17.34000015258789,4490200
2011-05-09,12.171671867370605,17.049999237060547,17.100000381469727,16.709999084472656,16.920000076293945,4062500
2011-05-10,12.264481544494629,17.18000030517578,17.25,16.889999389648438,17.149999618530273,3700600
2011-05-11,12.200226783752441,17.09000015258789,17.170000076293945,16.969999313354492,17.09000015258789,4900000
2011-05-12,12.457222938537598,17.450000762939453,17.5,16.899999618530273,16.899999618530273,4600000
2011-05-13,12.38583755493164,17.350000381469727,17.43000030517578,17.18000030517578,17.399999618530273,5222800
2011-05-16,12.150259971618652,17.020000457763672,17.6299991607666,16.979999542236328,17.219999313354492,5126500
2011-05-17,12.221646308898926,17.1200008392334,17.299999237060547,16.860000610351562,17.0,3079700
2011-05-18,12.343006134033203,17.290000915527344,17.3700008392334,16.920000076293945,17.1200008392334,4290200
2011-05-19,12.207368850708008,17.100000381469727,17.360000610351562,16.84000015258789,17.299999237060547,2846900
2011-05-20,12.036036491394043,16.860000610351562,17.09000015258789,16.81999969482422,17.0,3025900
2011-05-23,11.850425720214844,16.600000381469727,16.729999542236328,16.5,16.649999618530273,2000000
2011-05-24,11.850425720214844,16.600000381469727,17.0,16.56999969482422,16.600000381469727,3046000
2011-05-25,11.957507133483887,16.75,16.84000015258789,16.450000762939453,16.489999771118164,2055800
2011-05-26,11.986063957214355,16.790000915527344,16.809999465942383,16.579999923706055,16.670000076293945,2795000
2011-05-27,12.150259971618652,17.020000457763672,17.149999618530273,16.780000686645508,16.780000686645508,4074100
2011-05-31,12.207368850708008,17.100000381469727,17.329999923706055,16.790000915527344,17.209999084472656,3048600
2011-06-01,11.793318748474121,16.520000457763672,17.1200008392334,16.469999313354492,17.09000015258789,5015000
2011-06-02,11.907537460327148,16.68000030517578,16.93000030517578,16.520000457763672,16.520000457763672,3242500
2011-06-03,11.757622718811035,16.469999313354492,16.700000762939453,16.3799991607666,16.43000030517578,3392500
2011-06-06,11.643397331237793,16.309999465942383,16.649999618530273,16.25,16.420000076293945,2741900
2011-06-07,11.586289405822754,16.229999542236328,16.489999771118164,16.219999313354492,16.399999618530273,2406200
2011-06-08,11.564873695373535,16.200000762939453,16.329999923706055,16.0,16.139999389648438,4646700
2011-06-09,11.614848136901855,16.270000457763672,16.3700008392334,16.030000686645508,16.209999084472656,2823900
2011-06-10,11.486346244812012,16.09000015258789,16.530000686645508,16.059999465942383,16.25,2799100
2011-06-13,11.257904052734375,15.770000457763672,16.190000534057617,15.630000114440918,16.190000534057617,2276000
2011-06-14,11.514902114868164,16.1299991607666,16.25,15.84000015258789,15.970000267028809,4242700
2011-06-15,11.386404037475586,15.949999809265137,16.31999969482422,15.84000015258789,16.049999237060547,3545100
2011-06-16,10.958070755004883,15.350000381469727,15.9399995803833,15.149999618530273,15.850000381469727,5341300
2011-06-17,10.758187294006348,15.069999694824219,15.479999542236328,14.800000190734863,15.149999618530273,8167600
2011-06-20,10.886688232421875,15.25,15.350000381469727,14.930000305175781,14.979999542236328,3430200
2011-06-21,11.229347229003906,15.729999542236328,15.800000190734863,15.3100004196167,15.350000381469727,4081400
2011-06-22,11.27932071685791,15.800000190734863,16.010000228881836,15.600000381469727,15.699999809265137,2615200
2011-06-23,11.27932071685791,15.800000190734863,15.819999694824219,15.380000114440918,15.579999923706055,3723500
2011-06-24,11.179376602172852,15.65999984741211,15.9399995803833,15.550000190734863,15.829999923706055,5158900
2011-06-27,11.207931518554688,15.699999809265137,15.819999694824219,15.460000038146973,15.680000305175781,2252700
2011-06-28,11.430658340454102,15.90999984741211,15.920000076293945,15.649999618530273,15.729999542236328,1902800
2011-06-29,11.732407569885254,16.329999923706055,16.489999771118164,16.079999923706055,16.079999923706055,5502600
2011-06-30,11.674930572509766,16.25,16.43000030517578,16.1299991607666,16.34000015258789,3454000
2011-07-01,11.789886474609375,16.40999984741211,16.440000534057617,16.010000228881836,16.219999313354492,2278800
2011-07-05,11.667744636535645,16.239999771118164,16.389999389648438,16.149999618530273,16.3700008392334,2211300
2011-07-06,11.674930572509766,16.25,16.280000686645508,16.049999237060547,16.170000076293945,2088100
2011-07-07,11.811433792114258,16.440000534057617,16.530000686645508,16.280000686645508,16.440000534057617,2094800
2011-07-08,11.660561561584473,16.229999542236328,16.299999237060547,16.06999969482422,16.270000457763672,2075800
2011-07-11,11.445024490356445,15.930000305175781,16.040000915527344,15.739999771118164,16.040000915527344,2992500
2011-07-12,11.452208518981934,15.9399995803833,16.100000381469727,15.779999732971191,15.869999885559082,3201300
2011-07-13,11.5024995803833,16.010000228881836,16.350000381469727,15.920000076293945,16.06999969482422,2169900
2011-07-14,11.23667049407959,15.640000343322754,16.110000610351562,15.520000457763672,16.09000015258789,3115800
2011-07-15,11.30133056640625,15.729999542236328,15.819999694824219,15.569999694824219,15.739999771118164,2798000
2011-07-18,11.085796356201172,15.430000305175781,15.729999542236328,15.350000381469727,15.6899995803833,2485900
2011-07-19,11.595901489257812,16.139999389648438,16.190000534057617,15.720000267028809,15.989999771118164,8417300
2011-07-20,11.459392547607422,15.949999809265137,16.25,15.90999984741211,16.18000030517578,2699800
2011-07-21,11.832988739013672,16.469999313354492,16.5,16.049999237060547,16.049999237060547,2933800
2011-07-22,11.883281707763672,16.540000915527344,16.549999237060547,16.309999465942383,16.489999771118164,1606900
2011-07-25,11.739590644836426,16.34000015258789,16.489999771118164,16.25,16.469999313354492,2170600
2011-07-26,11.36599349975586,15.819999694824219,16.260000228881836,15.779999732971191,16.229999542236328,4082100
2011-07-27,11.092978477478027,15.4399995803833,15.970000267028809,15.430000305175781,15.770000457763672,3660500
2011-07-28,11.12890338897705,15.489999771118164,15.770000457763672,15.3100004196167,15.430000305175781,3293700
2011-07-29,11.222304344177246,15.619999885559082,15.760000228881836,15.130000114440918,15.270000457763672,2958900
2011-08-01,11.222304344177246,15.619999885559082,15.9399995803833,15.369999885559082,15.829999923706055,3750200
2011-08-02,10.898996353149414,15.170000076293945,15.75,15.170000076293945,15.460000038146973,4939300
2011-08-03,10.740935325622559,14.949999809265137,15.3100004196167,14.529999732971191,15.1899995803833,3608800
2011-08-04,9.936261177062988,13.829999923706055,14.760000228881836,13.789999961853027,14.680000305175781,4774600
2011-08-05,9.713543891906738,13.520000457763672,14.1899995803833,13.050000190734863,13.239999771118164,5844700
2011-08-08,8.729256629943848,12.149999618530273,13.100000381469727,12.149999618530273,12.920000076293945,6064500
2011-08-09,9.13159465789795,12.710000038146973,12.75,11.84000015258789,12.550000190734863,6087600
2011-08-10,8.801102638244629,12.25,12.710000038146973,11.949999809265137,12.40999984741211,6037900
2011-08-11,9.09566879272461,12.65999984741211,12.8100004196167,12.0,12.369999885559082,5211300
2011-08-12,9.110039710998535,12.680000305175781,13.010000228881836,12.609999656677246,12.869999885559082,4563000
2011-08-15,9.368682861328125,13.039999961853027,13.050000190734863,12.779999732971191,12.8100004196167,2573200
2011-08-16,9.002269744873047,12.529999732971191,12.920000076293945,12.5,12.850000381469727,3741200
2011-08-17,9.052563667297363,12.600000381469727,12.829999923706055,12.550000190734863,12.649999618530273,2464800
2011-08-18,8.449057579040527,11.760000228881836,12.289999961853027,11.649999618530273,12.239999771118164,3499300
2011-08-19,8.204781532287598,11.420000076293945,12.029999732971191,11.399999618530273,11.579999923706055,2005400
2011-08-22,8.0826416015625,11.25,11.949999809265137,11.1899995803833,11.760000228881836,3006900
2011-08-23,8.38439655303955,11.670000076293945,11.699999809265137,11.15999984741211,11.3100004196167,2649400
2011-08-24,8.326922416687012,11.59000015258789,11.699999809265137,11.199999809265137,11.510000228881836,4579700
2011-08-25,8.111379623413086,11.289999961853027,11.819999694824219,11.180000305175781,11.680000305175781,2795300
2011-08-26,8.564008712768555,11.920000076293945,11.9399995803833,11.029999732971191,11.199999809265137,3300600
2011-08-29,9.138777732849121,12.720000267028809,12.789999961853027,12.050000190734863,12.09000015258789,3202300
2011-08-30,9.14596176147461,12.729999542236328,12.829999923706055,12.430000305175781,12.630000114440918,2354400
2011-08-31,9.14596176147461,12.729999542236328,13.0,12.5,12.649999618530273,5785500
2011-09-01,8.880131721496582,12.359999656677246,12.84000015258789,12.350000381469727,12.6899995803833,2736400
2011-09-02,8.499348640441895,11.829999923706055,12.100000381469727,11.729999542236328,12.100000381469727,2416000
2011-09-06,8.255073547363281,11.489999771118164,11.59000015258789,11.15999984741211,11.579999923706055,2308400
2011-09-07,8.614302635192871,11.989999771118164,12.109999656677246,11.640000343322754,11.670000076293945,4473600
2011-09-08,8.36284351348877,11.640000343322754,11.970000267028809,11.539999961853027,11.920000076293945,3050500
2011-09-09,8.097012519836426,11.270000457763672,11.529999732971191,11.140000343322754,11.529999732971191,3804900
2011-09-12,8.03235149383545,11.180000305175781,11.350000381469727,10.869999885559082,11.069999694824219,3043200
2011-09-13,8.290995597839355,11.539999961853027,11.699999809265137,11.100000381469727,11.109999656677246,5468100
2011-09-14,8.535272598266602,11.880000114440918,12.09000015258789,11.399999618530273,11.649999618530273,5413400
2011-09-15,8.923239707946777,12.420000076293945,12.539999961853027,12.010000228881836,12.010000228881836,4453900
2011-09-16,8.772359848022461,12.210000038146973,12.470000267028809,12.020000457763672,12.430000305175781,6005700
2011-09-19,8.635855674743652,12.020000457763672,12.180000305175781,11.6899995803833,11.9399995803833,4636700
2011-09-20,8.441872596740723,11.75,12.270000457763672,11.75,12.180000305175781,3264800
2011-09-21,8.0826416015625,11.25,11.800000190734863,11.229999542236328,11.720000267028809,4028500
2011-09-22,7.385738372802734,10.279999732971191,11.010000228881836,10.09000015258789,10.829999923706055,8823300
2011-09-23,7.479142189025879,10.40999984741211,10.829999923706055,10.210000038146973,10.260000228881836,5011100
2011-09-26,7.730600833892822,10.760000228881836,10.779999732971191,10.09000015258789,10.5,3391100
2011-09-27,7.852740287780762,10.930000305175781,11.40999984741211,10.819999694824219,11.079999923706055,4146000
2011-09-28,7.374176025390625,10.170000076293945,10.930000305175781,10.109999656677246,10.850000381469727,2814000
2011-09-29,7.482941150665283,10.319999694824219,10.609999656677246,10.029999732971191,10.449999809265137,3754100
2011-09-30,7.192907333374023,9.920000076293945,10.239999771118164,9.90999984741211,10.149999618530273,4812200
2011-10-03,6.77235221862793,9.34000015258789,10.039999961853027,9.329999923706055,9.899999618530273,4860100
2011-10-04,7.35243034362793,10.140000343322754,10.180000305175781,8.779999732971191,9.239999771118164,8467700
2011-10-05,7.845487594604492,10.819999694824219,10.869999885559082,10.020000457763672,10.199999809265137,6514500
2011-10-06,7.939751625061035,10.949999809265137,11.069999694824219,10.640000343322754,10.84000015258789,3760300
2011-10-07,7.519195079803467,10.369999885559082,11.069999694824219,10.239999771118164,11.029999732971191,4267500
2011-10-10,7.896246433258057,10.890000343322754,10.920000076293945,10.609999656677246,10.630000114440918,2709500
2011-10-11,7.881741046905518,10.869999885559082,11.020000457763672,10.619999885559082,10.760000228881836,3172100
2011-10-12,8.164525032043457,11.260000228881836,11.479999542236328,11.0,11.0,2714500
2011-10-13,8.135522842407227,11.220000267028809,11.289999961853027,10.779999732971191,11.170000076293945,1947700
2011-10-14,8.28054428100586,11.420000076293945,11.600000381469727,11.15999984741211,11.399999618530273,2479300
2011-10-17,7.881741046905518,10.869999885559082,11.489999771118164,10.729999542236328,11.489999771118164,3244600
2011-10-18,8.345799446105957,11.510000228881836,11.569999694824219,10.770000457763672,10.859999656677246,5588500
2011-10-19,8.12101936340332,11.199999809265137,11.529999732971191,11.15999984741211,11.479999542236328,4916700
2011-10-20,8.5125732421875,11.739999771118164,11.829999923706055,11.15999984741211,11.210000038146973,9207000
2011-10-21,8.708345413208008,12.010000228881836,12.119999885559082,11.6899995803833,11.989999771118164,4862500
2011-10-24,9.049138069152832,12.479999542236328,12.600000381469727,12.119999885559082,12.119999885559082,4032400
2011-10-25,8.744596481323242,12.0600004196167,12.40999984741211,11.880000114440918,12.40999984741211,4311300
2011-10-26,9.049138069152832,12.479999542236328,12.529999732971191,11.819999694824219,12.260000228881836,3319400
2011-10-27,9.62196159362793,13.270000457763672,13.449999809265137,12.880000114440918,12.970000267028809,6905800
2011-10-28,9.86124324798584,13.600000381469727,13.649999618530273,13.039999961853027,13.279999732971191,6059800
2011-10-31,9.056389808654785,12.489999771118164,13.350000381469727,12.479999542236328,13.329999923706055,5138700
2011-11-01,8.802607536315918,12.140000343322754,12.380000114440918,11.609999656677246,12.09000015258789,5673200
2011-11-02,9.150650024414062,12.619999885559082,12.710000038146973,12.15999984741211,12.399999618530273,5326000
2011-11-03,9.440688133239746,13.020000457763672,13.25,12.5,12.819999694824219,4888100
2011-11-04,9.77423095703125,13.479999542236328,13.579999923706055,12.850000381469727,12.850000381469727,4923100
2011-11-07,9.80323314666748,13.520000457763672,13.760000228881836,13.0600004196167,13.460000038146973,3384000
2011-11-08,9.926498413085938,13.6899995803833,13.899999618530273,13.420000076293945,13.59000015258789,3116500
2011-11-09,9.38992977142334,12.949999809265137,13.380000114440918,12.829999923706055,13.260000228881836,3891500
2011-11-10,9.491443634033203,13.09000015258789,13.350000381469727,12.859999656677246,13.180000305175781,3411600
2011-11-11,9.781479835510254,13.489999771118164,13.710000038146973,13.210000038146973,13.25,2477100
2011-11-14,9.890242576599121,13.640000343322754,13.65999984741211,13.3100004196167,13.34000015258789,2459600
2011-11-15,9.875741958618164,13.619999885559082,13.800000190734863,13.319999694824219,13.520000457763672,2990300
2011-11-16,9.694470405578613,13.369999885559082,13.779999732971191,13.3100004196167,13.470000267028809,3216300
2011-11-17,9.266664505004883,12.779999732971191,13.520000457763672,12.649999618530273,13.369999885559082,5358500
2011-11-18,9.092644691467285,12.539999961853027,13.0,12.399999618530273,12.930000305175781,4898600
2011-11-21,8.860614776611328,12.220000267028809,12.380000114440918,11.920000076293945,12.020000457763672,3135700
2011-11-22,8.780855178833008,12.109999656677246,12.319999694824219,11.930000305175781,12.210000038146973,2460800
2011-11-23,8.338546752929688,11.5,12.010000228881836,11.479999542236328,12.010000228881836,3067600
2011-11-25,8.215285301208496,11.329999923706055,11.65999984741211,11.329999923706055,11.479999542236328,1099500
2011-11-28,8.802607536315918,12.140000343322754,12.300000190734863,11.8100004196167,11.8100004196167,4534900
2011-11-29,8.751852035522461,12.069999694824219,12.319999694824219,11.920000076293945,12.119999885559082,2254000
2011-11-30,9.5566987991333,13.180000305175781,13.329999923706055,12.5,12.670000076293945,5830900
2011-12-01,9.563953399658203,13.1899995803833,13.319999694824219,12.960000038146973,13.149999618530273,3248200
2011-12-02,9.7379732131958,13.430000305175781,13.710000038146973,13.220000267028809,13.399999618530273,3266000
2011-12-05,9.839485168457031,13.569999694824219,13.899999618530273,13.270000457763672,13.720000267028809,4238300
2011-12-06,9.795981407165527,13.510000228881836,13.699999809265137,13.239999771118164,13.5600004196167,2823500
2011-12-07,9.781479835510254,13.489999771118164,13.579999923706055,13.149999618530273,13.390000343322754,2442100
2011-12-08,9.259416580200195,12.770000457763672,13.380000114440918,12.720000267028809,13.319999694824219,3231700
2011-12-09,9.607457160949707,13.25,13.319999694824219,12.789999961853027,12.880000114440918,2481200
2011-12-12,9.259416580200195,12.770000457763672,13.0600004196167,12.59000015258789,13.010000228881836,2316900
2011-12-13,9.027381896972656,12.449999809265137,13.09000015258789,12.329999923706055,12.899999618530273,3439100
2011-12-14,8.853363037109375,12.210000038146973,12.550000190734863,12.069999694824219,12.520000457763672,2860500
2011-12-15,8.954873085021973,12.350000381469727,12.449999809265137,12.119999885559082,12.430000305175781,2226300
2011-12-16,9.063638687133789,12.5,12.819999694824219,12.069999694824219,12.079999923706055,5625700
2011-12-19,8.730094909667969,12.039999961853027,12.680000305175781,11.989999771118164,12.5600004196167,2227700
2011-12-20,9.281170845031738,12.800000190734863,12.9399995803833,12.3100004196167,12.3100004196167,3023400
2011-12-21,9.353676795959473,12.899999618530273,12.9399995803833,12.539999961853027,12.739999771118164,1992600
2011-12-22,9.534947395324707,13.149999618530273,13.289999961853027,12.859999656677246,12.989999771118164,1917700
2011-12-23,9.679970741271973,13.350000381469727,13.430000305175781,13.069999694824219,13.210000038146973,1433900
2011-12-27,9.694470405578613,13.369999885559082,13.489999771118164,13.270000457763672,13.289999961853027,1105400
2011-12-28,9.562967300415039,13.09000015258789,13.350000381469727,12.970000267028809,13.300000190734863,2120400
2011-12-29,9.628717422485352,13.180000305175781,13.25,13.079999923706055,13.170000076293945,2182400
2011-12-30,9.606801986694336,13.149999618530273,13.319999694824219,13.140000343322754,13.149999618530273,1273700
2012-01-03,10.249691009521484,14.029999732971191,14.109999656677246,13.430000305175781,13.489999771118164,3268900
2012-01-04,10.578439712524414,14.479999542236328,14.579999923706055,14.0600004196167,14.239999771118164,5672600
2012-01-05,10.519996643066406,14.399999618530273,14.460000038146973,14.09000015258789,14.40999984741211,2688200
2012-01-06,10.57113265991211,14.470000267028809,14.539999961853027,14.140000343322754,14.40999984741211,2534100
2012-01-09,10.549219131469727,14.4399995803833,14.640000343322754,14.350000381469727,14.539999961853027,2398200
2012-01-10,10.688023567199707,14.630000114440918,15.0,14.569999694824219,14.6899995803833,4362700
2012-01-11,10.929109573364258,14.960000038146973,15.0,14.510000228881836,14.510000228881836,2444400
2012-01-12,10.899885177612305,14.920000076293945,15.0,14.649999618530273,15.0,2875900
2012-01-13,10.498080253601074,14.369999885559082,14.84000015258789,14.180000305175781,14.630000114440918,3165900
2012-01-17,10.761079788208008,14.729999542236328,14.890000343322754,14.5600004196167,14.739999771118164,1949400
2012-01-18,11.082524299621582,15.170000076293945,15.229999542236328,14.649999618530273,14.75,3533100
2012-01-19,10.994857788085938,15.050000190734863,15.25,15.0,15.239999771118164,2352400
2012-01-20,11.067915916442871,15.149999618530273,15.229999542236328,14.9399995803833,15.0600004196167,2587000
2012-01-23,11.199410438537598,15.329999923706055,15.699999809265137,15.140000343322754,15.170000076293945,2991800
2012-01-24,11.294384002685547,15.460000038146973,15.479999542236328,14.949999809265137,15.180000305175781,3457900
2012-01-25,11.696191787719727,16.010000228881836,16.309999465942383,15.550000190734863,15.979999542236328,7062600
2012-01-26,11.608526229858398,15.890000343322754,16.389999389648438,15.720000267028809,16.190000534057617,3802000
2012-01-27,11.769244194030762,16.110000610351562,16.15999984741211,15.600000381469727,15.65999984741211,2527300
2012-01-30,11.674273490905762,15.979999542236328,16.1299991607666,15.600000381469727,15.789999961853027,2303100
2012-01-31,11.652355194091797,15.949999809265137,16.299999237060547,15.449999809265137,16.1200008392334,4851600
2012-02-01,11.878830909729004,16.260000228881836,16.479999542236328,16.0,16.1200008392334,3062500
2012-02-02,11.637752532958984,15.930000305175781,16.290000915527344,15.770000457763672,16.0,4222700
2012-02-03,12.039552688598633,16.479999542236328,16.65999984741211,16.139999389648438,16.270000457763672,4807700
2012-02-06,11.915356636047363,16.309999465942383,16.479999542236328,16.020000457763672,16.34000015258789,2661100
2012-02-07,11.769244194030762,16.110000610351562,16.360000610351562,16.0,16.270000457763672,3257200
2012-02-08,11.601219177246094,15.880000114440918,16.270000457763672,15.800000190734863,16.200000762939453,3137300
2012-02-09,11.725412368774414,16.049999237060547,16.149999618530273,15.670000076293945,16.040000915527344,3263400
2012-02-10,11.294384002685547,15.460000038146973,15.859999656677246,15.369999885559082,15.789999961853027,2873300
2012-02-13,11.140968322753906,15.25,15.510000228881836,15.039999961853027,15.3100004196167,3997800
2012-02-14,10.972941398620605,15.020000457763672,15.199999809265137,14.819999694824219,15.199999809265137,3572300
2012-02-15,10.951022148132324,14.989999771118164,15.170000076293945,14.779999732971191,15.170000076293945,3101300
2012-02-16,11.279773712158203,15.4399995803833,15.449999809265137,14.930000305175781,14.970000267028809,3958000
2012-02-17,11.184800148010254,15.3100004196167,15.579999923706055,15.15999984741211,15.529999732971191,1895200
2012-02-21,11.316299438476562,15.489999771118164,15.829999923706055,15.380000114440918,15.430000305175781,3308700
2012-02-22,10.629581451416016,14.550000190734863,15.59000015258789,14.470000267028809,15.34000015258789,8250500
2012-02-23,10.753775596618652,14.720000267028809,14.829999923706055,14.300000190734863,14.649999618530273,2525800
2012-02-24,10.797607421875,14.779999732971191,14.970000267028809,14.630000114440918,14.739999771118164,2091800
2012-02-27,10.856049537658691,14.859999656677246,14.920000076293945,14.4399995803833,14.699999809265137,2941500
2012-02-28,11.016773223876953,15.079999923706055,15.100000381469727,14.65999984741211,14.90999984741211,3652200
2012-02-29,10.819527626037598,14.8100004196167,15.260000228881836,14.670000076293945,15.09000015258789,3747200
2012-03-01,10.951022148132324,14.989999771118164,15.210000038146973,14.819999694824219,14.920000076293945,3596300
2012-03-02,10.987552642822266,15.039999961853027,15.289999961853027,14.899999618530273,14.90999984741211,2498600
2012-03-05,10.651497840881348,14.579999923706055,14.989999771118164,14.449999809265137,14.979999542236328,2513800
2012-03-06,10.31544017791748,14.119999885559082,14.369999885559082,13.90999984741211,14.369999885559082,3175400
2012-03-07,10.286218643188477,14.079999923706055,14.220000267028809,13.84000015258789,14.199999809265137,3236400
2012-03-08,10.293524742126465,14.09000015258789,14.359999656677246,13.930000305175781,14.210000038146973,3378900
2012-03-09,10.483470916748047,14.350000381469727,14.550000190734863,14.020000457763672,14.09000015258789,1926900
2012-03-12,10.34466552734375,14.15999984741211,14.600000381469727,14.140000343322754,14.34000015258789,1705000
2012-03-13,10.775690078735352,14.75,14.770000457763672,14.220000267028809,14.34000015258789,3358400
2012-03-14,10.841442108154297,14.84000015258789,15.119999885559082,14.510000228881836,14.699999809265137,3600200
2012-03-15,10.753775596618652,14.720000267028809,15.0,14.640000343322754,14.800000190734863,3499400
2012-03-16,10.980246543884277,15.029999732971191,15.239999771118164,14.520000457763672,14.539999961853027,5383900
2012-03-19,11.316299438476562,15.489999771118164,15.779999732971191,15.050000190734863,15.239999771118164,5135200
2012-03-20,11.148275375366211,15.260000228881836,15.350000381469727,14.770000457763672,15.350000381469727,3674900
2012-03-21,10.914495468139648,14.9399995803833,15.350000381469727,14.899999618530273,15.270000457763672,2679900
2012-03-22,10.4396333694458,14.289999961853027,14.699999809265137,14.170000076293945,14.569999694824219,3462500
2012-03-23,10.71725082397461,14.670000076293945,14.680000305175781,14.1899995803833,14.260000228881836,2939800
2012-03-26,10.775690078735352,14.75,14.899999618530273,14.5600004196167,14.819999694824219,2304500
2012-03-27,10.688023567199707,14.630000114440918,14.899999618530273,14.59000015258789,14.760000228881836,1694400
2012-03-28,10.592398643493652,14.399999618530273,14.529999732971191,14.039999961853027,14.479999542236328,2521000
2012-03-29,10.70273494720459,14.550000190734863,14.609999656677246,14.079999923706055,14.260000228881836,2010500
2012-03-30,10.695380210876465,14.539999961853027,14.819999694824219,14.5,14.770000457763672,2750600
2012-04-02,10.930768966674805,14.859999656677246,15.119999885559082,14.520000457763672,14.569999694824219,3445200
2012-04-03,10.776293754577637,14.649999618530273,14.869999885559082,14.449999809265137,14.869999885559082,2216000
2012-04-04,10.548267364501953,14.34000015258789,14.460000038146973,14.170000076293945,14.430000305175781,1898900
2012-04-05,10.246671676635742,13.930000305175781,14.4399995803833,13.859999656677246,14.260000228881836,2545600
2012-04-09,10.011289596557617,13.609999656677246,13.84000015258789,13.529999732971191,13.699999809265137,3415600
2012-04-10,9.820039749145508,13.350000381469727,13.789999961853027,13.279999732971191,13.630000114440918,2771800
2012-04-11,9.923019409179688,13.489999771118164,13.760000228881836,13.4399995803833,13.59000015258789,1769800
2012-04-12,10.423215866088867,14.170000076293945,14.239999771118164,13.550000190734863,13.550000190734863,1896100
2012-04-13,10.084846496582031,13.710000038146973,14.149999618530273,13.680000305175781,14.149999618530273,2296100
2012-04-16,10.07749080657959,13.699999809265137,14.039999961853027,13.539999961853027,13.90999984741211,2433900
2012-04-17,10.209893226623535,13.880000114440918,14.140000343322754,13.779999732971191,13.84000015258789,2108500
2012-04-18,10.209893226623535,13.880000114440918,14.020000457763672,13.770000457763672,13.8100004196167,2295200
2012-04-19,9.650850296020508,13.119999885559082,13.890000343322754,13.069999694824219,13.4399995803833,5055600
2012-04-20,9.481669425964355,12.890000343322754,13.210000038146973,12.890000343322754,13.15999984741211,3071000
2012-04-23,9.415464401245117,12.800000190734863,12.800000190734863,12.460000038146973,12.65999984741211,2562800
2012-04-24,9.39339828491211,12.770000457763672,12.970000267028809,12.529999732971191,12.770000457763672,2581700
2012-04-25,9.363971710205078,12.729999542236328,13.109999656677246,12.699999809265137,12.970000267028809,3633000
2012-04-26,9.643491744995117,13.109999656677246,13.130000114440918,12.5600004196167,12.619999885559082,2788200
2012-04-27,9.577293395996094,13.020000457763672,13.25,12.880000114440918,13.239999771118164,2113400
2012-04-30,9.400753021240234,12.779999732971191,12.989999771118164,12.680000305175781,12.960000038146973,6448100
2012-05-01,9.437533378601074,12.829999923706055,13.079999923706055,12.75,12.760000228881836,2025500
2012-05-02,9.371330261230469,12.739999771118164,12.779999732971191,12.59000015258789,12.729999542236328,1706400
2012-05-03,9.27570629119873,12.609999656677246,12.84000015258789,12.529999732971191,12.729999542236328,2028600
2012-05-04,8.937335014343262,12.149999618530273,12.59000015258789,12.100000381469727,12.5,2487500
2012-05-07,8.782864570617676,11.9399995803833,12.180000305175781,11.880000114440918,12.0600004196167,3048600
2012-05-08,8.701951026916504,11.829999923706055,11.880000114440918,11.569999694824219,11.819999694824219,2692100
2012-05-09,8.77550983428955,11.930000305175781,12.029999732971191,11.5600004196167,11.640000343322754,4182800
2012-05-10,8.76815414428711,11.920000076293945,12.220000267028809,11.789999961853027,12.100000381469727,2854800
2012-05-11,8.716660499572754,11.850000381469727,12.140000343322754,11.760000228881836,11.760000228881836,1750600
2012-05-14,8.746082305908203,11.890000343322754,11.979999542236328,11.619999885559082,11.699999809265137,2662900
2012-05-15,8.400364875793457,11.420000076293945,11.90999984741211,11.369999885559082,11.850000381469727,3743400
2012-05-16,8.039924621582031,10.930000305175781,11.720000267028809,10.880000114440918,11.470000267028809,5975400
2012-05-17,7.848673343658447,10.670000076293945,11.079999923706055,10.640000343322754,10.920000076293945,3216100
2012-05-18,7.672133922576904,10.430000305175781,10.800000190734863,10.40999984741211,10.729999542236328,2925800
2012-05-21,7.922229766845703,10.770000457763672,10.8100004196167,10.470000267028809,10.5,2093400
2012-05-22,7.833959102630615,10.649999618530273,10.920000076293945,10.579999923706055,10.8100004196167,3387800
2012-05-23,7.870739936828613,10.699999809265137,10.739999771118164,10.289999961853027,10.5600004196167,4038200
2012-05-24,7.775115966796875,10.569999694824219,10.8100004196167,10.399999618530273,10.8100004196167,4213500
2012-05-25,7.841315269470215,10.65999984741211,10.800000190734863,10.539999961853027,10.59000015258789,2376100
2012-05-29,8.010501861572266,10.890000343322754,10.979999542236328,10.619999885559082,10.829999923706055,2165000
2012-05-30,7.789824962615967,10.59000015258789,10.760000228881836,10.5,10.720000267028809,2936200
2012-05-31,7.753050327301025,10.539999961853027,10.640000343322754,10.3100004196167,10.609999656677246,3650900
2012-06-01,7.657423973083496,10.40999984741211,10.510000228881836,10.15999984741211,10.25,4070100
2012-06-04,7.878096103668213,10.710000038146973,10.720000267028809,10.289999961853027,10.40999984741211,4959900
2012-06-05,7.782473564147949,10.579999923706055,10.760000228881836,10.449999809265137,10.619999885559082,3439700
2012-06-06,8.135551452636719,11.0600004196167,11.180000305175781,10.720000267028809,10.739999771118164,2720400
2012-06-07,8.135551452636719,11.0600004196167,11.59000015258789,11.050000190734863,11.229999542236328,4763000
2012-06-08,8.106128692626953,11.020000457763672,11.079999923706055,10.779999732971191,10.960000038146973,2507200
2012-06-11,7.723623275756836,10.5,11.220000267028809,10.479999542236328,11.130000114440918,3117800
2012-06-12,7.657423973083496,10.40999984741211,10.670000076293945,10.300000190734863,10.529999732971191,5023400
2012-06-13,7.738334655761719,10.520000457763672,10.619999885559082,10.109999656677246,10.34000015258789,4511600
2012-06-14,7.782473564147949,10.579999923706055,10.65999984741211,10.369999885559082,10.5,2575500
2012-06-15,8.106128692626953,11.020000457763672,11.039999961853027,10.59000015258789,10.600000381469727,3416200
2012-06-18,8.223822593688965,11.180000305175781,11.319999694824219,10.779999732971191,10.779999732971191,4739100
2012-06-19,8.856423377990723,12.039999961853027,12.149999618530273,11.25,11.25,6735200
2012-06-20,8.849066734313965,12.029999732971191,12.140000343322754,11.859999656677246,12.039999961853027,3132400
2012-06-21,8.297380447387695,11.279999732971191,12.029999732971191,11.260000228881836,12.020000457763672,3811900
2012-06-22,8.231179237365723,11.1899995803833,11.470000267028809,11.149999618530273,11.350000381469727,4103800
2012-06-25,8.098772048950195,11.010000228881836,11.09000015258789,10.869999885559082,11.0,2144800
2012-06-26,8.35622501373291,11.359999656677246,11.449999809265137,10.989999771118164,11.029999732971191,2533300
2012-06-27,8.430438041687012,11.359999656677246,11.4399995803833,11.0600004196167,11.300000190734863,2309100
2012-06-28,8.504653930664062,11.460000038146973,11.5,11.130000114440918,11.220000267028809,2952800
2012-06-29,8.697598457336426,11.720000267028809,11.829999923706055,11.59000015258789,11.829999923706055,2982600
2012-07-02,8.979605674743652,12.100000381469727,12.100000381469727,11.579999923706055,11.75,4281500
2012-07-03,9.306136131286621,12.539999961853027,12.65999984741211,12.09000015258789,12.109999656677246,2732200
2012-07-05,9.358081817626953,12.609999656677246,12.819999694824219,12.359999656677246,12.479999542236328,3252600
2012-07-06,9.36550235748291,12.619999885559082,12.699999809265137,12.329999923706055,12.4399995803833,3646000
2012-07-09,9.142866134643555,12.319999694824219,12.619999885559082,12.220000267028809,12.479999542236328,3585400
2012-07-10,9.10576343536377,12.270000457763672,12.609999656677246,12.09000015258789,12.420000076293945,4597400
2012-07-11,9.038972854614258,12.180000305175781,12.369999885559082,12.100000381469727,12.3100004196167,3533000
2012-07-12,8.94991683959961,12.0600004196167,12.15999984741211,11.739999771118164,12.140000343322754,3224000
2012-07-13,9.2838716506958,12.510000228881836,12.550000190734863,12.170000076293945,12.210000038146973,2314200
2012-07-16,9.209661483764648,12.40999984741211,12.529999732971191,12.220000267028809,12.510000228881836,1745800
2012-07-17,9.165131568908691,12.350000381469727,12.579999923706055,12.25,12.510000228881836,2550400
2012-07-18,9.23934555053711,12.449999809265137,12.649999618530273,12.210000038146973,12.279999732971191,2621000
2012-07-19,9.358081817626953,12.609999656677246,12.739999771118164,12.489999771118164,12.539999961853027,2760900
2012-07-20,9.22450065612793,12.430000305175781,12.75,12.34000015258789,12.75,3120300
2012-07-23,9.0686616897583,12.220000267028809,12.369999885559082,12.0,12.0600004196167,2607400
2012-07-24,8.87570571899414,11.960000038146973,12.470000267028809,11.779999732971191,12.220000267028809,5022700
2012-07-25,8.601123809814453,11.59000015258789,12.15999984741211,11.529999732971191,11.9399995803833,3330500
2012-07-26,8.942501068115234,12.050000190734863,12.109999656677246,11.6899995803833,11.819999694824219,2916400
2012-07-27,9.380346298217773,12.640000343322754,12.720000267028809,12.020000457763672,12.170000076293945,3557600
2012-07-30,9.424869537353516,12.699999809265137,12.869999885559082,12.479999542236328,12.600000381469727,3350200
2012-07-31,9.565876960754395,12.890000343322754,13.029999732971191,12.699999809265137,12.729999542236328,4256900
2012-08-01,9.536189079284668,12.850000381469727,13.09000015258789,12.6899995803833,12.979999542236328,3152500
2012-08-02,9.187396049499512,12.380000114440918,12.899999618530273,12.180000305175781,12.670000076293945,3412600
2012-08-03,9.447134971618652,12.729999542236328,12.949999809265137,12.5600004196167,12.680000305175781,2757000
2012-08-06,9.72913646697998,13.109999656677246,13.229999542236328,12.739999771118164,12.779999732971191,3209400
2012-08-07,9.743983268737793,13.130000114440918,13.34000015258789,13.0600004196167,13.220000267028809,2705700
2012-08-08,9.78851318359375,13.1899995803833,13.3100004196167,12.979999542236328,12.979999542236328,2640600
2012-08-09,9.922088623046875,13.369999885559082,13.449999809265137,13.09000015258789,13.149999618530273,2032000
2012-08-10,9.981462478637695,13.449999809265137,13.479999542236328,13.140000343322754,13.239999771118164,1533200
2012-08-13,9.692034721374512,13.0600004196167,13.470000267028809,12.90999984741211,13.470000267028809,2737700
2012-08-14,9.632664680480957,12.979999542236328,13.329999923706055,12.930000305175781,13.25,1555000
2012-08-15,9.706876754760742,13.079999923706055,13.100000381469727,12.779999732971191,12.970000267028809,2049400
2012-08-16,9.714301109313965,13.09000015258789,13.270000457763672,12.970000267028809,13.119999885559082,2477600
2012-08-17,9.833037376403809,13.25,13.289999961853027,13.069999694824219,13.09000015258789,2878600
2012-08-20,9.795929908752441,13.199999809265137,13.350000381469727,13.039999961853027,13.239999771118164,2614000
2012-08-21,9.847881317138672,13.270000457763672,13.550000190734863,13.220000267028809,13.279999732971191,2598800
2012-08-22,9.692034721374512,13.0600004196167,13.229999542236328,12.899999618530273,13.1899995803833,2435100
2012-08-23,9.150291442871094,12.329999923706055,12.989999771118164,12.300000190734863,12.630000114440918,3597500
2012-08-24,9.209661483764648,12.40999984741211,12.5,12.050000190734863,12.3100004196167,3304100
2012-08-27,9.165131568908691,12.350000381469727,12.489999771118164,12.220000267028809,12.420000076293945,1815000
2012-08-28,9.12060546875,12.289999961853027,12.420000076293945,12.170000076293945,12.289999961853027,1593100
2012-08-29,9.090920448303223,12.25,12.430000305175781,12.149999618530273,12.3100004196167,1503200
2012-08-30,8.987025260925293,12.109999656677246,12.1899995803833,11.979999542236328,12.119999885559082,1794500
2012-08-31,9.0686616897583,12.220000267028809,12.359999656677246,12.100000381469727,12.1899995803833,3003200
2012-09-04,8.779233932495117,11.829999923706055,12.430000305175781,11.75,12.25,3989300
2012-09-05,8.675332069396973,11.6899995803833,11.949999809265137,11.649999618530273,11.850000381469727,2658100
2012-09-06,8.860864639282227,11.9399995803833,12.069999694824219,11.6899995803833,11.800000190734863,3235500
2012-09-07,9.142866134643555,12.319999694824219,12.460000038146973,12.020000457763672,12.069999694824219,3237000
2012-09-10,9.098340034484863,12.260000228881836,12.539999961853027,12.220000267028809,12.449999809265137,3378300
2012-09-11,9.113184928894043,12.279999732971191,12.550000190734863,12.270000457763672,12.300000190734863,2321700
2012-09-12,8.75696849822998,11.800000190734863,12.369999885559082,11.770000457763672,12.1899995803833,6214900
2012-09-13,9.202239036560059,12.399999618530273,12.449999809265137,11.710000038146973,11.779999732971191,4235200
2012-09-14,9.654925346374512,13.010000228881836,13.069999694824219,12.460000038146973,12.489999771118164,4627000
2012-09-17,9.209661483764648,12.40999984741211,12.880000114440918,12.359999656677246,12.880000114440918,2602800
2012-09-18,8.935075759887695,12.039999961853027,12.180000305175781,11.819999694824219,12.0,4128500
2012-09-19,8.994444847106934,12.119999885559082,12.170000076293945,11.960000038146973,12.039999961853027,4413200
2012-09-20,8.994444847106934,12.119999885559082,12.1899995803833,11.819999694824219,11.960000038146973,2232000
2012-09-21,8.846022605895996,11.920000076293945,12.260000228881836,11.890000343322754,12.1899995803833,2597900
2012-09-24,8.838603973388672,11.90999984741211,11.949999809265137,11.699999809265137,11.800000190734863,3099600
2012-09-25,8.385910987854004,11.300000190734863,11.970000267028809,11.289999961853027,11.949999809265137,4472000
2012-09-26,8.453295707702637,11.289999961853027,11.4399995803833,10.989999771118164,11.210000038146973,2781000
2012-09-27,8.50571060180664,11.359999656677246,11.40999984741211,11.130000114440918,11.380000114440918,2818500
2012-09-28,8.41585922241211,11.239999771118164,11.329999923706055,11.15999984741211,11.3100004196167,1797400
2012-10-01,8.453295707702637,11.289999961853027,11.470000267028809,11.220000267028809,11.380000114440918,3326700
2012-10-02,8.453295707702637,11.289999961853027,11.460000038146973,11.180000305175781,11.420000076293945,2188500
2012-10-03,8.41585922241211,11.239999771118164,11.329999923706055,11.109999656677246,11.279999732971191,2780400
2012-10-04,8.782739639282227,11.729999542236328,11.8100004196167,11.300000190734863,11.319999694824219,3741200
2012-10-05,8.91751766204834,11.90999984741211,11.9399995803833,11.569999694824219,11.569999694824219,3210400
2012-10-08,9.194550514221191,12.279999732971191,12.34000015258789,11.710000038146973,11.770000457763672,3345700
2012-10-09,9.22450065612793,12.319999694824219,12.59000015258789,12.149999618530273,12.329999923706055,3351300
2012-10-10,9.059779167175293,12.100000381469727,12.4399995803833,12.029999732971191,12.350000381469727,2471600
2012-10-11,9.269427299499512,12.380000114440918,12.520000457763672,12.170000076293945,12.180000305175781,2415700
2012-10-12,9.059779167175293,12.100000381469727,12.430000305175781,11.970000267028809,12.34000015258789,2647800
2012-10-15,9.254451751708984,12.359999656677246,12.399999618530273,12.050000190734863,12.109999656677246,2101100
2012-10-16,9.464097023010254,12.640000343322754,12.710000038146973,12.399999618530273,12.460000038146973,3702900
2012-10-17,9.449122428894043,12.619999885559082,12.800000190734863,12.460000038146973,12.729999542236328,4015700
2012-10-18,9.73364543914795,13.0,13.039999961853027,12.170000076293945,12.180000305175781,4086600
2012-10-19,9.404200553894043,12.5600004196167,13.0,12.470000267028809,12.800000190734863,2899500
2012-10-22,9.658771514892578,12.899999618530273,12.930000305175781,12.600000381469727,12.600000381469727,2310300
2012-10-23,9.591386795043945,12.8100004196167,12.859999656677246,12.430000305175781,12.609999656677246,2933400
2012-10-24,9.516512870788574,12.710000038146973,12.949999809265137,12.65999984741211,12.869999885559082,2311800
2012-10-25,9.64379596710205,12.880000114440918,12.960000038146973,12.600000381469727,12.789999961853027,1988200
2012-10-26,9.56892204284668,12.779999732971191,13.050000190734863,12.640000343322754,12.850000381469727,2101800
2012-10-31,9.464097023010254,12.640000343322754,13.039999961853027,12.579999923706055,12.819999694824219,2349800
2012-11-01,10.07058048248291,13.449999809265137,13.6899995803833,12.630000114440918,12.890000343322754,5187200
2012-11-02,9.898368835449219,13.220000267028809,13.609999656677246,12.9399995803833,13.569999694824219,3558500
2012-11-05,9.9657564163208,13.3100004196167,13.460000038146973,13.069999694824219,13.149999618530273,2270800
2012-11-06,10.407514572143555,13.899999618530273,14.0,13.5,13.510000228881836,4342900
2012-11-07,9.958268165588379,13.300000190734863,13.649999618530273,13.140000343322754,13.569999694824219,4038800
2012-11-08,9.771087646484375,13.050000190734863,13.369999885559082,12.930000305175781,13.279999732971191,2153200
2012-11-09,9.950780868530273,13.289999961853027,13.600000381469727,12.960000038146973,12.960000038146973,2154600
2012-11-12,9.943291664123535,13.279999732971191,13.420000076293945,13.140000343322754,13.369999885559082,1574600
2012-11-13,9.81600570678711,13.109999656677246,13.359999656677246,13.020000457763672,13.149999618530273,1911300
2012-11-14,9.516512870788574,12.710000038146973,13.289999961853027,12.619999885559082,13.1899995803833,2310600
2012-11-15,9.202038764953613,12.289999961853027,12.880000114440918,12.289999961853027,12.699999809265137,3456600
2012-11-16,9.276911735534668,12.390000343322754,12.4399995803833,12.020000457763672,12.359999656677246,3243000
2012-11-19,9.48655891418457,12.670000076293945,12.729999542236328,12.4399995803833,12.630000114440918,2102200
2012-11-20,9.464097023010254,12.640000343322754,12.739999771118164,12.4399995803833,12.649999618530273,2097600
2012-11-21,9.48655891418457,12.670000076293945,12.84000015258789,12.510000228881836,12.710000038146973,1840000
2012-11-23,9.688722610473633,12.9399995803833,13.0600004196167,12.829999923706055,12.880000114440918,888800
2012-11-26,9.666259765625,12.90999984741211,12.949999809265137,12.75,12.90999984741211,1522500
2012-11-27,9.381738662719727,12.529999732971191,13.039999961853027,12.449999809265137,12.869999885559082,2414400
2012-11-28,9.516512870788574,12.710000038146973,12.739999771118164,12.239999771118164,12.59000015258789,2070200
2012-11-29,9.613845825195312,12.84000015258789,12.979999542236328,12.720000267028809,12.869999885559082,1651300
2012-11-30,9.673747062683105,12.920000076293945,13.0600004196167,12.779999732971191,12.84000015258789,2186100
2012-12-03,9.404200553894043,12.5600004196167,13.050000190734863,12.529999732971191,13.0,1735900
2012-12-04,9.479073524475098,12.65999984741211,12.8100004196167,12.529999732971191,12.529999732971191,1788400
2012-12-05,9.71118450164795,12.970000267028809,13.050000190734863,12.680000305175781,12.699999809265137,1420300
2012-12-06,9.546464920043945,12.75,13.0600004196167,12.710000038146973,12.930000305175781,1661900
2012-12-07,9.583894729614258,12.800000190734863,12.869999885559082,12.600000381469727,12.819999694824219,1738000
2012-12-10,9.56892204284668,12.779999732971191,12.899999618530273,12.680000305175781,12.789999961853027,1840800
2012-12-11,9.883395195007324,13.199999809265137,13.270000457763672,12.729999542236328,12.880000114440918,2113100
2012-12-12,9.71867561340332,12.979999542236328,13.3100004196167,12.970000267028809,13.229999542236328,2662500
2012-12-13,9.771087646484375,13.050000190734863,13.1899995803833,12.930000305175781,13.010000228881836,1476500
2012-12-14,10.167916297912598,13.579999923706055,13.770000457763672,13.050000190734863,13.079999923706055,3237400
2012-12-17,10.302695274353027,13.760000228881836,13.90999984741211,13.550000190734863,13.609999656677246,2285100
2012-12-18,10.587210655212402,14.140000343322754,14.539999961853027,13.84000015258789,13.84000015258789,4255900
2012-12-19,10.362588882446289,13.84000015258789,14.289999961853027,13.770000457763672,14.180000305175781,3957000
2012-12-20,10.332639694213867,13.800000190734863,13.880000114440918,13.6899995803833,13.859999656677246,3124700
2012-12-21,10.19786548614502,13.619999885559082,13.619999885559082,13.40999984741211,13.569999694824219,3353300
2012-12-24,10.182891845703125,13.600000381469727,13.710000038146973,13.270000457763672,13.449999809265137,515600
2012-12-26,10.137969017028809,13.539999961853027,13.720000267028809,13.5,13.600000381469727,1143300
2012-12-27,10.092710494995117,13.380000114440918,13.600000381469727,13.220000267028809,13.510000228881836,1416000
2012-12-28,9.911673545837402,13.140000343322754,13.359999656677246,13.140000343322754,13.3100004196167,1153200
2012-12-31,10.356717109680176,13.729999542236328,13.739999771118164,13.069999694824219,13.069999694824219,1720800
2013-01-02,10.771590232849121,14.279999732971191,14.3100004196167,14.039999961853027,14.140000343322754,2266000
2013-01-03,10.748963356018066,14.25,14.5,14.149999618530273,14.199999809265137,1838200
2013-01-04,11.012970924377441,14.600000381469727,14.630000114440918,14.109999656677246,14.229999542236328,1943200
2013-01-07,11.32224178314209,15.010000228881836,15.130000114440918,14.4399995803833,14.4399995803833,3600500
2013-01-08,11.05068588256836,14.649999618530273,15.09000015258789,14.550000190734863,14.880000114440918,4728700
2013-01-09,11.209088325500488,14.859999656677246,15.069999694824219,14.65999984741211,14.729999542236328,2963500
2013-01-10,11.2769775390625,14.949999809265137,15.079999923706055,14.84000015258789,14.9399995803833,2468300
2013-01-11,11.216636657714844,14.869999885559082,14.970000267028809,14.760000228881836,14.869999885559082,1898600
2013-01-14,11.111034393310547,14.729999542236328,15.1899995803833,14.720000267028809,15.069999694824219,3648300
2013-01-15,11.4052152633667,15.119999885559082,15.180000305175781,14.510000228881836,14.670000076293945,4726500
2013-01-16,11.246806144714355,14.90999984741211,15.010000228881836,14.65999984741211,15.0,3440400
2013-01-17,11.465559959411621,15.199999809265137,15.25,14.869999885559082,15.029999732971191,2221900
2013-01-18,11.4052152633667,15.119999885559082,15.34000015258789,15.069999694824219,15.170000076293945,2496200
2013-01-22,11.533451080322266,15.289999961853027,15.369999885559082,15.109999656677246,15.15999984741211,1980300
2013-01-23,11.586248397827148,15.359999656677246,15.449999809265137,15.15999984741211,15.319999694824219,1780700
2013-01-24,11.488188743591309,15.229999542236328,15.579999923706055,15.100000381469727,15.300000190734863,2041700
2013-01-25,11.495729446411133,15.239999771118164,15.380000114440918,14.920000076293945,15.319999694824219,2283900
2013-01-28,11.314695358276367,15.0,15.239999771118164,14.800000190734863,15.220000267028809,3107100
2013-01-29,11.639050483703613,15.430000305175781,15.800000190734863,15.109999656677246,15.270000457763672,3923400
2013-01-30,11.4052152633667,15.119999885559082,15.579999923706055,15.0,15.359999656677246,2524100
2013-01-31,11.473101615905762,15.210000038146973,15.329999923706055,15.050000190734863,15.069999694824219,2058300
2013-02-01,11.61642074584961,15.399999618530273,15.539999961853027,15.239999771118164,15.300000190734863,2145600
2013-02-04,11.458015441894531,15.1899995803833,15.369999885559082,15.130000114440918,15.199999809265137,1803700
2013-02-05,11.465559959411621,15.199999809265137,15.369999885559082,15.09000015258789,15.369999885559082,2254800
2013-02-06,11.804997444152832,15.649999618530273,15.899999618530273,15.130000114440918,15.180000305175781,4175800
2013-02-07,11.812543869018555,15.65999984741211,15.739999771118164,15.4399995803833,15.640000343322754,2502000
2013-02-08,11.789912223815918,15.630000114440918,15.960000038146973,15.579999923706055,15.630000114440918,1780100
2013-02-11,11.812543869018555,15.65999984741211,15.720000267028809,15.539999961853027,15.59000015258789,1452200
2013-02-12,11.925688743591309,15.8100004196167,15.8100004196167,15.520000457763672,15.640000343322754,1506400
2013-02-13,11.903058052062988,15.779999732971191,15.890000343322754,15.59000015258789,15.779999732971191,1753800
2013-02-14,12.1368989944458,16.09000015258789,16.139999389648438,15.6899995803833,15.710000038146973,3129300
2013-02-15,12.069008827209473,16.0,16.1299991607666,15.789999961853027,16.040000915527344,3606100
2013-02-19,12.106718063354492,16.049999237060547,16.15999984741211,15.84000015258789,16.010000228881836,2410800
2013-02-20,11.465559959411621,15.199999809265137,15.989999771118164,15.170000076293945,15.960000038146973,4032500
2013-02-21,11.23172378540039,14.890000343322754,15.15999984741211,14.6899995803833,15.130000114440918,5314400
2013-02-22,11.435385704040527,15.15999984741211,15.3100004196167,14.9399995803833,14.989999771118164,2452700
2013-02-25,11.07331371307373,14.680000305175781,15.34000015258789,14.680000305175781,15.300000190734863,2532200
2013-02-26,11.141199111938477,14.770000457763672,15.010000228881836,14.470000267028809,14.779999732971191,1749900
2013-02-27,11.397668838500977,15.109999656677246,15.1899995803833,14.800000190734863,14.800000190734863,2535100
2013-02-28,11.518359184265137,15.270000457763672,15.449999809265137,15.109999656677246,15.149999618530273,3259100
2013-03-01,11.201550483703613,14.850000381469727,15.279999732971191,14.670000076293945,15.1899995803833,3676300
2013-03-04,11.299607276916504,14.979999542236328,15.350000381469727,14.720000267028809,15.199999809265137,3371100
2013-03-05,11.329781532287598,15.020000457763672,15.350000381469727,14.960000038146973,14.979999542236328,2511400
2013-03-06,11.654134750366211,15.449999809265137,15.539999961853027,15.119999885559082,15.130000114440918,2508700
2013-03-07,11.684307098388672,15.489999771118164,15.75,15.430000305175781,15.460000038146973,1934900
2013-03-08,12.031293869018555,15.949999809265137,16.09000015258789,15.5600004196167,15.640000343322754,2580800
2013-03-11,11.955862998962402,15.850000381469727,15.979999542236328,15.600000381469727,15.869999885559082,2857600
2013-03-12,11.812543869018555,15.65999984741211,16.059999465942383,15.550000190734863,15.850000381469727,3452300
2013-03-13,11.503271102905273,15.25,15.649999618530273,14.9399995803833,15.649999618530273,4801800
2013-03-14,11.4429292678833,15.170000076293945,15.300000190734863,14.960000038146973,15.229999542236328,4573300
2013-03-15,11.669222831726074,15.470000267028809,15.489999771118164,15.180000305175781,15.199999809265137,3902400
2013-03-18,11.593791007995605,15.369999885559082,15.579999923706055,15.029999732971191,15.170000076293945,2386600
2013-03-19,11.548535346984863,15.3100004196167,15.609999656677246,14.930000305175781,15.350000381469727,4832200
2013-03-20,11.759737014770508,15.59000015258789,15.6899995803833,15.270000457763672,15.390000343322754,3090300
2013-03-21,11.752196311950684,15.579999923706055,15.75,15.420000076293945,15.460000038146973,1830800
2013-03-22,11.729567527770996,15.550000190734863,15.770000457763672,15.520000457763672,15.65999984741211,1825400
2013-03-25,11.933229446411133,15.819999694824219,15.850000381469727,15.550000190734863,15.600000381469727,3049500
2013-03-26,12.06995964050293,15.890000343322754,15.90999984741211,15.640000343322754,15.789999961853027,2880500
2013-03-27,12.161109924316406,16.010000228881836,16.030000686645508,15.569999694824219,15.6899995803833,2105000
2013-03-28,12.062363624572754,15.880000114440918,15.970000267028809,15.729999542236328,15.899999618530273,1936500
2013-04-01,11.720547676086426,15.430000305175781,15.989999771118164,15.34000015258789,15.890000343322754,2203400
2013-04-02,11.257195472717285,14.819999694824219,15.520000457763672,14.6899995803833,15.420000076293945,3013700
2013-04-03,11.021716117858887,14.510000228881836,14.800000190734863,14.25,14.779999732971191,3391100
2013-04-04,11.090083122253418,14.600000381469727,14.899999618530273,14.359999656677246,14.479999542236328,2264600
2013-04-05,11.135656356811523,14.65999984741211,14.680000305175781,14.210000038146973,14.350000381469727,3054600
2013-04-08,11.204022407531738,14.75,14.800000190734863,14.569999694824219,14.649999618530273,2430200
2013-04-09,11.5458402633667,15.199999809265137,15.40999984741211,14.75,14.84000015258789,2908400
2013-04-10,11.606607437133789,15.279999732971191,15.329999923706055,15.149999618530273,15.25,1920900
2013-04-11,11.515454292297363,15.15999984741211,15.350000381469727,14.960000038146973,15.260000228881836,2210900
2013-04-12,11.378727912902832,14.979999542236328,15.170000076293945,14.65999984741211,15.09000015258789,2558600
2013-04-15,10.854608535766602,14.289999961853027,14.819999694824219,14.1899995803833,14.789999961853027,2901700
2013-04-16,11.08248519897461,14.59000015258789,14.630000114440918,14.329999923706055,14.489999771118164,2163100
2013-04-17,10.816625595092773,14.239999771118164,14.479999542236328,13.960000038146973,14.399999618530273,3912100
2013-04-18,10.92297077178955,14.380000114440918,15.039999961853027,14.25,14.25,5617500
2013-04-19,10.915373802185059,14.369999885559082,14.699999809265137,14.220000267028809,14.550000190734863,2402000
2013-04-22,10.778646469116211,14.1899995803833,14.390000343322754,13.899999618530273,14.369999885559082,2819800
2013-04-23,10.862203598022461,14.300000190734863,14.369999885559082,13.979999542236328,14.289999961853027,3111800
2013-04-24,11.18882942199707,14.729999542236328,14.779999732971191,14.319999694824219,14.350000381469727,1660700
2013-04-25,11.272387504577637,14.84000015258789,15.260000228881836,14.800000190734863,14.90999984741211,2712600
2013-04-26,11.16604232788086,14.699999809265137,14.84000015258789,14.5600004196167,14.800000190734863,2437200
2013-04-29,11.325554847717285,14.90999984741211,14.979999542236328,14.640000343322754,14.789999961853027,1799300
2013-04-30,11.42430305480957,15.039999961853027,15.0600004196167,14.65999984741211,14.84000015258789,4134200
2013-05-01,11.143253326416016,14.670000076293945,14.90999984741211,14.550000190734863,14.90999984741211,2538800
2013-05-02,11.19642448425293,14.739999771118164,14.880000114440918,14.350000381469727,14.739999771118164,2407300
2013-05-03,11.614201545715332,15.289999961853027,15.5,14.979999542236328,14.979999542236328,3135200
2013-05-06,11.523049354553223,15.170000076293945,15.369999885559082,15.0600004196167,15.350000381469727,2038300
2013-05-07,11.629396438598633,15.3100004196167,15.380000114440918,15.119999885559082,15.229999542236328,1232600
2013-05-08,11.89525032043457,15.65999984741211,15.699999809265137,15.289999961853027,15.359999656677246,2281700
2013-05-09,11.758523941040039,15.479999542236328,15.699999809265137,15.380000114440918,15.670000076293945,1210800
2013-05-10,11.766120910644531,15.489999771118164,15.609999656677246,15.260000228881836,15.510000228881836,1505500
2013-05-13,11.530645370483398,15.180000305175781,15.4399995803833,15.119999885559082,15.4399995803833,1587300
2013-05-14,11.5458402633667,15.199999809265137,15.289999961853027,15.079999923706055,15.180000305175781,1035600
2013-05-15,11.477473258972168,15.109999656677246,15.210000038146973,14.899999618530273,15.100000381469727,2005200
2013-05-16,11.42430305480957,15.039999961853027,15.390000343322754,14.90999984741211,15.1899995803833,2371600
2013-05-17,11.629396438598633,15.3100004196167,15.390000343322754,15.100000381469727,15.180000305175781,1559200
2013-05-20,11.986403465270996,15.779999732971191,15.869999885559082,15.25,15.289999961853027,3111000
2013-05-21,12.183899879455566,16.040000915527344,16.229999542236328,15.720000267028809,15.800000190734863,4079600
2013-05-22,11.849678039550781,15.600000381469727,16.200000762939453,15.319999694824219,16.059999465942383,3372000
2013-05-23,11.781312942504883,15.510000228881836,15.5600004196167,15.180000305175781,15.399999618530273,1514800
2013-05-24,11.682567596435547,15.380000114440918,15.479999542236328,15.210000038146973,15.359999656677246,1382200
2013-05-28,11.811697006225586,15.550000190734863,15.680000305175781,15.399999618530273,15.609999656677246,1443100
2013-05-29,11.697757720947266,15.399999618530273,15.489999771118164,15.15999984741211,15.369999885559082,926300
2013-05-30,11.758523941040039,15.479999542236328,15.600000381469727,15.300000190734863,15.460000038146973,1833100
2013-05-31,11.659777641296387,15.350000381469727,15.539999961853027,15.300000190734863,15.430000305175781,2938600
2013-06-03,11.743335723876953,15.460000038146973,15.539999961853027,15.260000228881836,15.510000228881836,2568100
2013-06-04,11.80410099029541,15.539999961853027,15.59000015258789,15.270000457763672,15.4399995803833,2508700
2013-06-05,11.371129989624023,14.970000267028809,15.479999542236328,14.930000305175781,15.449999809265137,2965500
2013-06-06,11.279986381530762,14.850000381469727,15.09000015258789,14.699999809265137,14.930000305175781,2922600
2013-06-07,11.264785766601562,14.829999923706055,15.15999984741211,14.720000267028809,14.829999923706055,2271300
2013-06-10,11.302766799926758,14.880000114440918,14.970000267028809,14.649999618530273,14.800000190734863,1733800
2013-06-11,11.036910057067871,14.529999732971191,14.670000076293945,14.40999984741211,14.65999984741211,3029700
2013-06-12,10.968547821044922,14.4399995803833,14.8100004196167,14.34000015258789,14.65999984741211,1751100
2013-06-13,11.431901931762695,15.050000190734863,15.140000343322754,14.40999984741211,14.4399995803833,2580800
2013-06-14,11.333149909973145,14.920000076293945,15.220000267028809,14.819999694824219,15.130000114440918,1002900
2013-06-17,11.401517868041992,15.010000228881836,15.15999984741211,14.979999542236328,15.029999732971191,1434100
2013-06-18,11.378727912902832,14.979999542236328,15.149999618530273,14.859999656677246,14.890000343322754,1646300
2013-06-19,11.302766799926758,14.880000114440918,15.09000015258789,14.829999923706055,14.920000076293945,1417800
2013-06-20,11.112869262695312,14.630000114440918,14.819999694824219,14.34000015258789,14.630000114440918,2323500
2013-06-21,11.01412296295166,14.5,14.84000015258789,14.470000267028809,14.6899995803833,2572900
2013-06-24,10.786246299743652,14.199999809265137,14.460000038146973,13.850000381469727,14.430000305175781,2785600
2013-06-25,10.960954666137695,14.430000305175781,14.489999771118164,14.029999732971191,14.380000114440918,1884500
2013-06-26,11.152310371398926,14.569999694824219,14.680000305175781,14.300000190734863,14.510000228881836,2762200
2013-06-27,11.519718170166016,15.050000190734863,15.170000076293945,14.680000305175781,14.680000305175781,3065000
2013-06-28,11.412554740905762,14.90999984741211,15.199999809265137,14.859999656677246,14.970000267028809,3258500
2013-07-01,11.6881103515625,15.270000457763672,15.350000381469727,15.069999694824219,15.15999984741211,2388100
2013-07-02,11.67280101776123,15.25,15.420000076293945,14.979999542236328,15.3100004196167,2088900
2013-07-03,11.611564636230469,15.170000076293945,15.260000228881836,15.029999732971191,15.130000114440918,1394500
2013-07-05,11.580949783325195,15.130000114440918,15.380000114440918,14.960000038146973,15.359999656677246,1806500
2013-07-08,11.550331115722656,15.09000015258789,15.239999771118164,15.079999923706055,15.180000305175781,1879700
2013-07-09,11.665146827697754,15.239999771118164,15.40999984741211,15.140000343322754,15.260000228881836,2688500
2013-07-10,11.63453197479248,15.199999809265137,15.34000015258789,14.970000267028809,15.229999542236328,1806200
2013-07-11,11.787616729736328,15.399999618530273,15.59000015258789,15.289999961853027,15.420000076293945,3051000
2013-07-12,11.749344825744629,15.350000381469727,15.449999809265137,15.210000038146973,15.40999984741211,1604900
2013-07-15,11.74168872833252,15.34000015258789,15.600000381469727,15.300000190734863,15.359999656677246,1648700
2013-07-16,11.757000923156738,15.359999656677246,15.460000038146973,15.1899995803833,15.40999984741211,1091400
2013-07-17,11.902429580688477,15.550000190734863,15.680000305175781,15.359999656677246,15.489999771118164,1497100
2013-07-18,11.74168872833252,15.34000015258789,15.8100004196167,15.319999694824219,15.4399995803833,3258800
2013-07-19,11.642184257507324,15.210000038146973,15.390000343322754,15.1899995803833,15.380000114440918,1093700
2013-07-22,11.695765495300293,15.279999732971191,15.420000076293945,15.180000305175781,15.270000457763672,1757700
2013-07-23,11.978971481323242,15.649999618530273,15.819999694824219,15.34000015258789,15.390000343322754,2281900
2013-07-24,11.825888633728027,15.449999809265137,15.670000076293945,15.279999732971191,15.670000076293945,2204000
2013-07-25,11.986626625061035,15.65999984741211,15.739999771118164,15.289999961853027,15.399999618530273,1628800
2013-07-26,11.940703392028809,15.600000381469727,15.770000457763672,15.489999771118164,15.5,1258700
2013-07-29,11.894776344299316,15.539999961853027,15.619999885559082,15.40999984741211,15.520000457763672,1419700
2013-07-30,11.88712215423584,15.529999732971191,15.600000381469727,15.300000190734863,15.550000190734863,1020300
2013-07-31,11.910083770751953,15.5600004196167,15.720000267028809,15.489999771118164,15.569999694824219,1071200
2013-08-01,12.086132049560547,15.789999961853027,15.920000076293945,15.739999771118164,15.760000228881836,2215900
2013-08-02,12.070825576782227,15.770000457763672,15.899999618530273,15.579999923706055,15.6899995803833,1489100
2013-08-05,12.10909366607666,15.819999694824219,15.9399995803833,15.729999542236328,15.739999771118164,1538300
2013-08-06,11.917737007141113,15.569999694824219,15.800000190734863,15.479999542236328,15.779999732971191,1441700
2013-08-07,11.779963493347168,15.390000343322754,15.539999961853027,15.34000015258789,15.489999771118164,1610900
2013-08-08,11.871813774108887,15.510000228881836,15.640000343322754,15.4399995803833,15.5,1971100
2013-08-09,12.10909366607666,15.819999694824219,16.010000228881836,15.539999961853027,15.5600004196167,2187400
2013-08-12,12.461193084716797,16.280000686645508,16.40999984741211,15.770000457763672,15.770000457763672,3099000
2013-08-13,12.384652137756348,16.18000030517578,16.479999542236328,16.110000610351562,16.40999984741211,1656100
2013-08-14,12.545391082763672,16.389999389648438,16.6200008392334,16.25,16.420000076293945,2629700
2013-08-15,12.338725090026855,16.1200008392334,16.25,15.960000038146973,16.15999984741211,1827400
2013-08-16,12.208600997924805,15.949999809265137,16.209999084472656,15.890000343322754,16.079999923706055,1510400
2013-08-19,12.040205001831055,15.729999542236328,15.960000038146973,15.670000076293945,15.960000038146973,1136700
2013-08-20,12.223910331726074,15.970000267028809,16.100000381469727,15.6899995803833,15.699999809265137,1553500
2013-08-21,11.910083770751953,15.5600004196167,15.989999771118164,15.520000457763672,15.899999618530273,1824800
2013-08-22,12.231562614440918,15.979999542236328,16.049999237060547,15.600000381469727,15.680000305175781,836400
2013-08-23,12.070825576782227,15.770000457763672,16.1200008392334,15.680000305175781,16.049999237060547,1979200
2013-08-26,12.139716148376465,15.859999656677246,16.040000915527344,15.739999771118164,15.739999771118164,1451700
2013-08-27,11.779963493347168,15.390000343322754,15.720000267028809,15.380000114440918,15.65999984741211,1583500
2013-08-28,11.871813774108887,15.510000228881836,15.640000343322754,15.380000114440918,15.460000038146973,1147400
2013-08-29,11.94835376739502,15.609999656677246,15.800000190734863,15.449999809265137,15.489999771118164,1506600
2013-08-30,11.680451393127441,15.260000228881836,15.640000343322754,15.210000038146973,15.600000381469727,1490300
2013-09-03,11.64984130859375,15.220000267028809,15.75,15.050000190734863,15.550000190734863,3424300
2013-09-04,11.787616729736328,15.399999618530273,15.4399995803833,15.149999618530273,15.220000267028809,2159700
2013-09-05,11.841194152832031,15.470000267028809,15.609999656677246,15.109999656677246,15.359999656677246,1808600
2013-09-06,11.902429580688477,15.550000190734863,15.600000381469727,15.270000457763672,15.579999923706055,2553300
2013-09-09,12.292798042297363,16.059999465942383,16.1200008392334,15.59000015258789,15.619999885559082,1926400
2013-09-10,12.614276885986328,16.479999542236328,16.639999389648438,16.190000534057617,16.219999313354492,3504200
2013-09-11,12.874521255493164,16.81999969482422,16.850000381469727,16.209999084472656,16.450000762939453,2346200
2013-09-12,12.820942878723145,16.75,16.829999923706055,16.600000381469727,16.68000030517578,2096000
2013-09-13,12.843905448913574,16.780000686645508,16.889999389648438,16.700000762939453,16.84000015258789,1445100
2013-09-16,12.85921573638916,16.799999237060547,17.079999923706055,16.75,16.950000762939453,1306100
2013-09-17,13.196003913879395,17.239999771118164,17.260000228881836,16.799999237060547,16.850000381469727,2544000
2013-09-18,13.326128959655762,17.40999984741211,17.56999969482422,16.860000610351562,17.15999984741211,5140400
2013-09-19,13.05057430267334,17.049999237060547,17.469999313354492,17.049999237060547,17.350000381469727,2067800
2013-09-20,12.836255073547363,16.770000457763672,17.190000534057617,16.56999969482422,17.06999969482422,4130900
2013-09-23,12.759711265563965,16.670000076293945,17.100000381469727,16.65999984741211,16.809999465942383,2371500
2013-09-24,12.69081974029541,16.579999923706055,16.799999237060547,16.540000915527344,16.56999969482422,2385700
2013-09-25,12.80563735961914,16.729999542236328,16.920000076293945,16.56999969482422,16.829999923706055,1756300
2013-09-26,12.913503646850586,16.760000228881836,16.850000381469727,16.600000381469727,16.700000762939453,1247000
2013-09-27,12.720880508422852,16.510000228881836,16.65999984741211,16.420000076293945,16.579999923706055,1171900
2013-09-30,12.882683753967285,16.719999313354492,16.84000015258789,16.200000762939453,16.239999771118164,2336900
2013-10-01,13.044488906860352,16.93000030517578,17.059999465942383,16.56999969482422,16.670000076293945,3270500
2013-10-02,13.090717315673828,16.989999771118164,17.06999969482422,16.75,16.75,1683900
2013-10-03,12.898094177246094,16.739999771118164,17.100000381469727,16.670000076293945,16.989999771118164,1549600
2013-10-04,12.982852935791016,16.850000381469727,16.920000076293945,16.65999984741211,16.770000457763672,1373600
2013-10-07,12.805636405944824,16.6200008392334,16.829999923706055,16.549999237060547,16.68000030517578,1270800
2013-10-08,12.713174819946289,16.5,16.780000686645508,16.40999984741211,16.649999618530273,1359700
2013-10-09,12.620719909667969,16.3799991607666,16.56999969482422,16.260000228881836,16.559999465942383,1228500
2013-10-10,12.93661880493164,16.790000915527344,16.850000381469727,16.549999237060547,16.600000381469727,1181900
2013-10-11,13.059900283813477,16.950000762939453,16.989999771118164,16.719999313354492,16.809999465942383,827200
2013-10-14,13.275636672973633,17.229999542236328,17.309999465942383,16.780000686645508,16.81999969482422,1321600
2013-10-15,13.267931938171387,17.219999313354492,17.549999237060547,17.1200008392334,17.200000762939453,2232500
2013-10-16,13.26023006439209,17.209999084472656,17.68000030517578,17.18000030517578,17.600000381469727,2996800
2013-10-17,13.784160614013672,17.889999389648438,18.170000076293945,17.25,17.34000015258789,4145100
2013-10-18,13.938263893127441,18.09000015258789,18.1200008392334,17.75,17.950000762939453,2500900
2013-10-21,14.092363357543945,18.290000915527344,18.3799991607666,18.079999923706055,18.1200008392334,2037400
2013-10-22,14.20793628692627,18.440000534057617,18.5,18.229999542236328,18.329999923706055,2677400
2013-10-23,14.200234413146973,18.43000030517578,18.5,17.889999389648438,18.1200008392334,2151400
2013-10-24,14.046130180358887,18.229999542236328,18.540000915527344,18.18000030517578,18.450000762939453,1802000
2013-10-25,13.83039665222168,17.950000762939453,18.25,17.8799991607666,18.18000030517578,2005600
2013-10-28,13.761049270629883,17.860000610351562,17.969999313354492,17.559999465942383,17.950000762939453,2614200
2013-10-29,13.768754005432129,17.8700008392334,18.049999237060547,17.670000076293945,17.950000762939453,2815200
2013-10-30,13.699417114257812,17.780000686645508,17.940000534057617,17.56999969482422,17.84000015258789,2183400
2013-10-31,13.861220359802246,17.989999771118164,18.1200008392334,17.639999389648438,17.799999237060547,2779100
2013-11-01,14.20793628692627,18.440000534057617,18.5,18.0,18.06999969482422,2416200
2013-11-04,14.523837089538574,18.850000381469727,18.989999771118164,18.709999084472656,18.850000381469727,3061100
2013-11-05,14.431384086608887,18.729999542236328,18.8700008392334,18.479999542236328,18.700000762939453,1819000
2013-11-06,14.516132354736328,18.84000015258789,18.959999084472656,18.649999618530273,18.809999465942383,1197200
2013-11-07,14.26187515258789,18.510000228881836,18.989999771118164,18.459999084472656,18.899999618530273,2139900
2013-11-08,14.762697219848633,19.15999984741211,19.329999923706055,18.479999542236328,18.56999969482422,2915000
2013-11-11,14.832039833068848,19.25,19.389999389648438,19.09000015258789,19.149999618530273,1733600
2013-11-12,14.654824256896973,19.020000457763672,19.229999542236328,18.850000381469727,19.139999389648438,2274900
2013-11-13,14.677937507629395,19.049999237060547,19.049999237060547,18.6200008392334,18.690000534057617,2415800
2013-11-14,14.724173545837402,19.110000610351562,19.1299991607666,18.799999237060547,19.020000457763672,1988900
2013-11-15,14.654824256896973,19.020000457763672,19.200000762939453,19.010000228881836,19.110000610351562,1090000
2013-11-18,14.585479736328125,18.93000030517578,19.100000381469727,18.81999969482422,19.059999465942383,2107500
2013-11-19,14.67024040222168,19.040000915527344,19.299999237060547,18.889999389648438,18.93000030517578,2263900
2013-11-20,14.585479736328125,18.93000030517578,19.239999771118164,18.829999923706055,19.100000381469727,1300800
2013-11-21,14.585479736328125,18.93000030517578,19.06999969482422,18.790000915527344,19.020000457763672,1679200
2013-11-22,14.392863273620605,18.68000030517578,18.93000030517578,18.639999389648438,18.639999389648438,1661600
2013-11-25,14.184821128845215,18.40999984741211,18.729999542236328,18.290000915527344,18.68000030517578,1900300
2013-11-26,14.146302223205566,18.360000610351562,18.510000228881836,18.15999984741211,18.3700008392334,2572300
2013-11-27,13.984498023986816,18.149999618530273,18.489999771118164,18.059999465942383,18.43000030517578,1951100
2013-11-29,14.038432121276855,18.219999313354492,18.3799991607666,18.09000015258789,18.239999771118164,1188000
2013-12-02,13.992197036743164,18.15999984741211,18.3799991607666,18.049999237060547,18.209999084472656,1764400
2013-12-03,13.969082832336426,18.1299991607666,18.34000015258789,17.969999313354492,18.110000610351562,2027600
2013-12-04,14.369742393493652,18.649999618530273,18.809999465942383,18.18000030517578,18.229999542236328,2287900
2013-12-05,14.477620124816895,18.790000915527344,18.829999923706055,18.540000915527344,18.540000915527344,1759000
2013-12-06,14.493020057678223,18.809999465942383,19.079999923706055,18.729999542236328,18.979999542236328,1270500
2013-12-09,14.67024040222168,19.040000915527344,19.079999923706055,18.790000915527344,18.84000015258789,1454800
2013-12-10,14.585479736328125,18.93000030517578,19.219999313354492,18.899999618530273,19.059999465942383,1046900
2013-12-11,14.37744426727295,18.65999984741211,19.079999923706055,18.6299991607666,18.899999618530273,1690400
2013-12-12,14.37744426727295,18.65999984741211,18.829999923706055,18.549999237060547,18.81999969482422,1985000
2013-12-13,14.4699068069458,18.780000686645508,18.81999969482422,18.649999618530273,18.649999618530273,894300
2013-12-16,14.60859489440918,18.959999084472656,19.010000228881836,18.75,18.850000381469727,1519700
2013-12-17,14.59318733215332,18.940000534057617,19.010000228881836,18.799999237060547,18.850000381469727,1173100
2013-12-18,14.123185157775879,18.329999923706055,18.8799991607666,18.0,18.829999923706055,4842400
2013-12-19,14.30810260772705,18.56999969482422,18.770000457763672,18.31999969482422,18.329999923706055,1908300
2013-12-20,14.277286529541016,18.530000686645508,18.690000534057617,18.459999084472656,18.610000610351562,2589000
2013-12-23,14.500725746154785,18.81999969482422,18.829999923706055,18.469999313354492,18.559999465942383,1605900
2013-12-24,14.91679573059082,19.360000610351562,19.40999984741211,18.809999465942383,18.920000076293945,1613500
2013-12-26,14.90138053894043,19.34000015258789,19.5,19.329999923706055,19.450000762939453,1379100
2013-12-27,15.265591621398926,19.700000762939453,19.719999313354492,19.139999389648438,19.239999771118164,1312800
2013-12-30,15.040872573852539,19.40999984741211,19.739999771118164,19.329999923706055,19.59000015258789,1781400
2013-12-31,15.1416015625,19.540000915527344,19.65999984741211,19.440000534057617,19.459999084472656,1172300
2014-01-02,14.878135681152344,19.200000762939453,19.530000686645508,19.049999237060547,19.399999618530273,1519500
2014-01-03,14.847142219543457,19.15999984741211,19.31999969482422,19.06999969482422,19.239999771118164,1167400
2014-01-06,14.622417449951172,18.8700008392334,19.25,18.59000015258789,19.190000534057617,2190200
2014-01-07,14.715405464172363,18.989999771118164,19.170000076293945,18.799999237060547,18.90999984741211,1705000
2014-01-08,14.893634796142578,19.219999313354492,19.309999465942383,18.809999465942383,18.969999313354492,1575600
2014-01-09,14.80840015411377,19.110000610351562,19.31999969482422,19.049999237060547,19.31999969482422,1774100
2014-01-10,14.800644874572754,19.100000381469727,19.170000076293945,18.969999313354492,19.170000076293945,1031500
2014-01-13,14.374449729919434,18.549999237060547,19.209999084472656,18.510000228881836,19.06999969482422,2346900
2014-01-14,14.374449729919434,18.549999237060547,18.700000762939453,18.350000381469727,18.649999618530273,3214200
2014-01-15,14.397698402404785,18.579999923706055,18.75,18.389999389648438,18.6200008392334,2017200
2014-01-16,14.45193862915039,18.649999618530273,18.860000610351562,18.579999923706055,18.6200008392334,2281600
2014-01-17,14.250466346740723,18.389999389648438,18.75,18.360000610351562,18.709999084472656,2453300
2014-01-21,13.925006866455078,17.969999313354492,18.489999771118164,17.889999389648438,18.399999618530273,3170800
2014-01-22,13.870759963989258,17.899999618530273,18.030000686645508,17.799999237060547,18.020000457763672,2519300
2014-01-23,13.615045547485352,17.56999969482422,17.899999618530273,17.540000915527344,17.850000381469727,3729300
2014-01-24,13.142355918884277,16.959999084472656,17.5,16.950000762939453,17.5,2778200
2014-01-27,12.770400047302246,16.479999542236328,17.1299991607666,16.450000762939453,17.1299991607666,6213900
2014-01-28,13.057117462158203,16.850000381469727,16.90999984741211,16.209999084472656,16.670000076293945,8353800
2014-01-29,12.863387107849121,16.600000381469727,16.959999084472656,16.469999313354492,16.850000381469727,4556500
2014-01-30,12.948631286621094,16.709999084472656,16.90999984741211,16.540000915527344,16.81999969482422,2805500
2014-01-31,12.785898208618164,16.5,16.709999084472656,16.299999237060547,16.489999771118164,2057600
2014-02-03,12.266716003417969,15.829999923706055,16.5,15.800000190734863,16.5,3902200
2014-02-04,12.367453575134277,15.960000038146973,16.1200008392334,15.800000190734863,15.9399995803833,2450600
2014-02-05,12.483687400817871,16.110000610351562,16.3799991607666,15.880000114440918,16.360000610351562,3010500
2014-02-06,12.553430557250977,16.200000762939453,16.280000686645508,16.110000610351562,16.200000762939453,2775000
2014-02-07,12.654166221618652,16.329999923706055,16.469999313354492,16.149999618530273,16.420000076293945,4344500
2014-02-10,12.638667106628418,16.309999465942383,16.3700008392334,16.219999313354492,16.31999969482422,1849000
2014-02-11,13.258593559265137,17.110000610351562,17.18000030517578,16.639999389648438,17.170000076293945,3228400
2014-02-12,13.483312606811523,17.399999618530273,17.5,17.15999984741211,17.209999084472656,3058100
2014-02-13,13.692538261413574,17.670000076293945,17.68000030517578,17.229999542236328,17.239999771118164,2238700
2014-02-14,13.847517013549805,17.8700008392334,17.889999389648438,17.639999389648438,17.65999984741211,1586000
2014-02-18,13.956003189086914,18.010000228881836,18.100000381469727,17.68000030517578,17.790000915527344,2899800
2014-02-19,13.948260307312012,18.0,18.40999984741211,17.8799991607666,17.899999618530273,4500600
2014-02-20,13.948260307312012,18.0,18.1200008392334,17.760000228881836,18.079999923706055,2454400
2014-02-21,13.68478775024414,17.65999984741211,18.06999969482422,17.649999618530273,18.040000915527344,1905800
2014-02-24,13.227592468261719,17.06999969482422,17.43000030517578,17.030000686645508,17.350000381469727,2538500
2014-02-25,13.119107246398926,16.93000030517578,17.139999389648438,16.579999923706055,17.0,2813200
2014-02-26,13.312830924987793,17.18000030517578,17.299999237060547,17.0,17.040000915527344,2110100
2014-02-27,13.491060256958008,17.40999984741211,17.440000534057617,17.100000381469727,17.190000534057617,1695500
2014-02-28,13.514307975769043,17.440000534057617,17.600000381469727,17.25,17.31999969482422,2008300
2014-03-03,13.336079597473145,17.209999084472656,17.34000015258789,17.030000686645508,17.290000915527344,1835300
2014-03-04,13.359325408935547,17.239999771118164,17.56999969482422,17.229999542236328,17.469999313354492,2508800
2014-03-05,13.568551063537598,17.510000228881836,17.520000457763672,17.1200008392334,17.219999313354492,1816900
2014-03-06,13.692538261413574,17.670000076293945,17.709999084472656,17.540000915527344,17.6200008392334,2218600
2014-03-07,13.723531723022461,17.709999084472656,17.770000457763672,17.229999542236328,17.649999618530273,2422200
2014-03-10,13.28183650970459,17.139999389648438,17.729999542236328,17.059999465942383,17.649999618530273,2386300
2014-03-11,13.32833194732666,17.200000762939453,17.3700008392334,17.020000457763672,17.209999084472656,1679200
2014-03-12,13.103607177734375,16.90999984741211,17.290000915527344,16.8700008392334,17.079999923706055,1569100
2014-03-13,12.809149742126465,16.530000686645508,17.06999969482422,16.469999313354492,16.969999313354492,2851700
2014-03-14,12.801398277282715,16.520000457763672,16.6299991607666,16.290000915527344,16.479999542236328,2218800
2014-03-17,12.925382614135742,16.68000030517578,16.8799991607666,16.510000228881836,16.610000610351562,1727900
2014-03-18,13.119107246398926,16.93000030517578,16.979999542236328,16.520000457763672,16.690000534057617,2074400
2014-03-19,13.274086952209473,17.1299991607666,17.229999542236328,16.729999542236328,16.940000534057617,2272500
2014-03-20,13.235342025756836,17.079999923706055,17.209999084472656,16.8799991607666,17.09000015258789,1501600
2014-03-21,13.700282096862793,17.68000030517578,17.719999313354492,17.010000228881836,17.100000381469727,3540300
2014-03-24,13.870759963989258,17.899999618530273,18.15999984741211,17.649999618530273,17.760000228881836,2542700
2014-03-25,14.033491134643555,18.110000610351562,18.239999771118164,17.93000030517578,18.0,3636100
2014-03-26,13.793272018432617,17.799999237060547,18.280000686645508,17.799999237060547,18.25,2989000
2014-03-27,13.687983512878418,17.549999237060547,17.90999984741211,17.420000076293945,17.68000030517578,3611400
2014-03-28,13.602188110351562,17.440000534057617,17.81999969482422,17.360000610351562,17.670000076293945,2398100
2014-03-31,13.875161170959473,17.790000915527344,17.969999313354492,17.649999618530273,17.8799991607666,3494000
2014-04-01,13.914162635803223,17.84000015258789,18.020000457763672,17.6200008392334,17.989999771118164,2061500
2014-04-02,14.085756301879883,18.059999465942383,18.200000762939453,17.850000381469727,17.889999389648438,2947300
2014-04-03,14.52252197265625,18.6200008392334,18.690000534057617,18.0,18.020000457763672,5038700
2014-04-04,14.288537979125977,18.31999969482422,18.700000762939453,18.200000762939453,18.65999984741211,3067100
2014-04-07,14.31973648071289,18.360000610351562,18.469999313354492,17.989999771118164,18.299999237060547,3313900
2014-04-08,14.467920303344727,18.549999237060547,18.719999313354492,18.31999969482422,18.3700008392334,3375000
2014-04-09,14.66290283203125,18.799999237060547,18.940000534057617,18.530000686645508,18.6299991607666,2516500
2014-04-10,14.374332427978516,18.43000030517578,18.829999923706055,18.280000686645508,18.709999084472656,2567000
2014-04-11,14.35092830657959,18.399999618530273,18.530000686645508,18.100000381469727,18.350000381469727,3143500
2014-04-14,14.68630599975586,18.829999923706055,19.049999237060547,18.489999771118164,18.559999465942383,4089800
2014-04-15,14.70970630645752,18.860000610351562,18.899999618530273,18.34000015258789,18.780000686645508,3441000
2014-04-16,14.740899085998535,18.899999618530273,19.0,18.6200008392334,18.950000762939453,2646900
2014-04-17,14.038959503173828,18.0,19.06999969482422,17.93000030517578,18.56999969482422,7951200
2014-04-21,14.218338966369629,18.229999542236328,18.290000915527344,17.93000030517578,18.239999771118164,3266900
2014-04-22,14.18714427947998,18.190000534057617,18.40999984741211,18.1299991607666,18.309999465942383,2798300
2014-04-23,14.467920303344727,18.549999237060547,18.559999465942383,18.200000762939453,18.25,2751500
2014-04-24,14.545916557312012,18.649999618530273,18.68000030517578,18.350000381469727,18.610000610351562,2986500
2014-04-25,14.335333824157715,18.3799991607666,18.670000076293945,18.270000457763672,18.489999771118164,1786100
2014-04-28,14.101348876953125,18.079999923706055,18.3700008392334,17.829999923706055,18.350000381469727,2292700
2014-04-29,14.17154598236084,18.170000076293945,18.549999237060547,18.06999969482422,18.100000381469727,1236200
2014-04-30,14.249541282653809,18.270000457763672,18.399999618530273,18.0,18.170000076293945,2569300
2014-05-01,14.413326263427734,18.479999542236328,18.59000015258789,18.239999771118164,18.3700008392334,2488900
2014-05-02,14.413326263427734,18.479999542236328,18.790000915527344,18.360000610351562,18.479999542236328,2410500
2014-05-05,13.960957527160645,17.899999618530273,18.459999084472656,17.790000915527344,18.43000030517578,2592000
2014-05-06,13.929758071899414,17.860000610351562,17.959999084472656,17.760000228881836,17.90999984741211,1756500
2014-05-07,14.03115463256836,17.989999771118164,18.020000457763672,17.770000457763672,17.84000015258789,1352600
2014-05-08,13.992159843444824,17.940000534057617,18.360000610351562,17.889999389648438,17.950000762939453,1916000
2014-05-09,13.734777450561523,17.610000610351562,17.969999313354492,17.530000686645508,17.8799991607666,2326300
2014-05-12,14.233938217163086,18.25,18.31999969482422,17.709999084472656,17.75,1909900
2014-05-13,14.093550682067871,18.06999969482422,18.399999618530273,17.989999771118164,18.190000534057617,2461800
2014-05-14,14.148141860961914,18.139999389648438,18.290000915527344,18.09000015258789,18.260000228881836,1223600
2014-05-15,14.101348876953125,18.079999923706055,18.3700008392334,17.829999923706055,18.3700008392334,2360000
2014-05-16,14.202739715576172,18.209999084472656,18.239999771118164,17.790000915527344,18.049999237060547,1544800
2014-05-19,14.132549285888672,18.1200008392334,18.299999237060547,18.059999465942383,18.100000381469727,1320400
2014-05-20,13.765976905822754,17.649999618530273,18.040000915527344,17.549999237060547,18.040000915527344,1747700
2014-05-21,13.773774147033691,17.65999984741211,17.81999969482422,17.489999771118164,17.760000228881836,1628900
2014-05-22,13.633383750915527,17.479999542236328,17.829999923706055,17.440000534057617,17.65999984741211,3054400
2014-05-23,13.85956859588623,17.770000457763672,17.790000915527344,17.0,17.40999984741211,2046500
2014-05-27,13.937561988830566,17.8700008392334,17.93000030517578,17.670000076293945,17.809999465942383,1578600
2014-05-28,13.625581741333008,17.469999313354492,17.920000076293945,17.469999313354492,17.850000381469727,2025600
2014-05-29,13.687983512878418,17.549999237060547,17.6200008392334,17.389999389648438,17.530000686645508,1966700
2014-05-30,13.469597816467285,17.270000457763672,17.510000228881836,17.209999084472656,17.5,2391600
2014-06-02,13.399401664733887,17.18000030517578,17.399999618530273,17.110000610351562,17.31999969482422,4059700
2014-06-03,13.399401664733887,17.18000030517578,17.25,17.09000015258789,17.15999984741211,2638600
2014-06-04,13.446196556091309,17.239999771118164,17.440000534057617,17.1200008392334,17.1200008392334,3215000
2014-06-05,13.648985862731934,17.5,17.549999237060547,17.219999313354492,17.299999237060547,2616200
2014-06-06,13.789368629455566,17.68000030517578,17.75,17.459999084472656,17.59000015258789,3011300
2014-06-09,13.563193321228027,17.389999389648438,17.770000457763672,17.34000015258789,17.700000762939453,3556600
2014-06-10,13.555387496948242,17.3799991607666,17.440000534057617,17.270000457763672,17.350000381469727,1416500
2014-06-11,13.703577995300293,17.56999969482422,17.6299991607666,17.280000686645508,17.399999618530273,2118000
2014-06-12,13.469597816467285,17.270000457763672,17.600000381469727,17.09000015258789,17.600000381469727,4118500
2014-06-13,13.664580345153809,17.520000457763672,17.59000015258789,17.280000686645508,17.290000915527344,2983700
2014-06-16,13.555387496948242,17.3799991607666,17.719999313354492,17.299999237060547,17.520000457763672,2997500
2014-06-17,13.960957527160645,17.899999618530273,17.950000762939453,17.170000076293945,17.5,6922400
2014-06-18,14.17154598236084,18.170000076293945,18.190000534057617,17.790000915527344,17.81999969482422,5830900
2014-06-19,14.101348876953125,18.079999923706055,18.329999923706055,17.950000762939453,18.190000534057617,1661900
2014-06-20,14.070152282714844,18.040000915527344,18.229999542236328,17.93000030517578,18.040000915527344,2811000
2014-06-23,13.88296890258789,17.799999237060547,18.18000030517578,17.75,18.079999923706055,2368200
2014-06-24,13.726977348327637,17.600000381469727,18.010000228881836,17.559999465942383,17.760000228881836,2880800
2014-06-25,13.88296890258789,17.799999237060547,17.8799991607666,17.540000915527344,17.65999984741211,2164700
2014-06-26,13.957544326782227,17.780000686645508,17.829999923706055,17.600000381469727,17.729999542236328,1260200
2014-06-27,13.949697494506836,17.770000457763672,17.860000610351562,17.540000915527344,17.729999542236328,2073000
2014-06-30,14.090995788574219,17.950000762939453,18.0,17.6299991607666,17.739999771118164,2505700
2014-07-01,14.020342826843262,17.860000610351562,18.34000015258789,17.829999923706055,18.059999465942383,4059800
2014-07-02,14.23229694366455,18.1299991607666,18.18000030517578,17.860000610351562,17.889999389648438,2137600
2014-07-03,14.373601913452148,18.309999465942383,18.459999084472656,18.079999923706055,18.139999389648438,4846200
2014-07-07,14.25584888458252,18.15999984741211,18.299999237060547,18.079999923706055,18.25,2411300
2014-07-08,14.279396057128906,18.190000534057617,18.270000457763672,18.059999465942383,18.15999984741211,3474500
2014-07-09,14.334351539611816,18.260000228881836,18.3799991607666,18.170000076293945,18.219999313354492,2134300
2014-07-10,14.114542007446289,17.979999542236328,18.200000762939453,17.920000076293945,17.950000762939453,1391500
2014-07-11,14.287245750427246,18.200000762939453,18.209999084472656,17.850000381469727,17.899999618530273,3481800
2014-07-14,14.05959415435791,17.90999984741211,18.290000915527344,17.75,18.280000686645508,2646000
2014-07-15,14.271552085876465,18.18000030517578,18.309999465942383,17.860000610351562,17.90999984741211,3439700
2014-07-16,14.562004089355469,18.549999237060547,18.639999389648438,18.239999771118164,18.329999923706055,3590400
2014-07-17,14.405003547668457,18.350000381469727,18.6200008392334,18.299999237060547,18.399999618530273,2355000
2014-07-18,14.585556983947754,18.579999923706055,18.6200008392334,18.299999237060547,18.309999465942383,2388000
2014-07-21,16.289037704467773,20.75,20.81999969482422,19.219999313354492,19.309999465942383,19027000
2014-07-22,17.026947021484375,21.690000534057617,21.829999923706055,20.5,20.719999313354492,11288000
2014-07-23,17.10544776916504,21.790000915527344,21.8700008392334,21.600000381469727,21.770000457763672,5592400
2014-07-24,17.066198348999023,21.739999771118164,21.940000534057617,21.6200008392334,21.889999389648438,3865000
2014-07-25,17.003389358520508,21.65999984741211,21.84000015258789,21.579999923706055,21.719999313354492,3901200
2014-07-28,17.011240005493164,21.670000076293945,21.8700008392334,21.56999969482422,21.739999771118164,3238300
2014-07-29,16.8306941986084,21.440000534057617,21.799999237060547,21.43000030517578,21.799999237060547,4215900
2014-07-30,16.86209487915039,21.479999542236328,21.899999618530273,21.469999313354492,21.81999969482422,3759500
2014-07-31,16.6501407623291,21.209999084472656,21.6299991607666,21.049999237060547,21.270000457763672,4207600
2014-08-01,16.422483444213867,20.920000076293945,21.360000610351562,20.739999771118164,21.1299991607666,4136100
2014-08-04,16.995540618896484,21.649999618530273,21.65999984741211,21.1299991607666,21.6299991607666,4842700
2014-08-05,16.8306941986084,21.440000534057617,21.700000762939453,21.25,21.479999542236328,3153800
2014-08-06,16.88564682006836,21.510000228881836,21.6299991607666,21.309999465942383,21.389999389648438,2692700
2014-08-07,16.767892837524414,21.360000610351562,21.6200008392334,21.270000457763672,21.530000686645508,2324700
2014-08-08,17.128999710083008,21.81999969482422,21.84000015258789,21.299999237060547,21.309999465942383,2856100
2014-08-11,16.956295013427734,21.600000381469727,21.959999084472656,21.559999465942383,21.90999984741211,2674400
2014-08-12,17.04264259338379,21.709999084472656,21.739999771118164,21.389999389648438,21.6200008392334,2710500
2014-08-13,17.38020133972168,22.139999389648438,22.15999984741211,21.65999984741211,21.739999771118164,3704500
2014-08-14,17.403749465942383,22.170000076293945,22.200000762939453,22.020000457763672,22.149999618530273,3194800
2014-08-15,17.35664939880371,22.110000610351562,22.229999542236328,22.020000457763672,22.18000030517578,4159800
2014-08-18,17.984657287597656,22.90999984741211,22.979999542236328,22.1299991607666,22.170000076293945,5261800
2014-08-19,18.220157623291016,23.209999084472656,23.309999465942383,22.889999389648438,22.979999542236328,4765700
2014-08-20,18.1809139251709,23.15999984741211,23.280000686645508,23.06999969482422,23.190000534057617,2140900
2014-08-21,18.157367706298828,23.1299991607666,23.229999542236328,22.889999389648438,23.190000534057617,2227000
2014-08-22,18.290821075439453,23.299999237060547,23.3799991607666,22.940000534057617,23.059999465942383,2326300
2014-08-25,18.275115966796875,23.280000686645508,23.479999542236328,23.110000610351562,23.15999984741211,2729900
2014-08-26,18.53417205810547,23.610000610351562,23.709999084472656,23.190000534057617,23.260000228881836,3201500
2014-08-27,18.439971923828125,23.489999771118164,23.700000762939453,23.260000228881836,23.68000030517578,2396300
2014-08-28,18.165218353271484,23.139999389648438,23.450000762939453,23.09000015258789,23.450000762939453,2770300
2014-08-29,18.243717193603516,23.239999771118164,23.299999237060547,23.020000457763672,23.270000457763672,2551400
2014-09-02,18.220157623291016,23.209999084472656,23.3700008392334,23.18000030517578,23.350000381469727,2453800
2014-09-03,18.76182746887207,23.899999618530273,23.959999084472656,23.600000381469727,23.6200008392334,3725300
2014-09-04,18.99732780456543,24.200000762939453,24.56999969482422,23.860000610351562,23.860000610351562,4671800
2014-09-05,19.028730392456055,24.239999771118164,24.290000915527344,23.940000534057617,24.15999984741211,2403900
2014-09-08,18.620521545410156,23.719999313354492,24.3700008392334,23.639999389648438,24.239999771118164,3993300
2014-09-09,18.557722091674805,23.639999389648438,23.93000030517578,23.489999771118164,23.739999771118164,3707000
2014-09-10,18.487070083618164,23.549999237060547,23.889999389648438,23.440000534057617,23.729999542236328,3938900
2014-09-11,18.832477569580078,23.989999771118164,24.059999465942383,23.3799991607666,23.420000076293945,2017900
2014-09-12,18.65192222595215,23.760000228881836,24.010000228881836,23.709999084472656,23.920000076293945,2292700
2014-09-15,18.581279754638672,23.670000076293945,24.079999923706055,23.56999969482422,23.8700008392334,2058500
2014-09-16,18.79322624206543,23.940000534057617,24.09000015258789,23.43000030517578,23.549999237060547,3115600
2014-09-17,19.50758934020996,24.850000381469727,25.15999984741211,24.690000534057617,24.75,5782200
2014-09-18,19.58608627319336,24.950000762939453,25.510000228881836,24.860000610351562,25.3700008392334,6966700
2014-09-19,19.13077735900879,24.3700008392334,24.989999771118164,24.200000762939453,24.979999542236328,5592300
2014-09-22,18.80892562866211,23.959999084472656,24.290000915527344,23.809999465942383,24.25,3393300
2014-09-23,18.75397300720215,23.889999389648438,24.100000381469727,23.809999465942383,23.989999771118164,2691500
2014-09-24,18.32221794128418,23.34000015258789,24.0,23.06999969482422,23.989999771118164,3986800
2014-09-25,18.212316513061523,23.200000762939453,23.280000686645508,22.739999771118164,23.25,3350900
2014-09-26,18.168920516967773,23.030000686645508,23.079999923706055,22.84000015258789,23.059999465942383,2674900
2014-09-29,17.971698760986328,22.780000686645508,23.059999465942383,22.760000228881836,22.799999237060547,3127600
2014-09-30,17.83757781982422,22.610000610351562,22.8700008392334,22.399999618530273,22.780000686645508,3194800
2014-10-01,17.427339553833008,22.09000015258789,22.719999313354492,21.90999984741211,22.559999465942383,3880700
2014-10-02,17.45100212097168,22.1200008392334,22.309999465942383,21.610000610351562,21.989999771118164,4219100
2014-10-03,17.064428329467773,21.6299991607666,22.639999389648438,21.600000381469727,22.1299991607666,6569100
2014-10-06,17.040760040283203,21.600000381469727,21.969999313354492,21.43000030517578,21.790000915527344,6241900
2014-10-07,16.662080764770508,21.1200008392334,21.709999084472656,21.110000610351562,21.469999313354492,3262600
2014-10-08,17.0170955657959,21.56999969482422,21.6299991607666,20.729999542236328,21.079999923706055,4410000
2014-10-09,16.38595962524414,20.770000457763672,21.510000228881836,20.649999618530273,21.469999313354492,3806700
2014-10-10,15.739039421081543,19.950000762939453,20.959999084472656,19.940000534057617,20.719999313354492,5175900
2014-10-13,15.45502758026123,19.59000015258789,20.6299991607666,19.510000228881836,20.15999984741211,6553400
2014-10-14,15.786375999450684,20.010000228881836,20.3799991607666,19.260000228881836,19.719999313354492,6639000
2014-10-15,16.00727081298828,20.290000915527344,20.469999313354492,19.270000457763672,19.600000381469727,6486800
2014-10-16,16.52007293701172,20.940000534057617,21.15999984741211,19.75,19.81999969482422,8144100
2014-10-17,16.61474609375,21.059999465942383,21.700000762939453,20.950000762939453,21.170000076293945,4452800
2014-10-20,16.64630126953125,21.100000381469727,21.399999618530273,20.950000762939453,21.079999923706055,6249000
2014-10-21,17.27743911743164,21.899999618530273,22.700000762939453,21.239999771118164,22.700000762939453,8621600
2014-10-22,17.561458587646484,22.260000228881836,22.5,21.799999237060547,22.170000076293945,8406700
2014-10-23,17.47467803955078,22.149999618530273,22.530000686645508,21.770000457763672,22.43000030517578,5168400
2014-10-24,17.600894927978516,22.309999465942383,22.3700008392334,21.899999618530273,22.149999618530273,3124200
2014-10-27,17.269550323486328,21.889999389648438,22.139999389648438,21.75,22.020000457763672,3188400
2014-10-28,17.82179832458496,22.59000015258789,22.700000762939453,21.8799991607666,22.06999969482422,3425000
2014-10-29,17.845474243164062,22.6200008392334,23.149999618530273,22.34000015258789,22.75,4460600
2014-10-30,17.79813003540039,22.559999465942383,22.670000076293945,22.260000228881836,22.559999465942383,2677800
2014-10-31,18.15314483642578,23.010000228881836,23.200000762939453,22.479999542236328,22.760000228881836,3638000
2014-11-03,17.87701988220215,22.65999984741211,23.200000762939453,22.59000015258789,23.030000686645508,2465700
2014-11-04,17.53778648376465,22.229999542236328,22.639999389648438,21.809999465942383,22.639999389648438,3026800
2014-11-05,17.482563018798828,22.15999984741211,22.3799991607666,21.850000381469727,22.280000686645508,2880800
2014-11-06,17.47467803955078,22.149999618530273,22.350000381469727,22.010000228881836,22.200000762939453,3851200
2014-11-07,17.73501968383789,22.479999542236328,22.670000076293945,22.200000762939453,22.200000762939453,2559000
2014-11-10,17.671905517578125,22.399999618530273,22.770000457763672,22.260000228881836,22.5,2766500
2014-11-11,17.49045181274414,22.170000076293945,22.3700008392334,22.040000915527344,22.309999465942383,2225700
2014-11-12,17.679794311523438,22.40999984741211,22.489999771118164,22.09000015258789,22.1200008392334,2543300
2014-11-13,17.632455825805664,22.350000381469727,22.729999542236328,22.270000457763672,22.43000030517578,2057600
2014-11-14,17.940139770507812,22.739999771118164,22.760000228881836,22.079999923706055,22.329999923706055,2609300
2014-11-17,17.861242294311523,22.639999389648438,22.81999969482422,22.399999618530273,22.639999389648438,2320800
2014-11-18,18.003252029418945,22.81999969482422,22.920000076293945,22.6299991607666,22.780000686645508,2694700
2014-11-19,17.458890914916992,22.1299991607666,22.719999313354492,22.09000015258789,22.709999084472656,2981800
2014-11-20,17.845474243164062,22.6200008392334,22.6200008392334,21.799999237060547,21.959999084472656,2178600
2014-11-21,18.12158966064453,22.969999313354492,23.25,22.799999237060547,23.030000686645508,2774800
2014-11-24,18.105817794799805,22.950000762939453,23.18000030517578,22.8799991607666,23.020000457763672,1540500
2014-11-25,18.51605224609375,23.469999313354492,23.530000686645508,22.93000030517578,23.010000228881836,2300800
2014-11-26,18.445053100585938,23.3799991607666,23.579999923706055,23.299999237060547,23.549999237060547,1254000
2014-11-28,17.782352447509766,22.540000915527344,23.290000915527344,22.440000534057617,23.260000228881836,1460000
2014-12-01,17.364227294921875,22.010000228881836,22.540000915527344,21.969999313354492,22.530000686645508,3067000
2014-12-02,17.27743911743164,21.899999618530273,22.34000015258789,21.860000610351562,22.020000457763672,2013800
2014-12-03,18.034812927246094,22.860000610351562,23.030000686645508,22.030000686645508,22.25,2325300
2014-12-04,17.90069007873535,22.690000534057617,22.8799991607666,22.459999084472656,22.6299991607666,1746900
2014-12-05,17.89280128479004,22.68000030517578,22.8799991607666,22.479999542236328,22.68000030517578,2039500
2014-12-08,17.51412010192871,22.200000762939453,22.639999389648438,22.06999969482422,22.59000015258789,2326400
2014-12-09,17.758684158325195,22.510000228881836,22.56999969482422,21.860000610351562,22.010000228881836,3021900
2014-12-10,17.11177635192871,21.690000534057617,22.40999984741211,21.639999389648438,22.40999984741211,2034100
2014-12-11,16.811969757080078,21.309999465942383,21.809999465942383,21.270000457763672,21.600000381469727,2669600
2014-12-12,16.07038688659668,20.3700008392334,21.299999237060547,20.360000610351562,21.079999923706055,3658700
2014-12-15,15.589141845703125,19.760000228881836,20.600000381469727,19.739999771118164,20.489999771118164,5732100
2014-12-16,15.368242263793945,19.479999542236328,19.90999984741211,19.3700008392334,19.809999465942383,5913300
2014-12-17,15.841594696044922,20.079999923706055,20.1200008392334,19.229999542236328,19.520000457763672,5803100
2014-12-18,15.415578842163086,19.540000915527344,20.5,18.829999923706055,20.5,11338100
2014-12-19,15.589141845703125,19.760000228881836,19.950000762939453,19.530000686645508,19.6200008392334,6064100
2014-12-22,15.115785598754883,19.15999984741211,19.81999969482422,19.110000610351562,19.729999542236328,3687400
2014-12-23,15.257795333862305,19.34000015258789,19.610000610351562,19.139999389648438,19.299999237060547,2439000
2014-12-24,15.305127143859863,19.399999618530273,19.479999542236328,19.200000762939453,19.329999923706055,1105000
2014-12-26,15.289352416992188,19.3799991607666,19.639999389648438,19.31999969482422,19.540000915527344,1154200
2014-12-29,15.55522632598877,19.600000381469727,19.809999465942383,19.260000228881836,19.260000228881836,1811600
2014-12-30,15.944099426269531,20.09000015258789,20.219999313354492,19.75,19.75,2415700
2014-12-31,15.666324615478516,19.739999771118164,20.229999542236328,19.729999542236328,20.229999542236328,1919600
2015-01-02,15.793309211730957,19.899999618530273,20.18000030517578,19.770000457763672,19.799999237060547,2400400
2015-01-05,14.840954780578613,18.700000762939453,19.549999237060547,18.59000015258789,19.5,3476200
2015-01-06,14.412388801574707,18.15999984741211,18.770000457763672,18.049999237060547,18.709999084472656,4349400
2015-01-07,14.618732452392578,18.420000076293945,19.110000610351562,18.270000457763672,19.010000228881836,4147000
2015-01-08,15.126653671264648,19.059999465942383,19.25,18.350000381469727,18.540000915527344,4824100
2015-01-09,14.999677658081055,18.899999618530273,19.229999542236328,18.5,19.049999237060547,4113600
2015-01-12,14.420328140258789,18.170000076293945,18.969999313354492,17.81999969482422,18.790000915527344,4708800
2015-01-13,13.89652156829834,17.510000228881836,18.3799991607666,17.350000381469727,18.18000030517578,5688000
2015-01-14,13.69018268585205,17.25,17.260000228881836,16.809999465942383,17.0,5550000
2015-01-15,13.634626388549805,17.18000030517578,17.610000610351562,17.09000015258789,17.360000610351562,3808700
2015-01-16,13.769542694091797,17.350000381469727,17.399999618530273,17.1200008392334,17.18000030517578,3607900
2015-01-20,13.59494400024414,17.1299991607666,17.5,16.920000076293945,17.43000030517578,3620700
2015-01-21,13.72986125946045,17.299999237060547,17.469999313354492,16.979999542236328,17.110000610351562,4511600
2015-01-22,14.15048885345459,17.829999923706055,17.90999984741211,17.299999237060547,17.479999542236328,3072100
2015-01-23,13.507648468017578,17.020000457763672,17.809999465942383,17.020000457763672,17.729999542236328,3316700
2015-01-26,13.86478328704834,17.469999313354492,17.520000457763672,16.8799991607666,17.0,5108000
2015-01-27,14.023507118225098,17.670000076293945,17.8700008392334,17.110000610351562,17.25,3271900
2015-01-28,14.047320365905762,17.700000762939453,18.079999923706055,17.469999313354492,18.020000457763672,4575900
2015-01-29,13.436217308044434,16.93000030517578,17.600000381469727,16.510000228881836,16.8700008392334,7589400
2015-01-30,13.523516654968262,17.040000915527344,17.260000228881836,16.59000015258789,16.850000381469727,3987800
2015-02-02,13.602880477905273,17.139999389648438,17.190000534057617,16.719999313354492,17.049999237060547,3882200
2015-02-03,14.356834411621094,18.09000015258789,18.110000610351562,17.25,17.479999542236328,4678200
2015-02-04,14.293343544006348,18.010000228881836,18.1299991607666,17.610000610351562,17.90999984741211,4703800
2015-02-05,15.110782623291016,19.040000915527344,19.239999771118164,18.010000228881836,18.190000534057617,5885100
2015-02-06,15.086973190307617,19.010000228881836,19.360000610351562,18.90999984741211,19.0,5044900
2015-02-09,15.21395492553711,19.170000076293945,19.700000762939453,18.889999389648438,18.950000762939453,4143800
2015-02-10,15.166336059570312,19.110000610351562,19.229999542236328,18.649999618530273,19.229999542236328,2535100
2015-02-11,15.20602035522461,19.15999984741211,19.799999237060547,18.690000534057617,19.799999237060547,2997600
2015-02-12,15.729816436767578,19.81999969482422,19.950000762939453,19.329999923706055,19.329999923706055,5115100
2015-02-13,15.880609512329102,20.010000228881836,20.219999313354492,19.8700008392334,19.93000030517578,3595700
2015-02-17,15.650453567504883,19.719999313354492,20.030000686645508,19.6299991607666,20.020000457763672,2540000
2015-02-18,15.317131996154785,19.299999237060547,19.770000457763672,19.25,19.559999465942383,4585600
2015-02-19,15.269512176513672,19.239999771118164,19.280000686645508,18.920000076293945,19.239999771118164,2672400
2015-02-20,15.452040672302246,19.469999313354492,19.559999465942383,19.110000610351562,19.209999084472656,2412600
2015-02-23,15.459985733032227,19.479999542236328,19.5,18.899999618530273,19.149999618530273,3527600
2015-02-24,15.626646995544434,19.690000534057617,19.790000915527344,19.3700008392334,19.510000228881836,2253200
2015-02-25,14.999677658081055,18.899999618530273,19.649999618530273,18.8799991607666,19.549999237060547,4494800
2015-02-26,14.761589050292969,18.600000381469727,19.110000610351562,18.579999923706055,19.0,2480400
2015-02-27,14.460007667541504,18.219999313354492,18.760000228881836,18.170000076293945,18.540000915527344,4051300
2015-03-02,14.333022117614746,18.059999465942383,18.299999237060547,17.969999313354492,18.299999237060547,3320700
2015-03-03,14.372705459594727,18.110000610351562,18.3799991607666,17.899999618530273,17.969999313354492,3162300
2015-03-04,14.642544746398926,18.450000762939453,18.510000228881836,17.809999465942383,18.020000457763672,3855300
2015-03-05,14.888566017150879,18.760000228881836,18.829999923706055,18.190000534057617,18.489999771118164,4086600
2015-03-06,14.467937469482422,18.229999542236328,18.860000610351562,18.18000030517578,18.690000534057617,2242400
2015-03-09,14.190168380737305,17.8799991607666,18.34000015258789,17.780000686645508,18.290000915527344,3659300
2015-03-10,13.579071044921875,17.110000610351562,17.59000015258789,17.09000015258789,17.489999771118164,3382500
2015-03-11,13.975887298583984,17.610000610351562,17.719999313354492,17.190000534057617,17.270000457763672,3927100
2015-03-12,14.539369583129883,18.31999969482422,18.3799991607666,17.739999771118164,17.8700008392334,3935200
2015-03-13,14.507619857788086,18.280000686645508,18.579999923706055,17.950000762939453,18.579999923706055,2860500
2015-03-16,14.52349853515625,18.299999237060547,18.3799991607666,17.940000534057617,18.139999389648438,3359600
2015-03-17,14.785392761230469,18.6299991607666,18.719999313354492,18.139999389648438,18.139999389648438,3207500
2015-03-18,16.086952209472656,20.270000457763672,20.5,18.520000457763672,18.770000457763672,9411800
2015-03-19,15.69013786315918,19.770000457763672,20.0,19.25,20.0,5114000
2015-03-20,16.031400680541992,20.200000762939453,20.229999542236328,19.65999984741211,19.790000915527344,6260300
2015-03-23,16.19013214111328,20.399999618530273,20.540000915527344,19.989999771118164,20.049999237060547,3652400
2015-03-24,16.06314468383789,20.239999771118164,20.940000534057617,20.110000610351562,20.809999465942383,3996500
2015-03-25,16.14251136779785,20.34000015258789,20.93000030517578,20.329999923706055,20.780000686645508,4192000
2015-03-26,15.880609512329102,20.010000228881836,20.610000610351562,19.84000015258789,20.3700008392334,4150900
2015-03-27,15.583331108093262,19.5,19.889999389648438,19.450000762939453,19.889999389648438,3566200
2015-03-30,16.15871238708496,20.219999313354492,20.270000457763672,19.56999969482422,19.56999969482422,2622500
2015-03-31,16.062814712524414,20.100000381469727,20.15999984741211,19.760000228881836,20.020000457763672,3410100
2015-04-01,15.807086944580078,19.780000686645508,20.030000686645508,19.5,19.770000457763672,4472700
2015-04-02,16.326534271240234,20.43000030517578,20.520000457763672,19.600000381469727,19.770000457763672,2592300
2015-04-06,15.998878479003906,20.020000457763672,20.450000762939453,19.940000534057617,20.360000610351562,3809100
2015-04-07,16.238622665405273,20.31999969482422,20.540000915527344,19.93000030517578,19.989999771118164,3177000
2015-04-08,16.318538665771484,20.420000076293945,20.690000534057617,20.049999237060547,20.489999771118164,2650600
2015-04-09,16.542299270629883,20.700000762939453,20.790000915527344,20.290000915527344,20.3700008392334,3428800
2015-04-10,16.470380783081055,20.610000610351562,20.799999237060547,20.510000228881836,20.6299991607666,1617300
2015-04-13,16.406444549560547,20.530000686645508,20.690000534057617,20.31999969482422,20.559999465942383,2053500
2015-04-14,16.782039642333984,21.0,21.040000915527344,20.540000915527344,20.639999389648438,3409300
2015-04-15,16.973844528198242,21.239999771118164,21.520000457763672,21.059999465942383,21.110000610351562,5588700
2015-04-16,16.71811294555664,20.920000076293945,21.3799991607666,20.920000076293945,21.31999969482422,3920000
2015-04-17,16.33452796936035,20.440000534057617,20.649999618530273,20.200000762939453,20.559999465942383,3937800
2015-04-20,16.686147689819336,20.8799991607666,21.049999237060547,20.559999465942383,20.579999923706055,4529900
2015-04-21,17.00580596923828,21.280000686645508,21.65999984741211,20.579999923706055,20.920000076293945,6519000
2015-04-22,17.0137939453125,21.290000915527344,21.389999389648438,21.079999923706055,21.389999389648438,3280400
2015-04-23,17.565210342407227,21.979999542236328,22.149999618530273,20.010000228881836,21.270000457763672,5585900
2015-04-24,17.469310760498047,21.860000610351562,22.190000534057617,21.739999771118164,22.190000534057617,4167100
2015-04-27,17.469310760498047,21.860000610351562,22.290000915527344,21.790000915527344,21.950000762939453,2750300
2015-04-28,17.764989852905273,22.229999542236328,22.389999389648438,21.65999984741211,21.8799991607666,4331000
2015-04-29,17.565210342407227,21.979999542236328,22.149999618530273,21.68000030517578,21.940000534057617,3504600
2015-04-30,17.685075759887695,22.1299991607666,22.360000610351562,21.399999618530273,21.469999313354492,3719600
2015-05-01,17.637130737304688,22.06999969482422,22.399999618530273,21.799999237060547,22.360000610351562,2437500
2015-05-04,17.812944412231445,22.290000915527344,22.440000534057617,21.959999084472656,22.170000076293945,2619100
2015-05-05,17.589183807373047,22.010000228881836,22.600000381469727,21.799999237060547,22.219999313354492,4405300
2015-05-06,17.333452224731445,21.690000534057617,22.200000762939453,21.549999237060547,22.149999618530273,2420300
2015-05-07,17.397390365600586,21.770000457763672,21.899999618530273,21.31999969482422,21.690000534057617,2185800
2015-05-08,17.613157272338867,22.040000915527344,22.25,21.93000030517578,22.020000457763672,1955800
2015-05-11,17.52524757385254,21.93000030517578,22.299999237060547,21.899999618530273,21.959999084472656,2322200
2015-05-12,17.27751350402832,21.6200008392334,21.989999771118164,21.59000015258789,21.8700008392334,2926400
2015-05-13,17.3893985748291,21.760000228881836,21.940000534057617,21.639999389648438,21.649999618530273,1760200
2015-05-14,17.421361923217773,21.799999237060547,22.100000381469727,21.780000686645508,22.0,2623300
2015-05-15,17.309473037719727,21.65999984741211,21.889999389648438,21.6200008392334,21.829999923706055,1685600
2015-05-18,17.333452224731445,21.690000534057617,21.709999084472656,21.420000076293945,21.559999465942383,1931800
2015-05-19,17.021785736083984,21.299999237060547,21.670000076293945,21.09000015258789,21.6299991607666,1585700
2015-05-20,17.053754806518555,21.34000015258789,21.479999542236328,21.09000015258789,21.360000610351562,1592900
2015-05-21,16.925888061523438,21.18000030517578,21.399999618530273,20.979999542236328,21.3700008392334,1704400
2015-05-22,17.381404876708984,21.75,21.969999313354492,20.8700008392334,21.15999984741211,3551000
2015-05-26,17.2375545501709,21.56999969482422,21.790000915527344,21.040000915527344,21.729999542236328,2770000
2015-05-27,17.4932861328125,21.889999389648438,22.110000610351562,21.469999313354492,21.610000610351562,2143600
2015-05-28,17.349437713623047,21.709999084472656,21.899999618530273,21.530000686645508,21.809999465942383,1714100
2015-05-29,17.429344177246094,21.809999465942383,22.049999237060547,21.549999237060547,21.65999984741211,1940700
2015-06-01,17.54123306274414,21.950000762939453,22.049999237060547,21.600000381469727,22.0,2492700
2015-06-02,17.916828155517578,22.420000076293945,22.690000534057617,21.90999984741211,21.90999984741211,2563700
2015-06-03,17.97277069091797,22.489999771118164,23.170000076293945,22.290000915527344,22.3700008392334,3347500
2015-06-04,17.74102020263672,22.200000762939453,22.549999237060547,22.049999237060547,22.389999389648438,1409400
2015-06-05,17.717050552368164,22.170000076293945,22.219999313354492,21.8700008392334,22.139999389648438,1713100
2015-06-08,17.421361923217773,21.799999237060547,22.239999771118164,21.690000534057617,22.209999084472656,1537700
2015-06-09,17.453327178955078,21.84000015258789,21.989999771118164,21.68000030517578,21.81999969482422,1727800
2015-06-10,17.517250061035156,21.920000076293945,22.18000030517578,21.829999923706055,22.020000457763672,2566400
2015-06-11,17.309473037719727,21.65999984741211,22.200000762939453,21.56999969482422,21.969999313354492,2554800
2015-06-12,17.397390365600586,21.770000457763672,21.84000015258789,21.350000381469727,21.549999237060547,2155300
2015-06-15,16.989826202392578,21.260000228881836,21.559999465942383,20.93000030517578,21.559999465942383,3289800
2015-06-16,17.085721969604492,21.3799991607666,21.549999237060547,21.040000915527344,21.170000076293945,1234800
2015-06-17,17.045761108398438,21.329999923706055,21.489999771118164,20.989999771118164,21.450000762939453,1118600
2015-06-18,17.14965057373047,21.459999084472656,21.59000015258789,20.969999313354492,21.219999313354492,1780500
2015-06-19,17.09370994567871,21.389999389648438,21.65999984741211,21.31999969482422,21.479999542236328,1441400
2015-06-22,17.373409271240234,21.739999771118164,22.18000030517578,21.520000457763672,21.8799991607666,3818500
2015-06-23,17.86089324951172,22.350000381469727,22.420000076293945,21.540000915527344,21.799999237060547,4576500
2015-06-24,17.82093620300293,22.299999237060547,22.610000610351562,22.079999923706055,22.34000015258789,2235100
2015-06-25,17.701061248779297,22.149999618530273,22.489999771118164,22.040000915527344,22.329999923706055,1681200
2015-06-26,17.731613159179688,22.049999237060547,22.350000381469727,21.799999237060547,22.110000610351562,3961100
2015-06-29,17.176748275756836,21.360000610351562,22.15999984741211,21.329999923706055,22.059999465942383,2070400
2015-06-30,16.662086486816406,20.719999313354492,21.639999389648438,20.6200008392334,21.520000457763672,3714900
2015-07-01,16.77467155456543,20.860000610351562,21.139999389648438,20.639999389648438,20.809999465942383,1997700
2015-07-02,16.44496726989746,20.450000762939453,20.940000534057617,20.229999542236328,20.809999465942383,2995300
2015-07-06,16.14742660522461,20.079999923706055,20.420000076293945,19.829999923706055,20.170000076293945,3310800
2015-07-07,16.22785186767578,20.18000030517578,20.209999084472656,18.950000762939453,19.899999618530273,8358200
2015-07-08,15.785572052001953,19.6299991607666,20.219999313354492,19.600000381469727,20.049999237060547,3442200
2015-07-09,15.584525108337402,19.3799991607666,20.020000457763672,19.290000915527344,19.81999969482422,3244300
2015-07-10,15.777520179748535,19.6200008392334,19.899999618530273,19.489999771118164,19.790000915527344,2036400
2015-07-13,16.11526870727539,20.040000915527344,20.239999771118164,19.559999465942383,19.799999237060547,2143000
2015-07-14,16.083097457885742,20.0,20.200000762939453,19.780000686645508,20.06999969482422,1597100
2015-07-15,15.857938766479492,19.719999313354492,20.1299991607666,19.510000228881836,19.889999389648438,2346400
2015-07-16,15.737316131591797,19.56999969482422,19.889999389648438,19.510000228881836,19.799999237060547,1872600
2015-07-17,15.415655136108398,19.170000076293945,19.729999542236328,19.1200008392334,19.6200008392334,2638700
2015-07-20,15.102035522460938,18.780000686645508,19.329999923706055,18.709999084472656,19.06999969482422,4577000
2015-07-21,15.592565536499023,19.389999389648438,20.6200008392334,18.93000030517578,19.0,9007800
2015-07-22,15.793601989746094,19.639999389648438,19.84000015258789,19.079999923706055,19.200000762939453,3155400
2015-07-23,15.745356559753418,19.579999923706055,20.030000686645508,19.489999771118164,19.860000610351562,2186900
2015-07-24,15.174407958984375,18.8700008392334,19.530000686645508,18.770000457763672,19.450000762939453,3904600
2015-07-27,15.31110954284668,19.040000915527344,19.25,18.540000915527344,18.729999542236328,4641500
2015-07-28,16.13135528564453,20.059999465942383,20.389999389648438,19.139999389648438,19.25,5671100
2015-07-29,16.605796813964844,20.649999618530273,20.690000534057617,19.889999389648438,20.06999969482422,4656700
2015-07-30,16.412803649902344,20.40999984741211,20.850000381469727,20.229999542236328,20.700000762939453,2682500
2015-07-31,16.107229232788086,20.030000686645508,20.639999389648438,19.90999984741211,20.479999542236328,2207700
2015-08-03,16.46105194091797,20.469999313354492,20.639999389648438,19.65999984741211,19.950000762939453,3261600
2015-08-04,16.766632080078125,20.850000381469727,20.8700008392334,20.139999389648438,20.559999465942383,2568800
2015-08-05,17.136545181274414,21.309999465942383,21.549999237060547,21.0,21.18000030517578,3120900
2015-08-06,17.08829116821289,21.25,21.709999084472656,21.110000610351562,21.299999237060547,2993500
2015-08-07,16.83096694946289,20.93000030517578,21.459999084472656,20.760000228881836,21.059999465942383,2512200
2015-08-10,17.42603874206543,21.670000076293945,21.729999542236328,20.729999542236328,20.950000762939453,2476900
2015-08-11,16.814876556396484,20.90999984741211,21.309999465942383,20.639999389648438,21.299999237060547,2495000
2015-08-12,16.30826187133789,20.280000686645508,20.68000030517578,19.809999465942383,20.68000030517578,3052900
2015-08-13,16.3967227935791,20.389999389648438,20.479999542236328,20.06999969482422,20.260000228881836,1329800
2015-08-14,16.806846618652344,20.899999618530273,20.959999084472656,20.299999237060547,20.40999984741211,2015000
2015-08-17,17.184795379638672,21.3700008392334,21.3799991607666,20.549999237060547,20.770000457763672,2395500
2015-08-18,16.935503005981445,21.059999465942383,21.450000762939453,20.969999313354492,21.260000228881836,1575300
2015-08-19,16.3967227935791,20.389999389648438,21.06999969482422,20.31999969482422,20.860000610351562,2343600
2015-08-20,15.87402629852295,19.739999771118164,21.020000457763672,19.59000015258789,20.350000381469727,3135900
2015-08-21,15.238737106323242,18.950000762939453,19.610000610351562,18.90999984741211,19.59000015258789,4512800
2015-08-24,14.691911697387695,18.270000457763672,19.1299991607666,17.649999618530273,18.549999237060547,4234800
2015-08-25,14.490877151489258,18.020000457763672,19.100000381469727,18.010000228881836,19.0,3107400
2015-08-26,14.716033935546875,18.299999237060547,18.360000610351562,17.8700008392334,18.190000534057617,2596800
2015-08-27,15.656900405883789,19.469999313354492,19.510000228881836,18.469999313354492,18.729999542236328,2548400
2015-08-28,15.769479751586914,19.610000610351562,20.040000915527344,19.100000381469727,19.280000686645508,3406800
2015-08-31,15.664941787719727,19.479999542236328,19.59000015258789,19.15999984741211,19.43000030517578,2401300
2015-09-01,15.11811351776123,18.799999237060547,19.360000610351562,18.649999618530273,18.93000030517578,2693900
2015-09-02,15.63277530670166,19.440000534057617,19.469999313354492,18.93000030517578,19.139999389648438,3060100
2015-09-03,15.463899612426758,19.229999542236328,20.149999618530273,19.059999465942383,19.530000686645508,3121400
2015-09-04,15.037700653076172,18.700000762939453,19.049999237060547,18.559999465942383,18.920000076293945,2983100
2015-09-08,15.785572052001953,19.6299991607666,19.639999389648438,18.760000228881836,19.110000610351562,3468600
2015-09-09,15.431735038757324,19.190000534057617,20.030000686645508,19.079999923706055,20.030000686645508,2645900
2015-09-10,15.30307388305664,19.030000686645508,19.299999237060547,18.799999237060547,19.110000610351562,2952300
2015-09-11,15.11811351776123,18.799999237060547,19.06999969482422,18.549999237060547,18.899999618530273,2456200
2015-09-14,14.555203437805176,18.100000381469727,18.709999084472656,17.969999313354492,18.690000534057617,3352900
2015-09-15,14.474788665771484,18.0,18.290000915527344,17.969999313354492,18.09000015258789,4025700
2015-09-16,14.627579689025879,18.190000534057617,18.479999542236328,17.8799991607666,18.079999923706055,3547800
2015-09-17,14.474788665771484,18.0,18.440000534057617,17.920000076293945,18.149999618530273,3730600
2015-09-18,14.386334419250488,17.889999389648438,18.040000915527344,17.510000228881836,17.799999237060547,4346800
2015-09-21,14.410456657409668,17.920000076293945,18.18000030517578,17.65999984741211,17.920000076293945,3641700
2015-09-22,13.936004638671875,17.329999923706055,17.690000534057617,17.020000457763672,17.450000762939453,4131400
2015-09-23,13.686718940734863,17.020000457763672,17.489999771118164,16.700000762939453,17.459999084472656,3950600
2015-09-24,14.137043952941895,17.579999923706055,17.719999313354492,16.860000610351562,16.959999084472656,4521500
2015-09-25,13.871676445007324,17.25,17.829999923706055,17.149999618530273,17.690000534057617,3018300
2015-09-28,13.529586791992188,16.690000534057617,16.989999771118164,16.520000457763672,16.850000381469727,3016400
2015-09-29,13.643074035644531,16.829999923706055,17.170000076293945,16.610000610351562,16.8700008392334,2850300
2015-09-30,13.926798820495605,17.18000030517578,17.270000457763672,16.8700008392334,17.110000610351562,2305400
2015-10-01,13.943012237548828,17.200000762939453,17.450000762939453,16.899999618530273,17.18000030517578,2284300
2015-10-02,14.42939567565918,17.799999237060547,17.850000381469727,16.8799991607666,16.979999542236328,3575700
2015-10-05,14.73744010925293,18.18000030517578,18.200000762939453,17.850000381469727,17.850000381469727,4829000
2015-10-06,14.72933292388916,18.170000076293945,18.600000381469727,18.139999389648438,18.239999771118164,3659000
2015-10-07,15.345419883728027,18.93000030517578,18.940000534057617,17.920000076293945,18.450000762939453,6377500
2015-10-08,15.46701717376709,19.079999923706055,19.290000915527344,18.6299991607666,18.760000228881836,3563800
2015-10-09,15.475120544433594,19.09000015258789,19.420000076293945,18.780000686645508,19.329999923706055,2693200
2015-10-12,15.46701717376709,19.079999923706055,19.100000381469727,18.770000457763672,19.100000381469727,1885100
2015-10-13,15.499438285827637,19.1200008392334,19.489999771118164,18.709999084472656,18.8700008392334,2610900
2015-10-14,15.523761749267578,19.149999618530273,19.709999084472656,18.989999771118164,19.540000915527344,2971700
2015-10-15,15.70210075378418,19.3700008392334,19.440000534057617,18.989999771118164,19.139999389648438,1851900
2015-10-16,15.353522300720215,18.940000534057617,19.469999313354492,18.8700008392334,19.34000015258789,3336300
2015-10-19,14.67258358001709,18.100000381469727,18.809999465942383,17.8700008392334,18.809999465942383,6564200
2015-10-20,14.469929695129395,17.850000381469727,18.549999237060547,17.610000610351562,17.610000610351562,5115700
2015-10-21,14.340224266052246,17.690000534057617,18.049999237060547,17.639999389648438,17.850000381469727,3588800
2015-10-22,14.9644193649292,18.459999084472656,18.59000015258789,17.56999969482422,17.799999237060547,2782200
2015-10-23,15.175185203552246,18.719999313354492,18.969999313354492,18.549999237060547,18.670000076293945,2106400
2015-10-26,14.810397148132324,18.270000457763672,18.719999313354492,18.200000762939453,18.719999313354492,2100500
2015-10-27,14.83471393585205,18.299999237060547,18.450000762939453,18.06999969482422,18.209999084472656,2250600
2015-10-28,15.126542091369629,18.65999984741211,18.75,18.059999465942383,18.299999237060547,3199800
2015-10-29,15.045480728149414,18.559999465942383,18.700000762939453,18.43000030517578,18.510000228881836,1444900
2015-10-30,14.972521781921387,18.469999313354492,18.739999771118164,18.43000030517578,18.690000534057617,1871200
2015-11-02,15.669673919677734,19.329999923706055,19.40999984741211,18.309999465942383,18.479999542236328,2875100
2015-11-03,15.086015701293945,18.610000610351562,19.40999984741211,18.420000076293945,19.139999389648438,4625000
2015-11-04,14.940098762512207,18.43000030517578,18.799999237060547,18.06999969482422,18.799999237060547,2749100
2015-11-05,14.89956283569336,18.3799991607666,18.75,18.139999389648438,18.350000381469727,1951900
2015-11-06,14.875246047973633,18.350000381469727,18.549999237060547,17.84000015258789,18.18000030517578,3029900
2015-11-09,14.372648239135742,17.729999542236328,18.40999984741211,17.610000610351562,18.350000381469727,2377800
2015-11-10,13.861944198608398,17.100000381469727,17.959999084472656,17.09000015258789,17.719999313354492,6406200
2015-11-11,13.967329025268555,17.229999542236328,17.299999237060547,16.610000610351562,17.260000228881836,3773000
2015-11-12,13.821409225463867,17.049999237060547,17.209999084472656,16.700000762939453,16.920000076293945,3508300
2015-11-13,13.983542442321777,17.25,17.43000030517578,17.020000457763672,17.100000381469727,2037300
2015-11-16,14.105135917663574,17.399999618530273,17.489999771118164,16.940000534057617,17.190000534057617,2166800
2015-11-17,13.99975299835205,17.270000457763672,17.520000457763672,17.079999923706055,17.360000610351562,2092800
2015-11-18,14.60774040222168,18.020000457763672,18.100000381469727,17.110000610351562,17.469999313354492,3121600
2015-11-19,14.486141204833984,17.8700008392334,18.200000762939453,17.3799991607666,17.780000686645508,1512000
2015-11-20,14.315908432006836,17.65999984741211,18.049999237060547,17.5,17.979999542236328,1942200
2015-11-23,14.0889253616333,17.3799991607666,17.940000534057617,17.360000610351562,17.6299991607666,1455000
2015-11-24,14.437500953674316,17.809999465942383,17.989999771118164,17.309999465942383,17.309999465942383,2263300
2015-11-25,14.0889253616333,17.3799991607666,17.8799991607666,17.360000610351562,17.809999465942383,1903300
2015-11-27,14.186203956604004,17.5,17.559999465942383,17.219999313354492,17.239999771118164,813900
2015-11-30,14.097034454345703,17.389999389648438,17.709999084472656,17.100000381469727,17.520000457763672,3169900
2015-12-01,14.202414512634277,17.520000457763672,17.56999969482422,17.280000686645508,17.40999984741211,1943200
2015-12-02,13.967329025268555,17.229999542236328,17.5,17.170000076293945,17.3799991607666,1959500
2015-12-03,13.724139213562012,16.93000030517578,17.3700008392334,16.760000228881836,17.350000381469727,2482100
2015-12-04,13.853839874267578,17.09000015258789,17.239999771118164,16.760000228881836,17.0,2791700
2015-12-07,13.529586791992188,16.690000534057617,16.969999313354492,16.3799991607666,16.93000030517578,3003900
2015-12-08,13.424201965332031,16.559999465942383,16.65999984741211,16.229999542236328,16.3799991607666,3231000
2015-12-09,13.448522567749023,16.59000015258789,17.079999923706055,16.540000915527344,16.649999618530273,4076900
2015-12-10,14.242947578430176,17.56999969482422,17.68000030517578,16.56999969482422,16.59000015258789,3487700
2015-12-11,13.951116561889648,17.209999084472656,17.5,17.059999465942383,17.209999084472656,2983500
2015-12-14,14.007864952087402,17.280000686645508,17.709999084472656,17.200000762939453,17.399999618530273,3115200
2015-12-15,13.732245445251465,16.940000534057617,17.469999313354492,16.75,17.40999984741211,3890200
2015-12-16,13.626860618591309,16.809999465942383,17.100000381469727,16.309999465942383,17.100000381469727,4148700
2015-12-17,13.788989067077637,17.010000228881836,17.329999923706055,16.3700008392334,16.790000915527344,5082300
2015-12-18,13.716032981872559,16.920000076293945,17.290000915527344,16.920000076293945,16.969999313354492,5605300
2015-12-21,14.007864952087402,17.280000686645508,17.3700008392334,16.950000762939453,17.139999389648438,2647900
2015-12-22,14.502352714538574,17.889999389648438,17.93000030517578,17.219999313354492,17.25,3765900
2015-12-23,14.688803672790527,18.1200008392334,18.709999084472656,17.899999618530273,18.110000610351562,3558200
2015-12-24,14.721231460571289,18.15999984741211,18.290000915527344,17.93000030517578,18.110000610351562,761400
2015-12-28,14.575307846069336,17.979999542236328,18.06999969482422,17.639999389648438,18.020000457763672,1810100
2015-12-29,14.777905464172363,18.09000015258789,18.329999923706055,17.799999237060547,17.940000534057617,1675900
2015-12-30,14.663535118103027,17.950000762939453,18.15999984741211,17.829999923706055,17.940000534057617,1310300
2015-12-31,14.598184585571289,17.8700008392334,18.110000610351562,17.75,17.889999389648438,1886600
2016-01-04,14.508319854736328,17.760000228881836,17.889999389648438,17.469999313354492,17.6200008392334,2732200
2016-01-05,14.54100227355957,17.799999237060547,17.989999771118164,17.610000610351562,17.790000915527344,2995000
2016-01-06,14.295928955078125,17.5,17.8700008392334,17.43000030517578,17.59000015258789,5010200
2016-01-07,14.034517288208008,17.18000030517578,17.510000228881836,16.889999389648438,17.139999389648438,5483200
2016-01-08,13.519862174987793,16.549999237060547,17.31999969482422,16.530000686645508,17.280000686645508,3625300
2016-01-11,13.282958030700684,16.260000228881836,16.770000457763672,16.09000015258789,16.6299991607666,3076800
2016-01-12,13.683243751525879,16.75,16.809999465942383,16.149999618530273,16.329999923706055,4423100
2016-01-13,13.405495643615723,16.40999984741211,17.06999969482422,16.25,16.93000030517578,4218000
2016-01-14,13.642399787902832,16.700000762939453,16.84000015258789,16.350000381469727,16.510000228881836,2914600
2016-01-15,13.029715538024902,15.949999809265137,16.3799991607666,15.720000267028809,16.219999313354492,4273000
2016-01-19,13.299297332763672,16.280000686645508,16.5,16.030000686645508,16.139999389648438,4281400
2016-01-20,12.97253131866455,15.880000114440918,16.139999389648438,15.319999694824219,15.979999542236328,4328000
2016-01-21,12.956194877624512,15.859999656677246,16.260000228881836,15.600000381469727,15.600000381469727,4076100
2016-01-22,13.233946800231934,16.200000762939453,16.260000228881836,15.739999771118164,16.219999313354492,4871200
2016-01-25,13.037883758544922,15.960000038146973,16.34000015258789,15.899999618530273,16.09000015258789,4900700
2016-01-26,13.830290794372559,16.93000030517578,17.110000610351562,16.149999618530273,16.200000762939453,7154100
2016-01-27,13.642399787902832,16.700000762939453,17.270000457763672,16.59000015258789,16.75,4785600
2016-01-28,14.230572700500488,17.420000076293945,17.479999542236328,16.68000030517578,16.940000534057617,3745900
2016-01-29,14.990299224853516,18.350000381469727,18.350000381469727,17.3799991607666,17.3799991607666,4697900
2016-02-01,14.679875373840332,17.969999313354492,18.280000686645508,17.700000762939453,18.280000686645508,3760600
2016-02-02,14.328605651855469,17.540000915527344,17.940000534057617,17.510000228881836,17.770000457763672,2612500
2016-02-03,15.210871696472168,18.6200008392334,18.690000534057617,17.59000015258789,17.799999237060547,4382600
2016-02-04,15.398758888244629,18.850000381469727,19.43000030517578,18.559999465942383,18.6200008392334,4277800
2016-02-05,14.835091590881348,18.15999984741211,19.200000762939453,17.510000228881836,17.510000228881836,3622100
2016-02-08,14.524663925170898,17.780000686645508,18.100000381469727,17.469999313354492,17.959999084472656,3010600
2016-02-09,14.165220260620117,17.34000015258789,17.690000534057617,17.100000381469727,17.479999542236328,4510100
2016-02-10,14.451138496398926,17.690000534057617,17.860000610351562,17.329999923706055,17.34000015258789,2887100
2016-02-11,14.41029167175293,17.639999389648438,17.850000381469727,17.139999389648438,17.360000610351562,2742800
2016-02-12,14.973959922790527,18.329999923706055,18.43000030517578,17.860000610351562,17.93000030517578,2972200
2016-02-16,15.170023918151855,18.56999969482422,18.770000457763672,18.200000762939453,18.59000015258789,2337300
2016-02-17,15.251710891723633,18.670000076293945,19.059999465942383,18.510000228881836,18.760000228881836,2878600
2016-02-18,14.614521026611328,17.889999389648438,18.68000030517578,17.81999969482422,18.68000030517578,4149900
2016-02-19,14.590014457702637,17.860000610351562,18.020000457763672,17.600000381469727,17.850000381469727,2330100
2016-02-22,14.998468399047852,18.360000610351562,18.510000228881836,18.15999984741211,18.219999313354492,2602100
2016-02-23,14.304097175598145,17.510000228881836,18.229999542236328,17.420000076293945,18.15999984741211,3583000
2016-02-24,14.491988182067871,17.739999771118164,17.84000015258789,16.889999389648438,17.260000228881836,5915800
2016-02-25,14.84325885772705,18.170000076293945,18.31999969482422,17.0,17.709999084472656,3747700
2016-02-26,14.794240951538086,18.110000610351562,18.489999771118164,17.899999618530273,18.309999465942383,2542600
2016-02-29,14.859594345092773,18.190000534057617,18.329999923706055,18.010000228881836,18.209999084472656,2943000
2016-03-01,15.774532318115234,19.309999465942383,19.3700008392334,18.270000457763672,18.510000228881836,3935600
2016-03-02,16.75482940673828,20.510000228881836,20.540000915527344,19.40999984741211,19.510000228881836,5915600
2016-03-03,16.428064346313477,20.110000610351562,20.780000686645508,20.040000915527344,20.440000534057617,4619000
2016-03-04,16.150310516357422,19.770000457763672,20.290000915527344,19.479999542236328,19.920000076293945,5724200
2016-03-07,16.88553237915039,20.670000076293945,20.690000534057617,19.389999389648438,19.860000610351562,3364800
2016-03-08,16.599611282348633,20.31999969482422,20.969999313354492,20.18000030517578,20.6299991607666,4700300
2016-03-09,16.640457153320312,20.3700008392334,20.649999618530273,20.020000457763672,20.479999542236328,3120100
2016-03-10,17.29398536682129,21.170000076293945,21.190000534057617,20.3700008392334,20.3799991607666,3449500
2016-03-11,17.318492889404297,21.200000762939453,21.56999969482422,20.8799991607666,21.420000076293945,2309300
2016-03-14,17.408353805541992,21.309999465942383,21.600000381469727,20.610000610351562,20.969999313354492,3833000
2016-03-15,17.089757919311523,20.920000076293945,21.309999465942383,20.799999237060547,21.079999923706055,3185700
2016-03-16,17.702436447143555,21.670000076293945,21.729999542236328,20.719999313354492,21.0,3810400
2016-03-17,18.021032333374023,22.059999465942383,22.190000534057617,21.40999984741211,21.770000457763672,3440400
2016-03-18,17.882164001464844,21.889999389648438,22.56999969482422,21.770000457763672,22.170000076293945,4382500
2016-03-21,18.045543670654297,22.09000015258789,22.170000076293945,21.59000015258789,21.920000076293945,2326500
2016-03-22,18.102725982666016,22.15999984741211,22.350000381469727,21.739999771118164,21.959999084472656,1788100
2016-03-23,17.898502349853516,21.90999984741211,22.399999618530273,21.790000915527344,22.1299991607666,3474300
2016-03-24,18.315122604370117,22.420000076293945,22.43000030517578,21.59000015258789,21.709999084472656,2936000
2016-03-28,18.24160385131836,22.329999923706055,22.469999313354492,22.09000015258789,22.420000076293945,1526700
2016-03-29,18.562210083007812,22.579999923706055,22.6200008392334,21.920000076293945,22.09000015258789,2635200
2016-03-30,18.76772117614746,22.829999923706055,22.920000076293945,22.479999542236328,22.790000915527344,2528200
2016-03-31,18.50466537475586,22.510000228881836,22.90999984741211,22.469999313354492,22.770000457763672,2276600
2016-04-01,18.907472610473633,23.0,23.0,21.56999969482422,22.1200008392334,3346500
2016-04-04,18.455339431762695,22.450000762939453,23.15999984741211,22.440000534057617,23.0,3020300
2016-04-05,18.54576873779297,22.559999465942383,22.760000228881836,22.299999237060547,22.450000762939453,4114400
2016-04-06,18.751279830932617,22.809999465942383,22.959999084472656,22.440000534057617,22.559999465942383,2852500
2016-04-07,18.38957405090332,22.3700008392334,22.700000762939453,22.190000534057617,22.639999389648438,2756600
2016-04-08,18.685518264770508,22.729999542236328,22.93000030517578,22.5,22.709999084472656,1995900
2016-04-11,18.89103126525879,22.979999542236328,23.420000076293945,22.739999771118164,22.899999618530273,4943300
2016-04-12,19.154090881347656,23.299999237060547,23.389999389648438,22.860000610351562,23.09000015258789,3287900
2016-04-13,19.45825958251953,23.670000076293945,23.8799991607666,23.5,23.5,2752700
2016-04-14,19.52402687072754,23.75,23.850000381469727,23.489999771118164,23.649999618530273,2656400
2016-04-15,19.893951416015625,24.200000762939453,24.209999084472656,23.489999771118164,23.690000534057617,3169000
2016-04-18,19.80351448059082,24.09000015258789,24.389999389648438,24.0,24.049999237060547,3982000
2016-04-19,20.18167495727539,24.549999237060547,24.600000381469727,24.260000228881836,24.389999389648438,3794700
2016-04-20,20.124130249023438,24.479999542236328,24.829999923706055,24.059999465942383,24.559999465942383,4515700
2016-04-21,20.255659103393555,24.639999389648438,25.0,24.420000076293945,24.729999542236328,5855300
2016-04-22,20.22277069091797,24.600000381469727,25.06999969482422,24.3799991607666,24.739999771118164,4391200
2016-04-25,19.87751007080078,24.18000030517578,24.68000030517578,24.040000915527344,24.43000030517578,3381600
2016-04-26,20.173452377319336,24.540000915527344,24.56999969482422,23.780000686645508,24.290000915527344,3355400
2016-04-27,20.60914421081543,25.06999969482422,25.06999969482422,24.030000686645508,24.18000030517578,3600100
2016-04-28,20.263877868652344,24.649999618530273,25.219999313354492,24.549999237060547,25.049999237060547,3294600
2016-04-29,20.724227905273438,25.209999084472656,25.229999542236328,24.3700008392334,24.68000030517578,6434100
2016-05-02,20.806442260742188,25.309999465942383,25.420000076293945,25.010000228881836,25.260000228881836,6342100
2016-05-03,20.263877868652344,24.649999618530273,24.920000076293945,24.270000457763672,24.920000076293945,5942900
2016-05-04,20.35430335998535,24.760000228881836,25.049999237060547,24.399999618530273,24.5,2691400
2016-05-05,20.428293228149414,24.850000381469727,25.110000610351562,24.579999923706055,24.940000534057617,3882800
2016-05-06,20.502277374267578,24.940000534057617,25.110000610351562,24.360000610351562,24.700000762939453,2345400
2016-05-09,19.35961151123047,23.549999237060547,24.649999618530273,23.489999771118164,24.649999618530273,7695300
2016-05-10,19.811750411987305,24.100000381469727,24.15999984741211,23.540000915527344,23.65999984741211,4745800
2016-05-11,19.926834106445312,24.239999771118164,24.469999313354492,24.040000915527344,24.1200008392334,2794900
2016-05-12,19.639114379882812,23.889999389648438,24.479999542236328,23.700000762939453,24.350000381469727,3915900
2016-05-13,19.754199981689453,24.030000686645508,24.200000762939453,23.600000381469727,23.860000610351562,5028900
2016-05-16,20.115915298461914,24.469999313354492,24.8700008392334,24.1299991607666,24.15999984741211,4285500
2016-05-17,19.59800910949707,23.84000015258789,24.530000686645508,23.770000457763672,24.420000076293945,3757800
2016-05-18,19.030778884887695,23.149999618530273,23.969999313354492,23.0,23.6200008392334,4723100
2016-05-19,19.48291778564453,23.700000762939453,23.850000381469727,22.6200008392334,22.860000610351562,3843000
2016-05-20,19.269182205200195,23.440000534057617,24.0,23.389999389648438,23.850000381469727,3320300
2016-05-23,19.713098526000977,23.979999542236328,24.1299991607666,23.309999465942383,23.389999389648438,2562100
2016-05-24,19.910396575927734,24.219999313354492,24.489999771118164,23.90999984741211,24.1299991607666,4446400
2016-05-25,20.22277069091797,24.600000381469727,24.760000228881836,24.010000228881836,24.25,3220400
2016-05-26,20.33786392211914,24.739999771118164,25.389999389648438,24.649999618530273,24.989999771118164,3642600
2016-05-27,20.263877868652344,24.649999618530273,24.799999237060547,24.18000030517578,24.639999389648438,2350000
2016-05-31,20.29676628112793,24.690000534057617,25.09000015258789,24.549999237060547,24.65999984741211,1867500
2016-06-01,20.280323028564453,24.670000076293945,24.739999771118164,24.280000686645508,24.43000030517578,1774000
2016-06-02,20.485837936401367,24.920000076293945,24.920000076293945,24.399999618530273,24.469999313354492,1834400
2016-06-03,20.773555755615234,25.270000457763672,25.31999969482422,24.700000762939453,25.0,3552500
2016-06-06,20.954416275024414,25.489999771118164,25.610000610351562,25.15999984741211,25.15999984741211,2201100
2016-06-07,20.9872989654541,25.530000686645508,25.65999984741211,25.209999084472656,25.3799991607666,2449600
2016-06-08,21.932668685913086,26.68000030517578,26.989999771118164,26.040000915527344,26.200000762939453,5184600
2016-06-09,21.538082122802734,26.200000762939453,26.43000030517578,25.760000228881836,26.3799991607666,4136300
2016-06-10,21.275014877319336,25.8799991607666,26.270000457763672,25.770000457763672,26.0,4455400
2016-06-13,21.05306625366211,25.610000610351562,26.200000762939453,25.56999969482422,26.049999237060547,4525200
2016-06-14,20.757118225097656,25.25,25.8700008392334,25.15999984741211,25.540000915527344,3585700
2016-06-15,21.25035285949707,25.850000381469727,26.079999923706055,25.3799991607666,25.690000534057617,4117600
2016-06-16,21.324342727661133,25.940000534057617,25.959999084472656,25.459999084472656,25.700000762939453,2268800
2016-06-17,20.9626407623291,25.5,26.239999771118164,25.440000534057617,25.979999542236328,4067400
2016-06-20,21.570955276489258,26.239999771118164,26.329999923706055,25.600000381469727,25.829999923706055,2617900
2016-06-21,20.995513916015625,25.540000915527344,26.420000076293945,25.229999542236328,26.25,3964300
2016-06-22,20.724227905273438,25.209999084472656,25.790000915527344,25.100000381469727,25.760000228881836,3055100
2016-06-23,21.011951446533203,25.559999465942383,25.709999084472656,25.030000686645508,25.530000686645508,2957100
2016-06-24,19.819969177246094,24.110000610351562,24.920000076293945,23.799999237060547,24.450000762939453,7247500
2016-06-27,19.071889877319336,23.200000762939453,24.0,23.040000915527344,23.940000534057617,4953300
2016-06-28,19.410978317260742,23.469999313354492,23.610000610351562,22.969999313354492,23.350000381469727,6042600
2016-06-29,19.53504180908203,23.6200008392334,23.979999542236328,23.450000762939453,23.850000381469727,2913500
2016-06-30,20.262842178344727,24.5,24.5,23.760000228881836,23.90999984741211,4489100
2016-07-01,20.577125549316406,24.8799991607666,25.260000228881836,24.639999389648438,24.670000076293945,2777300
2016-07-05,20.552318572998047,24.850000381469727,25.200000762939453,24.540000915527344,25.200000762939453,3421600
2016-07-06,21.114717483520508,25.530000686645508,25.610000610351562,24.989999771118164,25.0,4147900
2016-07-07,21.371103286743164,25.84000015258789,26.09000015258789,25.479999542236328,25.6200008392334,3735400
2016-07-08,22.032747268676758,26.639999389648438,26.770000457763672,26.170000076293945,26.190000534057617,3114700
2016-07-11,22.256044387817383,26.90999984741211,26.979999542236328,26.520000457763672,26.56999969482422,2295600
2016-07-12,22.73573875427246,27.489999771118164,27.549999237060547,27.049999237060547,27.309999465942383,4795800
2016-07-13,22.710927963256836,27.459999084472656,27.690000534057617,27.149999618530273,27.6200008392334,2692200
2016-07-14,22.934234619140625,27.729999542236328,27.940000534057617,27.34000015258789,27.770000457763672,2461200
2016-07-15,23.03348159790039,27.850000381469727,27.860000610351562,27.56999969482422,27.639999389648438,2497400
2016-07-18,23.1409969329834,27.979999542236328,28.010000228881836,27.399999618530273,28.0,3964300
2016-07-19,22.206424713134766,26.850000381469727,27.479999542236328,26.280000686645508,27.100000381469727,6086800
2016-07-20,21.883869171142578,26.459999084472656,26.520000457763672,25.979999542236328,26.190000534057617,5345500
2016-07-21,21.577863693237305,26.09000015258789,26.65999984741211,25.81999969482422,26.559999465942383,4629200
2016-07-22,21.809438705444336,26.3700008392334,26.440000534057617,26.010000228881836,26.09000015258789,3100200
2016-07-25,21.801166534423828,26.360000610351562,26.690000534057617,26.260000228881836,26.389999389648438,2796600
2016-07-26,22.42973518371582,27.1200008392334,27.190000534057617,25.899999618530273,25.899999618530273,3759900
2016-07-27,22.115449905395508,26.739999771118164,27.440000534057617,26.56999969482422,27.299999237060547,2622800
2016-07-28,22.140256881713867,26.770000457763672,26.920000076293945,26.469999313354492,26.760000228881836,2411400
2016-07-29,22.18161392211914,26.81999969482422,27.010000228881836,26.530000686645508,26.770000457763672,2576200
2016-08-01,21.85906219482422,26.43000030517578,27.18000030517578,26.18000030517578,27.18000030517578,2697800
2016-08-02,21.817710876464844,26.3799991607666,26.510000228881836,26.059999465942383,26.479999542236328,2316300
2016-08-03,21.98311996459961,26.579999923706055,26.6200008392334,26.0,26.239999771118164,2140800
2016-08-04,21.635759353637695,26.15999984741211,26.520000457763672,25.979999542236328,26.440000534057617,1866600
2016-08-05,21.85906219482422,26.43000030517578,26.450000762939453,26.100000381469727,26.229999542236328,2033600
2016-08-08,21.933496475219727,26.520000457763672,26.610000610351562,26.25,26.440000534057617,1831900
2016-08-09,21.61921501159668,26.139999389648438,26.5,26.1200008392334,26.3700008392334,2513300
2016-08-10,21.329748153686523,25.790000915527344,26.360000610351562,25.75,26.209999084472656,2293500
2016-08-11,21.222230911254883,25.65999984741211,25.920000076293945,25.399999618530273,25.899999618530273,2699800
2016-08-12,20.916217803955078,25.290000915527344,25.75,25.260000228881836,25.610000610351562,2616600
2016-08-15,21.412450790405273,25.889999389648438,26.110000610351562,25.5,25.549999237060547,2338000
2016-08-16,21.13125228881836,25.549999237060547,26.09000015258789,25.530000686645508,25.989999771118164,1593800
2016-08-17,20.998926162719727,25.389999389648438,25.559999465942383,25.219999313354492,25.559999465942383,2467500
2016-08-18,21.255311965942383,25.700000762939453,25.700000762939453,25.239999771118164,25.530000686645508,1527100
2016-08-19,20.5026912689209,24.790000915527344,25.59000015258789,24.600000381469727,25.270000457763672,3866800
2016-08-22,20.71772003173828,25.049999237060547,25.149999618530273,24.700000762939453,24.90999984741211,2289100
2016-08-23,20.932754516601562,25.309999465942383,25.8799991607666,25.270000457763672,25.31999969482422,2192500
2016-08-24,20.411712646484375,24.68000030517578,25.219999313354492,24.40999984741211,25.219999313354492,2231900
2016-08-25,20.2711181640625,24.510000228881836,24.940000534057617,24.399999618530273,24.6299991607666,2877700
2016-08-26,20.370365142822266,24.6299991607666,25.270000457763672,24.530000686645508,24.790000915527344,2107000
2016-08-29,20.585399627685547,24.889999389648438,25.020000457763672,24.639999389648438,24.760000228881836,1142000
2016-08-30,20.436527252197266,24.709999084472656,26.0,24.56999969482422,26.0,1838300
2016-08-31,20.362091064453125,24.6200008392334,24.75,24.290000915527344,24.56999969482422,2529200
2016-09-01,20.436527252197266,24.709999084472656,24.799999237060547,24.209999084472656,24.709999084472656,2360500
2016-09-02,20.113977432250977,24.31999969482422,25.239999771118164,24.219999313354492,25.010000228881836,2448700
2016-09-06,20.651561737060547,24.969999313354492,24.969999313354492,24.149999618530273,24.489999771118164,3282600
2016-09-07,20.651561737060547,24.969999313354492,25.139999389648438,24.670000076293945,24.860000610351562,2004300
2016-09-08,20.527502059936523,24.81999969482422,25.110000610351562,24.719999313354492,24.989999771118164,2063600
2016-09-09,19.84931755065918,24.0,24.690000534057617,23.90999984741211,24.600000381469727,2819900
2016-09-12,19.956832885742188,24.1299991607666,24.309999465942383,23.549999237060547,23.739999771118164,3704900
2016-09-13,19.311731338500977,23.350000381469727,23.81999969482422,23.040000915527344,23.81999969482422,2816500
2016-09-14,19.22075653076172,23.239999771118164,23.299999237060547,22.790000915527344,23.239999771118164,3933200
2016-09-15,19.568117141723633,23.65999984741211,23.700000762939453,23.059999465942383,23.239999771118164,3711900
2016-09-16,19.427520751953125,23.489999771118164,23.809999465942383,23.450000762939453,23.59000015258789,4766600
2016-09-19,20.097436904907227,24.299999237060547,24.440000534057617,23.610000610351562,23.729999542236328,3925500
2016-09-20,20.02299690246582,24.209999084472656,24.299999237060547,23.350000381469727,23.979999542236328,5195900
2016-09-21,20.552318572998047,24.850000381469727,24.860000610351562,24.299999237060547,24.329999923706055,2980300
2016-09-22,20.444799423217773,24.719999313354492,25.43000030517578,24.700000762939453,25.1299991607666,3252600
2016-09-23,20.544044494628906,24.84000015258789,25.100000381469727,24.559999465942383,24.760000228881836,2276100
2016-09-26,20.601940155029297,24.90999984741211,25.040000915527344,24.6200008392334,24.829999923706055,2242900
2016-09-27,21.0071964263916,25.399999618530273,25.440000534057617,24.600000381469727,24.84000015258789,2863000
2016-09-28,21.26500701904297,25.56999969482422,25.610000610351562,25.059999465942383,25.389999389648438,2090800
2016-09-29,20.874135971069336,25.100000381469727,25.809999465942383,24.829999923706055,25.540000915527344,3179500
2016-09-30,20.78265953063965,24.989999771118164,25.31999969482422,24.729999542236328,25.280000686645508,3791400
2016-10-03,20.41673469543457,24.549999237060547,24.989999771118164,24.350000381469727,24.989999771118164,2329000
2016-10-04,19.876169204711914,23.899999618530273,24.56999969482422,23.860000610351562,24.3799991607666,3192400
2016-10-05,20.233774185180664,24.329999923706055,24.360000610351562,23.760000228881836,24.079999923706055,3497900
2016-10-06,20.15060806274414,24.229999542236328,24.399999618530273,24.110000610351562,24.110000610351562,2701500
2016-10-07,20.133970260620117,24.209999084472656,24.350000381469727,23.850000381469727,24.350000381469727,1871200
2016-10-10,20.366832733154297,24.489999771118164,24.790000915527344,24.309999465942383,24.309999465942383,1945800
2016-10-11,20.067440032958984,24.1299991607666,24.510000228881836,24.010000228881836,24.43000030517578,2437600
2016-10-12,20.175561904907227,24.260000228881836,24.440000534057617,24.010000228881836,24.190000534057617,1970600
2016-10-13,19.72647476196289,23.719999313354492,23.969999313354492,23.34000015258789,23.860000610351562,2358300
2016-10-14,19.734783172607422,23.729999542236328,24.09000015258789,23.670000076293945,23.860000610351562,2076700
2016-10-17,19.867856979370117,23.889999389648438,24.239999771118164,23.549999237060547,23.690000534057617,2213600
2016-10-18,20.15060806274414,24.229999542236328,24.34000015258789,23.520000457763672,24.239999771118164,4384100
2016-10-19,20.990562438964844,25.239999771118164,25.59000015258789,24.649999618530273,24.829999923706055,6277400
2016-10-20,22.080007553100586,26.549999237060547,26.760000228881836,24.0,24.0,8493500
2016-10-21,21.913684844970703,26.350000381469727,26.93000030517578,26.059999465942383,26.450000762939453,4938400
2016-10-24,21.647554397583008,26.030000686645508,26.8799991607666,25.969999313354492,26.829999923706055,3236200
2016-10-25,21.77230453491211,26.18000030517578,26.489999771118164,25.959999084472656,26.229999542236328,4607600
2016-10-26,22.10495948791504,26.579999923706055,26.90999984741211,26.389999389648438,26.559999465942383,2962000
2016-10-27,22.33782386779785,26.860000610351562,26.940000534057617,26.290000915527344,26.56999969482422,6107400
2016-10-28,22.312868118286133,26.829999923706055,27.309999465942383,26.520000457763672,26.709999084472656,7076300
2016-10-31,22.836801528930664,27.459999084472656,27.59000015258789,26.860000610351562,27.010000228881836,4133700
2016-11-01,22.462566375732422,27.010000228881836,27.940000534057617,26.670000076293945,27.719999313354492,3951900
2016-11-02,22.171491622924805,26.65999984741211,27.270000457763672,26.530000686645508,26.770000457763672,2916800
2016-11-03,22.745311737060547,27.350000381469727,27.5,26.670000076293945,26.670000076293945,3850400
2016-11-04,22.911651611328125,27.549999237060547,27.90999984741211,27.190000534057617,27.270000457763672,2792900
2016-11-07,23.651805877685547,28.440000534057617,28.540000915527344,27.8700008392334,27.959999084472656,3593700
2016-11-08,23.71002197265625,28.510000228881836,28.610000610351562,28.239999771118164,28.329999923706055,3121400
2016-11-09,26.071876525878906,31.350000381469727,32.08000183105469,30.5,31.450000762939453,10407800
2016-11-10,26.903512954711914,32.349998474121094,32.939998626708984,31.309999465942383,31.719999313354492,7271300
2016-11-11,26.845300674438477,32.279998779296875,32.380001068115234,31.280000686645508,32.20000076293945,5286300
2016-11-14,27.577144622802734,33.15999984741211,33.2599983215332,31.56999969482422,32.369998931884766,6811500
2016-11-15,27.735149383544922,33.349998474121094,33.36000061035156,31.84000015258789,32.66999816894531,6000800
2016-11-16,27.735149383544922,33.349998474121094,33.41999816894531,32.970001220703125,33.060001373291016,3094800
2016-11-17,27.76010513305664,33.380001068115234,33.599998474121094,33.04999923706055,33.400001525878906,3140700
2016-11-18,27.751785278320312,33.369998931884766,33.529998779296875,33.04999923706055,33.25,5175500
2016-11-21,28.2341365814209,33.95000076293945,34.0099983215332,33.59000015258789,33.59000015258789,3269800
2016-11-22,29.34853744506836,35.290000915527344,35.47999954223633,34.119998931884766,34.41999816894531,6894300
2016-11-23,29.722774505615234,35.7400016784668,35.7400016784668,34.84000015258789,34.880001068115234,4167300
2016-11-25,29.75604248046875,35.779998779296875,35.970001220703125,35.439998626708984,35.93000030517578,1397000
2016-11-28,29.50654411315918,35.47999954223633,35.90999984741211,35.22999954223633,35.790000915527344,4638500
2016-11-29,29.298633575439453,35.22999954223633,35.599998474121094,33.849998474121094,34.20000076293945,4899600
2016-11-30,29.50654411315918,35.47999954223633,36.43000030517578,35.380001068115234,35.709999084472656,2993500
2016-12-01,29.947315216064453,36.0099983215332,36.130001068115234,35.5099983215332,35.779998779296875,2847800
2016-12-02,30.5045108795166,36.68000030517578,36.709999084472656,35.61000061035156,35.88999938964844,3423300
2016-12-05,31.71038055419922,38.130001068115234,38.13999938964844,37.0,37.150001525878906,3989400
2016-12-06,32.31748580932617,38.86000061035156,38.88999938964844,37.68000030517578,37.70000076293945,5325000
2016-12-07,32.4588508605957,39.029998779296875,39.529998779296875,38.79999923706055,39.20000076293945,3571000
2016-12-08,32.24263381958008,38.77000045776367,40.16999816894531,38.7400016784668,39.41999816894531,4863900
2016-12-09,30.86212730407715,37.11000061035156,38.63999938964844,36.91999816894531,38.630001068115234,5724400
2016-12-12,30.754009246826172,36.97999954223633,37.38999938964844,36.66999816894531,37.20000076293945,4006000
2016-12-13,30.296606063842773,36.43000030517578,37.45000076293945,36.189998626708984,37.060001373291016,3924700
2016-12-14,30.662511825561523,36.869998931884766,37.75,36.22999954223633,36.33000183105469,4404600
2016-12-15,31.078336715698242,37.369998931884766,37.38999938964844,35.68000030517578,36.349998474121094,4619900
2016-12-16,30.5045108795166,36.68000030517578,37.93000030517578,36.619998931884766,37.33000183105469,5873400
2016-12-19,30.554412841796875,36.7400016784668,37.029998779296875,36.25,36.25,2045300
2016-12-20,31.252986907958984,37.58000183105469,37.72999954223633,36.56999969482422,36.91999816894531,3030100
2016-12-21,30.99517250061035,37.27000045776367,37.630001068115234,36.88999938964844,37.459999084472656,1819900
2016-12-22,30.687475204467773,36.900001525878906,37.470001220703125,36.81999969482422,37.15999984741211,1858900
2016-12-23,30.745689392089844,36.970001220703125,37.029998779296875,36.599998474121094,36.81999969482422,1051600
2016-12-27,30.82884979248047,37.06999969482422,37.290000915527344,36.9900016784668,37.150001525878906,1317800
2016-12-28,30.394760131835938,36.40999984741211,37.470001220703125,36.349998474121094,37.2599983215332,1009000
2016-12-29,30.2695369720459,36.2599983215332,36.65999984741211,36.0,36.5099983215332,1444300
2016-12-30,29.70188331604004,35.58000183105469,36.41999816894531,35.529998779296875,36.29999923706055,1601400
2017-01-03,30.227806091308594,36.209999084472656,36.47999954223633,35.38999938964844,35.939998626708984,2551000
2017-01-04,31.538423538208008,37.779998779296875,37.849998474121094,36.279998779296875,36.36000061035156,3852700
2017-01-05,31.713726043701172,37.9900016784668,38.470001220703125,37.560001373291016,37.869998931884766,3516600
2017-01-06,30.695280075073242,36.77000045776367,38.16999816894531,36.77000045776367,37.939998626708984,2743600
2017-01-09,30.135967254638672,36.099998474121094,37.11000061035156,36.029998779296875,36.77000045776367,2120200
2017-01-10,30.995813369750977,37.130001068115234,37.279998779296875,36.380001068115234,36.849998474121094,3380900
2017-01-11,30.945722579956055,37.06999969482422,37.599998474121094,36.33000183105469,37.18000030517578,2950100
2017-01-12,29.835447311401367,35.7400016784668,36.599998474121094,35.5099983215332,36.18000030517578,3586100
2017-01-13,29.910581588745117,35.83000183105469,36.31999969482422,35.58000183105469,35.77000045776367,2467100
2017-01-17,29.72692108154297,35.61000061035156,36.0099983215332,35.369998931884766,35.779998779296875,2727100
2017-01-18,31.112680435180664,37.27000045776367,37.349998474121094,35.22999954223633,35.630001068115234,5721600
2017-01-19,29.877187728881836,35.790000915527344,37.279998779296875,35.5099983215332,37.25,2648800
2017-01-20,29.885534286499023,35.79999923706055,36.279998779296875,35.65999984741211,35.959999084472656,2457800
2017-01-23,29.635101318359375,35.5,36.099998474121094,34.869998931884766,35.90999984741211,5410800
2017-01-24,30.261198043823242,36.25,36.869998931884766,35.849998474121094,36.310001373291016,4775100
2017-01-25,28.26603889465332,33.86000061035156,35.9900016784668,33.33000183105469,35.54999923706055,11423300
2017-01-26,29.77701187133789,35.66999816894531,35.7400016784668,33.88999938964844,33.939998626708984,9597400
2017-01-27,30.244497299194336,36.22999954223633,36.529998779296875,35.630001068115234,35.720001220703125,5447900
2017-01-30,29.35126495361328,35.15999984741211,36.04999923706055,34.34000015258789,36.029998779296875,4855500
2017-01-31,28.224302291870117,33.810001373291016,35.29999923706055,33.36000061035156,35.22999954223633,6307700
2017-02-01,27.940471649169922,33.470001220703125,34.65999984741211,32.810001373291016,34.22999954223633,5118200
2017-02-02,28.466394424438477,34.099998474121094,34.16999816894531,33.25,33.540000915527344,4645500
2017-02-03,28.274391174316406,33.869998931884766,34.0099983215332,33.349998474121094,33.9900016784668,3255900
2017-02-06,28.324472427368164,33.93000030517578,34.2599983215332,33.72999954223633,34.130001068115234,2741900
2017-02-07,28.099077224731445,33.65999984741211,34.56999969482422,33.59000015258789,34.33000183105469,3343800
2017-02-08,28.808658599853516,34.5099983215332,34.529998779296875,33.40999984741211,33.810001373291016,3441000
2017-02-09,30.453189849853516,36.47999954223633,36.5,34.68000030517578,35.61000061035156,6230400
2017-02-10,30.528316497802734,36.56999969482422,37.029998779296875,36.47999954223633,36.849998474121094,5956700
2017-02-13,31.479990005493164,37.709999084472656,38.25,37.31999969482422,37.630001068115234,3732100
2017-02-14,31.56346321105957,37.810001373291016,37.84000015258789,37.11000061035156,37.709999084472656,3640800
2017-02-15,31.329729080200195,37.529998779296875,38.2400016784668,37.45000076293945,37.869998931884766,3395400
2017-02-16,31.204500198364258,37.380001068115234,37.75,36.869998931884766,37.529998779296875,2027700
2017-02-17,31.020849227905273,37.15999984741211,37.5,36.83000183105469,37.310001373291016,1994700
2017-02-21,31.379806518554688,37.59000015258789,38.0,37.38999938964844,37.90999984741211,2516400
2017-02-22,31.1961669921875,37.369998931884766,37.459999084472656,36.959999084472656,37.33000183105469,2158500
2017-02-23,29.651790618896484,35.52000045776367,37.7400016784668,35.15999984741211,37.560001373291016,4115000
2017-02-24,29.710222244262695,35.59000015258789,35.84000015258789,34.83000183105469,34.9900016784668,2012900
2017-02-27,30.636856079101562,36.70000076293945,36.849998474121094,35.040000915527344,35.66999816894531,3342400
2017-02-28,30.553380966186523,36.599998474121094,37.400001525878906,36.43000030517578,36.72999954223633,3738900
2017-03-01,31.429903030395508,37.650001525878906,38.130001068115234,37.25,37.36000061035156,4298500
2017-03-02,30.202762603759766,36.18000030517578,37.45000076293945,36.15999984741211,37.34000015258789,2506800
2017-03-03,30.186059951782227,36.15999984741211,36.61000061035156,35.810001373291016,36.279998779296875,2180600
2017-03-06,29.768659591674805,35.65999984741211,35.900001525878906,35.36000061035156,35.77000045776367,3009600
2017-03-07,28.466394424438477,34.099998474121094,35.90999984741211,34.0099983215332,35.540000915527344,4943800
2017-03-08,28.800308227539062,34.5,34.68000030517578,34.029998779296875,34.209999084472656,3938600
2017-03-09,28.424644470214844,34.04999923706055,35.02000045776367,33.970001220703125,34.310001373291016,2648800
2017-03-10,28.3662109375,33.97999954223633,34.68000030517578,33.900001525878906,34.33000183105469,2106100
2017-03-13,28.71682357788086,34.400001525878906,34.779998779296875,33.970001220703125,34.40999984741211,2221200
2017-03-14,28.925519943237305,34.650001525878906,34.7400016784668,33.650001525878906,33.869998931884766,2887800
2017-03-15,29.76031494140625,35.650001525878906,35.70000076293945,34.47999954223633,34.91999816894531,2650800
2017-03-16,29.576658248901367,35.43000030517578,37.16999816894531,35.20000076293945,37.16999816894531,3537200
2017-03-17,30.336320877075195,36.34000015258789,37.29999923706055,36.02000045776367,36.119998931884766,4930100
2017-03-20,30.394760131835938,36.40999984741211,36.59000015258789,35.849998474121094,36.380001068115234,1683800
2017-03-21,28.34116554260254,33.95000076293945,36.47999954223633,33.900001525878906,36.34000015258789,6053400
2017-03-22,29.05073356628418,34.79999923706055,35.029998779296875,33.97999954223633,34.31999969482422,2540800
2017-03-23,28.808658599853516,34.5099983215332,35.11000061035156,34.029998779296875,34.709999084472656,2650400
2017-03-24,28.29108238220215,33.88999938964844,34.79999923706055,33.66999816894531,34.61000061035156,2601600
2017-03-27,28.157512664794922,33.72999954223633,33.91999816894531,32.54999923706055,32.91999816894531,3501900
2017-03-28,28.9505672454834,34.68000030517578,34.79999923706055,33.75,33.75,2327100
2017-03-29,28.795446395874023,34.34000015258789,34.720001220703125,34.130001068115234,34.45000076293945,1740400
2017-03-30,28.97153091430664,34.54999923706055,34.93000030517578,34.29999923706055,34.29999923706055,1548900
2017-03-31,29.147621154785156,34.7599983215332,35.04999923706055,34.09000015258789,34.63999938964844,2201000
2017-04-03,29.37403106689453,35.029998779296875,35.310001373291016,34.47999954223633,34.810001373291016,2160200
2017-04-04,29.60881996154785,35.310001373291016,35.540000915527344,34.779998779296875,34.83000183105469,1837700
2017-04-05,28.594186782836914,34.099998474121094,36.08000183105469,34.040000915527344,35.59000015258789,3161900
2017-04-06,28.921218872070312,34.4900016784668,34.790000915527344,33.86000061035156,34.130001068115234,1790900
2017-04-07,29.55012321472168,35.2400016784668,35.529998779296875,34.0099983215332,34.08000183105469,3902800
2017-04-10,29.13923454284668,34.75,35.2400016784668,34.34000015258789,34.970001220703125,1955800
2017-04-11,29.499814987182617,35.18000030517578,35.33000183105469,34.15999984741211,34.650001525878906,2282700
2017-04-12,28.376171112060547,33.84000015258789,34.66999816894531,33.61000061035156,34.349998474121094,2800600
2017-04-13,27.59632682800293,32.90999984741211,33.959999084472656,32.90999984741211,33.900001525878906,3145700
2017-04-17,27.453781127929688,32.7400016784668,33.2400016784668,32.34000015258789,32.90999984741211,3199500
2017-04-18,27.395076751708984,32.66999816894531,33.220001220703125,32.150001525878906,32.31999969482422,2362100
2017-04-19,27.42023277282715,32.70000076293945,33.4900016784668,32.58000183105469,32.9900016784668,3368900
2017-04-20,29.273405075073242,34.90999984741211,35.11000061035156,33.09000015258789,33.47999954223633,6564300
2017-04-21,29.659137725830078,35.369998931884766,35.459999084472656,34.84000015258789,35.25,4053200
2017-04-24,30.698925018310547,36.61000061035156,36.900001525878906,35.720001220703125,36.33000183105469,4405900
2017-04-25,30.47252082824707,36.34000015258789,37.189998626708984,36.06999969482422,36.95000076293945,3354400
2017-04-26,30.682147979736328,36.59000015258789,36.88999938964844,35.119998931884766,35.20000076293945,3778100
2017-04-27,30.42220115661621,36.279998779296875,36.599998474121094,35.959999084472656,36.47999954223633,2610500
2017-04-28,30.3048095703125,36.13999938964844,36.63999938964844,36.09000015258789,36.439998626708984,1812300
2017-05-01,30.858243942260742,36.79999923706055,37.52000045776367,36.08000183105469,36.369998931884766,3532400
2017-05-02,31.009185791015625,36.97999954223633,37.43000030517578,36.400001525878906,36.70000076293945,3249800
2017-05-03,29.919082641601562,35.68000030517578,36.86000061035156,35.529998779296875,36.72999954223633,2929500
2017-05-04,30.078405380249023,35.869998931884766,36.209999084472656,35.130001068115234,35.5,2349800
2017-05-05,30.036476135253906,35.81999969482422,36.20000076293945,35.25,36.099998474121094,1989500
2017-05-08,29.919082641601562,35.68000030517578,35.81999969482422,35.27000045776367,35.61000061035156,1474100
2017-05-09,29.37403106689453,35.029998779296875,35.84000015258789,34.90999984741211,35.77000045776367,1880300
2017-05-10,28.946380615234375,34.52000045776367,35.22999954223633,34.38999938964844,35.15999984741211,3840000
2017-05-11,28.6109619140625,34.119998931884766,34.599998474121094,33.720001220703125,34.56999969482422,3468800
2017-05-12,28.627735137939453,34.13999938964844,34.16999816894531,33.720001220703125,33.75,1771500
2017-05-15,28.97153091430664,34.54999923706055,34.63999938964844,34.11000061035156,34.54999923706055,3948100
2017-05-16,29.424339294433594,35.09000015258789,35.459999084472656,34.220001220703125,34.75,2442200
2017-05-17,28.418100357055664,33.88999938964844,34.65999984741211,33.459999084472656,34.0099983215332,3174900
2017-05-18,28.392942428588867,33.86000061035156,34.099998474121094,33.34000015258789,33.599998474121094,2690300
2017-05-19,28.6948184967041,34.220001220703125,34.599998474121094,33.939998626708984,34.08000183105469,2509000
2017-05-22,28.485179901123047,33.970001220703125,34.56999969482422,33.650001525878906,34.41999816894531,2712300
2017-05-23,29.583669662475586,35.279998779296875,35.529998779296875,33.709999084472656,33.810001373291016,3809500
2017-05-24,29.340497970581055,34.9900016784668,36.77000045776367,34.77000045776367,35.86000061035156,3323300
2017-05-25,28.87928581237793,34.439998626708984,35.400001525878906,34.02000045776367,35.20000076293945,2905500
2017-05-26,28.267154693603516,33.709999084472656,34.5099983215332,33.619998931884766,34.5,3611200
2017-05-30,28.745121002197266,34.279998779296875,34.34000015258789,33.369998931884766,33.47999954223633,3638800
2017-05-31,28.5019474029541,33.9900016784668,34.45000076293945,32.93000030517578,34.189998626708984,15925000
2017-06-01,28.787050247192383,34.33000183105469,34.529998779296875,33.65999984741211,34.31999969482422,2933600
2017-06-02,28.812210083007812,34.36000061035156,34.5099983215332,34.0,34.22999954223633,2530000
2017-06-05,28.91283416748047,34.47999954223633,34.83000183105469,34.27000045776367,34.33000183105469,1815100
2017-06-06,28.669652938842773,34.189998626708984,34.470001220703125,33.95000076293945,34.31999969482422,2284700
2017-06-07,28.460025787353516,33.939998626708984,34.63999938964844,33.4900016784668,34.18000030517578,2562400
2017-06-08,29.944242477416992,35.709999084472656,36.0,33.61000061035156,33.91999816894531,3572800
2017-06-09,30.212574005126953,36.029998779296875,36.4900016784668,35.38999938964844,36.38999938964844,2563400
2017-06-12,30.12871551513672,35.93000030517578,36.5099983215332,35.58000183105469,35.88999938964844,2417600
2017-06-13,29.927459716796875,35.689998626708984,36.529998779296875,35.52000045776367,35.90999984741211,2730600
2017-06-14,29.03862190246582,34.630001068115234,35.84000015258789,34.18000030517578,35.66999816894531,3950600
2017-06-15,27.5460147857666,32.849998474121094,34.56999969482422,32.709999084472656,33.970001220703125,4557800
2017-06-16,27.82274055480957,33.18000030517578,33.41999816894531,32.310001373291016,32.869998931884766,5442800
2017-06-19,27.554397583007812,32.86000061035156,34.47999954223633,32.79999923706055,33.630001068115234,5886500
2017-06-20,27.59632682800293,32.90999984741211,33.2400016784668,32.25,32.54999923706055,3274100
2017-06-21,27.881425857543945,33.25,33.72999954223633,32.790000915527344,33.029998779296875,2882300
2017-06-22,28.099443435668945,33.5099983215332,33.7400016784668,33.0099983215332,33.400001525878906,1905100
2017-06-23,28.032373428344727,33.43000030517578,34.220001220703125,33.11000061035156,33.79999923706055,4252400
2017-06-26,28.082685470581055,33.4900016784668,33.970001220703125,32.97999954223633,33.540000915527344,1588400
2017-06-27,27.839508056640625,33.20000076293945,34.16999816894531,33.189998626708984,33.70000076293945,2405200
2017-06-28,29.435989379882812,34.939998626708984,35.0,33.5099983215332,33.5099983215332,3205900
2017-06-29,29.789825439453125,35.36000061035156,35.59000015258789,34.9900016784668,35.20000076293945,2832200
2017-06-30,30.1689395904541,35.810001373291016,36.4900016784668,35.36000061035156,35.61000061035156,4126700
2017-07-03,30.573333740234375,36.290000915527344,36.47999954223633,35.70000076293945,36.18000030517578,1325600
2017-07-05,30.73339080810547,36.47999954223633,36.709999084472656,35.650001525878906,36.20000076293945,3485100
2017-07-06,31.053531646728516,36.86000061035156,37.380001068115234,36.040000915527344,36.40999984741211,4093900
2017-07-07,30.261615753173828,35.91999816894531,36.84000015258789,35.40999984741211,36.68000030517578,4157100
2017-07-10,30.623872756958008,36.349998474121094,36.779998779296875,35.470001220703125,35.70000076293945,2887500
2017-07-11,30.345861434936523,36.02000045776367,36.58000183105469,35.810001373291016,36.34000015258789,2365000
2017-07-12,30.320585250854492,35.9900016784668,36.439998626708984,35.77000045776367,36.2400016784668,2973600
2017-07-13,31.002992630004883,36.79999923706055,36.95000076293945,35.720001220703125,36.08000183105469,3022600
2017-07-14,30.800796508789062,36.560001373291016,37.04999923706055,36.31999969482422,37.0099983215332,1844600
2017-07-17,30.910316467285156,36.689998626708984,36.959999084472656,36.20000076293945,36.560001373291016,1719000
2017-07-18,30.750246047973633,36.5,36.72999954223633,35.720001220703125,36.61000061035156,2243400
2017-07-19,31.584291458129883,37.4900016784668,37.529998779296875,35.939998626708984,36.65999984741211,3208400
2017-07-20,31.75278091430664,37.689998626708984,37.79999923706055,36.16999816894531,36.36000061035156,4523100
2017-07-21,31.60114288330078,37.5099983215332,38.08000183105469,37.459999084472656,37.630001068115234,2629600
2017-07-24,31.609575271606445,37.52000045776367,37.779998779296875,36.939998626708984,37.5099983215332,2209300
2017-07-25,32.08978271484375,38.09000015258789,38.70000076293945,37.959999084472656,38.119998931884766,2926400
2017-07-26,30.61545181274414,36.34000015258789,38.189998626708984,35.849998474121094,38.119998931884766,4310700
2017-07-27,30.76709747314453,36.52000045776367,36.849998474121094,36.06999969482422,36.47999954223633,2072400
2017-07-28,29.612918853759766,35.150001525878906,36.4900016784668,34.86000061035156,36.290000915527344,3337300
2017-07-31,29.831947326660156,35.40999984741211,35.68000030517578,34.91999816894531,35.54999923706055,2346600
2017-08-01,29.36858558654785,34.86000061035156,35.540000915527344,34.7599983215332,35.529998779296875,2409700
2017-08-02,29.326473236083984,34.810001373291016,35.13999938964844,34.2599983215332,34.63999938964844,2250400
2017-08-03,29.410717010498047,34.90999984741211,35.189998626708984,34.599998474121094,34.779998779296875,1257100
2017-08-04,29.714006423950195,35.27000045776367,35.369998931884766,34.93000030517578,35.09000015258789,1422300
2017-08-07,30.194210052490234,35.84000015258789,36.13999938964844,35.16999816894531,35.4900016784668,1939600
2017-08-08,30.345861434936523,36.02000045776367,36.33000183105469,35.209999084472656,35.83000183105469,3050300
2017-08-09,29.916189193725586,35.5099983215332,36.0,35.47999954223633,35.88999938964844,1666900
2017-08-10,29.882505416870117,35.470001220703125,35.83000183105469,35.20000076293945,35.220001220703125,2004200
2017-08-11,29.098997116088867,34.540000915527344,35.52000045776367,34.4900016784668,35.2599983215332,2276800
2017-08-14,29.84881019592285,35.43000030517578,35.5099983215332,34.41999816894531,34.599998474121094,3516500
2017-08-15,29.916189193725586,35.5099983215332,35.93000030517578,35.15999984741211,35.29999923706055,1332600
2017-08-16,30.430105209350586,36.119998931884766,36.40999984741211,35.75,35.75,2031600
2017-08-17,29.107425689697266,34.54999923706055,36.040000915527344,34.47999954223633,35.81999969482422,2391000
2017-08-18,28.888385772705078,34.290000915527344,34.66999816894531,34.16999816894531,34.66999816894531,2381300
2017-08-21,28.416595458984375,33.72999954223633,34.400001525878906,33.70000076293945,34.349998474121094,3282400
2017-08-22,28.60193634033203,33.95000076293945,34.16999816894531,33.529998779296875,33.720001220703125,5426400
2017-08-23,28.997900009155273,34.41999816894531,34.650001525878906,33.54999923706055,33.779998779296875,3085300
2017-08-24,28.745155334472656,34.119998931884766,34.63999938964844,34.099998474121094,34.40999984741211,2296400
2017-08-25,29.19167137145996,34.650001525878906,34.810001373291016,34.2599983215332,34.31999969482422,1851700
2017-08-28,29.04845428466797,34.47999954223633,34.720001220703125,34.279998779296875,34.650001525878906,1292800
2017-08-29,29.07372283935547,34.5099983215332,34.90999984741211,33.79999923706055,34.18000030517578,2927700
2017-08-30,29.343320846557617,34.83000183105469,35.0,34.18000030517578,34.45000076293945,1260000
2017-08-31,29.023181915283203,34.45000076293945,35.27000045776367,34.290000915527344,34.959999084472656,2614200
2017-09-01,29.29275894165039,34.77000045776367,35.099998474121094,34.619998931884766,34.619998931884766,1493100
2017-09-05,28.80413246154785,34.189998626708984,35.540000915527344,33.77000045776367,35.040000915527344,4183600
2017-09-06,28.77886199951172,34.15999984741211,34.869998931884766,33.959999084472656,34.25,2704500
2017-09-07,28.644065856933594,34.0,34.40999984741211,33.31999969482422,34.15999984741211,3206400
2017-09-08,28.820980072021484,34.209999084472656,34.36000061035156,33.2400016784668,33.88999938964844,3624100
2017-09-11,28.138586044311523,33.400001525878906,34.560001373291016,33.31999969482422,34.38999938964844,2580500
2017-09-12,28.02063751220703,33.2599983215332,33.31999969482422,32.20000076293945,32.91999816894531,3637200
2017-09-13,28.509265899658203,33.84000015258789,33.88999938964844,33.02000045776367,33.130001068115234,3514400
2017-09-14,28.130155563354492,33.38999938964844,34.41999816894531,33.22999954223633,33.630001068115234,4713800
2017-09-15,28.088037490844727,33.34000015258789,33.959999084472656,33.09000015258789,33.36000061035156,4430100
2017-09-18,28.475566864013672,33.79999923706055,33.959999084472656,33.36000061035156,33.40999984741211,2611200
2017-09-19,28.500850677490234,33.83000183105469,33.97999954223633,33.20000076293945,33.79999923706055,2122200
2017-09-20,28.711463928222656,34.08000183105469,34.380001068115234,33.77000045776367,33.95000076293945,3491000
2017-09-21,28.079608917236328,33.33000183105469,34.18000030517578,33.09000015258789,33.939998626708984,1911800
2017-09-22,27.99535369873047,33.22999954223633,33.279998779296875,32.65999984741211,33.0099983215332,1425900
2017-09-25,27.919540405273438,33.13999938964844,33.20000076293945,32.36000061035156,33.099998474121094,2812800
2017-09-26,27.99535369873047,33.22999954223633,33.65999984741211,33.11000061035156,33.18000030517578,1863700
2017-09-27,28.728315353393555,34.099998474121094,34.11000061035156,33.02000045776367,33.41999816894531,2369200
2017-09-28,29.265729904174805,34.58000183105469,34.720001220703125,33.68000030517578,33.790000915527344,4125700
2017-09-29,29.172630310058594,34.470001220703125,34.779998779296875,34.34000015258789,34.709999084472656,2120200
2017-10-02,29.46038055419922,34.810001373291016,35.029998779296875,33.56999969482422,33.810001373291016,1901700
2017-10-03,29.50269317626953,34.86000061035156,35.11000061035156,34.15999984741211,34.959999084472656,5964600
2017-10-04,30.162826538085938,35.63999938964844,35.75,35.02000045776367,35.09000015258789,2564600
2017-10-05,30.391328811645508,35.90999984741211,36.25,35.45000076293945,35.83000183105469,2923200
2017-10-06,30.61136817932129,36.16999816894531,36.2599983215332,35.40999984741211,35.79999923706055,4131900
2017-10-09,30.05280113220215,35.5099983215332,36.15999984741211,35.400001525878906,36.04999923706055,2671600
2017-10-10,30.154354095458984,35.630001068115234,36.349998474121094,35.59000015258789,35.95000076293945,2057000
2017-10-11,30.450571060180664,35.97999954223633,36.459999084472656,35.63999938964844,35.63999938964844,3000800
2017-10-12,30.67061996459961,36.2400016784668,36.439998626708984,35.810001373291016,35.95000076293945,2305000
2017-10-13,31.246109008789062,36.91999816894531,37.13999938964844,36.5,37.0,2783100
2017-10-16,30.61136817932129,36.16999816894531,37.15999984741211,36.060001373291016,37.06999969482422,2584100
2017-10-17,30.61136817932129,36.16999816894531,36.68000030517578,36.06999969482422,36.310001373291016,1911900
2017-10-18,30.839889526367188,36.439998626708984,36.61000061035156,36.15999984741211,36.15999984741211,3342100
2017-10-19,31.973957061767578,37.779998779296875,37.91999816894531,35.47999954223633,36.2599983215332,4709800
2017-10-20,32.92183303833008,38.900001525878906,39.0,37.93000030517578,38.2400016784668,4085800
2017-10-23,32.862586975097656,38.83000183105469,39.33000183105469,38.41999816894531,38.959999084472656,2628700
2017-10-24,33.47193908691406,39.54999923706055,39.75,38.939998626708984,39.22999954223633,2373200
2017-10-25,32.77794647216797,38.72999954223633,39.400001525878906,38.59000015258789,39.400001525878906,2799800
2017-10-26,32.91335678100586,38.88999938964844,39.150001525878906,38.54999923706055,38.9900016784668,1696900
2017-10-27,32.7271842956543,38.66999816894531,38.93000030517578,38.36000061035156,38.75,2189100
2017-10-30,31.94009017944336,37.7400016784668,38.54999923706055,37.61000061035156,38.47999954223633,2356700
2017-10-31,31.49155044555664,37.209999084472656,37.630001068115234,37.08000183105469,37.54999923706055,2826100
2017-11-01,32.143211364746094,37.97999954223633,38.869998931884766,37.61000061035156,38.130001068115234,3819300
2017-11-02,31.736976623535156,37.5,38.43000030517578,37.459999084472656,38.0,2261300
2017-11-03,31.745439529418945,37.5099983215332,37.65999984741211,37.06999969482422,37.5,2284100
2017-11-06,31.830074310302734,37.61000061035156,38.099998474121094,37.459999084472656,37.720001220703125,2083300
2017-11-07,31.64388656616211,37.38999938964844,37.709999084472656,37.15999984741211,37.709999084472656,1141400
2017-11-08,31.965476989746094,37.77000045776367,37.869998931884766,37.0,37.2400016784668,1982000
2017-11-09,31.474628448486328,37.189998626708984,37.52000045776367,36.77000045776367,37.27000045776367,2461100
2017-11-10,31.508474349975586,37.22999954223633,37.709999084472656,36.97999954223633,37.29999923706055,3209800
2017-11-13,31.610027313232422,37.349998474121094,37.61000061035156,36.869998931884766,36.880001068115234,1439600
2017-11-14,30.93297004699707,36.54999923706055,37.2400016784668,36.2599983215332,37.099998474121094,2477000
2017-11-15,31.33074951171875,37.02000045776367,37.150001525878906,35.79999923706055,36.2400016784668,2661100
2017-11-16,31.271503448486328,36.95000076293945,37.2400016784668,36.70000076293945,37.15999984741211,1374800
2017-11-17,31.18686294555664,36.849998474121094,37.060001373291016,36.599998474121094,36.90999984741211,1116200
2017-11-20,31.593109130859375,37.33000183105469,37.400001525878906,36.439998626708984,36.93000030517578,1386000
2017-11-21,31.736976623535156,37.5,37.849998474121094,37.45000076293945,37.70000076293945,858500
2017-11-22,31.92316246032715,37.720001220703125,38.0,37.470001220703125,37.61000061035156,1193800
2017-11-24,31.728525161743164,37.4900016784668,37.9900016784668,37.47999954223633,37.83000183105469,741700
2017-11-27,31.61850357055664,37.36000061035156,37.560001373291016,36.66999816894531,37.54999923706055,2366400
2017-11-28,31.449234008789062,37.15999984741211,37.43000030517578,36.560001373291016,37.380001068115234,3865100
2017-11-29,32.050113677978516,37.869998931884766,38.630001068115234,37.209999084472656,37.209999084472656,3032400
2017-11-30,32.58329772949219,38.5,38.849998474121094,37.75,37.91999816894531,2858200
2017-12-01,32.43095779418945,38.31999969482422,39.08000183105469,37.45000076293945,38.61000061035156,3084000
2017-12-04,33.675052642822266,39.790000915527344,40.40999984741211,38.619998931884766,38.619998931884766,5236900
2017-12-05,32.77794647216797,38.72999954223633,39.22999954223633,38.29999923706055,38.529998779296875,2505000
2017-12-06,33.18418502807617,39.209999084472656,40.18000030517578,38.86000061035156,38.86000061035156,2135300
2017-12-07,33.63273239135742,39.7400016784668,39.84000015258789,39.15999984741211,39.33000183105469,2434200
2017-12-08,34.4452018737793,40.70000076293945,41.099998474121094,39.81999969482422,39.970001220703125,3470400
2017-12-11,34.4452018737793,40.70000076293945,41.09000015258789,40.08000183105469,41.09000015258789,2507500
2017-12-12,34.39442443847656,40.63999938964844,40.95000076293945,40.310001373291016,40.61000061035156,2117600
2017-12-13,34.85143280029297,41.18000030517578,41.27000045776367,40.209999084472656,40.58000183105469,2507900
2017-12-14,33.71735763549805,39.84000015258789,41.65999984741211,39.83000183105469,40.70000076293945,2553400
2017-12-15,33.725826263427734,39.849998474121094,40.41999816894531,39.4900016784668,40.0099983215332,5505900
2017-12-18,34.5975456237793,40.880001068115234,41.0,39.5099983215332,39.560001373291016,2743700
2017-12-19,35.03762435913086,41.400001525878906,41.81999969482422,40.709999084472656,40.9900016784668,3002100
2017-12-20,36.65408706665039,43.310001373291016,43.560001373291016,41.900001525878906,42.0,4019800
2017-12-21,36.781036376953125,43.459999084472656,43.70000076293945,43.220001220703125,43.54999923706055,2227800
2017-12-22,36.61177444458008,43.2599983215332,43.650001525878906,42.790000915527344,43.650001525878906,1276200
2017-12-26,36.96722412109375,43.68000030517578,43.84000015258789,43.18000030517578,43.47999954223633,943700
2017-12-27,36.55253601074219,43.189998626708984,43.68000030517578,43.130001068115234,43.68000030517578,1028900
2017-12-28,37.21928787231445,43.81999969482422,43.869998931884766,42.9900016784668,43.310001373291016,1359500
2017-12-29,36.63321304321289,43.130001068115234,43.88999938964844,43.11000061035156,43.84000015258789,1800200
2018-01-02,38.102630615234375,44.86000061035156,44.91999816894531,43.31999969482422,43.31999969482422,2868500
2018-01-03,38.73965835571289,45.61000061035156,45.849998474121094,44.470001220703125,44.849998474121094,4304900
2018-01-04,39.028446197509766,45.95000076293945,46.31999969482422,45.5,45.79999923706055,1959500
2018-01-05,38.73116683959961,45.599998474121094,46.150001525878906,45.41999816894531,46.13999938964844,2236400
2018-01-08,39.045440673828125,45.970001220703125,46.119998931884766,45.619998931884766,45.880001068115234,1926400
2018-01-09,38.314979553222656,45.11000061035156,46.18000030517578,45.04999923706055,45.90999984741211,3128200
2018-01-10,39.11336898803711,46.04999923706055,46.11000061035156,44.36000061035156,44.470001220703125,1709500
2018-01-11,40.022193908691406,47.119998931884766,47.18000030517578,46.08000183105469,46.33000183105469,1838400
2018-01-12,39.92876434326172,47.0099983215332,47.38999938964844,46.650001525878906,47.369998931884766,1887200
2018-01-16,39.47860336303711,46.47999954223633,47.849998474121094,46.060001373291016,47.20000076293945,1679200
2018-01-17,39.73341369628906,46.779998779296875,47.06999969482422,46.16999816894531,46.529998779296875,1464400
2018-01-18,39.291748046875,46.2599983215332,46.70000076293945,45.75,46.45000076293945,1673600
2018-01-19,39.427635192871094,46.41999816894531,46.5,45.56999969482422,46.27000045776367,2122200
2018-01-22,39.555049896240234,46.56999969482422,46.70000076293945,45.68000030517578,46.29999923706055,2533700
2018-01-23,39.37668228149414,46.36000061035156,47.63999938964844,45.599998474121094,47.36000061035156,4104900
2018-01-24,39.88631057739258,46.959999084472656,47.06999969482422,46.150001525878906,46.849998474121094,3296400
2018-01-25,39.36819839477539,46.349998474121094,47.400001525878906,46.119998931884766,47.2400016784668,3512100
2018-01-26,40.33647918701172,47.4900016784668,48.13999938964844,46.06999969482422,46.459999084472656,3410800
2018-01-29,40.192081451416016,47.31999969482422,48.279998779296875,47.15999984741211,47.439998626708984,2056200
2018-01-30,39.73341369628906,46.779998779296875,47.540000915527344,45.90999984741211,46.790000915527344,2293000
2018-01-31,38.56129455566406,45.400001525878906,47.349998474121094,45.11000061035156,46.81999969482422,2848900
2018-02-01,38.69719314575195,45.560001373291016,46.099998474121094,45.099998474121094,45.13999938964844,2015700
2018-02-02,37.49958038330078,44.150001525878906,45.0099983215332,43.70000076293945,44.959999084472656,2213300
2018-02-05,36.71816635131836,43.22999954223633,45.47999954223633,42.88999938964844,43.560001373291016,3043800
2018-02-06,37.61848831176758,44.290000915527344,44.58000183105469,41.130001068115234,42.36000061035156,2292100
2018-02-07,37.67795181274414,44.36000061035156,44.869998931884766,43.75,43.95000076293945,3056800
2018-02-08,36.3359489440918,42.779998779296875,44.31999969482422,42.75,44.15999984741211,2755600
2018-02-09,37.00695037841797,43.56999969482422,43.86000061035156,41.93000030517578,43.349998474121094,2681300
2018-02-12,37.98372268676758,44.720001220703125,45.08000183105469,43.70000076293945,43.790000915527344,1406000
2018-02-13,38.102630615234375,44.86000061035156,45.5099983215332,44.040000915527344,44.29999923706055,2869100
2018-02-14,39.741912841796875,46.790000915527344,46.880001068115234,44.18000030517578,44.310001373291016,2773100
2018-02-15,40.039180755615234,47.13999938964844,47.33000183105469,45.91999816894531,47.08000183105469,2306400
2018-02-16,41.95876693725586,49.400001525878906,49.66999816894531,46.560001373291016,47.13999938964844,6323600
2018-02-20,41.50010299682617,48.86000061035156,50.70000076293945,48.5099983215332,48.79999923706055,3803600
2018-02-21,40.88855743408203,48.13999938964844,49.40999984741211,48.09000015258789,48.93000030517578,2541300
2018-02-22,40.76963424682617,48.0,48.7599983215332,47.869998931884766,48.72999954223633,1657100
2018-02-23,40.31949234008789,47.470001220703125,49.34000015258789,47.22999954223633,49.34000015258789,2299400
2018-02-26,40.78664016723633,48.02000045776367,48.9900016784668,47.15999984741211,48.349998474121094,3547100
2018-02-27,40.353450775146484,47.5099983215332,48.310001373291016,47.36000061035156,47.88999938964844,2815000
2018-02-28,39.28324508666992,46.25,48.06999969482422,46.22999954223633,47.65999984741211,2988900
2018-03-01,40.85457992553711,48.099998474121094,48.59000015258789,46.61000061035156,47.68000030517578,4357300
2018-03-02,41.04993438720703,48.33000183105469,48.52000045776367,47.11000061035156,47.88999938964844,3318500
2018-03-05,40.18357849121094,47.310001373291016,48.66999816894531,47.27000045776367,48.060001373291016,2616200
2018-03-06,39.89480209350586,46.970001220703125,47.7599983215332,46.29999923706055,47.47999954223633,5227000
2018-03-07,40.2005729675293,47.33000183105469,48.11000061035156,46.88999938964844,47.08000183105469,2994200
2018-03-08,39.07090759277344,46.0,47.5,45.52000045776367,47.5,2804200
2018-03-09,39.35969161987305,46.34000015258789,47.209999084472656,45.36000061035156,46.81999969482422,2434900
2018-03-12,39.90330123901367,46.97999954223633,47.369998931884766,46.31999969482422,46.529998779296875,2421700
2018-03-13,40.12412643432617,47.2400016784668,47.369998931884766,46.31999969482422,46.529998779296875,5238100
2018-03-14,39.979732513427734,47.06999969482422,48.04999923706055,46.880001068115234,47.689998626708984,2575600
2018-03-15,39.43613815307617,46.43000030517578,47.52000045776367,46.060001373291016,47.099998474121094,2889500
2018-03-16,39.877803802490234,46.95000076293945,47.13999938964844,45.52000045776367,46.63999938964844,3159200
2018-03-19,38.80760192871094,45.689998626708984,46.779998779296875,45.18000030517578,46.529998779296875,2382100
2018-03-20,38.58675765991211,45.43000030517578,46.27000045776367,45.20000076293945,46.0099983215332,2056800
2018-03-21,39.41065979003906,46.400001525878906,46.66999816894531,45.310001373291016,45.619998931884766,1467800
2018-03-22,36.45486068725586,42.91999816894531,45.959999084472656,42.880001068115234,45.93000030517578,2911000
2018-03-23,35.95371627807617,42.33000183105469,43.720001220703125,42.209999084472656,43.0,2783600
2018-03-26,36.98147201538086,43.540000915527344,43.720001220703125,42.52000045776367,43.09000015258789,2126700
2018-03-27,36.54828643798828,43.029998779296875,44.43000030517578,42.709999084472656,44.06999969482422,2588700
2018-03-28,36.42715072631836,42.70000076293945,43.04999923706055,42.11000061035156,43.0,1632600
2018-03-29,37.723846435546875,44.220001220703125,44.5099983215332,42.810001373291016,43.13999938964844,2305000
2018-04-02,36.54657745361328,42.84000015258789,44.2400016784668,42.63999938964844,44.060001373291016,2028100
2018-04-03,37.587364196777344,44.060001373291016,44.27000045776367,43.31999969482422,43.31999969482422,2059300
2018-04-04,37.91153335571289,44.439998626708984,44.540000915527344,42.86000061035156,43.18000030517578,2272600
2018-04-05,38.84994125366211,45.540000915527344,45.880001068115234,44.709999084472656,44.709999084472656,2034100
2018-04-06,37.092552185058594,43.47999954223633,45.150001525878906,42.939998626708984,44.7599983215332,2517300
2018-04-09,37.263179779052734,43.68000030517578,44.349998474121094,43.540000915527344,43.75,2160700
2018-04-10,38.51724624633789,45.150001525878906,45.310001373291016,44.20000076293945,44.75,2113700
2018-04-11,37.502052307128906,43.959999084472656,45.31999969482422,43.790000915527344,45.0,2569500
2018-04-12,38.466041564941406,45.09000015258789,45.25,44.15999984741211,44.38999938964844,1741100
2018-04-13,38.03097152709961,44.58000183105469,45.70000076293945,44.25,45.13999938964844,2185600
2018-04-16,38.3892707824707,45.0,45.13999938964844,44.47999954223633,44.900001525878906,1429700
2018-04-17,39.53240966796875,46.34000015258789,46.529998779296875,45.33000183105469,45.59000015258789,2051200
2018-04-18,40.35138702392578,47.29999923706055,48.22999954223633,46.849998474121094,46.869998931884766,3693200
2018-04-19,40.223426818847656,47.150001525878906,47.59000015258789,45.439998626708984,46.0,3937700
2018-04-20,39.82246780395508,46.68000030517578,47.34000015258789,45.779998779296875,47.34000015258789,2167500
2018-04-23,39.012020111083984,45.72999954223633,46.83000183105469,45.560001373291016,46.40999984741211,2042200
2018-04-24,39.02055740356445,45.7400016784668,47.040000915527344,45.060001373291016,46.189998626708984,2569500
2018-04-25,39.54095458984375,46.349998474121094,46.93000030517578,45.290000915527344,45.630001068115234,1813100
2018-04-26,40.1722412109375,47.09000015258789,47.16999816894531,45.77000045776367,46.540000915527344,1796300
2018-04-27,38.87553787231445,45.56999969482422,46.91999816894531,45.0,46.88999938964844,3000700
2018-04-30,38.227169036865234,44.810001373291016,45.97999954223633,44.459999084472656,45.59000015258789,2136200
2018-05-01,37.63853073120117,44.119998931884766,44.619998931884766,43.189998626708984,44.619998931884766,3009300
2018-05-02,38.13334274291992,44.70000076293945,45.290000915527344,44.36000061035156,44.36000061035156,2099300
2018-05-03,38.1504020690918,44.720001220703125,45.40999984741211,44.40999984741211,44.59000015258789,1693400
2018-05-04,39.395912170410156,46.18000030517578,46.52000045776367,44.0,44.5099983215332,1722800
2018-05-07,39.58360290527344,46.400001525878906,46.540000915527344,45.95000076293945,46.220001220703125,1120900
2018-05-08,39.668907165527344,46.5,46.869998931884766,46.13999938964844,46.380001068115234,1260000
2018-05-09,40.02721405029297,46.91999816894531,47.13999938964844,46.529998779296875,46.75,1468400
2018-05-10,40.760868072509766,47.779998779296875,48.349998474121094,46.84000015258789,46.95000076293945,2259800
2018-05-11,41.1447639465332,48.22999954223633,48.83000183105469,47.779998779296875,48.06999969482422,2104800
2018-05-14,41.42628860473633,48.560001373291016,48.72999954223633,48.13999938964844,48.5,1158100
2018-05-15,42.18553924560547,49.45000076293945,49.52000045776367,47.79999923706055,48.20000076293945,2732200
2018-05-16,43.4566535949707,50.939998626708984,51.70000076293945,49.22999954223633,49.22999954223633,3190600
2018-05-17,43.83201217651367,51.380001068115234,52.099998474121094,51.0099983215332,51.20000076293945,2329900
2018-05-18,43.388389587402344,50.86000061035156,51.45000076293945,50.630001068115234,51.15999984741211,2257400
2018-05-21,43.04716110229492,50.459999084472656,51.0,50.029998779296875,51.0,1826700
2018-05-22,43.013038635253906,50.41999816894531,51.349998474121094,50.349998474121094,50.7599983215332,1316800
2018-05-23,42.458526611328125,49.77000045776367,50.58000183105469,49.470001220703125,50.13999938964844,1715000
2018-05-24,42.47559356689453,49.790000915527344,50.310001373291016,49.47999954223633,50.029998779296875,1926900
2018-05-25,42.177005767822266,49.439998626708984,49.849998474121094,49.04999923706055,49.68000030517578,1596400
2018-05-29,41.511592864990234,48.65999984741211,49.599998474121094,48.45000076293945,48.93000030517578,1495400
2018-05-30,42.56089401245117,49.88999938964844,50.27000045776367,49.18000030517578,49.18000030517578,1677200
2018-05-31,42.168479919433594,49.43000030517578,51.689998626708984,49.20000076293945,51.0,2456100
2018-06-01,42.6291389465332,49.970001220703125,50.7400016784668,49.84000015258789,50.130001068115234,2002600
2018-06-04,42.48411560058594,49.79999923706055,50.79999923706055,49.5,50.36000061035156,2056300
2018-06-05,42.765647888183594,50.130001068115234,50.34000015258789,49.2400016784668,49.58000183105469,1937300
2018-06-06,43.3030891418457,50.7599983215332,50.77000045776367,49.65999984741211,50.220001220703125,1794600
2018-06-07,42.88507843017578,50.27000045776367,51.08000183105469,50.060001373291016,50.75,2261500
2018-06-08,43.286033630371094,50.7400016784668,50.79999923706055,49.88999938964844,50.279998779296875,1175700
2018-06-11,42.79975128173828,50.16999816894531,51.31999969482422,50.119998931884766,50.900001525878906,1632500
2018-06-12,42.4670524597168,49.779998779296875,50.66999816894531,49.470001220703125,50.279998779296875,2021500
2018-06-13,41.955196380615234,49.18000030517578,49.90999984741211,49.119998931884766,49.86000061035156,2136000
2018-06-14,41.810184478759766,49.0099983215332,49.33000183105469,48.220001220703125,49.18000030517578,2863600
2018-06-15,39.890716552734375,46.7599983215332,49.59000015258789,46.22999954223633,49.45000076293945,7536000
2018-06-18,40.504940032958984,47.47999954223633,47.880001068115234,46.38999938964844,46.41999816894531,3042200
2018-06-19,39.6518440246582,46.47999954223633,46.779998779296875,45.33000183105469,46.7599983215332,3031700
2018-06-20,40.05279541015625,46.95000076293945,47.06999969482422,46.02000045776367,46.70000076293945,1412600
2018-06-21,39.677433013916016,46.5099983215332,46.970001220703125,46.099998474121094,46.970001220703125,1605700
2018-06-22,40.86323165893555,47.900001525878906,48.029998779296875,46.90999984741211,46.90999984741211,3335800
2018-06-25,39.685977935791016,46.52000045776367,47.900001525878906,45.529998779296875,47.65999984741211,3073800
2018-06-26,40.01014709472656,46.900001525878906,47.130001068115234,45.880001068115234,46.650001525878906,2793100
2018-06-27,39.02055740356445,45.7400016784668,47.150001525878906,45.689998626708984,47.130001068115234,1205600
2018-06-28,39.310089111328125,45.88999938964844,46.06999969482422,44.7599983215332,45.54999923706055,1382300
2018-06-29,39.36149597167969,45.95000076293945,46.720001220703125,45.90999984741211,46.189998626708984,1494700
2018-07-02,39.5413818359375,46.15999984741211,46.40999984741211,45.47999954223633,45.91999816894531,1398800
2018-07-03,38.736167907714844,45.220001220703125,46.65999984741211,45.09000015258789,46.400001525878906,951900
2018-07-05,39.995384216308594,46.689998626708984,46.75,45.65999984741211,45.97999954223633,1762600
2018-07-06,39.7384033203125,46.38999938964844,46.779998779296875,45.650001525878906,46.310001373291016,1376700
2018-07-09,40.098182678222656,46.810001373291016,46.880001068115234,46.25,46.47999954223633,981100
2018-07-10,40.612152099609375,47.40999984741211,47.70000076293945,46.77000045776367,47.060001373291016,1489000
2018-07-11,40.03821563720703,46.7400016784668,47.0099983215332,46.220001220703125,46.790000915527344,1440100
2018-07-12,40.089599609375,46.79999923706055,47.29999923706055,46.4900016784668,47.209999084472656,1096100
2018-07-13,40.492225646972656,47.27000045776367,47.45000076293945,46.689998626708984,46.779998779296875,1036900
2018-07-16,40.13245391845703,46.849998474121094,47.63999938964844,46.720001220703125,47.099998474121094,1246800
2018-07-17,40.089599609375,46.79999923706055,47.369998931884766,46.54999923706055,46.779998779296875,1341700
2018-07-18,41.04046630859375,47.90999984741211,48.0,47.06999969482422,47.11000061035156,1064100
2018-07-19,39.969688415527344,46.65999984741211,47.72999954223633,46.619998931884766,47.72999954223633,1764800
2018-07-20,40.226680755615234,46.959999084472656,47.13999938964844,46.33000183105469,46.540000915527344,1337500
2018-07-23,40.937660217285156,47.790000915527344,48.029998779296875,47.060001373291016,47.290000915527344,2027500
2018-07-24,42.07695770263672,49.119998931884766,49.70000076293945,47.20000076293945,49.060001373291016,3112800
2018-07-25,42.48814392089844,49.599998474121094,49.63999938964844,48.95000076293945,49.15999984741211,2201200
2018-07-26,41.48590087890625,48.43000030517578,49.54999923706055,47.04999923706055,49.18000030517578,2917800
2018-07-27,41.108985900878906,47.9900016784668,48.849998474121094,47.900001525878906,48.72999954223633,1209400
2018-07-30,40.74065399169922,47.560001373291016,48.63999938964844,47.439998626708984,48.25,1711500
2018-07-31,40.33803939819336,47.09000015258789,47.97999954223633,46.58000183105469,47.650001525878906,2402600
2018-08-01,39.25012969970703,45.81999969482422,47.63999938964844,45.7400016784668,47.209999084472656,1616500
2018-08-02,38.222198486328125,44.619998931884766,45.470001220703125,44.47999954223633,45.189998626708984,2318200
2018-08-03,37.89668273925781,44.2400016784668,44.790000915527344,43.7599983215332,44.7400016784668,2211700
2018-08-06,38.008033752441406,44.369998931884766,44.619998931884766,43.93000030517578,44.130001068115234,1519200
2018-08-07,38.641937255859375,45.11000061035156,45.630001068115234,44.68000030517578,44.810001373291016,1928700
2018-08-08,38.470619201660156,44.90999984741211,45.220001220703125,44.43000030517578,45.02000045776367,1302000
2018-08-09,37.948081970214844,44.29999923706055,44.869998931884766,44.09000015258789,44.869998931884766,1236400
2018-08-10,37.35700988769531,43.61000061035156,44.52000045776367,43.04999923706055,43.650001525878906,2817100
2018-08-13,37.41697311401367,43.68000030517578,44.11000061035156,43.43000030517578,43.77000045776367,1789300
2018-08-14,37.34844207763672,43.599998474121094,44.0099983215332,43.400001525878906,43.900001525878906,2446600
2018-08-15,36.440425872802734,42.540000915527344,43.119998931884766,41.79999923706055,43.0,2521300
2018-08-16,37.16855239868164,43.38999938964844,43.790000915527344,42.7599983215332,42.959999084472656,1229300
2018-08-17,37.45980453491211,43.72999954223633,43.88999938964844,42.2400016784668,43.27000045776367,1564100
2018-08-20,38.436344146728516,44.869998931884766,45.04999923706055,43.970001220703125,43.970001220703125,3067700
2018-08-21,38.633365631103516,45.099998474121094,45.540000915527344,44.86000061035156,44.86000061035156,2075200
2018-08-22,38.79612731933594,45.290000915527344,45.560001373291016,44.650001525878906,45.15999984741211,1443300
2018-08-23,37.75104522705078,44.06999969482422,45.290000915527344,44.0099983215332,45.189998626708984,1773000
2018-08-24,38.333560943603516,44.75,44.79999923706055,44.36000061035156,44.470001220703125,850900
2018-08-27,39.318660736083984,45.900001525878906,46.11000061035156,45.029998779296875,45.689998626708984,1764800
2018-08-28,39.22443389892578,45.790000915527344,46.380001068115234,45.470001220703125,46.11000061035156,1391300
2018-08-29,39.661293029785156,46.29999923706055,46.529998779296875,45.369998931884766,45.869998931884766,1117900
2018-08-30,39.087364196777344,45.630001068115234,46.04999923706055,45.130001068115234,45.90999984741211,1082600
2018-08-31,39.173030853271484,45.72999954223633,46.040000915527344,45.13999938964844,45.45000076293945,1669000
2018-09-04,39.01884078979492,45.54999923706055,46.29999923706055,44.849998474121094,45.349998474121094,2070600
2018-09-05,40.089599609375,46.79999923706055,46.86000061035156,45.38999938964844,45.459999084472656,2174500
2018-09-06,40.56931686401367,47.36000061035156,47.59000015258789,46.72999954223633,46.810001373291016,2196000
2018-09-07,40.01252746582031,46.709999084472656,47.5,46.29999923706055,47.25,1916300
2018-09-10,39.56706619262695,46.189998626708984,47.02000045776367,46.119998931884766,46.869998931884766,1143000
2018-09-11,39.56706619262695,46.189998626708984,46.439998626708984,45.0099983215332,45.650001525878906,1540000
2018-09-12,40.320899963378906,47.06999969482422,47.36000061035156,46.189998626708984,46.189998626708984,1110300
2018-09-13,40.303768157958984,47.04999923706055,47.720001220703125,46.869998931884766,47.4900016784668,1231200
2018-09-14,40.10675048828125,46.81999969482422,47.04999923706055,46.15999984741211,46.529998779296875,1632400
2018-09-17,40.44083023071289,47.209999084472656,47.689998626708984,46.959999084472656,46.959999084472656,1333000
2018-09-18,40.1838493347168,46.90999984741211,47.869998931884766,46.84000015258789,47.27000045776367,1650200
2018-09-19,40.4322509765625,47.20000076293945,48.060001373291016,47.130001068115234,47.22999954223633,1952100
2018-09-20,39.70414733886719,46.349998474121094,48.16999816894531,45.90999984741211,47.7400016784668,3518500
2018-09-21,39.06167984008789,45.599998474121094,46.52000045776367,45.15999984741211,46.380001068115234,7007100
2018-09-24,38.93318557739258,45.45000076293945,46.790000915527344,45.38999938964844,45.72999954223633,2402600
2018-09-25,39.404319763183594,46.0,46.369998931884766,45.5099983215332,45.810001373291016,1896400
2018-09-26,39.04454803466797,45.58000183105469,46.099998474121094,45.5,45.91999816894531,2422300
2018-09-27,39.16326141357422,45.529998779296875,45.84000015258789,45.150001525878906,45.65999984741211,1783500
2018-09-28,38.87078857421875,45.189998626708984,45.869998931884766,45.189998626708984,45.529998779296875,3001000
2018-10-01,39.30086898803711,45.689998626708984,46.130001068115234,45.119998931884766,45.52000045776367,1812000
2018-10-02,39.57612228393555,46.0099983215332,46.16999816894531,45.189998626708984,45.45000076293945,2558400
2018-10-03,39.72235107421875,46.18000030517578,46.33000183105469,45.86000061035156,46.2599983215332,2573700
2018-10-04,39.352481842041016,45.75,46.560001373291016,45.25,46.31999969482422,2112100
2018-10-05,39.06003952026367,45.40999984741211,46.02000045776367,44.83000183105469,45.45000076293945,2652600
2018-10-08,38.82778549194336,45.13999938964844,45.349998474121094,44.68000030517578,45.349998474121094,1975900
2018-10-09,38.561134338378906,44.83000183105469,45.29999923706055,44.779998779296875,45.11000061035156,2003800
2018-10-10,37.29669952392578,43.36000061035156,44.83000183105469,43.2400016784668,44.65999984741211,4166700
2018-10-11,36.41072082519531,42.33000183105469,43.779998779296875,42.31999969482422,43.29999923706055,3504100
2018-10-12,36.46232604980469,42.38999938964844,43.5,41.88999938964844,43.0,3135300
2018-10-15,34.98284912109375,40.66999816894531,42.220001220703125,40.56999969482422,41.68000030517578,5138900
2018-10-16,34.63017654418945,40.2599983215332,41.08000183105469,39.83000183105469,40.880001068115234,6193500
2018-10-17,34.879638671875,40.54999923706055,40.689998626708984,39.7599983215332,40.47999954223633,4284100
2018-10-18,35.54195785522461,41.31999969482422,41.900001525878906,40.25,41.25,6867700
2018-10-19,35.292510986328125,41.029998779296875,41.75,40.47999954223633,41.470001220703125,3153700
2018-10-22,35.696781158447266,41.5,41.849998474121094,40.86000061035156,41.16999816894531,3255600
2018-10-23,34.99146270751953,40.68000030517578,40.86000061035156,39.959999084472656,40.560001373291016,4479600
2018-10-24,33.193702697753906,38.59000015258789,40.709999084472656,38.52000045776367,40.540000915527344,3019000
2018-10-25,34.02806854248047,39.560001373291016,39.83000183105469,38.81999969482422,38.90999984741211,2882800
2018-10-26,33.004486083984375,38.369998931884766,39.18000030517578,38.119998931884766,38.91999816894531,2775100
2018-10-29,33.193702697753906,38.59000015258789,39.34000015258789,38.33000183105469,38.95000076293945,2693800
2018-10-30,33.546382904052734,39.0,39.29999923706055,38.349998474121094,38.70000076293945,2987600
2018-10-31,34.06247329711914,39.599998474121094,40.06999969482422,39.04999923706055,39.400001525878906,2799300
2018-11-01,34.810821533203125,40.470001220703125,40.880001068115234,39.63999938964844,39.880001068115234,2355300
2018-11-02,35.14628601074219,40.86000061035156,41.290000915527344,40.18000030517578,40.7599983215332,2168600
2018-11-05,35.12908172607422,40.84000015258789,41.38999938964844,40.7400016784668,40.7400016784668,1506400
2018-11-06,35.464542388916016,41.22999954223633,41.29999923706055,40.849998474121094,40.849998474121094,1351800
2018-11-07,35.86021423339844,41.689998626708984,42.0,41.52000045776367,41.65999984741211,1578400
2018-11-08,35.3269157409668,41.06999969482422,41.86000061035156,40.939998626708984,41.470001220703125,1152600
2018-11-09,34.64738464355469,40.279998779296875,41.02000045776367,39.97999954223633,40.75,1629300
2018-11-12,34.329124450683594,39.90999984741211,40.380001068115234,39.20000076293945,40.11000061035156,1920300
2018-11-13,34.64738464355469,40.279998779296875,40.849998474121094,39.83000183105469,39.86000061035156,1757500
2018-11-14,33.75282669067383,39.2400016784668,40.9900016784668,39.11000061035156,40.560001373291016,1502000
2018-11-15,34.40653991699219,40.0,40.2599983215332,38.88999938964844,38.9900016784668,1645000
2018-11-16,34.13988494873047,39.689998626708984,40.2400016784668,39.599998474121094,39.709999084472656,1311100
2018-11-19,34.19150161743164,39.75,39.93000030517578,39.099998474121094,39.630001068115234,2170800
2018-11-20,32.651798248291016,37.959999084472656,39.27000045776367,37.5,38.97999954223633,2106400
2018-11-21,33.099098205566406,38.47999954223633,38.880001068115234,37.790000915527344,38.18000030517578,1420900
2018-11-23,32.20452117919922,37.439998626708984,38.2400016784668,36.34000015258789,37.68000030517578,716600
2018-11-26,31.826051712036133,37.0,38.04999923706055,36.90999984741211,37.58000183105469,2405400
2018-11-27,28.978906631469727,33.689998626708984,36.66999816894531,33.400001525878906,36.400001525878906,6133800
2018-11-28,30.14873504638672,35.04999923706055,35.04999923706055,33.380001068115234,33.849998474121094,6274100
2018-11-29,30.08852767944336,34.97999954223633,35.4900016784668,34.459999084472656,35.209999084472656,4786000
2018-11-30,30.277759552001953,35.20000076293945,35.279998779296875,34.31999969482422,34.75,2748700
2018-12-03,30.690645217895508,35.68000030517578,36.779998779296875,35.380001068115234,36.36000061035156,2992500
2018-12-04,29.864883422851562,34.720001220703125,36.15999984741211,34.68000030517578,35.56999969482422,2887500
2018-12-06,28.505817413330078,33.13999938964844,34.16999816894531,33.0099983215332,33.63999938964844,3834000
2018-12-07,27.791887283325195,32.310001373291016,34.150001525878906,32.25,33.310001373291016,4614100
2018-12-10,27.361799240112305,31.809999465942383,32.2400016784668,30.6200008392334,32.18000030517578,2895200
2018-12-11,26.888713836669922,31.260000228881836,32.43000030517578,31.219999313354492,32.25,3156900
2018-12-12,27.52522850036621,32.0,32.58000183105469,31.489999771118164,31.729999542236328,3998500
2018-12-13,27.852092742919922,32.380001068115234,32.880001068115234,31.950000762939453,31.950000762939453,2271100
2018-12-14,27.6972713470459,32.20000076293945,33.22999954223633,31.56999969482422,31.8700008392334,2989500
2018-12-17,27.000530242919922,31.389999389648438,32.630001068115234,31.190000534057617,32.20000076293945,2736000
2018-12-18,27.422014236450195,31.8799991607666,32.25,31.290000915527344,31.290000915527344,3977900
2018-12-19,26.639265060424805,30.969999313354492,32.5099983215332,30.6200008392334,31.93000030517578,4201100
2018-12-20,25.8823184967041,30.09000015258789,31.389999389648438,29.709999084472656,30.920000076293945,3707800
2018-12-21,25.908124923706055,30.1200008392334,30.889999389648438,29.979999542236328,30.110000610351562,4023800
2018-12-24,24.98775291442871,29.049999237060547,30.149999618530273,29.040000915527344,29.75,887800
2018-12-26,25.908124923706055,30.1200008392334,30.170000076293945,29.0,29.170000076293945,4391200
2018-12-27,25.77050018310547,29.959999084472656,29.969999313354492,28.90999984741211,29.489999771118164,4865700
2018-12-28,25.855331420898438,29.8700008392334,30.399999618530273,29.690000534057617,29.84000015258789,1705500
2018-12-31,26.002479553222656,30.040000915527344,30.1299991607666,29.420000076293945,29.860000610351562,1885900
2019-01-02,26.357376098632812,30.450000762939453,30.610000610351562,29.15999984741211,29.15999984741211,2086800
2019-01-03,25.933229446411133,29.959999084472656,30.600000381469727,29.690000534057617,30.229999542236328,1762000
2019-01-04,27.300872802734375,31.540000915527344,31.700000762939453,30.649999618530273,30.649999618530273,2256500
2019-01-07,27.586519241333008,31.8700008392334,32.47999954223633,31.5,31.799999237060547,3250100
2019-01-08,28.50404930114746,32.93000030517578,33.400001525878906,32.4900016784668,32.88999938964844,3829200
2019-01-09,28.651199340820312,33.099998474121094,33.52000045776367,32.189998626708984,33.25,2490400
2019-01-10,28.910884857177734,33.400001525878906,33.45000076293945,32.61000061035156,32.72999954223633,1868300
2019-01-11,28.98879051208496,33.4900016784668,33.59000015258789,32.84000015258789,33.16999816894531,1462500
2019-01-14,28.581958770751953,33.02000045776367,33.47999954223633,32.880001068115234,33.20000076293945,1235700
2019-01-15,28.365554809570312,32.77000045776367,33.279998779296875,32.439998626708984,33.09000015258789,1222900
2019-01-16,28.867595672607422,33.349998474121094,33.54999923706055,32.63999938964844,32.90999984741211,1824500
2019-01-17,29.101306915283203,33.619998931884766,34.04999923706055,33.060001373291016,33.310001373291016,2590200
2019-01-18,29.689922332763672,34.29999923706055,34.560001373291016,33.59000015258789,34.0,2810000
2019-01-22,30.217927932739258,34.90999984741211,35.43000030517578,33.06999969482422,34.02000045776367,4664100
2019-01-23,30.140026092529297,34.81999969482422,35.349998474121094,34.06999969482422,35.18000030517578,2262400
2019-01-24,30.0448055267334,34.709999084472656,34.9900016784668,34.349998474121094,34.869998931884766,2325200
2019-01-25,30.676692962646484,35.439998626708984,35.779998779296875,35.08000183105469,35.34000015258789,2341300
2019-01-28,30.771913528442383,35.54999923706055,35.619998931884766,34.84000015258789,35.08000183105469,1785200
2019-01-29,31.066205978393555,35.88999938964844,36.45000076293945,35.7400016784668,36.060001373291016,3064200
2019-01-30,31.90584945678711,36.86000061035156,37.13999938964844,35.68000030517578,36.34000015258789,2346300
2019-01-31,31.672121047973633,36.59000015258789,36.93000030517578,35.880001068115234,36.0099983215332,2859500
2019-02-01,32.156864166259766,37.150001525878906,37.16999816894531,36.38999938964844,36.54999923706055,1869400
2019-02-04,32.468475341796875,37.5099983215332,37.59000015258789,36.75,36.959999084472656,1953100
2019-02-05,31.89718246459961,36.849998474121094,37.45000076293945,36.810001373291016,37.38999938964844,1700600
2019-02-06,31.99239730834961,36.959999084472656,37.34000015258789,36.7400016784668,36.810001373291016,2459600
2019-02-07,31.161420822143555,36.0,36.91999816894531,35.72999954223633,36.70000076293945,2016600
2019-02-08,30.95368194580078,35.7599983215332,36.119998931884766,35.540000915527344,35.779998779296875,1914600
2019-02-11,31.33454704284668,36.20000076293945,36.279998779296875,35.72999954223633,35.88999938964844,1553400
2019-02-12,32.02701950073242,37.0,37.290000915527344,36.41999816894531,36.54999923706055,2076100
2019-02-13,31.931814193725586,36.88999938964844,37.470001220703125,36.630001068115234,37.25,1239200
2019-02-14,31.819276809692383,36.7599983215332,37.16999816894531,36.720001220703125,36.720001220703125,2001000
2019-02-15,32.10493850708008,37.09000015258789,37.439998626708984,36.689998626708984,37.11000061035156,2877700
2019-02-19,32.252079010009766,37.2599983215332,37.40999984741211,36.810001373291016,36.83000183105469,1994200
2019-02-20,33.79283905029297,39.040000915527344,39.13999938964844,37.56999969482422,37.72999954223633,3795000
2019-02-21,33.403316497802734,38.59000015258789,39.150001525878906,38.290000915527344,38.939998626708984,2655600
2019-02-22,33.810150146484375,39.060001373291016,39.20000076293945,38.54999923706055,38.75,1955200
2019-02-25,33.62837219238281,38.849998474121094,39.349998474121094,38.56999969482422,39.2599983215332,1548300
2019-02-26,33.16960525512695,38.31999969482422,38.90999984741211,38.310001373291016,38.630001068115234,1782500
2019-02-27,32.84933853149414,37.95000076293945,38.40999984741211,37.720001220703125,38.2400016784668,2184100
2019-02-28,32.304012298583984,37.31999969482422,37.900001525878906,37.31999969482422,37.880001068115234,1732000
2019-03-01,32.780086517333984,37.869998931884766,38.349998474121094,37.27000045776367,37.41999816894531,1611200
2019-03-04,32.86664962768555,37.970001220703125,38.16999816894531,37.40999984741211,37.88999938964844,1452900
2019-03-05,32.641597747802734,37.709999084472656,38.099998474121094,37.54999923706055,37.939998626708984,1213100
2019-03-06,31.715408325195312,36.63999938964844,37.849998474121094,36.619998931884766,37.7599983215332,1599500
2019-03-07,31.187397003173828,36.029998779296875,36.599998474121094,35.91999816894531,36.58000183105469,1970700
2019-03-08,30.001529693603516,34.65999984741211,35.61000061035156,34.560001373291016,35.59000015258789,2537200
2019-03-11,30.87578582763672,35.66999816894531,35.72999954223633,34.4900016784668,34.5,2182200
2019-03-12,31.464372634887695,36.349998474121094,36.52000045776367,35.790000915527344,35.790000915527344,2037300
2019-03-13,31.594219207763672,36.5,36.650001525878906,36.220001220703125,36.47999954223633,1949900
2019-03-14,30.39970588684082,35.119998931884766,36.34000015258789,35.09000015258789,36.34000015258789,2237900
2019-03-15,30.39970588684082,35.119998931884766,35.84000015258789,34.86000061035156,35.0,3268600
2019-03-18,30.252552032470703,34.95000076293945,35.97999954223633,34.779998779296875,35.22999954223633,3375400
2019-03-19,30.69400978088379,35.459999084472656,35.84000015258789,35.0,35.119998931884766,2562300
2019-03-20,30.451641082763672,35.18000030517578,35.61000061035156,34.40999984741211,35.4900016784668,2705000
2019-03-21,30.988311767578125,35.79999923706055,36.08000183105469,34.91999816894531,35.0099983215332,1632800
2019-03-22,29.404277801513672,33.970001220703125,35.619998931884766,33.88999938964844,35.459999084472656,1882500
2019-03-25,29.456205368041992,34.029998779296875,34.31999969482422,33.61000061035156,34.040000915527344,1198500
2019-03-26,29.612014770507812,34.209999084472656,34.52000045776367,33.869998931884766,34.189998626708984,1040800
2019-03-27,29.984216690063477,34.63999938964844,34.68000030517578,34.09000015258789,34.25,1422600
2019-03-28,30.21955680847168,34.66999816894531,34.72999954223633,34.22999954223633,34.47999954223633,1644000
2019-03-29,30.742534637451172,35.27000045776367,35.59000015258789,34.95000076293945,34.95000076293945,1845000
2019-04-01,31.0911922454834,35.66999816894531,35.9900016784668,35.4900016784668,35.66999816894531,1607600
2019-04-02,30.847135543823242,35.38999938964844,35.90999984741211,35.08000183105469,35.83000183105469,2140200
2019-04-03,30.882001876831055,35.43000030517578,36.13999938964844,35.310001373291016,35.810001373291016,2254100
2019-04-04,30.707674026489258,35.22999954223633,35.540000915527344,35.040000915527344,35.29999923706055,2344100
2019-04-05,31.213218688964844,35.810001373291016,35.88999938964844,35.2400016784668,35.310001373291016,2021000
2019-04-08,31.239370346069336,35.84000015258789,35.900001525878906,35.15999984741211,35.650001525878906,1476600
2019-04-09,30.228273391723633,34.68000030517578,35.529998779296875,34.599998474121094,35.52000045776367,1496000
2019-04-10,30.21955680847168,34.66999816894531,34.97999954223633,34.349998474121094,34.7599983215332,1138200
2019-04-11,29.46123695373535,33.79999923706055,34.529998779296875,33.529998779296875,34.470001220703125,2278300
2019-04-12,29.522253036499023,33.869998931884766,34.31999969482422,33.52000045776367,34.09000015258789,1937200
2019-04-15,29.339210510253906,33.65999984741211,34.279998779296875,33.58000183105469,33.9900016784668,1979200
2019-04-16,29.687868118286133,34.060001373291016,34.119998931884766,33.66999816894531,33.70000076293945,1704200
2019-04-17,29.775033950805664,34.15999984741211,34.9900016784668,34.119998931884766,34.400001525878906,2129500
2019-04-18,29.60069465637207,33.959999084472656,34.31999969482422,33.31999969482422,34.2599983215332,2278900
2019-04-22,28.1363525390625,32.279998779296875,33.95000076293945,32.20000076293945,33.689998626708984,3862300
2019-04-23,28.607036590576172,32.81999969482422,33.130001068115234,32.16999816894531,32.16999816894531,3593500
2019-04-24,28.310684204101562,32.47999954223633,32.959999084472656,31.979999542236328,32.900001525878906,3041000
2019-04-25,27.534927368164062,31.59000015258789,32.56999969482422,31.459999084472656,32.52000045776367,2576800
2019-04-26,27.526206970214844,31.579999923706055,31.829999923706055,31.329999923706055,31.59000015258789,2086500
2019-04-29,27.87486457824707,31.979999542236328,32.09000015258789,31.360000610351562,31.530000686645508,1866100
2019-04-30,27.613374710083008,31.68000030517578,32.09000015258789,31.530000686645508,31.969999313354492,1870700
2019-05-01,27.447765350341797,31.489999771118164,31.860000610351562,31.219999313354492,31.719999313354492,2501600
2019-05-02,27.656951904296875,31.729999542236328,31.940000534057617,31.149999618530273,31.219999313354492,1584900
2019-05-03,28.851091384887695,33.099998474121094,33.33000183105469,31.940000534057617,32.15999984741211,2331600
2019-05-06,28.40656280517578,32.59000015258789,32.810001373291016,32.04999923706055,32.290000915527344,1989600
2019-05-07,28.057905197143555,32.189998626708984,32.34000015258789,31.579999923706055,32.119998931884766,2099800
2019-05-08,28.432710647583008,32.619998931884766,33.220001220703125,32.11000061035156,32.34000015258789,2307700
2019-05-09,28.258378982543945,32.41999816894531,32.720001220703125,30.65999984741211,32.209999084472656,1788100
2019-05-10,28.249666213989258,32.40999984741211,32.689998626708984,31.93000030517578,32.22999954223633,1473200
2019-05-13,26.950931549072266,30.920000076293945,31.81999969482422,30.6299991607666,31.65999984741211,1600100
2019-05-14,27.26471710205078,31.280000686645508,31.520000457763672,30.809999465942383,31.079999923706055,1914700
2019-05-15,27.09038734436035,31.079999923706055,31.139999389648438,30.510000228881836,30.610000610351562,1514300
2019-05-16,26.950931549072266,30.920000076293945,31.479999542236328,30.850000381469727,31.100000381469727,1511700
2019-05-17,26.166460037231445,30.020000457763672,30.65999984741211,29.84000015258789,30.639999389648438,1742200
2019-05-20,25.835237503051758,29.639999389648438,29.959999084472656,29.399999618530273,29.760000228881836,2069500
2019-05-21,26.436662673950195,30.329999923706055,30.719999313354492,29.709999084472656,29.709999084472656,1698000
2019-05-22,25.320974349975586,29.049999237060547,30.260000228881836,29.010000228881836,30.25,3686400
2019-05-23,23.708452224731445,27.200000762939453,28.299999237060547,27.010000228881836,27.850000381469727,4052400
2019-05-24,23.664867401123047,27.149999618530273,27.540000915527344,26.860000610351562,27.489999771118164,3112100
2019-05-28,23.717164993286133,27.209999084472656,27.389999389648438,26.700000762939453,27.260000228881836,3427100
2019-05-29,23.290067672729492,26.719999313354492,26.979999542236328,26.420000076293945,26.959999084472656,2714700
2019-05-30,22.287691116333008,25.56999969482422,26.579999923706055,25.489999771118164,26.280000686645508,2581400
2019-05-31,21.921602249145508,25.149999618530273,25.700000762939453,25.030000686645508,25.399999618530273,4074100
2019-06-03,22.845531463623047,26.209999084472656,26.260000228881836,25.079999923706055,25.1200008392334,4124600
2019-06-04,23.098304748535156,26.5,26.920000076293945,26.270000457763672,26.639999389648438,3800500
2019-06-05,22.83681297302246,26.200000762939453,26.65999984741211,26.06999969482422,26.59000015258789,3620600
2019-06-06,22.66248893737793,26.0,26.3700008392334,25.739999771118164,26.139999389648438,3195700
2019-06-07,22.601476669311523,25.93000030517578,26.149999618530273,25.579999923706055,26.030000686645508,2912100
2019-06-10,22.714784622192383,26.059999465942383,26.530000686645508,26.020000457763672,26.239999771118164,3910100
2019-06-11,23.211620330810547,26.6299991607666,26.8799991607666,26.389999389648438,26.770000457763672,3108100
2019-06-12,22.688636779785156,26.030000686645508,26.5,25.979999542236328,26.440000534057617,2344800
2019-06-13,23.246484756469727,26.670000076293945,26.90999984741211,26.030000686645508,26.15999984741211,2593700
2019-06-14,23.037296295166016,26.43000030517578,26.729999542236328,26.1200008392334,26.43000030517578,1858800
2019-06-17,22.862964630126953,26.229999542236328,26.729999542236328,25.850000381469727,26.219999313354492,2998400
2019-06-18,24.928735733032227,28.600000381469727,28.90999984741211,26.729999542236328,26.8700008392334,5634500
2019-06-19,25.89625358581543,29.709999084472656,30.170000076293945,29.06999969482422,29.309999465942383,8080700
2019-06-20,25.347124099731445,29.079999923706055,30.559999465942383,28.979999542236328,30.100000381469727,3994000
2019-06-21,25.41684913635254,29.15999984741211,29.479999542236328,28.850000381469727,29.059999465942383,6496000
2019-06-24,25.408132553100586,29.149999618530273,29.200000762939453,28.579999923706055,29.09000015258789,2503200
2019-06-25,26.03571319580078,29.8700008392334,30.399999618530273,29.18000030517578,29.290000915527344,3250900
2019-06-26,26.610992431640625,30.530000686645508,30.65999984741211,29.260000228881836,30.040000915527344,3723100
2019-06-27,26.672494888305664,30.360000610351562,30.84000015258789,30.010000228881836,30.520000457763672,2210100
2019-06-28,26.531923294067383,30.200000762939453,30.760000228881836,30.059999465942383,30.5,4600800
2019-07-01,26.953624725341797,30.68000030517578,30.989999771118164,30.34000015258789,30.989999771118164,2407000
2019-07-02,26.487998962402344,30.149999618530273,30.56999969482422,30.100000381469727,30.489999771118164,2224500
2019-07-03,26.470426559448242,30.1299991607666,30.489999771118164,29.850000381469727,30.149999618530273,1470400
2019-07-05,26.88334083557129,30.600000381469727,30.649999618530273,29.700000762939453,29.760000228881836,2059000
2019-07-08,26.048728942871094,29.649999618530273,30.8700008392334,29.40999984741211,30.290000915527344,2813700
2019-07-09,26.20686912536621,29.829999923706055,29.850000381469727,28.860000610351562,29.450000762939453,2732500
2019-07-10,25.62702751159668,29.170000076293945,30.389999389648438,29.1200008392334,30.170000076293945,2570100
2019-07-11,25.767595291137695,29.329999923706055,29.520000457763672,29.09000015258789,29.18000030517578,1521800
2019-07-12,26.45285415649414,30.110000610351562,30.209999084472656,29.3799991607666,29.489999771118164,1826800
2019-07-15,26.751562118530273,30.450000762939453,30.510000228881836,29.90999984741211,30.25,2358600
2019-07-16,27.366540908813477,31.149999618530273,31.860000610351562,30.450000762939453,30.559999465942383,3704300
2019-07-17,26.953624725341797,30.68000030517578,31.09000015258789,30.469999313354492,31.010000228881836,2256400
2019-07-18,26.979978561401367,30.709999084472656,30.860000610351562,30.5,30.639999389648438,2281900
2019-07-19,27.647672653198242,31.469999313354492,31.809999465942383,30.75,31.020000457763672,2336000
2019-07-22,27.70916748046875,31.540000915527344,32.04999923706055,31.020000457763672,31.809999465942383,2975200
2019-07-23,28.201148986816406,32.099998474121094,32.43000030517578,31.40999984741211,31.5,4482000
2019-07-24,28.113300323486328,32.0,32.209999084472656,31.34000015258789,31.34000015258789,2650700
2019-07-25,28.31536293029785,32.22999954223633,32.279998779296875,31.850000381469727,32.09000015258789,2033400
2019-07-26,28.640419006347656,32.599998474121094,32.650001525878906,32.09000015258789,32.25,2366300
2019-07-29,28.649206161499023,32.61000061035156,32.86000061035156,32.18000030517578,32.560001373291016,2681700
2019-07-30,28.86884307861328,32.86000061035156,32.869998931884766,31.959999084472656,32.290000915527344,1985300
2019-07-31,27.682817459106445,31.510000228881836,32.970001220703125,31.40999984741211,32.79999923706055,2685700
2019-08-01,26.628562927246094,30.309999465942383,31.68000030517578,30.110000610351562,31.34000015258789,2979800
2019-08-02,26.048728942871094,29.649999618530273,30.360000610351562,29.219999313354492,30.09000015258789,2116600
2019-08-05,25.36346435546875,28.8700008392334,29.040000915527344,28.43000030517578,28.959999084472656,2993500
2019-08-06,25.565526962280273,29.100000381469727,29.170000076293945,28.350000381469727,28.989999771118164,2101900
2019-08-07,25.416181564331055,28.93000030517578,29.020000457763672,28.110000610351562,28.510000228881836,1937600
2019-08-08,25.750022888183594,29.309999465942383,29.459999084472656,28.780000686645508,29.040000915527344,2357700
2019-08-09,24.766061782836914,28.190000534057617,29.139999389648438,27.940000534057617,29.030000686645508,1819800
2019-08-12,24.054443359375,27.3799991607666,28.040000915527344,27.34000015258789,27.93000030517578,1681700
2019-08-13,24.493709564208984,27.8799991607666,28.65999984741211,27.31999969482422,27.399999618530273,2583700
2019-08-14,23.421894073486328,26.65999984741211,27.360000610351562,26.6299991607666,27.18000030517578,2451200
2019-08-15,23.29889678955078,26.520000457763672,26.799999237060547,26.229999542236328,26.760000228881836,1943600
2019-08-16,23.984153747558594,27.299999237060547,27.56999969482422,26.549999237060547,26.610000610351562,2218000
2019-08-19,24.836339950561523,28.270000457763672,28.350000381469727,27.799999237060547,27.799999237060547,1510900
2019-08-20,24.50249481201172,27.889999389648438,28.329999923706055,27.75,28.110000610351562,1737200
2019-08-21,24.432214736938477,27.809999465942383,28.280000686645508,27.790000915527344,28.280000686645508,1537900
2019-08-22,24.124723434448242,27.459999084472656,28.469999313354492,27.399999618530273,27.889999389648438,1445700
2019-08-23,23.316471099853516,26.540000915527344,27.440000534057617,26.350000381469727,27.260000228881836,1942000
2019-08-26,23.386751174926758,26.6200008392334,26.899999618530273,26.290000915527344,26.350000381469727,1716400
2019-08-27,22.75419807434082,25.899999618530273,26.739999771118164,25.760000228881836,26.739999771118164,2013200
2019-08-28,23.325252532958984,26.549999237060547,27.09000015258789,25.690000534057617,25.93000030517578,1653600
2019-08-29,23.65909767150879,26.93000030517578,27.56999969482422,26.90999984741211,26.979999542236328,1949800
2019-08-30,23.720592498779297,27.0,27.520000457763672,26.790000915527344,27.280000686645508,1909900
2019-09-03,23.421894073486328,26.65999984741211,26.920000076293945,26.290000915527344,26.649999618530273,2039200
2019-09-04,23.782094955444336,27.06999969482422,27.25,26.719999313354492,27.09000015258789,1927400
2019-09-05,24.6430606842041,28.049999237060547,28.190000534057617,27.34000015258789,27.43000030517578,2060100
2019-09-06,24.063228607177734,27.389999389648438,27.90999984741211,27.200000762939453,27.81999969482422,1871600
2019-09-09,25.45132064819336,28.969999313354492,29.1299991607666,27.489999771118164,27.600000381469727,3113400
2019-09-10,27.041481018066406,30.780000686645508,30.81999969482422,28.899999618530273,29.170000076293945,3720300
2019-09-11,27.955162048339844,31.81999969482422,31.940000534057617,30.0,30.700000762939453,3432700
2019-09-12,28.03423309326172,31.90999984741211,32.20000076293945,30.729999542236328,31.729999542236328,2655800
2019-09-13,27.779455184936523,31.6200008392334,32.470001220703125,31.549999237060547,32.36000061035156,2654700
2019-09-16,27.928804397583008,31.790000915527344,32.06999969482422,31.049999237060547,31.270000457763672,2390100
2019-09-17,27.199617385864258,30.959999084472656,31.290000915527344,30.68000030517578,31.290000915527344,2217400
2019-09-18,26.81305694580078,30.520000457763672,31.329999923706055,30.040000915527344,30.579999923706055,2594900
2019-09-19,26.94483757019043,30.670000076293945,31.100000381469727,29.639999389648438,30.0,2877200
2019-09-20,26.66370964050293,30.350000381469727,30.979999542236328,29.540000915527344,30.719999313354492,3649200
2019-09-23,26.777915954589844,30.479999542236328,30.700000762939453,29.510000228881836,29.709999084472656,1873200
2019-09-24,25.952089309692383,29.540000915527344,30.549999237060547,29.329999923706055,30.479999542236328,1986100
2019-09-25,26.637351989746094,30.31999969482422,30.450000762939453,29.309999465942383,29.3700008392334,2133500
2019-09-26,25.574316024780273,29.110000610351562,30.489999771118164,29.030000686645508,30.139999389648438,2120600
2019-09-27,26.026094436645508,29.3799991607666,29.68000030517578,28.889999389648438,29.139999389648438,2115100
2019-09-30,26.398151397705078,29.799999237060547,29.969999313354492,29.09000015258789,29.260000228881836,1234500
2019-10-01,25.707189559936523,29.020000457763672,31.06999969482422,28.950000762939453,30.100000381469727,2582200
2019-10-02,24.85678482055664,28.059999465942383,28.739999771118164,27.860000610351562,28.739999771118164,1851300
2019-10-03,25.033950805664062,28.260000228881836,28.600000381469727,27.600000381469727,27.950000762939453,1259800
2019-10-04,25.39715003967285,28.670000076293945,28.690000534057617,28.100000381469727,28.31999969482422,1089000
2019-10-07,25.06938362121582,28.299999237060547,28.940000534057617,28.209999084472656,28.6200008392334,1336000
2019-10-08,24.467004776000977,27.6200008392334,28.149999618530273,27.59000015258789,27.899999618530273,2035900
2019-10-09,24.927648544311523,28.139999389648438,28.280000686645508,27.530000686645508,28.06999969482422,1424200
2019-10-10,25.84892463684082,29.18000030517578,29.25,28.469999313354492,28.479999542236328,1911800
2019-10-11,26.91193962097168,30.3799991607666,30.799999237060547,29.809999465942383,29.959999084472656,2109000
2019-10-14,26.256412506103516,29.639999389648438,30.1299991607666,29.5,30.049999237060547,1386800
2019-10-15,26.646188735961914,30.079999923706055,30.459999084472656,29.34000015258789,29.709999084472656,2577100
2019-10-16,25.547739028930664,28.84000015258789,30.229999542236328,28.360000610351562,29.90999984741211,4260900
2019-10-17,25.432579040527344,28.709999084472656,29.209999084472656,28.0,28.979999542236328,3039300
2019-10-18,25.432579040527344,28.709999084472656,29.110000610351562,28.510000228881836,28.920000076293945,2319400
2019-10-21,25.352855682373047,28.6200008392334,29.899999618530273,28.530000686645508,29.399999618530273,2521700
2019-10-22,26.54874610900879,29.969999313354492,30.020000457763672,28.350000381469727,28.739999771118164,2819800
2019-10-23,26.398151397705078,29.799999237060547,30.1299991607666,29.469999313354492,29.950000762939453,1605700
2019-10-24,26.83221435546875,30.290000915527344,30.34000015258789,29.639999389648438,30.15999984741211,1856800
2019-10-25,27.1511173248291,30.649999618530273,30.899999618530273,30.239999771118164,30.389999389648438,2075800
2019-10-28,27.4168758392334,30.950000762939453,31.489999771118164,30.850000381469727,30.920000076293945,1570700
2019-10-29,27.337142944335938,30.860000610351562,31.229999542236328,30.56999969482422,30.780000686645508,1376800
2019-10-30,27.25741958618164,30.770000457763672,30.809999465942383,30.239999771118164,30.709999084472656,1193000
2019-10-31,26.894224166870117,30.360000610351562,30.59000015258789,30.040000915527344,30.489999771118164,2111900
2019-11-01,27.992666244506836,31.600000381469727,31.8700008392334,30.920000076293945,31.1299991607666,2138600
2019-11-04,27.983814239501953,31.59000015258789,32.25,31.469999313354492,31.8700008392334,1691200
2019-11-05,27.842077255249023,31.43000030517578,32.15999984741211,31.309999465942383,31.850000381469727,1818000
2019-11-06,27.319427490234375,30.84000015258789,31.350000381469727,30.780000686645508,31.309999465942383,1319100
2019-11-07,28.010387420654297,31.6200008392334,31.75,31.030000686645508,31.260000228881836,1751200
2019-11-08,28.010387420654297,31.6200008392334,31.75,31.110000610351562,31.440000534057617,1255200
2019-11-11,28.541894912719727,32.220001220703125,32.2400016784668,30.959999084472656,31.31999969482422,2087900
2019-11-12,28.568470001220703,32.25,32.66999816894531,32.04999923706055,32.16999816894531,2883800
2019-11-13,27.771211624145508,31.350000381469727,32.38999938964844,31.34000015258789,31.969999313354492,1758500
2019-11-14,27.753498077392578,31.329999923706055,31.68000030517578,31.040000915527344,31.309999465942383,1454100
2019-11-15,28.18755531311035,31.81999969482422,32.209999084472656,31.329999923706055,31.59000015258789,1813800
2019-11-18,28.249563217163086,31.889999389648438,31.959999084472656,31.270000457763672,31.579999923706055,1793800
2019-11-19,27.86864471435547,31.459999084472656,32.38999938964844,31.3799991607666,32.290000915527344,1722100
2019-11-20,27.904088973999023,31.5,32.09000015258789,31.229999542236328,31.40999984741211,2113500
2019-11-21,28.160978317260742,31.790000915527344,31.959999084472656,31.25,31.6299991607666,1567700
2019-11-22,28.878511428833008,32.599998474121094,32.63999938964844,32.0099983215332,32.0099983215332,1546400
2019-11-25,29.54290008544922,33.349998474121094,33.599998474121094,32.560001373291016,32.650001525878906,2882600
2019-11-26,29.844079971313477,33.689998626708984,33.720001220703125,33.220001220703125,33.43000030517578,2876200
2019-11-27,30.09212303161621,33.970001220703125,34.0,33.45000076293945,33.91999816894531,1474100
2019-11-29,29.879520416259766,33.72999954223633,34.45000076293945,33.70000076293945,33.95000076293945,1441700
2019-12-02,30.25157356262207,34.150001525878906,34.540000915527344,33.91999816894531,33.91999816894531,1933500
2019-12-03,29.906091690063477,33.7599983215332,33.97999954223633,33.209999084472656,33.97999954223633,2548100
2019-12-04,30.15413475036621,34.040000915527344,34.41999816894531,33.709999084472656,34.040000915527344,1690400
2019-12-05,30.49960708618164,34.43000030517578,34.54999923706055,33.81999969482422,34.08000183105469,1478400
2019-12-06,31.093120574951172,35.099998474121094,35.31999969482422,34.689998626708984,34.95000076293945,1997000
2019-12-09,31.066547393798828,35.06999969482422,35.779998779296875,35.060001373291016,35.77000045776367,1926900
2019-12-10,30.898231506347656,34.880001068115234,35.34000015258789,34.779998779296875,34.79999923706055,2297700
2019-12-11,30.774221420288086,34.7400016784668,35.08000183105469,34.630001068115234,34.779998779296875,1460100
2019-12-12,31.066547393798828,35.06999969482422,35.36000061035156,34.04999923706055,34.290000915527344,1853900
2019-12-13,30.721071243286133,34.68000030517578,35.380001068115234,34.52000045776367,34.869998931884766,1973700
2019-12-16,30.09212303161621,33.970001220703125,35.20000076293945,33.77000045776367,35.04999923706055,2617000
2019-12-17,30.907094955444336,34.88999938964844,35.02000045776367,33.90999984741211,34.02000045776367,2366500
2019-12-18,30.862804412841797,34.84000015258789,34.900001525878906,34.130001068115234,34.56999969482422,2078100
2019-12-19,30.64134407043457,34.59000015258789,35.0,34.47999954223633,34.81999969482422,1590700
2019-12-20,30.942527770996094,34.93000030517578,35.209999084472656,34.380001068115234,34.77000045776367,5091000
2019-12-23,30.473031997680664,34.400001525878906,34.959999084472656,34.25,34.849998474121094,1865900
2019-12-24,30.676769256591797,34.630001068115234,34.869998931884766,34.43000030517578,34.540000915527344,831500
2019-12-26,30.729928970336914,34.689998626708984,34.939998626708984,34.380001068115234,34.66999816894531,572200
2019-12-27,30.58819007873535,34.529998779296875,34.86000061035156,34.459999084472656,34.86000061035156,896000
2019-12-30,30.383024215698242,34.060001373291016,34.709999084472656,33.97999954223633,34.400001525878906,959100
2019-12-31,30.36518669128418,34.040000915527344,34.400001525878906,33.97999954223633,34.04999923706055,1670900
2020-01-02,30.151084899902344,33.79999923706055,34.40999984741211,33.560001373291016,34.400001525878906,1260000
2020-01-03,29.615863800048828,33.20000076293945,33.4900016784668,32.959999084472656,33.29999923706055,1420000
2020-01-06,29.526657104492188,33.099998474121094,33.4900016784668,33.0,33.09000015258789,3186000
2020-01-07,30.177860260009766,33.83000183105469,34.2400016784668,33.060001373291016,33.09000015258789,2388700
2020-01-08,30.204622268676758,33.86000061035156,34.33000183105469,33.619998931884766,33.66999816894531,2027000
2020-01-09,29.91916275024414,33.540000915527344,34.02000045776367,33.22999954223633,34.02000045776367,2029600
2020-01-10,29.160921096801758,32.689998626708984,33.619998931884766,32.630001068115234,33.560001373291016,1641300
2020-01-13,29.66046714782715,33.25,33.70000076293945,32.779998779296875,32.83000183105469,1449200
2020-01-14,29.981609344482422,33.61000061035156,33.7400016784668,33.13999938964844,33.189998626708984,1228700
2020-01-15,29.464216232299805,33.029998779296875,33.709999084472656,32.84000015258789,33.470001220703125,1508100
2020-01-16,29.401779174804688,32.959999084472656,33.400001525878906,32.709999084472656,33.36000061035156,1153200
2020-01-17,29.624784469604492,33.209999084472656,33.599998474121094,32.650001525878906,33.22999954223633,1901100
2020-01-21,28.474050521850586,31.920000076293945,33.45000076293945,31.780000686645508,33.45000076293945,2261800
2020-01-22,28.607852935791016,32.06999969482422,32.439998626708984,31.770000457763672,32.189998626708984,2088800
2020-01-23,28.215360641479492,31.6299991607666,33.0,30.469999313354492,32.849998474121094,4800000
2020-01-24,27.430355072021484,30.75,31.34000015258789,30.31999969482422,31.34000015258789,2819700
2020-01-27,27.064617156982422,30.34000015258789,30.59000015258789,29.68000030517578,30.049999237060547,2772200
2020-01-28,27.385757446289062,30.700000762939453,30.989999771118164,30.200000762939453,30.780000686645508,2434500
2020-01-29,27.00217056274414,30.270000457763672,31.010000228881836,30.209999084472656,30.690000534057617,2335600
2020-01-30,27.16274642944336,30.450000762939453,30.450000762939453,29.639999389648438,30.25,1823100
2020-01-31,26.654279708862305,29.8799991607666,30.31999969482422,29.770000457763672,30.190000534057617,2680400
2020-02-03,26.770240783691406,30.010000228881836,30.40999984741211,29.969999313354492,30.18000030517578,1354900
2020-02-04,26.707801818847656,29.940000534057617,30.850000381469727,29.799999237060547,30.729999542236328,2222500
2020-02-05,26.868370056152344,30.1200008392334,30.459999084472656,29.709999084472656,30.360000610351562,2153000
2020-02-06,26.270700454711914,29.450000762939453,30.579999923706055,29.3700008392334,30.440000534057617,2767700
2020-02-07,25.887113571166992,29.020000457763672,29.350000381469727,28.90999984741211,29.139999389648438,2522900
2020-02-10,25.9674072265625,29.110000610351562,29.389999389648438,28.75,28.829999923706055,1358900
2020-02-11,26.47586441040039,29.68000030517578,30.030000686645508,29.299999237060547,29.329999923706055,1320000
2020-02-12,26.226093292236328,29.399999618530273,30.1200008392334,29.290000915527344,29.969999313354492,2014300
2020-02-13,25.9674072265625,29.110000610351562,29.559999465942383,29.020000457763672,29.209999084472656,1068100
2020-02-14,25.369735717773438,28.440000534057617,29.459999084472656,28.270000457763672,29.239999771118164,1921900
2020-02-18,25.6195068359375,28.719999313354492,28.90999984741211,28.170000076293945,28.299999237060547,2323400
2020-02-19,25.985244750976562,29.1299991607666,29.40999984741211,28.790000915527344,28.8700008392334,2585300
2020-02-20,26.181493759155273,29.350000381469727,29.43000030517578,28.899999618530273,29.190000534057617,1610800
2020-02-21,26.48478889465332,29.690000534057617,29.790000915527344,28.790000915527344,29.020000457763672,2080400
2020-02-24,26.154735565185547,29.31999969482422,29.670000076293945,28.209999084472656,28.25,3556600
2020-02-25,25.021833419799805,28.049999237060547,29.530000686645508,28.0,29.399999618530273,2543700
2020-02-26,24.85234832763672,27.860000610351562,28.600000381469727,27.84000015258789,28.219999313354492,1517200
2020-02-27,23.987060546875,26.889999389648438,27.959999084472656,26.399999618530273,27.350000381469727,2435900
2020-02-28,23.7551326751709,26.6299991607666,26.81999969482422,25.670000076293945,25.920000076293945,4167600
2020-03-02,24.34388542175293,27.290000915527344,27.299999237060547,25.780000686645508,26.610000610351562,4749600
2020-03-03,23.78190040588379,26.65999984741211,27.989999771118164,26.389999389648438,27.31999969482422,2462500
2020-03-04,24.397409439086914,27.350000381469727,27.40999984741211,26.559999465942383,27.350000381469727,2428500
2020-03-05,22.880931854248047,25.649999618530273,26.68000030517578,25.350000381469727,26.530000686645508,2618600
2020-03-06,22.256502151489258,24.950000762939453,25.829999923706055,24.700000762939453,24.81999969482422,3440600
2020-03-09,18.902416229248047,21.190000534057617,23.520000457763672,20.299999237060547,23.239999771118164,3395400
2020-03-10,20.15127182006836,22.59000015258789,22.700000762939453,20.709999084472656,22.229999542236328,4710300
2020-03-11,18.866735458374023,21.149999618530273,21.989999771118164,20.719999313354492,21.93000030517578,3388800
2020-03-12,16.71690559387207,18.739999771118164,20.520000457763672,18.68000030517578,19.600000381469727,4486900
2020-03-13,19.491165161132812,21.850000381469727,21.8799991607666,20.020000457763672,20.1299991607666,3953400
2020-03-16,15.94974422454834,17.8799991607666,20.600000381469727,17.65999984741211,19.09000015258789,3109400
2020-03-17,15.592930793762207,17.479999542236328,18.43000030517578,17.260000228881836,18.1200008392334,3872300
2020-03-18,13.826683044433594,15.5,16.559999465942383,14.979999542236328,16.219999313354492,3615600
2020-03-19,16.511737823486328,18.510000228881836,19.25,15.010000228881836,15.180000305175781,4946900
2020-03-20,16.77934455871582,18.809999465942383,20.219999313354492,18.450000762939453,18.690000534057617,4331400
2020-03-23,15.95866584777832,17.889999389648438,19.190000534057617,17.260000228881836,18.850000381469727,3626400
2020-03-24,18.616962432861328,20.8700008392334,21.389999389648438,19.229999542236328,19.420000076293945,5303300
2020-03-25,17.546512603759766,19.670000076293945,21.3700008392334,19.100000381469727,21.1200008392334,4224100
2020-03-26,18.376108169555664,20.600000381469727,21.190000534057617,18.950000762939453,20.020000457763672,3594100
2020-03-27,18.099578857421875,20.290000915527344,20.950000762939453,19.420000076293945,19.549999237060547,2740800
2020-03-30,19.716259002685547,21.829999923706055,21.959999084472656,19.25,19.989999771118164,2876800
2020-03-31,20.357511520385742,22.540000915527344,23.030000686645508,21.459999084472656,21.90999984741211,3515600
2020-04-01,19.81560516357422,21.940000534057617,22.5,21.40999984741211,21.610000610351562,5077200
2020-04-02,19.228540420532227,21.290000915527344,22.450000762939453,20.520000457763672,21.8700008392334,2417600
2020-04-03,18.948556900024414,20.979999542236328,21.989999771118164,20.700000762939453,21.229999542236328,2075100
2020-04-06,20.411699295043945,22.600000381469727,23.0,21.959999084472656,22.270000457763672,2181600
2020-04-07,20.583303451538086,22.790000915527344,24.389999389648438,22.690000534057617,23.8700008392334,2721000
2020-04-08,21.22455596923828,23.5,23.829999923706055,22.84000015258789,23.350000381469727,1285000
2020-04-09,21.640010833740234,23.959999084472656,24.65999984741211,23.559999465942383,24.200000762939453,1666900
2020-04-13,21.378095626831055,23.670000076293945,24.170000076293945,23.030000686645508,23.969999313354492,1739400
2020-04-14,20.971664428710938,23.219999313354492,24.530000686645508,23.06999969482422,24.270000457763672,1352900
2020-04-15,19.734323501586914,21.850000381469727,22.079999923706055,21.209999084472656,22.059999465942383,1624500
2020-04-16,20.1046199798584,22.260000228881836,22.440000534057617,21.56999969482422,22.020000457763672,2218700
2020-04-17,21.19745445251465,23.469999313354492,23.59000015258789,22.579999923706055,23.100000381469727,1784200
2020-04-20,20.384601593017578,22.56999969482422,23.170000076293945,22.09000015258789,22.559999465942383,2179000
2020-04-21,20.068492889404297,22.219999313354492,22.799999237060547,20.579999923706055,21.559999465942383,4935700
2020-04-22,20.628454208374023,22.84000015258789,23.25,22.209999084472656,23.1200008392334,2573500
2020-04-23,21.739362716674805,24.06999969482422,24.34000015258789,22.90999984741211,23.149999618530273,2379100
2020-04-24,21.26068115234375,23.540000915527344,24.75,23.489999771118164,24.329999923706055,2002700
2020-04-27,22.516084671020508,24.93000030517578,25.209999084472656,23.649999618530273,23.700000762939453,1663000
2020-04-28,22.326417922973633,24.719999313354492,25.860000610351562,24.200000762939453,25.56999969482422,1744100
2020-04-29,23.38313865661621,25.889999389648438,26.1200008392334,25.329999923706055,25.559999465942383,2510000
2020-04-30,21.91999626159668,24.270000457763672,25.309999465942383,24.170000076293945,25.15999984741211,2197000
2020-05-01,22.046438217163086,24.40999984741211,25.0,23.700000762939453,23.81999969482422,2194100
2020-05-04,21.96515464782715,24.31999969482422,24.760000228881836,23.899999618530273,23.940000534057617,2255100
2020-05-05,21.81161117553711,24.149999618530273,25.239999771118164,24.1200008392334,24.729999542236328,1365500
2020-05-06,21.56775665283203,23.8799991607666,24.360000610351562,23.510000228881836,23.610000610351562,2083000
2020-05-07,21.793548583984375,24.1299991607666,24.790000915527344,23.989999771118164,24.329999923706055,1660900
2020-05-08,22.91348648071289,25.3700008392334,25.469999313354492,24.56999969482422,24.68000030517578,1326700
2020-05-11,21.947092056274414,24.299999237060547,24.729999542236328,24.209999084472656,24.530000686645508,1667000
2020-05-12,20.989728927612305,23.239999771118164,24.65999984741211,23.229999542236328,24.360000610351562,1714400
2020-05-13,20.005266189575195,22.149999618530273,23.139999389648438,21.600000381469727,22.75,2150000
2020-05-14,20.0955867767334,22.25,22.280000686645508,20.969999313354492,21.5,1933800
2020-05-15,20.33944320678711,22.520000457763672,22.65999984741211,21.809999465942383,22.15999984741211,1584300
2020-05-18,22.00127601623535,24.360000610351562,24.700000762939453,23.59000015258789,23.65999984741211,2292400
2020-05-19,21.847742080688477,24.190000534057617,25.040000915527344,24.020000457763672,24.350000381469727,1490900
2020-05-20,22.23610496520996,24.6200008392334,25.25,24.329999923706055,24.329999923706055,2024100
2020-05-21,22.362550735473633,24.760000228881836,25.110000610351562,24.56999969482422,24.600000381469727,1811600
2020-05-22,22.064498901367188,24.43000030517578,24.950000762939453,23.889999389648438,24.950000762939453,1646200
2020-05-26,23.274751663208008,25.770000457763672,26.100000381469727,25.3799991607666,25.5,2225400
2020-05-27,24.719831466674805,27.3700008392334,27.59000015258789,26.350000381469727,26.389999389648438,2318200
2020-05-28,24.349531173706055,26.959999084472656,27.729999542236328,26.790000915527344,27.40999984741211,2501100
2020-05-29,23.988262176513672,26.559999465942383,26.799999237060547,25.68000030517578,26.610000610351562,4397800
2020-06-01,24.25921058654785,26.860000610351562,27.139999389648438,26.34000015258789,26.600000381469727,1336800
2020-06-02,24.56629180908203,27.200000762939453,27.530000686645508,27.06999969482422,27.260000228881836,1256100
2020-06-03,25.189481735229492,27.889999389648438,28.229999542236328,27.489999771118164,27.729999542236328,3567700
2020-06-04,25.43333625793457,28.15999984741211,28.170000076293945,27.329999923706055,27.59000015258789,2683300
2020-06-05,26.31844711303711,29.139999389648438,29.979999542236328,28.90999984741211,29.5,2078200
2020-06-08,26.715837478637695,29.579999923706055,29.799999237060547,29.200000762939453,29.31999969482422,1777500
2020-06-09,26.517141342163086,29.360000610351562,29.540000915527344,28.540000915527344,28.889999389648438,2218900
2020-06-10,26.02942657470703,28.81999969482422,29.6200008392334,28.40999984741211,29.469999313354492,2175200
2020-06-11,23.112180709838867,25.59000015258789,28.0,25.489999771118164,27.1299991607666,1988600
2020-06-12,23.86181640625,26.420000076293945,27.06999969482422,25.760000228881836,26.75,1821700
2020-06-15,24.141794204711914,26.729999542236328,27.18000030517578,25.31999969482422,25.440000534057617,1548900
2020-06-16,25.406240463256836,28.1299991607666,28.760000228881836,27.579999923706055,28.110000610351562,1850900
2020-06-17,24.728862762451172,27.3799991607666,28.09000015258789,27.290000915527344,27.8799991607666,1288700
2020-06-18,24.177927017211914,26.770000457763672,27.520000457763672,26.670000076293945,27.270000457763672,1901500
2020-06-19,24.5391902923584,27.170000076293945,27.68000030517578,26.479999542236328,27.389999389648438,4270800
2020-06-22,24.584352493286133,27.219999313354492,27.540000915527344,26.93000030517578,27.170000076293945,1992400
2020-06-23,24.602413177490234,27.239999771118164,27.950000762939453,27.229999542236328,27.90999984741211,1891700
2020-06-24,23.365068435668945,25.8700008392334,26.950000762939453,25.799999237060547,26.950000762939453,1826600
2020-06-25,24.11470603942871,26.700000762939453,26.709999084472656,25.350000381469727,25.68000030517578,2201700
2020-06-26,22.958642959594727,25.420000076293945,26.459999084472656,25.350000381469727,26.3700008392334,3092400
2020-06-29,23.47856330871582,25.739999771118164,26.020000457763672,25.479999542236328,25.530000686645508,1687200
2020-06-30,23.79781723022461,26.09000015258789,26.360000610351562,25.540000915527344,25.700000762939453,1579600
2020-07-01,23.27789306640625,25.520000457763672,26.219999313354492,25.200000762939453,26.170000076293945,1389900
2020-07-02,23.688358306884766,25.969999313354492,26.639999389648438,25.799999237060547,26.059999465942383,1204700
2020-07-06,23.67011070251465,25.950000762939453,26.739999771118164,25.440000534057617,26.690000534057617,1902600
2020-07-07,23.34174156188965,25.59000015258789,25.93000030517578,25.420000076293945,25.600000381469727,1583500
2020-07-08,22.712360382080078,24.899999618530273,25.690000534057617,24.65999984741211,25.639999389648438,1774100
2020-07-09,22.356626510620117,24.510000228881836,24.989999771118164,24.0,24.84000015258789,1345700
2020-07-10,23.533296585083008,25.799999237060547,25.81999969482422,24.489999771118164,24.600000381469727,1996800
2020-07-13,23.314380645751953,25.559999465942383,26.34000015258789,25.459999084472656,26.15999984741211,1620600
2020-07-14,24.144424438476562,26.469999313354492,26.559999465942383,25.299999237060547,25.559999465942383,2432400
2020-07-15,24.636985778808594,27.010000228881836,27.25,26.190000534057617,26.920000076293945,1749500
2020-07-16,24.655231475830078,27.030000686645508,27.290000915527344,26.59000015258789,26.81999969482422,2143500
2020-07-17,24.454557418823242,26.809999465942383,27.420000076293945,26.700000762939453,27.1200008392334,1012900
2020-07-20,24.153553009033203,26.479999542236328,26.739999771118164,26.1200008392334,26.450000762939453,1979100
2020-07-21,24.682592391967773,27.059999465942383,27.31999969482422,26.3700008392334,26.709999084472656,2489600
2020-07-22,25.284605026245117,27.719999313354492,27.920000076293945,26.829999923706055,26.969999313354492,2331200
2020-07-23,25.13866424560547,27.559999465942383,28.350000381469727,27.34000015258789,27.860000610351562,2259000
2020-07-24,25.384944915771484,27.829999923706055,27.959999084472656,27.290000915527344,27.6299991607666,1465300
2020-07-27,25.877500534057617,28.3700008392334,28.399999618530273,27.3799991607666,27.770000457763672,1633500
2020-07-28,24.928871154785156,27.329999923706055,28.280000686645508,27.299999237060547,28.280000686645508,1004300
2020-07-29,25.5308895111084,27.989999771118164,28.06999969482422,27.3700008392334,27.59000015258789,1031400
2020-07-30,25.147789001464844,27.56999969482422,27.75,27.079999923706055,27.469999313354492,1335700
2020-07-31,25.001842498779297,27.40999984741211,27.43000030517578,26.809999465942383,27.389999389648438,1372200
2020-08-03,25.667707443237305,28.139999389648438,28.280000686645508,27.40999984741211,27.549999237060547,1332300
2020-08-04,25.45791244506836,27.90999984741211,28.219999313354492,27.760000228881836,28.15999984741211,1454000
2020-08-05,25.685949325561523,28.15999984741211,28.81999969482422,28.059999465942383,28.299999237060547,1162200
2020-08-06,25.5308895111084,27.989999771118164,28.229999542236328,27.899999618530273,28.09000015258789,679600
2020-08-07,25.986953735351562,28.489999771118164,28.520000457763672,27.420000076293945,27.639999389648438,1319000
2020-08-10,27.53760528564453,30.190000534057617,30.219999313354492,28.65999984741211,28.829999923706055,1929600
2020-08-11,27.647056579589844,30.309999465942383,31.09000015258789,30.219999313354492,31.040000915527344,2120500
2020-08-12,27.984554290771484,30.68000030517578,30.889999389648438,30.31999969482422,30.780000686645508,1482100
2020-08-13,27.875093460083008,30.559999465942383,30.729999542236328,30.1299991607666,30.290000915527344,1345800
2020-08-14,28.230831146240234,30.950000762939453,31.110000610351562,30.329999923706055,30.389999389648438,1423200
2020-08-17,28.166980743408203,30.8799991607666,31.469999313354492,30.84000015258789,31.0,1295200
2020-08-18,27.720029830932617,30.389999389648438,31.360000610351562,30.260000228881836,31.34000015258789,1385200
2020-08-19,27.519357681274414,30.170000076293945,30.770000457763672,30.079999923706055,30.469999313354492,1095500
2020-08-20,27.52847671508789,30.18000030517578,30.329999923706055,29.540000915527344,29.780000686645508,1399700
2020-08-21,26.99031639099121,29.59000015258789,30.0,29.420000076293945,29.829999923706055,1057100
2020-08-24,27.637937545776367,30.299999237060547,30.31999969482422,29.790000915527344,29.8799991607666,937100
2020-08-25,27.218351364135742,29.84000015258789,30.260000228881836,29.510000228881836,30.139999389648438,946700
2020-08-26,27.118011474609375,29.729999542236328,30.110000610351562,29.440000534057617,29.899999618530273,922000
2020-08-27,27.172744750976562,29.790000915527344,30.239999771118164,29.489999771118164,29.950000762939453,1001800
2020-08-28,27.546724319458008,30.200000762939453,30.399999618530273,29.899999618530273,30.049999237060547,1344400
2020-08-31,26.92646598815918,29.520000457763672,30.520000457763672,29.479999542236328,30.280000686645508,1730300
2020-09-01,27.455507278442383,30.100000381469727,30.139999389648438,29.170000076293945,29.479999542236328,1798000
2020-09-02,28.0666446685791,30.770000457763672,30.8700008392334,29.8799991607666,30.110000610351562,2664100
2020-09-03,27.647056579589844,30.309999465942383,31.149999618530273,30.100000381469727,30.799999237060547,1330000
2020-09-04,27.96630859375,30.65999984741211,31.040000915527344,30.239999771118164,30.829999923706055,1143600
2020-09-08,26.798765182495117,29.3799991607666,30.229999542236328,29.110000610351562,30.059999465942383,1862800
2020-09-09,26.76228141784668,29.34000015258789,29.770000457763672,28.690000534057617,29.649999618530273,2346900
2020-09-10,26.506881713867188,29.059999465942383,29.610000610351562,28.81999969482422,29.610000610351562,1458100
2020-09-11,26.753154754638672,29.329999923706055,29.850000381469727,29.010000228881836,29.209999084472656,1390700
2020-09-14,27.446392059326172,30.09000015258789,30.219999313354492,29.34000015258789,29.5,1520200
2020-09-15,27.70178985595703,30.3700008392334,30.649999618530273,30.079999923706055,30.299999237060547,1608400
2020-09-16,27.783876419067383,30.459999084472656,30.799999237060547,30.0,30.6299991607666,1988300
2020-09-17,28.513595581054688,31.260000228881836,31.540000915527344,29.860000610351562,30.100000381469727,1864000
2020-09-18,29.215946197509766,32.029998779296875,32.54999923706055,31.15999984741211,31.479999542236328,6479400
2020-09-21,26.771400451660156,29.350000381469727,31.329999923706055,28.760000228881836,31.170000076293945,1977200
2020-09-22,26.807886123657227,29.389999389648438,29.780000686645508,29.15999984741211,29.59000015258789,1609100
2020-09-23,26.452152252197266,29.0,30.1200008392334,28.969999313354492,29.31999969482422,1115300
2020-09-24,26.333572387695312,28.8700008392334,29.469999313354492,28.40999984741211,28.8799991607666,1557800
2020-09-25,26.32445526123047,28.860000610351562,29.010000228881836,28.389999389648438,28.510000228881836,1509800
2020-09-28,27.346050262451172,29.979999542236328,30.389999389648438,29.3700008392334,29.59000015258789,2347300
2020-09-29,26.361848831176758,28.65999984741211,29.700000762939453,28.530000686645508,29.239999771118164,1555600
2020-09-30,26.33425521850586,28.6299991607666,29.139999389648438,28.360000610351562,28.8700008392334,1865400
2020-10-01,26.757369995117188,29.09000015258789,29.309999465942383,28.68000030517578,28.68000030517578,1363600
2020-10-02,27.31845474243164,29.700000762939453,30.0,28.309999465942383,28.420000076293945,1774700
2020-10-05,28.505014419555664,30.989999771118164,31.170000076293945,29.700000762939453,30.0,1669100
2020-10-06,28.394641876220703,30.8700008392334,31.700000762939453,30.6299991607666,31.489999771118164,2023600
2020-10-07,29.378841400146484,31.940000534057617,32.150001525878906,31.299999237060547,31.420000076293945,1483500
2020-10-08,30.206668853759766,32.84000015258789,32.939998626708984,31.899999618530273,32.20000076293945,2339800
2020-10-09,29.96752166748047,32.58000183105469,33.27000045776367,32.04999923706055,33.13999938964844,2175200
2020-10-12,30.547008514404297,33.209999084472656,33.369998931884766,32.47999954223633,32.58000183105469,1999800
2020-10-13,30.087093353271484,32.709999084472656,33.130001068115234,32.61000061035156,32.9900016784668,1916700
2020-10-14,30.592981338500977,33.2599983215332,33.43000030517578,32.70000076293945,32.709999084472656,2428500
2020-10-15,30.712562561035156,33.38999938964844,33.400001525878906,32.27000045776367,32.65999984741211,1952000
2020-10-16,30.712562561035156,33.38999938964844,33.75,33.119998931884766,33.400001525878906,1433800
2020-10-19,30.464218139648438,33.119998931884766,34.36000061035156,33.08000183105469,33.689998626708984,1562400
2020-10-20,29.323650360107422,31.8799991607666,33.650001525878906,31.559999465942383,32.209999084472656,3864300
2020-10-21,28.688976287841797,31.190000534057617,32.27000045776367,31.170000076293945,32.2400016784668,3168000
2020-10-22,29.56279754638672,32.13999938964844,32.31999969482422,31.350000381469727,31.549999237060547,2453500
2020-10-23,29.96752166748047,32.58000183105469,32.68000030517578,32.04999923706055,32.4900016784668,1460400
2020-10-26,28.836151123046875,31.350000381469727,32.209999084472656,31.170000076293945,32.209999084472656,1259700
2020-10-27,28.882139205932617,31.399999618530273,31.68000030517578,31.15999984741211,31.420000076293945,1294900
2020-10-28,28.118694305419922,30.56999969482422,30.920000076293945,30.260000228881836,30.719999313354492,1747600
2020-10-29,29.08449935913086,31.6200008392334,31.989999771118164,30.280000686645508,30.440000534057617,2305900
2020-10-30,28.95572280883789,31.479999542236328,31.799999237060547,31.010000228881836,31.399999618530273,2052500
2020-11-02,29.332847595214844,31.889999389648438,32.150001525878906,31.489999771118164,32.150001525878906,1498000
2020-11-03,29.72836685180664,32.31999969482422,32.56999969482422,31.90999984741211,32.459999084472656,1720500
2020-11-04,28.293460845947266,30.760000228881836,32.18000030517578,30.600000381469727,32.18000030517578,2483000
2020-11-05,29.663982391357422,32.25,32.810001373291016,31.100000381469727,31.15999984741211,1527800
2020-11-06,29.470821380615234,32.040000915527344,32.91999816894531,31.989999771118164,32.83000183105469,1842300
2020-11-09,30.6757755279541,33.349998474121094,34.939998626708984,33.150001525878906,33.900001525878906,1956600
2020-11-10,31.190874099731445,33.90999984741211,34.61000061035156,33.36000061035156,33.7599983215332,2233400
2020-11-11,31.126482009887695,33.84000015258789,34.040000915527344,33.41999816894531,33.97999954223633,1429300
2020-11-12,30.455020904541016,33.11000061035156,33.709999084472656,32.630001068115234,33.41999816894531,1169000
2020-11-13,31.84394645690918,34.619998931884766,34.79999923706055,33.4900016784668,33.4900016784668,1934900
2020-11-16,33.950313568115234,36.90999984741211,37.34000015258789,35.2599983215332,35.2599983215332,3321700
2020-11-17,33.63758087158203,36.56999969482422,37.060001373291016,35.97999954223633,36.15999984741211,1825300
2020-11-18,32.772945404052734,35.630001068115234,37.02000045776367,35.619998931884766,36.790000915527344,1611700
2020-11-19,32.94771194458008,35.81999969482422,36.18000030517578,35.36000061035156,35.560001373291016,1186700
2020-11-20,32.423423767089844,35.25,35.9900016784668,35.18000030517578,35.61000061035156,1948000
2020-11-23,33.35243606567383,36.2599983215332,36.470001220703125,35.52000045776367,35.869998931884766,1543200
2020-11-24,35.53239440917969,38.630001068115234,38.63999938964844,36.61000061035156,36.72999954223633,2376900
2020-11-25,34.842529296875,37.880001068115234,38.400001525878906,37.2400016784668,38.380001068115234,1654400
2020-11-27,34.63097381591797,37.650001525878906,38.040000915527344,37.2599983215332,37.810001373291016,579700
2020-11-30,33.30643844604492,36.209999084472656,37.58000183105469,36.150001525878906,37.58000183105469,3729700
2020-12-01,34.34583282470703,37.34000015258789,37.7599983215332,36.93000030517578,37.220001220703125,1688400
2020-12-02,34.180267333984375,37.15999984741211,37.54999923706055,36.93000030517578,37.27000045776367,1348700
2020-12-03,34.594181060791016,37.61000061035156,37.7400016784668,36.7400016784668,37.16999816894531,1478900
2020-12-04,35.72555923461914,38.84000015258789,39.09000015258789,37.599998474121094,37.95000076293945,1968500
2020-12-07,35.339229583740234,38.41999816894531,38.84000015258789,38.119998931884766,38.45000076293945,1318900
2020-12-08,35.32083511352539,38.400001525878906,39.09000015258789,38.0099983215332,38.0099983215332,1198900
2020-12-09,35.67036437988281,38.779998779296875,39.689998626708984,38.38999938964844,39.65999984741211,1343600
2020-12-10,36.43381118774414,39.61000061035156,40.220001220703125,38.31999969482422,38.45000076293945,4076700
2020-12-11,35.99230194091797,39.130001068115234,40.16999816894531,38.470001220703125,40.16999816894531,1975600
2020-12-14,34.89772033691406,37.939998626708984,40.0,37.90999984741211,40.0,1509100
2020-12-15,35.523189544677734,38.619998931884766,38.790000915527344,37.619998931884766,38.349998474121094,1312800
2020-12-16,35.24724578857422,38.31999969482422,38.9900016784668,37.7599983215332,38.97999954223633,1169800
2020-12-17,34.575782775878906,37.59000015258789,38.630001068115234,37.220001220703125,38.54999923706055,2800800
2020-12-18,33.22365188598633,36.119998931884766,37.779998779296875,36.0099983215332,37.599998474121094,4437100
2020-12-21,33.98710632324219,36.95000076293945,37.0099983215332,35.5,35.540000915527344,1613200
2020-12-22,33.42601013183594,36.34000015258789,37.16999816894531,35.959999084472656,37.0099983215332,1480700
2020-12-23,33.45360565185547,36.369998931884766,36.90999984741211,36.20000076293945,36.47999954223633,1218200
2020-12-24,33.462806701660156,36.380001068115234,36.79999923706055,35.900001525878906,36.63999938964844,534200
2020-12-28,33.09488296508789,35.97999954223633,36.83000183105469,35.93000030517578,36.56999969482422,971700
2020-12-29,33.45360565185547,36.369998931884766,36.95000076293945,36.0099983215332,36.119998931884766,1524300
2020-12-30,33.888912200927734,36.59000015258789,36.959999084472656,36.220001220703125,36.220001220703125,914200
2020-12-31,34.14823913574219,36.869998931884766,37.150001525878906,36.150001525878906,36.58000183105469,1002300
2021-01-04,33.91669464111328,36.619998931884766,38.11000061035156,36.4900016784668,37.65999984741211,1372500
2021-01-05,35.148521423339844,37.95000076293945,38.45000076293945,36.66999816894531,36.720001220703125,1202000
2021-01-06,37.630680084228516,40.630001068115234,41.45000076293945,38.86000061035156,38.9900016784668,3851800
2021-01-07,36.90825653076172,39.849998474121094,41.599998474121094,39.75,41.29999923706055,2211600
2021-01-08,36.57484817504883,39.4900016784668,40.189998626708984,38.72999954223633,40.13999938964844,2200900
2021-01-11,37.056453704833984,40.0099983215332,40.459999084472656,38.58000183105469,38.970001220703125,1402000
2021-01-12,38.69579315185547,41.779998779296875,42.099998474121094,39.720001220703125,40.2400016784668,2090200
2021-01-13,37.723289489746094,40.72999954223633,41.70000076293945,40.470001220703125,41.70000076293945,1869600
2021-01-14,37.399131774902344,40.380001068115234,41.59000015258789,40.27000045776367,41.18000030517578,1852400
2021-01-15,36.30625534057617,39.20000076293945,39.81999969482422,38.380001068115234,39.65999984741211,2376500
2021-01-19,36.797119140625,39.72999954223633,40.220001220703125,39.33000183105469,39.7400016784668,2201900
2021-01-20,37.213897705078125,40.18000030517578,40.31999969482422,39.459999084472656,40.08000183105469,2114500
2021-01-21,35.88020324707031,38.7400016784668,40.4900016784668,38.720001220703125,40.209999084472656,1816300
2021-01-22,35.843143463134766,38.70000076293945,38.83000183105469,37.900001525878906,38.279998779296875,1765300
2021-01-25,35.60234069824219,38.439998626708984,39.25,37.93000030517578,39.25,2370600
2021-01-26,33.90743637084961,36.61000061035156,39.2599983215332,36.130001068115234,38.95000076293945,4228300
2021-01-27,32.67562484741211,35.279998779296875,35.95000076293945,34.54999923706055,35.90999984741211,2946100
2021-01-28,32.56447982788086,35.15999984741211,35.88999938964844,33.91999816894531,35.79999923706055,3024700
2021-01-29,31.74018096923828,34.27000045776367,36.0,33.77000045776367,36.0,3428600
2021-02-01,32.34218978881836,34.91999816894531,35.279998779296875,33.95000076293945,34.970001220703125,2017800
2021-02-02,32.721927642822266,35.33000183105469,35.45000076293945,34.70000076293945,35.18000030517578,1821300
2021-02-03,34.13898468017578,36.86000061035156,37.0,36.209999084472656,36.66999816894531,1856500
2021-02-04,34.42610549926758,37.16999816894531,37.45000076293945,36.439998626708984,36.849998474121094,1761000
2021-02-05,34.85214614868164,37.630001068115234,38.369998931884766,37.52000045776367,37.63999938964844,1733100
2021-02-08,35.565303802490234,38.400001525878906,39.150001525878906,38.130001068115234,38.2599983215332,1955000
2021-02-09,35.60234069824219,38.439998626708984,39.220001220703125,38.11000061035156,39.220001220703125,1717600
2021-02-10,35.565303802490234,38.400001525878906,38.900001525878906,37.689998626708984,38.7599983215332,1588600
2021-02-11,35.9172477722168,38.779998779296875,38.86000061035156,37.779998779296875,38.43000030517578,1466500
2021-02-12,36.42665100097656,39.33000183105469,39.41999816894531,38.400001525878906,38.560001373291016,1069400
2021-02-16,38.14933395385742,41.189998626708984,41.400001525878906,39.61000061035156,39.61000061035156,2514700
2021-02-17,37.704769134521484,40.709999084472656,41.52000045776367,40.560001373291016,41.349998474121094,1329200
2021-02-18,36.76933670043945,39.70000076293945,40.540000915527344,39.279998779296875,40.540000915527344,1168500
2021-02-19,37.825172424316406,40.84000015258789,41.060001373291016,40.0099983215332,40.06999969482422,1267000
2021-02-22,38.93660354614258,42.040000915527344,42.7599983215332,40.41999816894531,40.630001068115234,1360300
2021-02-23,39.66828536987305,42.83000183105469,42.869998931884766,41.22999954223633,41.810001373291016,1716300
2021-02-24,40.62223815917969,43.86000061035156,43.9900016784668,42.90999984741211,42.90999984741211,1498800
2021-02-25,38.964378356933594,42.06999969482422,44.56999969482422,42.06999969482422,44.56999969482422,1791900
2021-02-26,38.51055908203125,41.58000183105469,42.25,40.61000061035156,41.709999084472656,1896500
2021-03-01,40.76115798950195,44.0099983215332,44.09000015258789,42.5099983215332,42.9900016784668,1464600
2021-03-02,40.5759391784668,43.810001373291016,44.4900016784668,43.65999984741211,44.02000045776367,1649500
2021-03-03,41.40023422241211,44.70000076293945,45.2400016784668,43.36000061035156,43.91999816894531,1866500
2021-03-04,40.020225524902344,43.209999084472656,44.7599983215332,42.2400016784668,44.34000015258789,4165500
2021-03-05,42.344940185546875,45.720001220703125,46.040000915527344,42.77000045776367,44.220001220703125,2972500
2021-03-08,44.521453857421875,48.06999969482422,48.43000030517578,45.65999984741211,45.7599983215332,2657800
2021-03-09,43.89164733886719,47.38999938964844,48.0,46.45000076293945,47.869998931884766,2147400
2021-03-10,45.18831253051758,48.790000915527344,49.349998474121094,46.59000015258789,46.7599983215332,2381300
2021-03-11,45.11421203613281,48.709999084472656,49.81999969482422,47.81999969482422,49.790000915527344,2902800
2021-03-12,45.55877685546875,49.189998626708984,49.900001525878906,48.72999954223633,49.09000015258789,2259000
2021-03-15,44.96603012084961,48.54999923706055,49.56999969482422,47.470001220703125,49.5,1731900
2021-03-16,43.372989654541016,46.83000183105469,48.869998931884766,46.81999969482422,48.86000061035156,3685100
2021-03-17,44.42884826660156,47.970001220703125,48.16999816894531,46.5,46.56999969482422,2549400
2021-03-18,43.8546028137207,47.349998474121094,49.22999954223633,47.2599983215332,48.040000915527344,3032700
2021-03-19,43.706417083740234,47.189998626708984,47.7400016784668,45.56999969482422,47.16999816894531,7075200
2021-03-22,43.558223724365234,47.029998779296875,47.529998779296875,46.150001525878906,47.529998779296875,2206800
2021-03-23,41.49284744262695,44.79999923706055,46.709999084472656,44.439998626708984,46.13999938964844,3148800
2021-03-24,42.66910171508789,46.06999969482422,47.5,45.689998626708984,45.81999969482422,2375100
2021-03-25,44.021324157714844,47.529998779296875,47.900001525878906,45.25,45.810001373291016,2082200
2021-03-26,46.63315200805664,50.349998474121094,50.380001068115234,47.900001525878906,48.5099983215332,2458500
2021-03-29,46.049652099609375,49.720001220703125,52.0,49.59000015258789,50.709999084472656,3330100
2021-03-30,47.74415969848633,51.279998779296875,51.439998626708984,49.279998779296875,49.75,3260100
2021-03-31,47.2600212097168,50.7599983215332,52.22999954223633,50.470001220703125,51.56999969482422,3659800
2021-04-01,47.455543518066406,50.970001220703125,51.06999969482422,49.380001068115234,50.400001525878906,1950500
2021-04-05,48.246925354003906,51.81999969482422,52.59000015258789,51.13999938964844,51.91999816894531,1902800
2021-04-06,47.71622848510742,51.25,52.04999923706055,50.88999938964844,51.47999954223633,1907500
2021-04-07,47.55795669555664,51.08000183105469,52.02000045776367,50.939998626708984,51.709999084472656,1365600
2021-04-08,47.27864074707031,50.779998779296875,51.150001525878906,49.59000015258789,51.0,1353600
2021-04-09,47.660369873046875,51.189998626708984,52.08000183105469,50.83000183105469,51.33000183105469,1659200
2021-04-12,48.2562370300293,51.83000183105469,51.970001220703125,50.91999816894531,51.2599983215332,1413400
2021-04-13,46.943458557128906,50.41999816894531,51.790000915527344,49.91999816894531,51.529998779296875,1570700
2021-04-14,47.315879821777344,50.81999969482422,52.130001068115234,50.36000061035156,50.36000061035156,2086800
2021-04-15,47.38105392456055,50.88999938964844,51.54999923706055,50.130001068115234,51.36000061035156,1934000
2021-04-16,47.948997497558594,51.5,51.7599983215332,50.470001220703125,51.7599983215332,1783600
2021-04-19,47.660369873046875,51.189998626708984,52.720001220703125,50.45000076293945,51.90999984741211,2374000
2021-04-20,46.664146423339844,50.119998931884766,51.91999816894531,49.7400016784668,51.290000915527344,3471400
2021-04-21,47.65105056762695,51.18000030517578,51.40999984741211,49.529998779296875,49.75,2405200
2021-04-22,46.85966491699219,50.33000183105469,51.06999969482422,49.560001373291016,50.77000045776367,2050700
2021-04-23,48.31209945678711,51.88999938964844,52.150001525878906,50.459999084472656,51.0,1671600
2021-04-26,50.89110565185547,54.65999984741211,54.70000076293945,52.25,52.5,4767100
2021-04-27,51.22629165649414,55.02000045776367,55.18000030517578,54.099998474121094,54.7400016784668,2622000
2021-04-28,51.32870101928711,55.130001068115234,55.72999954223633,54.45000076293945,55.20000076293945,1584000
2021-04-29,51.46834945678711,55.279998779296875,55.93000030517578,54.36000061035156,55.58000183105469,1681900
2021-04-30,50.481449127197266,54.220001220703125,55.61000061035156,54.20000076293945,54.459999084472656,2551400
2021-05-03,52.790443420410156,56.70000076293945,57.08000183105469,54.540000915527344,55.18000030517578,2338600
2021-05-04,55.3135871887207,59.40999984741211,59.58000183105469,56.52000045776367,56.68000030517578,3425200
2021-05-05,55.82566452026367,59.959999084472656,60.72999954223633,58.52000045776367,59.54999923706055,2662300
2021-05-06,57.399139404296875,61.650001525878906,61.65999984741211,59.630001068115234,60.58000183105469,2518800
2021-05-07,58.99122619628906,63.36000061035156,63.720001220703125,60.880001068115234,61.84000015258789,2882300
2021-05-10,59.568477630615234,63.97999954223633,66.2699966430664,63.79999923706055,64.91000366210938,3576600
2021-05-11,59.903656005859375,64.33999633789062,65.31999969482422,62.2599983215332,62.650001525878906,3157800
2021-05-12,56.654300689697266,60.849998474121094,64.87000274658203,60.400001525878906,64.33000183105469,3339400
2021-05-13,59.27985382080078,63.66999816894531,64.37000274658203,60.630001068115234,60.880001068115234,3144300
2021-05-14,59.36365509033203,63.7599983215332,64.19999694824219,62.709999084472656,63.38999938964844,3472700
2021-05-17,60.089866638183594,64.54000091552734,64.7699966430664,63.36000061035156,63.380001068115234,2917200
2021-05-18,58.926055908203125,63.290000915527344,64.91000366210938,63.20000076293945,64.37000274658203,1884600
2021-05-19,57.9205207824707,62.209999084472656,62.34000015258789,59.91999816894531,61.25,2622300
2021-05-20,57.67845916748047,61.95000076293945,62.20000076293945,60.52000045776367,62.099998474121094,2605000
2021-05-21,57.29672622680664,61.540000915527344,63.029998779296875,61.310001373291016,62.31999969482422,2222700
2021-05-24,57.78086853027344,62.060001373291016,62.400001525878906,61.02000045776367,61.529998779296875,2207700
2021-05-25,56.030494689941406,60.18000030517578,62.45000076293945,60.060001373291016,62.279998779296875,2829300
2021-05-26,56.72877502441406,60.93000030517578,61.20000076293945,59.470001220703125,60.18000030517578,2454000
2021-05-27,57.6877555847168,61.959999084472656,62.93000030517578,61.68000030517578,62.5099983215332,3964700
2021-05-28,58.125362396240234,62.43000030517578,62.599998474121094,60.900001525878906,61.95000076293945,1952700
2021-06-01,60.05261993408203,64.5,65.66999816894531,63.16999816894531,65.5,2692900
2021-06-02,59.35433578491211,63.75,64.5,63.11000061035156,64.5,2042600
2021-06-03,59.791927337646484,64.22000122070312,64.69000244140625,62.290000915527344,63.02000045776367,2017500
2021-06-04,60.3878059387207,64.86000061035156,65.33000183105469,64.08000183105469,64.91000366210938,1278700
2021-06-07,59.76400375366211,64.19000244140625,65.11000061035156,62.880001068115234,64.73999786376953,2076700
2021-06-08,61.924034118652344,66.51000213623047,66.7300033569336,63.630001068115234,64.33000183105469,2784100
2021-06-09,60.06193161010742,64.51000213623047,66.87999725341797,64.47000122070312,66.22000122070312,3258200
2021-06-10,59.922271728515625,64.36000061035156,65.87999725341797,63.91999816894531,65.72000122070312,1772800
2021-06-11,60.52745819091797,65.01000213623047,65.79000091552734,64.19000244140625,65.16000366210938,1526400
2021-06-14,58.77708435058594,63.130001068115234,64.80999755859375,62.90999984741211,64.69999694824219,2109800
2021-06-15,58.82364273071289,63.18000030517578,63.36000061035156,61.369998931884766,62.84000015258789,2200200
2021-06-16,57.9205207824707,62.209999084472656,62.95000076293945,60.41999816894531,62.95000076293945,2772500
2021-06-17,55.05290222167969,59.130001068115234,62.79999923706055,57.849998474121094,62.540000915527344,3091300
2021-06-18,53.842533111572266,57.83000183105469,59.400001525878906,57.599998474121094,58.0099983215332,3604200
2021-06-21,55.900146484375,60.040000915527344,60.43000030517578,58.470001220703125,58.939998626708984,2151200
2021-06-22,55.99325180053711,60.13999938964844,60.650001525878906,59.20000076293945,60.0099983215332,1434300
2021-06-23,55.574283599853516,59.689998626708984,61.56999969482422,59.47999954223633,61.189998626708984,1892700
2021-06-24,56.77532958984375,60.97999954223633,61.400001525878906,59.130001068115234,60.08000183105469,1975700
2021-06-25,56.08635330200195,60.2400016784668,61.119998931884766,60.040000915527344,61.040000915527344,2771900
2021-06-28,54.58736801147461,58.630001068115234,60.91999816894531,58.20000076293945,60.880001068115234,2200600
2021-06-29,54.94274139404297,58.75,59.869998931884766,58.349998474121094,58.72999954223633,1692300
2021-06-30,55.7376594543457,59.599998474121094,59.91999816894531,58.54999923706055,58.630001068115234,1647200
2021-07-01,56.962764739990234,60.90999984741211,61.369998931884766,59.599998474121094,60.43000030517578,1875500
2021-07-02,56.78507995605469,60.720001220703125,61.650001525878906,60.220001220703125,61.040000915527344,1441100
2021-07-06,54.44709014892578,58.220001220703125,61.08000183105469,57.650001525878906,61.040000915527344,2368900
2021-07-07,57.25267791748047,61.220001220703125,61.7400016784668,59.11000061035156,59.43000030517578,2857500
2021-07-08,56.07433319091797,59.959999084472656,60.709999084472656,58.34000015258789,59.290000915527344,1781200
2021-07-09,57.5145378112793,61.5,62.470001220703125,60.68000030517578,61.25,1873500
2021-07-12,58.77703857421875,62.849998474121094,63.18000030517578,60.40999984741211,60.900001525878906,1880000
2021-07-13,57.20591354370117,61.16999816894531,62.7400016784668,60.97999954223633,62.63999938964844,1104500
2021-07-14,57.23397445678711,61.20000076293945,62.58000183105469,60.7400016784668,62.150001525878906,1110000
2021-07-15,57.62676239013672,61.619998931884766,62.97999954223633,60.63999938964844,60.65999984741211,1577600
2021-07-16,55.999515533447266,59.880001068115234,62.029998779296875,59.75,61.790000915527344,1843900
2021-07-19,54.13847351074219,57.88999938964844,58.529998779296875,56.59000015258789,58.0,2733600
2021-07-20,55.2794075012207,59.11000061035156,59.65999984741211,54.900001525878906,56.220001220703125,3345400
2021-07-21,55.597381591796875,59.45000076293945,60.709999084472656,59.18000030517578,59.9900016784668,1753300
2021-07-22,55.31682205200195,59.150001525878906,59.58000183105469,58.0099983215332,59.369998931884766,2019500
2021-07-23,55.25135803222656,59.08000183105469,59.90999984741211,58.279998779296875,59.63999938964844,2006700
2021-07-26,57.10305404663086,61.060001373291016,61.189998626708984,59.0099983215332,59.34000015258789,2428700
2021-07-27,57.131103515625,61.09000015258789,61.66999816894531,59.040000915527344,60.290000915527344,1859300
2021-07-28,57.29008483886719,61.2599983215332,61.7400016784668,59.33000183105469,61.59000015258789,1613700
2021-07-29,60.46039581298828,64.6500015258789,65.31999969482422,62.22999954223633,62.33000183105469,4044900
2021-07-30,60.27335739135742,64.44999694824219,65.7300033569336,63.810001373291016,64.19999694824219,1971200
2021-08-02,58.83315658569336,62.90999984741211,65.72000122070312,62.83000183105469,64.94000244140625,2029800
2021-08-03,60.46039581298828,64.6500015258789,64.86000061035156,62.31999969482422,63.13999938964844,1900900
2021-08-04,58.88926696777344,62.970001220703125,64.62000274658203,62.95000076293945,64.05999755859375,1447100
2021-08-05,57.62676239013672,61.619998931884766,63.689998626708984,61.43000030517578,62.900001525878906,2082500
2021-08-06,58.7676887512207,62.84000015258789,63.41999816894531,61.70000076293945,62.540000915527344,1441800
2021-08-09,60.22660446166992,64.4000015258789,64.43000030517578,62.02000045776367,62.459999084472656,1635900
2021-08-10,63.86450958251953,68.29000091552734,68.62999725341797,64.58999633789062,64.69000244140625,3360900
2021-08-11,66.88518524169922,71.5199966430664,71.58000183105469,68.19000244140625,69.66999816894531,3334500
2021-08-12,68.21318817138672,72.94000244140625,73.22000122070312,69.94000244140625,71.05000305175781,2705900
2021-08-13,68.38148498535156,73.12000274658203,74.37000274658203,72.33000183105469,72.8499984741211,2018800
2021-08-16,67.02547454833984,71.66999816894531,71.9800033569336,69.3499984741211,71.16000366210938,1821500
2021-08-17,64.40692901611328,68.87000274658203,71.30999755859375,67.41999816894531,71.0999984741211,2227300
2021-08-18,64.7529525756836,69.23999786376953,70.7699966430664,67.9000015258789,68.16999816894531,1570000
2021-08-19,62.807743072509766,67.16000366210938,67.48999786376953,65.29000091552734,66.95999908447266,2341300
2021-08-20,62.63941192626953,66.9800033569336,68.30000305175781,66.08999633789062,67.51000213623047,1257700
2021-08-23,64.49108123779297,68.95999908447266,69.70999908447266,67.66999816894531,68.05000305175781,1606700
2021-08-24,66.57658386230469,71.19000244140625,71.6500015258789,70.0199966430664,70.5,1372200
2021-08-25,65.9312973022461,70.5,72.0999984741211,70.27999877929688,70.94000244140625,1143200
2021-08-26,64.65007019042969,69.12999725341797,70.97000122070312,69.0199966430664,70.41999816894531,1626800
2021-08-27,66.31472778320312,70.91000366210938,71.4800033569336,69.68000030517578,69.7699966430664,1642100
2021-08-30,65.68814086914062,70.23999786376953,71.5199966430664,70.20999908447266,71.25,1306600
2021-08-31,63.11635208129883,67.48999786376953,70.29000091552734,66.93000030517578,70.22000122070312,3256500
2021-09-01,62.695518493652344,67.04000091552734,67.66000366210938,65.0199966430664,67.2699966430664,2192100
2021-09-02,63.05088806152344,67.41999816894531,67.87999725341797,66.72000122070312,67.36000061035156,1806700
2021-09-03,62.443016052246094,66.7699966430664,67.88999938964844,66.4800033569336,67.68000030517578,1236800
2021-09-07,62.1624641418457,66.47000122070312,67.11000061035156,65.86000061035156,66.51000213623047,1763400
2021-09-08,61.59198760986328,65.86000061035156,66.37999725341797,64.66000366210938,66.12999725341797,1304900
2021-09-09,61.67615509033203,65.94999694824219,66.73999786376953,64.9800033569336,65.72000122070312,1708900
2021-09-10,61.53587341308594,65.80000305175781,68.18000030517578,65.66000366210938,66.48999786376953,1662300
2021-09-13,59.73094177246094,63.869998931884766,66.87999725341797,62.52000045776367,66.87999725341797,2346700
2021-09-14,57.95407485961914,61.970001220703125,64.22000122070312,61.900001525878906,64.22000122070312,1657700
2021-09-15,60.82511901855469,65.04000091552734,65.12999725341797,63.36000061035156,64.0999984741211,2571800
2021-09-16,59.58131790161133,63.709999084472656,65.11000061035156,63.15999984741211,63.88999938964844,2109900
2021-09-17,57.93537902832031,61.95000076293945,63.119998931884766,61.47999954223633,63.0,5457000
2021-09-20,54.35356903076172,58.119998931884766,59.189998626708984,56.880001068115234,58.209999084472656,4300900
2021-09-21,54.007545471191406,57.75,58.84000015258789,55.869998931884766,58.630001068115234,3216900
2021-09-22,54.41904067993164,58.189998626708984,60.380001068115234,58.13999938964844,59.18000030517578,2376100
2021-09-23,55.33552551269531,59.16999816894531,60.45000076293945,58.5,58.86000061035156,2412100
2021-09-24,55.96210479736328,59.84000015258789,60.709999084472656,58.869998931884766,59.0,1817700
2021-09-27,57.78573989868164,61.790000915527344,61.869998931884766,60.09000015258789,60.09000015258789,1869700
2021-09-28,57.83250045776367,61.84000015258789,62.43000030517578,60.02000045776367,61.27000045776367,1800800
2021-09-29,55.92603302001953,59.54999923706055,62.810001373291016,59.5,62.2599983215332,1750200
2021-09-30,54.92115020751953,58.47999954223633,60.72999954223633,58.33000183105469,60.08000183105469,1819200
2021-10-01,54.742713928222656,58.290000915527344,58.709999084472656,56.529998779296875,58.349998474121094,1601600
2021-10-04,54.94932556152344,58.5099983215332,59.75,58.22999954223633,58.31999969482422,1911700
2021-10-05,55.73820114135742,59.349998474121094,59.88999938964844,57.79999923706055,58.34000015258789,1847500
2021-10-06,54.038352966308594,57.540000915527344,58.959999084472656,57.02000045776367,58.380001068115234,1751000
2021-10-07,55.822723388671875,59.439998626708984,60.52000045776367,58.5,58.779998779296875,1564300
2021-10-08,55.49403762817383,59.09000015258789,60.220001220703125,58.93000030517578,59.61000061035156,1619700
2021-10-11,57.024837493896484,60.720001220703125,62.2599983215332,60.650001525878906,60.790000915527344,1800700
2021-10-12,57.88884735107422,61.63999938964844,61.7400016784668,60.40999984741211,60.7599983215332,1765900
2021-10-13,57.31597137451172,61.029998779296875,62.119998931884766,60.150001525878906,61.58000183105469,1279800
2021-10-14,57.91701889038086,61.66999816894531,62.7599983215332,61.5,62.220001220703125,1577300
2021-10-15,58.11423873901367,61.880001068115234,63.310001373291016,61.81999969482422,62.95000076293945,1884100
2021-10-18,58.62137985229492,62.41999816894531,62.599998474121094,59.310001373291016,59.43000030517578,2941600
2021-10-19,59.635658264160156,63.5,64.55000305175781,60.72999954223633,62.369998931884766,4486000
2021-10-20,61.10071563720703,65.05999755859375,66.22000122070312,63.220001220703125,63.400001525878906,2547800
2021-10-21,59.23182678222656,63.06999969482422,63.9900016784668,61.54999923706055,63.77000045776367,2378100
2021-10-22,59.635658264160156,63.5,64.44999694824219,62.540000915527344,63.9900016784668,1397000
2021-10-25,63.00719451904297,67.08999633789062,67.72000122070312,63.880001068115234,64.37999725341797,2539800
2021-10-26,63.18561935424805,67.27999877929688,68.91000366210938,66.12999725341797,67.29000091552734,1915200
2021-10-27,60.631141662597656,64.55999755859375,67.75,64.51000213623047,66.37000274658203,1855300
2021-10-28,61.50455093383789,65.48999786376953,66.2699966430664,64.9000015258789,65.11000061035156,1361600
2021-10-29,62.058650970458984,66.08000183105469,67.66000366210938,65.73999786376953,66.06999969482422,1914800
2021-11-01,60.30244445800781,64.20999908447266,66.98999786376953,63.709999084472656,66.95999908447266,2360800
2021-11-02,58.92191696166992,62.7400016784668,63.79999923706055,62.22999954223633,63.79999923706055,1935800
2021-11-03,59.729576110839844,63.599998474121094,64.02999877929688,62.5,63.029998779296875,1410700
2021-11-04,60.36817932128906,64.27999877929688,65.75,63.90999984741211,64.01000213623047,1301400
2021-11-05,61.081932067871094,65.04000091552734,66.05999755859375,64.41999816894531,64.80999755859375,1618100
2021-11-08,62.791175842285156,66.86000061035156,68.47000122070312,66.25,67.5,1657600
2021-11-09,61.729949951171875,65.7300033569336,67.19999694824219,64.86000061035156,66.26000213623047,1552600
2021-11-10,60.75324249267578,64.69000244140625,66.20999908447266,64.16999816894531,65.33000183105469,1265800
2021-11-11,62.21830368041992,66.25,67.7699966430664,65.3499984741211,65.77999877929688,1577600
2021-11-12,62.13378143310547,66.16000366210938,66.97000122070312,65.7300033569336,65.7300033569336,1010400
2021-11-15,61.49515151977539,65.4800033569336,66.05000305175781,64.30999755859375,66.01000213623047,1649800
2021-11-16,61.38247299194336,65.36000061035156,65.91999816894531,63.650001525878906,65.4800033569336,1612500
2021-11-17,59.128509521484375,62.959999084472656,65.19999694824219,62.95000076293945,64.31999969482422,2014400
2021-11-18,59.738956451416016,63.61000061035156,63.959999084472656,62.5099983215332,62.599998474121094,1189400
2021-11-19,59.269386291503906,63.11000061035156,64.12999725341797,62.61000061035156,63.0,1441100
2021-11-22,62.950836181640625,67.02999877929688,69.0199966430664,63.959999084472656,64.06999969482422,2452100
2021-11-23,63.38283920288086,67.48999786376953,68.63999938964844,66.30000305175781,67.69000244140625,1717200
2021-11-24,61.18524169921875,65.1500015258789,67.6500015258789,65.08999633789062,67.04000091552734,1374200
2021-11-26,59.645042419433594,63.5099983215332,64.56999969482422,60.88999938964844,62.5,1578000
2021-11-29,57.6634521484375,61.400001525878906,64.36000061035156,61.119998931884766,63.560001373291016,1774200
2021-11-30,56.16082000732422,59.79999923706055,61.470001220703125,59.400001525878906,61.0,3431000
2021-12-01,55.49403762817383,59.09000015258789,62.47999954223633,59.060001373291016,61.599998474121094,1990100
2021-12-02,55.97299575805664,59.599998474121094,60.93000030517578,58.91999816894531,59.88999938964844,1736700
2021-12-03,55.75699234008789,59.369998931884766,61.459999084472656,58.88999938964844,59.95000076293945,1720900
2021-12-06,56.34865188598633,60.0,61.099998474121094,59.560001373291016,59.79999923706055,1670900
2021-12-07,58.405372619628906,62.189998626708984,63.400001525878906,60.97999954223633,61.41999816894531,2075900
2021-12-08,57.52257537841797,61.25,62.66999816894531,60.83000183105469,62.439998626708984,1392800
2021-12-09,57.34415054321289,61.060001373291016,61.220001220703125,59.599998474121094,60.38999938964844,1466300
2021-12-10,56.414398193359375,60.06999969482422,61.84000015258789,59.27000045776367,61.630001068115234,1686600
2021-12-13,56.16082000732422,59.79999923706055,60.61000061035156,58.38999938964844,60.369998931884766,1792500
2021-12-14,57.64467239379883,61.380001068115234,62.58000183105469,59.709999084472656,59.93000030517578,2515600
2021-12-15,55.24045944213867,58.81999969482422,60.34000015258789,56.91999816894531,60.34000015258789,2498200
2021-12-16,58.602596282958984,62.400001525878906,63.11000061035156,59.529998779296875,59.599998474121094,2467300
2021-12-17,58.54624557495117,62.34000015258789,63.84000015258789,60.61000061035156,61.7599983215332,5060400
2021-12-20,55.71002960205078,59.31999969482422,61.33000183105469,58.90999984741211,60.869998931884766,1993500
2021-12-21,57.3629264831543,61.08000183105469,61.380001068115234,59.849998474121094,60.34000015258789,1213400
2021-12-22,57.710411071777344,61.45000076293945,62.08000183105469,60.70000076293945,61.13999938964844,1037800
2021-12-23,57.89823913574219,61.650001525878906,61.90999984741211,60.75,61.90999984741211,1034000
2021-12-27,58.92191696166992,62.7400016784668,62.779998779296875,61.099998474121094,61.880001068115234,680400
2021-12-28,58.50868225097656,62.29999923706055,62.90999984741211,61.47999954223633,61.880001068115234,815400
2021-12-29,58.57442092895508,62.369998931884766,62.83000183105469,61.58000183105469,62.29999923706055,1183600
2021-12-30,58.357513427734375,61.880001068115234,62.95000076293945,61.79999923706055,62.310001373291016,651000
2021-12-31,58.53669738769531,62.06999969482422,62.25,61.47999954223633,62.130001068115234,645000
2022-01-03,58.15003967285156,61.65999984741211,63.209999084472656,61.31999969482422,62.33000183105469,1580500
2022-01-04,59.90415954589844,63.52000045776367,63.810001373291016,62.0099983215332,62.29999923706055,1721300
2022-01-05,62.20526123046875,65.95999908447266,68.16999816894531,63.84000015258789,64.18000030517578,2296800
2022-01-06,60.403987884521484,64.05000305175781,66.91999816894531,63.66999816894531,66.88999938964844,1573000
2022-01-07,58.76303482055664,62.310001373291016,64.91000366210938,61.45000076293945,64.4000015258789,1943900
2022-01-10,57.14094161987305,60.59000015258789,63.279998779296875,59.709999084472656,62.84000015258789,2027900
2022-01-11,57.49932098388672,60.970001220703125,60.9900016784668,58.18000030517578,59.09000015258789,1995200
2022-01-12,59.9796028137207,63.599998474121094,63.84000015258789,62.0,62.209999084472656,1713900
2022-01-13,59.244014739990234,62.81999969482422,64.19999694824219,62.349998474121094,63.31999969482422,1364000
2022-01-14,58.66872024536133,62.209999084472656,63.04999923706055,61.47999954223633,62.41999816894531,1285000
2022-01-18,56.490230560302734,59.900001525878906,61.689998626708984,59.70000076293945,61.619998931884766,1480200
2022-01-19,55.60373306274414,58.959999084472656,62.34000015258789,58.52000045776367,61.5,1986100
2022-01-20,53.71758270263672,56.959999084472656,61.65999984741211,56.91999816894531,59.529998779296875,3288600
2022-01-21,49.46432113647461,52.45000076293945,56.33000183105469,52.33000183105469,56.33000183105469,4178300
2022-01-24,51.58623504638672,54.70000076293945,55.060001373291016,50.540000915527344,50.91999816894531,5799500
2022-01-25,51.039249420166016,54.119998931884766,55.43000030517578,51.439998626708984,51.47999954223633,5980100
2022-01-26,50.096168518066406,53.119998931884766,55.630001068115234,52.2599983215332,55.2400016784668,3589100
2022-01-27,51.24672317504883,54.34000015258789,56.5,54.0,54.310001373291016,3554100
2022-01-28,51.7937126159668,54.91999816894531,54.93000030517578,52.81999969482422,54.439998626708984,2155400
2022-01-31,52.359554290771484,55.52000045776367,56.560001373291016,54.45000076293945,54.5,2874400
2022-02-01,54.33058166503906,57.61000061035156,57.880001068115234,56.45000076293945,56.630001068115234,2214000
2022-02-02,55.801780700683594,59.16999816894531,59.849998474121094,56.5,57.47999954223633,2097800
2022-02-03,55.51885986328125,58.869998931884766,60.5,57.83000183105469,58.470001220703125,1933000
2022-02-04,55.584861755371094,58.939998626708984,59.810001373291016,58.2400016784668,58.400001525878906,1342900
2022-02-07,55.00960159301758,58.33000183105469,59.86000061035156,56.86000061035156,59.619998931884766,1596500
2022-02-08,57.150367736816406,60.599998474121094,61.13999938964844,58.54999923706055,58.9900016784668,2545000
2022-02-09,58.989376068115234,62.54999923706055,62.779998779296875,60.119998931884766,60.7599983215332,1790500
2022-02-10,57.84825134277344,61.34000015258789,62.90999984741211,60.95000076293945,61.70000076293945,1904800
2022-02-11,57.254112243652344,60.709999084472656,62.13999938964844,59.95000076293945,60.79999923706055,2474400
2022-02-14,58.10288619995117,61.61000061035156,61.93000030517578,60.25,60.810001373291016,2237600
2022-02-15,60.14935302734375,63.779998779296875,64.12999725341797,60.349998474121094,61.63999938964844,2147200
2022-02-16,60.63032913208008,64.29000091552734,65.69999694824219,63.310001373291016,63.779998779296875,1752400
2022-02-17,59.640098571777344,63.2400016784668,64.55000305175781,62.95000076293945,63.810001373291016,1328000
2022-02-18,60.3096809387207,63.95000076293945,64.80999755859375,63.349998474121094,63.619998931884766,1951100
2022-02-22,59.45149230957031,63.040000915527344,65.44000244140625,62.86000061035156,64.2300033569336,2124800
2022-02-23,58.621578216552734,62.15999984741211,64.2699966430664,61.9900016784668,63.22999954223633,1627100
2022-02-24,59.65896224975586,63.2599983215332,63.459999084472656,59.040000915527344,60.18000030517578,2504600
2022-02-25,65.0816421508789,69.01000213623047,69.12999725341797,63.439998626708984,63.630001068115234,2896500
2022-02-28,66.56227111816406,70.58000183105469,71.94000244140625,67.56999969482422,67.70999908447266,4829900
2022-03-01,68.06175231933594,72.16999816894531,75.41000366210938,70.22000122070312,72.0,3488800
2022-03-02,70.94757843017578,75.2300033569336,75.75,72.0199966430664,73.41000366210938,2633800
2022-03-03,72.70169067382812,77.08999633789062,77.41000366210938,74.63999938964844,75.7300033569336,3043700
2022-03-04,72.97518157958984,77.37999725341797,77.56999969482422,75.12999725341797,75.72000122070312,2338400
2022-03-07,68.25981140136719,72.37999725341797,77.45999908447266,71.77999877929688,77.13999938964844,3616900
2022-03-08,65.98699951171875,69.97000122070312,72.41000366210938,68.80999755859375,71.63999938964844,2732300
2022-03-09,67.85428619384766,71.94999694824219,73.29000091552734,70.05000305175781,70.26000213623047,2111800
2022-03-10,68.26924133300781,72.38999938964844,73.8499984741211,71.13999938964844,71.91000366210938,2306600
2022-03-11,68.01459503173828,72.12000274658203,74.4000015258789,71.5999984741211,72.37999725341797,2302500
2022-03-14,67.42046356201172,71.48999786376953,72.27999877929688,69.44000244140625,71.9000015258789,2421700
2022-03-15,68.9482650756836,73.11000061035156,73.22000122070312,69.52999877929688,70.86000061035156,2046600
2022-03-16,70.7400894165039,75.01000213623047,76.05999755859375,72.19999694824219,74.23999786376953,2765800
2022-03-17,76.44569396972656,81.05999755859375,81.2300033569336,75.13999938964844,76.19999694824219,3773300
2022-03-18,79.4163818359375,84.20999908447266,84.37000274658203,79.0199966430664,79.68000030517578,7039900
2022-03-21,80.33118438720703,85.18000030517578,87.30999755859375,83.08999633789062,85.55000305175781,2831000
2022-03-22,79.40697479248047,84.19999694824219,86.97000122070312,83.12999725341797,86.01000213623047,2058400
2022-03-23,80.59524536132812,85.45999908447266,86.12000274658203,83.4000015258789,84.06999969482422,2040800
2022-03-24,83.61309051513672,88.66000366210938,88.68000030517578,85.97000122070312,85.97000122070312,2064500
2022-03-25,84.39583587646484,89.48999786376953,89.69000244140625,86.70999908447266,87.97000122070312,1761600
2022-03-28,82.20790100097656,87.16999816894531,88.68000030517578,85.69000244140625,88.38999938964844,1680500
2022-03-29,79.3692398071289,84.16000366210938,85.13999938964844,81.2699966430664,84.62000274658203,2818400
2022-03-30,79.19879150390625,83.63999938964844,86.30999755859375,83.02999877929688,85.5199966430664,1817200
2022-03-31,78.99993896484375,83.43000030517578,86.20999908447266,83.20999908447266,84.23999786376953,2172900
2022-04-01,80.47710418701172,84.98999786376953,86.29000091552734,83.69000244140625,84.98999786376953,2030600
2022-04-04,79.1609115600586,83.5999984741211,85.19000244140625,82.83999633789062,84.52999877929688,1630700
2022-04-05,78.15721130371094,82.54000091552734,85.08999633789062,82.05999755859375,83.62999725341797,1589100
2022-04-06,77.80684661865234,82.16999816894531,83.5199966430664,79.69000244140625,82.54000091552734,2276800
2022-04-07,79.19879150390625,83.63999938964844,84.12999725341797,80.87999725341797,81.5199966430664,1348200
2022-04-08,78.78215026855469,83.19999694824219,84.69000244140625,82.80999755859375,84.16999816894531,1452500
2022-04-11,79.20825958251953,83.6500015258789,84.95999908447266,82.44999694824219,83.23999786376953,1471800
2022-04-12,80.14569091796875,84.63999938964844,87.52999877929688,84.0999984741211,85.01000213623047,1976500
2022-04-13,82.70232391357422,87.33999633789062,87.41000366210938,84.19000244140625,85.44000244140625,1232500
2022-04-14,83.63031005859375,88.31999969482422,89.12000274658203,87.33999633789062,87.36000061035156,1657500
2022-04-18,85.7040023803711,90.51000213623047,91.79000091552734,88.33000183105469,88.3499984741211,1686100
2022-04-19,87.095947265625,91.9800033569336,92.1500015258789,89.16999816894531,90.81999969482422,2125000
2022-04-20,86.63197326660156,91.48999786376953,93.16000366210938,90.44000244140625,91.76000213623047,1859500
2022-04-21,88.28904724121094,93.23999786376953,100.37000274658203,92.37000274658203,93.36000061035156,4200100
2022-04-22,84.851806640625,89.61000061035156,95.87999725341797,89.02999877929688,93.38999938964844,2645500
2022-04-25,84.58666229248047,89.33000183105469,90.13999938964844,84.7300033569336,87.0,2766600
2022-04-26,82.89173126220703,87.54000091552734,89.87000274658203,87.38999938964844,88.88999938964844,2182700
2022-04-27,83.44091796875,88.12000274658203,90.4000015258789,87.36000061035156,90.11000061035156,2442900
2022-04-28,84.88967895507812,89.6500015258789,89.94999694824219,86.48999786376953,88.66000366210938,2572800
2022-04-29,81.19674682617188,85.75,91.8499984741211,85.38999938964844,89.93000030517578,2544000
2022-05-02,79.1893081665039,83.62999725341797,85.58999633789062,80.62999725341797,85.26000213623047,3195000
2022-05-03,81.77436828613281,86.36000061035156,86.68000030517578,82.11000061035156,83.54000091552734,2520400
2022-05-04,84.75711822509766,89.51000213623047,89.52999877929688,83.8499984741211,86.41000366210938,2301200
2022-05-05,77.08720397949219,81.41000366210938,89.7300033569336,80.5,88.87000274658203,2777600
2022-05-06,75.43013000488281,79.66000366210938,81.26000213623047,77.54000091552734,81.01000213623047,2459000
2022-05-09,73.11967468261719,77.22000122070312,78.9800033569336,76.08000183105469,77.5999984741211,3183900
2022-05-10,72.95872497558594,77.05000305175781,78.93000030517578,75.8499984741211,78.4000015258789,2437200
2022-05-11,71.36792755126953,75.37000274658203,79.08000183105469,75.0999984741211,77.52999877929688,2028700
2022-05-12,70.77136993408203,74.73999786376953,76.7699966430664,73.31999969482422,73.91000366210938,2197500
2022-05-13,70.19375610351562,74.12999725341797,77.93000030517578,73.87999725341797,75.69999694824219,2355800
2022-05-16,71.12173461914062,75.11000061035156,76.41999816894531,73.44999694824219,75.22000122070312,2013600
2022-05-17,74.28438568115234,78.44999694824219,78.62000274658203,76.0999984741211,77.38999938964844,2128100
2022-05-18,71.8603286743164,75.88999938964844,78.44999694824219,75.44000244140625,77.29000091552734,2221400
2022-05-19,71.72774505615234,75.75,77.3499984741211,74.69000244140625,75.62000274658203,2066300
2022-05-20,71.87925720214844,75.91000366210938,77.91000366210938,74.18000030517578,77.08000183105469,2356900
2022-05-23,73.98136901855469,78.12999725341797,78.94000244140625,76.04000091552734,77.70999908447266,1517300
2022-05-24,73.95295715332031,78.0999984741211,78.55999755859375,76.05000305175781,76.55999755859375,1657800
2022-05-25,76.35810089111328,80.63999938964844,81.04000091552734,76.08000183105469,76.87999725341797,2063400
2022-05-26,79.90897369384766,84.38999938964844,84.88999938964844,80.6500015258789,80.6500015258789,1495400
2022-05-27,83.12843322753906,87.79000091552734,87.95999908447266,84.80999755859375,84.86000061035156,1675600
2022-05-31,80.8464126586914,85.37999725341797,87.22000122070312,83.80000305175781,85.62000274658203,5473500
2022-06-01,79.51127624511719,83.97000122070312,85.80999755859375,81.55000305175781,85.18000030517578,2425200
2022-06-02,80.46765899658203,84.9800033569336,86.94000244140625,83.81999969482422,85.26000213623047,1418900
2022-06-03,78.53597259521484,82.94000244140625,84.54000091552734,82.7699966430664,83.94999694824219,1382700
2022-06-06,77.98676300048828,82.36000061035156,83.91000366210938,81.94000244140625,83.88999938964844,1355600
2022-06-07,81.2630386352539,85.81999969482422,85.94999694824219,81.93000030517578,82.01000213623047,1601600
2022-06-08,77.03038787841797,81.3499984741211,85.5199966430664,80.55000305175781,84.08000183105469,1816600
2022-06-09,72.71253204345703,76.79000091552734,80.94000244140625,76.69000244140625,80.83000183105469,2173600
2022-06-10,70.19375610351562,74.12999725341797,76.4800033569336,74.05000305175781,75.0,1657800
2022-06-13,66.83226776123047,70.58000183105469,72.05999755859375,69.37000274658203,71.55999755859375,2300000
2022-06-14,67.24891662597656,71.0199966430664,71.9800033569336,69.61000061035156,70.51000213623047,1939600
2022-06-15,68.2242202758789,72.05000305175781,74.75,70.7699966430664,72.43000030517578,2770000
2022-06-16,66.15997314453125,69.87000274658203,72.05999755859375,69.22000122070312,70.31999969482422,3019700
2022-06-17,68.0443115234375,71.86000061035156,72.69999694824219,69.44000244140625,71.19999694824219,7480100
2022-06-21,66.97431945800781,70.7300033569336,75.19000244140625,70.56999969482422,74.0199966430664,2630700
2022-06-22,63.821128845214844,67.4000015258789,68.86000061035156,66.93000030517578,68.06999969482422,2194800
2022-06-23,62.476531982421875,65.9800033569336,68.04000091552734,64.37999725341797,67.80999755859375,1844000
2022-06-24,65.23200988769531,68.88999938964844,69.11000061035156,66.5,67.08999633789062,2643400
2022-06-27,65.61077117919922,69.29000091552734,70.62000274658203,68.33000183105469,70.0,1309900
2022-06-28,63.78324890136719,67.36000061035156,70.44000244140625,67.04000091552734,69.66999816894531,1639600
2022-06-29,63.60243606567383,66.83000183105469,68.0,65.44000244140625,67.30000305175781,1288700
2022-06-30,62.95526885986328,66.1500015258789,67.25,64.44000244140625,65.5,1633600
2022-07-01,63.03139114379883,66.2300033569336,67.19999694824219,64.16000366210938,65.29000091552734,1591400
2022-07-05,61.384952545166016,64.5,64.52999877929688,62.779998779296875,63.93000030517578,1755900
2022-07-06,61.29930877685547,64.41000366210938,64.83000183105469,62.439998626708984,63.880001068115234,1557400
2022-07-07,63.364505767822266,66.58000183105469,67.52999877929688,65.54000091552734,67.08999633789062,1983300
2022-07-08,62.96478271484375,66.16000366210938,67.30999755859375,65.26000213623047,67.30999755859375,1148500
2022-07-11,62.70782470703125,65.88999938964844,67.30000305175781,65.11000061035156,65.44000244140625,1197000
2022-07-12,62.52700424194336,65.69999694824219,67.66999816894531,65.3499984741211,65.4800033569336,1499900
2022-07-13,64.01167297363281,67.26000213623047,67.44999694824219,64.77999877929688,65.56999969482422,1405400
2022-07-14,62.74588394165039,65.93000030517578,66.08000183105469,63.81999969482422,64.9000015258789,1316600
2022-07-15,63.821319580078125,67.05999755859375,67.08000183105469,65.2300033569336,66.45999908447266,1032200
2022-07-18,64.43993377685547,67.70999908447266,69.33000183105469,67.3499984741211,68.1500015258789,1136300
2022-07-19,63.402565002441406,66.62000274658203,66.88999938964844,64.2300033569336,65.56999969482422,2908800
2022-07-20,64.81110382080078,68.0999984741211,68.12000274658203,66.06999969482422,67.22000122070312,2683500
2022-07-21,67.3140869140625,70.7300033569336,70.77999877929688,68.25,68.94000244140625,3149900
2022-07-22,63.3835334777832,66.5999984741211,71.94000244140625,65.88999938964844,71.13999938964844,2375900
2022-07-25,66.61933898925781,70.0,70.16999816894531,67.41000366210938,67.98999786376953,1962300
2022-07-26,67.07615661621094,70.4800033569336,70.83999633789062,69.08999633789062,70.01000213623047,1703300
2022-07-27,69.31265258789062,72.83000183105469,73.37999725341797,69.4800033569336,70.87999725341797,2010000
2022-07-28,70.58792877197266,74.16999816894531,74.80000305175781,72.08000183105469,73.23999786376953,1940400
2022-07-29,74.11874389648438,77.87999725341797,78.06999969482422,74.51000213623047,74.87999725341797,1746100
2022-08-01,73.64290618896484,77.37999725341797,78.29000091552734,75.66999816894531,77.02999877929688,1252900
2022-08-02,72.8530044555664,76.55000305175781,78.12999725341797,74.58999633789062,76.66999816894531,1996500
2022-08-03,72.67217254638672,76.36000061035156,77.27999877929688,75.30000305175781,76.37000274658203,1435800
2022-08-04,73.73808288574219,77.4800033569336,78.5999984741211,75.2300033569336,76.70999908447266,1627100
2022-08-05,74.97530364990234,78.77999877929688,79.81999969482422,75.86000061035156,76.31999969482422,1025500
2022-08-08,74.9467544555664,78.75,80.7699966430664,78.41000366210938,79.30000305175781,1271200
2022-08-09,77.2213134765625,81.13999938964844,81.27999877929688,78.38999938964844,78.80999755859375,1653400
2022-08-10,79.00101470947266,83.01000213623047,83.25,81.25,82.22000122070312,1329400
2022-08-11,79.45782470703125,83.48999786376953,85.94000244140625,83.37000274658203,83.73999786376953,1363300
2022-08-12,80.52373504638672,84.61000061035156,85.05999755859375,82.7699966430664,83.38999938964844,1100000
2022-08-15,79.51492309570312,83.55000305175781,83.91999816894531,81.43000030517578,83.45999908447266,1373400
2022-08-16,80.56179809570312,84.6500015258789,85.38999938964844,83.9000015258789,84.3499984741211,1178900
2022-08-17,79.02957153320312,83.04000091552734,83.80999755859375,82.06999969482422,82.73999786376953,1221400
2022-08-18,80.35243225097656,84.43000030517578,85.05000305175781,84.08999633789062,84.12999725341797,1031700
2022-08-19,77.84945678710938,81.80000305175781,83.26000213623047,81.05000305175781,83.26000213623047,1471000
2022-08-22,76.37430572509766,80.25,81.36000061035156,79.88999938964844,80.4000015258789,1208500
2022-08-23,77.11663818359375,81.02999877929688,82.83000183105469,80.73999786376953,81.11000061035156,1157600
2022-08-24,77.4592514038086,81.38999938964844,82.0,79.11000061035156,80.22000122070312,1133300
2022-08-25,82.56990051269531,86.76000213623047,86.93000030517578,82.16000366210938,82.16000366210938,3186100
2022-08-26,82.67459106445312,86.87000274658203,88.62000274658203,85.54000091552734,87.02999877929688,2524800
2022-08-29,82.07500457763672,86.23999786376953,87.58999633789062,84.70999908447266,85.91999816894531,1510700
2022-08-30,77.48780059814453,81.41999816894531,85.8499984741211,80.5999984741211,85.8499984741211,2220800
2022-08-31,76.82162475585938,80.72000122070312,81.68000030517578,79.4800033569336,81.02999877929688,2358900
2022-09-01,73.6048355102539,77.33999633789062,78.80999755859375,75.13999938964844,78.80999755859375,2262800
2022-09-02,74.17586517333984,77.94000244140625,80.1500015258789,77.79000091552734,78.9800033569336,1568900
2022-09-06,75.52730560302734,79.36000061035156,80.02999877929688,77.7699966430664,78.19999694824219,1427600
2022-09-07,75.85086822509766,79.69999694824219,80.04000091552734,77.5999984741211,78.80000305175781,1113000
2022-09-08,78.98197937011719,82.98999786376953,83.12000274658203,79.19999694824219,79.63999938964844,1456800
2022-09-09,82.34149169921875,86.5199966430664,86.94999694824219,84.16000366210938,84.43000030517578,1665400
2022-09-12,79.45782470703125,83.48999786376953,87.29000091552734,83.22000122070312,86.5999984741211,1668800
2022-09-13,77.95410919189453,81.91000366210938,83.27999877929688,80.79000091552734,81.4000015258789,2175000
2022-09-14,70.9495849609375,74.55000305175781,79.63999938964844,73.4000015258789,79.4800033569336,3194100
2022-09-15,72.54845428466797,76.2300033569336,77.86000061035156,75.06999969482422,77.80999755859375,2786300
2022-09-16,71.39688110351562,75.0199966430664,75.87000274658203,74.2300033569336,75.33000183105469,4150800
2022-09-19,73.46208190917969,77.19000244140625,77.43000030517578,73.7300033569336,74.3499984741211,1466700
2022-09-20,72.18680572509766,75.8499984741211,76.08999633789062,74.79000091552734,75.33999633789062,1511700
2022-09-21,70.61648559570312,74.19999694824219,77.56999969482422,74.19999694824219,76.93000030517578,1226200
2022-09-22,69.05567932128906,72.55999755859375,75.91000366210938,72.30000305175781,75.16999816894531,1259100
2022-09-23,66.80016326904297,70.19000244140625,70.95999908447266,69.12000274658203,70.33000183105469,1908600
2022-09-26,66.31477355957031,69.68000030517578,71.5999984741211,69.44999694824219,69.80000305175781,1534000
2022-09-27,67.3426284790039,70.76000213623047,72.0999984741211,69.94000244140625,71.18000030517578,1654100
2022-09-28,69.13182830810547,72.63999938964844,72.98999786376953,69.83000183105469,70.16999816894531,1467100
2022-09-29,67.61150360107422,70.70999908447266,72.66000366210938,69.83000183105469,72.66000366210938,1592800
2022-09-30,67.84098052978516,70.94999694824219,72.52999877929688,70.05000305175781,70.76000213623047,1377000
2022-10-03,72.08642578125,75.38999938964844,75.94000244140625,72.05999755859375,72.05999755859375,1337300
2022-10-04,74.60118103027344,78.0199966430664,78.12000274658203,75.93000030517578,76.0999984741211,1428900
2022-10-05,74.41951751708984,77.83000183105469,78.43000030517578,76.55000305175781,77.12000274658203,1248000
2022-10-06,73.7597427368164,77.13999938964844,79.56999969482422,76.87000274658203,78.31999969482422,2077200
2022-10-07,72.56449890136719,75.88999938964844,77.5,75.38999938964844,77.04000091552734,1143900
2022-10-10,74.31432342529297,77.72000122070312,78.23999786376953,76.5999984741211,77.1500015258789,1082900
2022-10-11,75.64342498779297,79.11000061035156,80.63999938964844,76.3499984741211,76.58999633789062,1874100
2022-10-12,75.41393280029297,78.87000274658203,79.97000122070312,78.02999877929688,79.12000274658203,1182800
2022-10-13,77.46971130371094,81.0199966430664,81.81999969482422,75.7699966430664,76.68000030517578,1787100
2022-10-14,74.6394271850586,78.05999755859375,81.08000183105469,77.54000091552734,80.88999938964844,1217400
2022-10-17,76.51353454589844,80.0199966430664,81.33000183105469,78.97000122070312,79.02999877929688,1404700
2022-10-18,78.1581802368164,81.73999786376953,82.9800033569336,80.66000366210938,81.4800033569336,1176800
2022-10-19,77.14461517333984,80.68000030517578,82.86000061035156,80.16000366210938,81.7300033569336,1616600
2022-10-20,81.89684295654297,85.6500015258789,87.19000244140625,80.0,80.66999816894531,2643900
2022-10-21,88.8482666015625,92.91999816894531,93.29000091552734,86.08000183105469,86.16999816894531,3819600
2022-10-24,92.04191589355469,96.26000213623047,96.4800033569336,92.55000305175781,92.73999786376953,3290000
2022-10-25,93.4283676147461,97.70999908447266,97.87999725341797,94.31999969482422,94.87999725341797,2244300
2022-10-26,93.743896484375,98.04000091552734,100.38999938964844,96.41999816894531,97.97000122070312,2136900
2022-10-27,93.19888305664062,97.47000122070312,98.73999786376953,96.0999984741211,98.02999877929688,2182700
2022-10-28,90.29210662841797,94.43000030517578,97.22000122070312,94.06999969482422,95.98999786376953,2383300
2022-10-31,89.92875671386719,94.05000305175781,95.29000091552734,92.87000274658203,93.66999816894531,1677900
2022-11-01,92.47217559814453,96.70999908447266,97.0199966430664,92.87000274658203,96.37000274658203,1599400
2022-11-02,88.31281280517578,92.36000061035156,96.04000091552734,92.19000244140625,95.83999633789062,1609600
2022-11-03,87.5383071899414,91.55000305175781,93.31999969482422,91.13999938964844,91.87999725341797,1064600
2022-11-04,91.2195816040039,95.4000015258789,96.33999633789062,92.86000061035156,95.58000183105469,1396300
2022-11-07,91.75505828857422,95.95999908447266,97.37999725341797,94.91000366210938,95.93000030517578,1031600
2022-11-08,92.52955627441406,96.7699966430664,98.25,95.54000091552734,96.23999786376953,1322000
2022-11-09,88.01638793945312,92.05000305175781,96.56999969482422,91.56999969482422,95.45999908447266,1392800
2022-11-10,92.11840057373047,96.33999633789062,96.5,93.4000015258789,95.0,1577200
2022-11-11,92.50086212158203,96.73999786376953,101.91000366210938,96.27999877929688,100.0,1940800
2022-11-14,96.00050354003906,100.4000015258789,102.97000122070312,95.37999725341797,96.2699966430664,1591300
2022-11-15,96.07698822021484,100.4800033569336,103.0,99.6500015258789,100.83999633789062,1843500
2022-11-16,94.9487075805664,99.30000305175781,100.20999908447266,97.80000305175781,98.66999816894531,1032800
2022-11-17,96.5837631225586,101.01000213623047,101.16999816894531,96.13999938964844,96.70999908447266,1285300
2022-11-18,96.22998046875,100.63999938964844,101.19999694824219,98.37999725341797,100.91999816894531,1051800
2022-11-21,98.50568389892578,103.0199966430664,104.0,99.7699966430664,100.33999633789062,1868500
2022-11-22,101.77582550048828,106.44000244140625,106.77999877929688,103.29000091552734,103.94999694824219,1789300
2022-11-23,99.39493560791016,103.94999694824219,105.98999786376953,103.4800033569336,105.22000122070312,1360000
2022-11-25,99.42362976074219,103.9800033569336,105.37000274658203,103.36000061035156,103.86000061035156,503200
2022-11-28,98.371826171875,102.87999725341797,104.77999877929688,101.7699966430664,102.58000183105469,1366400
2022-11-29,98.142333984375,102.63999938964844,105.19999694824219,102.05000305175781,104.61000061035156,1106900
2022-11-30,99.37579345703125,103.93000030517578,104.02999877929688,100.6500015258789,103.62000274658203,2930100
2022-12-01,100.52323913574219,105.12999725341797,105.45999908447266,102.66000366210938,103.9000015258789,1577200
2022-12-02,104.74955749511719,109.55000305175781,109.62999725341797,103.7699966430664,104.29000091552734,2283300
2022-12-05,102.06266784667969,106.73999786376953,109.44000244140625,105.68000030517578,107.7699966430664,2425800
2022-12-06,103.52564239501953,108.2699966430664,108.94000244140625,104.19999694824219,104.19999694824219,2060900
2022-12-07,102.88499450683594,107.5999984741211,110.3499984741211,106.88999938964844,107.31999969482422,1943300
2022-12-08,105.21805572509766,110.04000091552734,110.73999786376953,108.69999694824219,109.5199966430664,2120900
2022-12-09,103.65950012207031,108.41000366210938,111.19000244140625,108.26000213623047,109.72000122070312,1333700
2022-12-12,104.9503402709961,109.76000213623047,109.94000244140625,106.43000030517578,107.8499984741211,1548600
2022-12-13,105.54318237304688,110.37999725341797,113.12000274658203,109.75,112.48999786376953,1809300
2022-12-14,103.89855194091797,108.66000366210938,110.12999725341797,107.26000213623047,110.04000091552734,1639500
2022-12-15,97.45388793945312,101.91999816894531,106.44000244140625,100.45999908447266,106.41000366210938,2638400
2022-12-16,96.59330749511719,101.0199966430664,103.62000274658203,97.3499984741211,100.31999969482422,5312300
2022-12-19,97.0905532836914,101.54000091552734,104.37000274658203,100.27999877929688,102.4000015258789,1982800
2022-12-20,98.67779541015625,103.19999694824219,105.37000274658203,101.6500015258789,101.6500015258789,2462800
2022-12-21,100.22679901123047,104.81999969482422,107.91000366210938,102.91000366210938,104.08999633789062,38999600
2022-12-22,98.34312438964844,102.8499984741211,104.76000213623047,99.12999725341797,104.6500015258789,2710300
2022-12-23,98.09452819824219,102.58999633789062,104.0999984741211,101.26000213623047,103.5999984741211,1423500
2022-12-27,98.39096069335938,102.9000015258789,104.13999938964844,102.31999969482422,103.0999984741211,1144700
2022-12-28,95.51284790039062,99.88999938964844,103.20999908447266,99.80000305175781,103.01000213623047,1137600
2022-12-29,94.4190673828125,98.41000366210938,100.4000015258789,97.94999694824219,100.0,1438300
2022-12-30,93.73786163330078,97.69999694824219,98.33000183105469,96.70999908447266,98.0999984741211,1390400
2023-01-03,91.31047058105469,95.16999816894531,98.19000244140625,95.0,97.80000305175781,2063700
2023-01-04,94.70690155029297,98.70999908447266,99.33999633789062,94.87000274658203,94.94000244140625,2393300
2023-01-05,94.7836685180664,98.79000091552734,100.29000091552734,96.0199966430664,98.33000183105469,2111500
2023-01-06,98.52549743652344,102.69000244140625,104.62000274658203,99.69999694824219,100.16000366210938,1566800
2023-01-09,97.26863098144531,101.37999725341797,104.37000274658203,101.31999969482422,103.22000122070312,1432300
2023-01-10,102.5263900756836,106.86000061035156,107.12999725341797,101.5,101.5,1523000
2023-01-11,105.53905487060547,110.0,110.2300033569336,106.91000366210938,106.91000366210938,1657400
2023-01-12,105.89403533935547,110.37000274658203,111.19999694824219,108.66000366210938,110.44999694824219,963100
2023-01-13,106.99740600585938,111.5199966430664,112.4000015258789,109.37000274658203,109.79000091552734,1287300
2023-01-17,105.72135162353516,110.19000244140625,113.70999908447266,109.2300033569336,111.3499984741211,1557700
2023-01-18,103.83123779296875,108.22000122070312,113.45999908447266,108.11000061035156,110.75,1545600
2023-01-19,102.97733306884766,107.33000183105469,108.8499984741211,105.94999694824219,107.9000015258789,1430800
2023-01-20,103.63934326171875,108.0199966430664,108.19999694824219,106.01000213623047,107.30999755859375,1289600
2023-01-23,103.32273864746094,107.69000244140625,110.19999694824219,106.91000366210938,107.87000274658203,1184400
2023-01-24,103.64894104003906,108.02999877929688,108.43000030517578,105.0199966430664,107.29000091552734,1441300
2023-01-25,105.93243408203125,110.41000366210938,111.20999908447266,107.06999969482422,107.06999969482422,1954700
2023-01-26,116.5151138305664,121.44000244140625,121.76000213623047,111.86000061035156,113.12000274658203,3732000
2023-01-27,114.10690307617188,118.93000030517578,123.69000244140625,117.56999969482422,120.1500015258789,2658000
2023-01-30,114.26042938232422,119.08999633789062,121.22000122070312,117.63999938964844,117.81999969482422,1830300
2023-01-31,115.74755096435547,120.63999938964844,120.68000030517578,116.97000122070312,118.16999816894531,2011700
2023-02-01,120.23776245117188,125.31999969482422,126.05000305175781,119.55999755859375,120.63999938964844,1733300
2023-02-02,120.74626922607422,125.8499984741211,125.91999816894531,122.55999755859375,125.30999755859375,1704100
2023-02-03,122.98178100585938,128.17999267578125,132.5,125.86000061035156,126.05999755859375,2223700
2023-02-06,118.50117492675781,123.51000213623047,128.1699981689453,122.47000122070312,127.62999725341797,1741800
2023-02-07,118.20372772216797,123.19999694824219,125.16000366210938,121.26000213623047,123.5999984741211,1455600
2023-02-08,119.00008392333984,124.02999877929688,125.51000213623047,121.88999938964844,122.37000274658203,1304500
2023-02-09,116.42876434326172,121.3499984741211,125.72000122070312,120.68000030517578,124.6500015258789,1406200
2023-02-10,117.35942077636719,122.31999969482422,123.02999877929688,119.7300033569336,120.58000183105469,1206600
2023-02-13,118.73143768310547,123.75,124.52999877929688,121.06999969482422,122.18000030517578,1270400
2023-02-14,121.36990356445312,126.5,127.19000244140625,122.7300033569336,123.1500015258789,1264600
2023-02-15,120.58318328857422,125.68000030517578,125.75,121.56999969482422,125.12000274658203,1403000
2023-02-16,121.0628890991211,126.18000030517578,128.4199981689453,125.04000091552734,125.5,1040800
2023-02-17,119.90194702148438,124.97000122070312,126.0999984741211,123.87000274658203,125.58999633789062,1296700
2023-02-21,116.84131622314453,121.77999877929688,126.77999877929688,121.20999908447266,124.11000061035156,1303300
2023-02-22,115.55567169189453,120.44000244140625,122.55000305175781,120.08000183105469,121.73999786376953,1418400
2023-02-23,114.18366241455078,119.01000213623047,121.83999633789062,116.98999786376953,121.16000366210938,1374300
2023-02-24,113.6943359375,118.5,118.5199966430664,115.33999633789062,116.9800033569336,1563400
2023-02-27,116.4191665649414,121.33999633789062,123.05999755859375,119.43000030517578,120.83999633789062,1769300
2023-02-28,120.9957275390625,126.11000061035156,127.72000122070312,120.66000366210938,121.83000183105469,3346300
2023-03-01,123.88365173339844,129.1199951171875,130.57000732421875,126.47000122070312,126.8499984741211,1871000
2023-03-02,127.50077056884766,132.88999938964844,133.30999755859375,127.81999969482422,128.38999938964844,1628400
2023-03-03,130.54220581054688,136.05999755859375,136.4499969482422,132.27000427246094,133.0399932861328,1775900
2023-03-06,126.62767028808594,131.97999572753906,136.4600067138672,130.4600067138672,135.5,1993800
2023-03-07,125.67782592773438,130.99000549316406,133.32000732421875,130.63999938964844,131.42999267578125,1270000
2023-03-08,127.23213195800781,132.61000061035156,132.72999572753906,129.50999450683594,130.6999969482422,1320800
2023-03-09,122.99137115478516,128.19000244140625,133.64999389648438,127.7699966430664,131.6999969482422,1334200
2023-03-10,115.47891998291016,120.36000061035156,128.0800018310547,119.4800033569336,128.0800018310547,2180600
2023-03-13,112.3319320678711,117.08000183105469,118.83000183105469,115.08000183105469,118.06999969482422,2346700
2023-03-14,111.57398223876953,116.29000091552734,120.81999969482422,114.76000213623047,118.7300033569336,2141500
2023-03-15,97.62361145019531,101.75,112.95999908447266,99.94999694824219,112.62999725341797,6186700
2023-03-16,101.9603042602539,106.2699966430664,106.79000091552734,99.52999877929688,100.01000213623047,3746500
2023-03-17,99.69602966308594,103.91000366210938,105.87999725341797,103.0999984741211,105.45999908447266,6183000
2023-03-20,103.30354309082031,107.66999816894531,108.51000213623047,103.31999969482422,104.98999786376953,3283400
2023-03-21,106.54645538330078,111.05000305175781,112.5,109.08999633789062,110.12000274658203,2978800
2023-03-22,102.91974639892578,107.2699966430664,111.08999633789062,107.08000183105469,110.0,1387200
2023-03-23,103.14043426513672,107.5,111.05000305175781,105.94999694824219,107.6500015258789,1414500
2023-03-24,103.99434661865234,108.38999938964844,109.77999877929688,103.3499984741211,104.97000122070312,1539300
2023-03-27,106.20105743408203,110.69000244140625,111.4000015258789,108.4800033569336,109.91999816894531,1927300
2023-03-28,104.80029296875,109.2300033569336,111.68000030517578,108.91000366210938,110.58000183105469,1168900
2023-03-29,105.98039245605469,110.45999908447266,111.19999694824219,108.30000305175781,110.9000015258789,1421200
2023-03-30,107.24693298339844,111.3499984741211,113.02999877929688,110.94999694824219,111.9000015258789,943000
2023-03-31,108.8939208984375,113.05999755859375,113.47000122070312,111.12000274658203,112.13999938964844,1433500
2023-04-03,108.9998779296875,113.16999816894531,114.05999755859375,111.19000244140625,113.06999969482422,1508800
2023-04-04,99.48394012451172,103.29000091552734,113.12999725341797,101.93000030517578,112.33000183105469,2820000
2023-04-05,99.41651916503906,103.22000122070312,104.6500015258789,100.62000274658203,100.7300033569336,2424500
2023-04-06,99.61876678466797,103.43000030517578,104.23999786376953,101.19000244140625,103.16999816894531,1669400
2023-04-10,102.40228271484375,106.31999969482422,107.98999786376953,104.0,104.0,1512200
2023-04-11,104.03002166748047,108.01000213623047,108.47000122070312,106.86000061035156,107.91999816894531,1615700
2023-04-12,102.64308166503906,106.56999969482422,109.3499984741211,106.44000244140625,108.36000061035156,2082700
2023-04-13,101.32355499267578,105.19999694824219,106.91999816894531,104.37000274658203,106.79000091552734,2006000
2023-04-14,100.61083221435547,104.45999908447266,105.83000183105469,103.4800033569336,105.06999969482422,1118500
2023-04-17,102.13259887695312,106.04000091552734,106.29000091552734,104.52999877929688,105.23999786376953,1249900
2023-04-18,103.5291748046875,107.48999786376953,108.25,106.33000183105469,106.33000183105469,1491800
2023-04-19,102.30596923828125,106.22000122070312,107.44999694824219,104.16999816894531,107.04000091552734,1404900
2023-04-20,107.35289764404297,111.45999908447266,115.12000274658203,103.0199966430664,103.0199966430664,3647300
2023-04-21,105.99486541748047,110.05000305175781,110.5999984741211,106.52999877929688,110.43000030517578,1820500
2023-04-24,105.02206420898438,109.04000091552734,110.69000244140625,108.51000213623047,109.72000122070312,1448200
2023-04-25,100.16777801513672,104.0,107.58000183105469,103.97000122070312,107.06999969482422,1788900
2023-04-26,98.39556884765625,102.16000366210938,104.72000122070312,101.7300033569336,103.94000244140625,1621800
2023-04-27,100.5241470336914,104.37000274658203,104.66000366210938,101.37999725341797,102.76000213623047,1375200
2023-04-28,100.11962127685547,103.94999694824219,104.05000305175781,102.38999938964844,103.37999725341797,1246900
2023-05-01,100.58193969726562,104.43000030517578,105.38999938964844,103.5,103.9000015258789,1393400
2023-05-02,99.33946990966797,103.13999938964844,104.12000274658203,100.33999633789062,103.7699966430664,1455200
2023-05-03,98.29927825927734,102.05999755859375,105.8499984741211,101.94000244140625,103.87000274658203,1266200
2023-05-04,92.81893157958984,96.37000274658203,102.0,95.88999938964844,101.43000030517578,1913500
2023-05-05,94.58149719238281,98.19999694824219,101.13999938964844,97.93000030517578,98.0,1813900
2023-05-08,94.27327728271484,97.87999725341797,101.26000213623047,97.41999816894531,100.44999694824219,1501300
2023-05-09,93.92655181884766,97.5199966430664,98.44000244140625,96.30000305175781,96.98999786376953,1310400
2023-05-10,92.92487335205078,96.4800033569336,100.36000061035156,94.72000122070312,99.5199966430664,1831400
2023-05-11,93.41606903076172,96.98999786376953,97.31999969482422,93.75,94.30000305175781,1607100
2023-05-12,93.61833190917969,97.19999694824219,98.5,96.5,98.1500015258789,1312500
2023-05-15,94.40811920166016,98.0199966430664,98.45999908447266,97.05999755859375,97.87000274658203,936600
2023-05-16,91.96172332763672,95.4800033569336,98.01000213623047,95.27999877929688,97.33000183105469,1397400
2023-05-17,93.08860778808594,96.6500015258789,97.73999786376953,96.41000366210938,97.33000183105469,1814600
2023-05-18,94.20585632324219,97.80999755859375,98.02999877929688,94.87999725341797,95.55999755859375,1633600
2023-05-19,93.48348999023438,97.05999755859375,99.20999908447266,96.3499984741211,98.83000183105469,1295400
2023-05-22,93.60871124267578,97.19000244140625,98.30999755859375,96.56999969482422,97.70999908447266,1499100
2023-05-23,92.30845642089844,95.83999633789062,96.05999755859375,91.94000244140625,94.97000122070312,2341300
2023-05-24,89.81389617919922,93.25,94.98999786376953,92.73999786376953,94.94999694824219,1352400
2023-05-25,91.23937225341797,94.7300033569336,95.08000183105469,92.83000183105469,93.04000091552734,1353800
2023-05-26,92.12547302246094,95.6500015258789,96.41000366210938,94.20999908447266,96.04000091552734,1285400
2023-05-30,89.60199737548828,93.02999877929688,95.54000091552734,92.12999725341797,95.0999984741211,1454400
2023-05-31,88.51366424560547,91.9000015258789,92.66999816894531,90.55000305175781,91.69999694824219,3453600
2023-06-01,88.77368927001953,92.16999816894531,93.30999755859375,90.87999725341797,92.05000305175781,1626400
2023-06-02,94.10955047607422,97.70999908447266,98.1500015258789,94.79000091552734,95.1500015258789,1770100
2023-06-05,94.0806655883789,97.68000030517578,99.08999633789062,95.54000091552734,98.04000091552734,1497500
2023-06-06,95.6409683227539,99.30000305175781,99.5,96.69999694824219,96.69999694824219,1061500
2023-06-07,97.63468170166016,101.37000274658203,101.87999725341797,99.30000305175781,99.30000305175781,1171000
2023-06-08,96.66190338134766,100.36000061035156,102.79000091552734,99.26000213623047,102.0,986500
2023-06-09,95.56389617919922,99.22000122070312,101.43000030517578,98.62000274658203,100.41999816894531,1554200
2023-06-12,97.32647705078125,101.05000305175781,102.30000305175781,97.83999633789062,98.41000366210938,1569400
2023-06-13,103.15354919433594,107.0999984741211,107.26000213623047,102.76000213623047,103.37000274658203,1921900
2023-06-14,100.83234405517578,104.69000244140625,109.56999969482422,104.01000213623047,109.12000274658203,2031600
2023-06-15,102.05555725097656,105.95999908447266,106.02999877929688,103.76000213623047,103.7699966430664,1220600
2023-06-16,98.75193786621094,102.52999877929688,104.12999725341797,100.81999969482422,103.41000366210938,7402500
2023-06-20,97.25907135009766,100.9800033569336,101.63999938964844,99.68000030517578,101.0999984741211,1614800
2023-06-21,98.34741973876953,102.11000061035156,103.4800033569336,100.05000305175781,100.05000305175781,1314600
2023-06-22,98.64600372314453,102.41999816894531,103.19000244140625,100.58000183105469,102.11000061035156,1171200
2023-06-23,98.89642333984375,102.68000030517578,103.9800033569336,100.43000030517578,101.08999633789062,2668700
2023-06-26,99.89808654785156,103.72000122070312,106.19000244140625,103.3499984741211,103.45999908447266,1105900
2023-06-27,102.79718017578125,106.7300033569336,107.58999633789062,104.22000122070312,104.77999877929688,1449800
2023-06-28,103.0283432006836,106.97000122070312,107.13999938964844,104.5999984741211,106.1500015258789,1283400
2023-06-29,105.5376968383789,109.13999938964844,109.48999786376953,106.38999938964844,106.72000122070312,1095100
2023-06-30,105.3346176147461,108.93000030517578,109.81999969482422,107.55999755859375,109.68000030517578,1048500
2023-07-03,107.1235580444336,110.77999877929688,111.70999908447266,108.41999816894531,108.93000030517578,765600
2023-07-05,101.77607727050781,105.25,108.91999816894531,104.66000366210938,106.29000091552734,1772100
2023-07-06,100.58667755126953,104.0199966430664,105.69000244140625,101.80999755859375,103.73999786376953,1657800
2023-07-07,101.68904113769531,105.16000366210938,106.94000244140625,104.16999816894531,105.08000183105469,1592900
2023-07-10,101.7374038696289,105.20999908447266,106.30000305175781,103.01000213623047,103.5,917400
2023-07-11,103.27493286132812,106.80000305175781,107.25,105.36000061035156,105.36000061035156,1029000
2023-07-12,103.42964172363281,106.95999908447266,109.2699966430664,106.88999938964844,109.0,1052200
2023-07-13,104.32894134521484,107.88999938964844,108.55000305175781,106.56999969482422,107.37000274658203,912600
2023-07-14,102.84944152832031,106.36000061035156,107.83000183105469,104.91999816894531,107.83000183105469,823700
2023-07-17,103.4103012084961,106.94000244140625,107.5,105.86000061035156,105.86000061035156,922900
2023-07-18,105.13156127929688,108.72000122070312,108.87000274658203,106.31999969482422,106.62000274658203,983200
2023-07-19,101.82443237304688,105.30000305175781,108.38999938964844,104.69999694824219,108.38999938964844,1661400
2023-07-20,98.79774475097656,102.16999816894531,105.38999938964844,100.12000274658203,105.30000305175781,2119700
2023-07-21,96.98946380615234,100.30000305175781,103.4800033569336,100.16999816894531,102.80000305175781,1289500
2023-07-24,98.61402130126953,101.9800033569336,103.37999725341797,100.52999877929688,101.06999969482422,1329000
2023-07-25,101.65037536621094,105.12000274658203,105.7300033569336,102.27999877929688,102.95999908447266,1146700
2023-07-26,100.33525085449219,103.76000213623047,105.3499984741211,102.33999633789062,104.05999755859375,1021500
2023-07-27,99.10717010498047,102.48999786376953,104.30999755859375,102.05000305175781,103.95999908447266,1179800
2023-07-28,100.38359832763672,103.80999755859375,104.0,101.83000183105469,103.61000061035156,902100
2023-07-31,103.06218719482422,106.58000183105469,106.80999755859375,104.2300033569336,104.2300033569336,1276800
2023-08-01,103.46831512451172,107.0,107.88999938964844,103.80999755859375,103.98999786376953,1384300
2023-08-02,101.88245391845703,105.36000061035156,107.05999755859375,105.05000305175781,105.86000061035156,1298400
2023-08-03,101.95980834960938,105.44000244140625,107.9000015258789,103.7300033569336,105.0,1345600
2023-08-04,100.36426544189453,103.79000091552734,106.93000030517578,103.6500015258789,105.5199966430664,1236500
2023-08-07,101.01216125488281,104.45999908447266,105.61000061035156,103.83999633789062,103.83999633789062,748600
2023-08-08,100.51898193359375,103.94999694824219,104.16000366210938,101.0999984741211,102.68000030517578,899400
2023-08-09,101.11852264404297,104.56999969482422,105.19000244140625,103.37999725341797,105.19000244140625,1251800
2023-08-10,98.72036743164062,102.08999633789062,105.91000366210938,101.36000061035156,105.30999755859375,1113400
2023-08-11,98.9234619140625,102.30000305175781,102.8499984741211,101.5,101.93000030517578,871800
2023-08-14,104.09686279296875,107.6500015258789,109.23999786376953,102.44000244140625,104.44000244140625,2683700
2023-08-15,100.77039337158203,104.20999908447266,107.0,103.88999938964844,106.5,1183500
2023-08-16,102.3659439086914,105.86000061035156,107.25,103.33000183105469,103.52999877929688,1286200
2023-08-17,101.95980834960938,105.44000244140625,109.33999633789062,105.30000305175781,107.94000244140625,1587100
2023-08-18,101.76640319824219,105.23999786376953,106.02999877929688,103.9000015258789,104.02999877929688,995100
2023-08-21,100.43196105957031,103.86000061035156,105.9000015258789,103.44999694824219,105.0199966430664,785800
2023-08-22,101.38928985595703,104.8499984741211,106.23999786376953,104.20999908447266,104.37000274658203,878900
2023-08-23,99.49397277832031,102.88999938964844,104.9000015258789,102.73999786376953,104.8499984741211,1716300
2023-08-24,97.71470642089844,101.05000305175781,102.36000061035156,99.91999816894531,102.19999694824219,1648500
2023-08-25,98.4012680053711,101.76000213623047,102.52999877929688,100.12999725341797,102.01000213623047,998400
2023-08-28,98.7493896484375,102.12000274658203,103.12000274658203,101.33000183105469,102.08000183105469,708600
2023-08-29,103.0525131225586,106.56999969482422,107.55999755859375,101.6500015258789,101.73999786376953,1359200
2023-08-30,102.90746307373047,106.41999816894531,107.08000183105469,105.5999984741211,106.70999908447266,699900
2023-08-31,103.07184600830078,106.58999633789062,107.33000183105469,105.73999786376953,106.41999816894531,1217100
2023-09-01,103.75840759277344,107.30000305175781,108.26000213623047,106.12999725341797,107.95999908447266,697200
2023-09-05,102.09518432617188,105.58000183105469,107.25,104.94000244140625,107.16999816894531,713100
2023-09-06,100.55766296386719,103.98999786376953,106.66999816894531,103.0,105.31999969482422,989400
2023-09-07,101.59234619140625,105.05999755859375,105.29000091552734,102.26000213623047,103.19000244140625,1033500
2023-09-08,99.54232788085938,102.94000244140625,104.69999694824219,102.04000091552734,103.79000091552734,989200
2023-09-11,97.02813720703125,100.33999633789062,104.79000091552734,100.16000366210938,104.33999633789062,1372900
2023-09-12,96.8734130859375,100.18000030517578,101.1500015258789,98.37999725341797,99.95999908447266,863800
2023-09-13,95.3939208984375,98.6500015258789,100.73999786376953,97.69999694824219,100.52999877929688,1128100
2023-09-14,99.14585876464844,102.52999877929688,102.73999786376953,100.01000213623047,100.4800033569336,1845800
2023-09-15,95.45193481445312,98.70999908447266,101.91000366210938,98.41000366210938,101.88999938964844,4207200
2023-09-18,94.87174987792969,98.11000061035156,99.77999877929688,95.52999877929688,96.38999938964844,1664200
2023-09-19,96.01278686523438,99.29000091552734,100.37999725341797,98.02999877929688,98.02999877929688,1383300
2023-09-20,96.94110870361328,100.25,102.2300033569336,100.02999877929688,100.30999755859375,1332300
2023-09-21,96.25454711914062,99.54000091552734,100.44999694824219,99.13999938964844,99.36000061035156,1473700
2023-09-22,97.76305389404297,101.0999984741211,102.86000061035156,99.88999938964844,99.93000030517578,1629300
2023-09-25,100.94446563720703,104.38999938964844,105.05000305175781,101.44000244140625,101.7300033569336,1482400
2023-09-26,99.42627716064453,102.81999969482422,105.31999969482422,102.33000183105469,104.38999938964844,1613100
2023-09-27,102.92680358886719,106.44000244140625,106.4800033569336,103.73999786376953,103.95999908447266,1963100
2023-09-28,102.86369323730469,105.94999694824219,107.20999908447266,105.37999725341797,106.6500015258789,1295800
2023-09-29,104.0967025756836,107.22000122070312,107.66999816894531,105.94000244140625,107.0,1472800
2023-10-02,103.21320343017578,106.30999755859375,107.95999908447266,105.27999877929688,107.44999694824219,1239800
2023-10-03,103.11612701416016,106.20999908447266,106.86000061035156,104.83000183105469,105.45999908447266,1220600
2023-10-04,103.45594024658203,106.55999755859375,108.0999984741211,105.51000213623047,106.05999755859375,1218500
2023-10-05,103.8539810180664,106.97000122070312,107.56999969482422,105.5,105.72000122070312,1080200
2023-10-06,105.0967025756836,108.25,109.33000183105469,106.58000183105469,107.81999969482422,1111500
2023-10-09,105.56271362304688,108.7300033569336,109.2699966430664,106.2300033569336,107.87999725341797,807100
2023-10-10,106.56270599365234,109.76000213623047,111.43000030517578,109.19999694824219,109.19999694824219,1055200
2023-10-11,107.27143096923828,110.48999786376953,111.12999725341797,109.1500015258789,109.7699966430664,912500
2023-10-12,102.73748016357422,105.81999969482422,109.51000213623047,104.68000030517578,109.31999969482422,1273800
2023-10-13,102.82485961914062,105.91000366210938,107.06999969482422,104.87999725341797,105.5,902200
2023-10-16,101.66952514648438,104.72000122070312,107.88999938964844,104.5199966430664,107.31999969482422,997600
2023-10-17,103.66951751708984,106.77999877929688,107.23999786376953,103.51000213623047,103.5999984741211,1049400
2023-10-18,100.3976821899414,103.41000366210938,105.47000122070312,102.93000030517578,105.26000213623047,1275700
2023-10-19,96.31031036376953,99.19999694824219,108.19999694824219,98.25,104.80999755859375,3598700
2023-10-20,96.06759643554688,98.94999694824219,101.91000366210938,98.56999969482422,98.7699966430664,2007600
2023-10-23,95.87342834472656,98.75,101.11000061035156,98.31999969482422,98.61000061035156,1366000
2023-10-24,98.65982818603516,101.62000274658203,102.58999633789062,98.73999786376953,99.55999755859375,2302200
2023-10-25,96.9316635131836,99.83999633789062,101.69999694824219,99.01000213623047,101.37000274658203,1157300
2023-10-26,99.3782730102539,102.36000061035156,103.86000061035156,100.19999694824219,100.19999694824219,1641100
2023-10-27,101.0772933959961,104.11000061035156,104.55999755859375,101.66000366210938,102.83999633789062,1488800
2023-10-30,101.5433120727539,104.58999633789062,105.27999877929688,102.87000274658203,104.73999786376953,1323800
2023-10-31,103.40737915039062,106.51000213623047,107.05999755859375,104.08000183105469,104.8499984741211,1680900
2023-11-01,105.84426879882812,109.0199966430664,109.3499984741211,105.62999725341797,107.05000305175781,1553200
2023-11-02,108.29084777832031,111.54000091552734,111.87000274658203,109.83999633789062,110.0,1152800
2023-11-03,108.61123657226562,111.87000274658203,114.18000030517578,111.83999633789062,113.80999755859375,1146400
2023-11-06,108.55299377441406,111.80999755859375,113.51000213623047,111.41000366210938,112.83999633789062,951100
2023-11-07,107.03842163085938,110.25,111.41999816894531,109.45999908447266,111.41999816894531,1204300
2023-11-08,105.98990631103516,109.16999816894531,110.72000122070312,108.80000305175781,110.44999694824219,1168300
2023-11-09,105.53358459472656,108.69999694824219,110.41999816894531,108.26000213623047,110.0,892800
2023-11-10,105.84426879882812,109.0199966430664,109.88999938964844,108.12000274658203,109.37000274658203,1058500
2023-11-13,104.31029510498047,107.44000244140625,109.0199966430664,107.37999725341797,108.66000366210938,1380300
2023-11-14,107.52387237548828,110.75,111.19000244140625,108.16999816894531,108.87000274658203,1328400
2023-11-15,108.01901245117188,111.26000213623047,111.93000030517578,110.83999633789062,111.16999816894531,839600
2023-11-16,106.67920684814453,109.87999725341797,111.12999725341797,108.19000244140625,110.62999725341797,841400
2023-11-17,107.69862365722656,110.93000030517578,112.08999633789062,110.25,110.25,1046100
2023-11-20,108.60153198242188,111.86000061035156,112.63999938964844,111.27999877929688,111.41999816894531,866000
2023-11-21,109.37823486328125,112.66000366210938,113.55999755859375,111.51000213623047,111.69000244140625,934400
2023-11-22,109.41706848144531,112.69999694824219,113.05999755859375,111.7300033569336,112.58000183105469,633700
2023-11-24,108.25202178955078,111.5,112.97000122070312,111.13999938964844,112.58999633789062,410900
2023-11-27,111.89277648925781,115.25,115.45999908447266,111.87999725341797,111.9800033569336,1213500
2023-11-28,110.90249633789062,114.2300033569336,116.58999633789062,113.87999725341797,115.05000305175781,1245900
2023-11-29,112.12580108642578,115.48999786376953,115.55999755859375,113.48999786376953,114.30999755859375,936500
2023-11-30,115.65975189208984,119.12999725341797,119.55000305175781,115.37000274658203,115.8499984741211,3283200
2023-12-01,116.26171112060547,119.75,120.5999984741211,118.87999725341797,120.0,1196700
2023-12-04,115.31024169921875,118.7699966430664,120.30000305175781,117.5,118.0199966430664,1221400
2023-12-05,113.21318054199219,116.61000061035156,118.44999694824219,115.43000030517578,118.25,1375400
2023-12-06,110.36851501464844,113.68000030517578,117.95999908447266,113.61000061035156,116.02999877929688,1337100
2023-12-07,111.07725524902344,114.41000366210938,114.45999908447266,112.33999633789062,113.68000030517578,1347800
2023-12-08,109.86366271972656,113.16000366210938,115.56999969482422,113.08000183105469,114.05000305175781,971600
2023-12-11,111.42677307128906,114.7699966430664,114.94999694824219,111.80000305175781,112.06999969482422,1383000
2023-12-12,110.47531127929688,113.79000091552734,115.0,111.93000030517578,115.0,1217000
2023-12-13,111.99957275390625,115.36000061035156,116.44000244140625,111.62999725341797,113.98999786376953,1632200
2023-12-14,115.65975189208984,119.12999725341797,119.31999969482422,115.88999938964844,115.98999786376953,2265700
2023-12-15,120.89273834228516,124.5199966430664,127.76000213623047,119.19000244140625,120.19999694824219,6018500
2023-12-18,118.5723648071289,122.12999725341797,128.57000732421875,121.86000061035156,128.5,2169700
2023-12-19,119.72769927978516,123.31999969482422,123.81999969482422,121.1500015258789,122.37000274658203,1463300
2023-12-20,116.76654815673828,120.2699966430664,123.93000030517578,120.18000030517578,122.16999816894531,868300
2023-12-21,116.68888854980469,120.19000244140625,121.44000244140625,120.0199966430664,120.91000366210938,746000
2023-12-22,118.29081726074219,121.83999633789062,122.33000183105469,120.12999725341797,120.61000061035156,679400
2023-12-26,117.71800994873047,121.25,122.47000122070312,121.20999908447266,122.05000305175781,347400
2023-12-27,117.3781967163086,120.9000015258789,122.2300033569336,120.69999694824219,121.3499984741211,751900
2023-12-28,116.01905822753906,119.08000183105469,120.66999816894531,118.7300033569336,120.41999816894531,574300
2023-12-29,115.06424713134766,118.0999984741211,119.05000305175781,117.69000244140625,118.8499984741211,769600
2024-01-02,115.85343933105469,118.91000366210938,120.52999877929688,117.75,117.83000183105469,966000
2024-01-03,116.04829406738281,119.11000061035156,121.41000366210938,116.43000030517578,117.86000061035156,1234200
2024-01-04,113.4664077758789,116.45999908447266,119.8499984741211,116.33999633789062,118.7300033569336,1304300
2024-01-05,113.23257446289062,116.22000122070312,117.97000122070312,115.37000274658203,115.93000030517578,1484900
2024-01-08,114.031494140625,117.04000091552734,117.29000091552734,113.55000305175781,115.37000274658203,1146600
2024-01-09,110.10508728027344,113.01000213623047,116.48999786376953,112.76000213623047,116.48999786376953,1325000
2024-01-10,109.939453125,112.83999633789062,113.73999786376953,112.33000183105469,113.08999633789062,1157300
2024-01-11,110.21226501464844,113.12000274658203,113.68000030517578,111.06999969482422,112.75,1115000
2024-01-12,110.3096923828125,113.22000122070312,115.05000305175781,112.43000030517578,113.29000091552734,782500
2024-01-16,108.7313232421875,111.5999984741211,113.37999725341797,111.5,112.93000030517578,1144500
2024-01-17,109.4620590209961,112.3499984741211,113.16999816894531,109.66000366210938,110.45999908447266,1265700
2024-01-18,109.79331970214844,112.69000244140625,113.88999938964844,111.55000305175781,112.80999755859375,1007400
2024-01-19,109.95895385742188,112.86000061035156,113.22000122070312,111.33000183105469,112.45999908447266,956600
2024-01-22,112.462890625,115.43000030517578,115.55000305175781,112.19999694824219,112.19999694824219,1967400
2024-01-23,113.15462493896484,116.13999938964844,117.7300033569336,115.48999786376953,116.37999725341797,1971000
2024-01-24,113.54434967041016,116.54000091552734,118.55999755859375,110.0,110.08000183105469,2578200
2024-01-25,112.92081451416016,115.9000015258789,118.1500015258789,114.76000213623047,117.37999725341797,1268000
2024-01-26,113.01824188232422,116.0,117.93000030517578,115.33999633789062,116.37000274658203,996100
2024-01-29,113.85612487792969,116.86000061035156,116.93000030517578,112.83999633789062,115.56999969482422,1736000
2024-01-30,119.30243682861328,122.44999694824219,122.87999725341797,115.76000213623047,115.79000091552734,1620300
2024-01-31,117.58768463134766,120.69000244140625,122.87999725341797,120.41000366210938,122.66999816894531,1657000
2024-02-01,116.7108154296875,119.79000091552734,122.8499984741211,118.56999969482422,121.93000030517578,1470100
2024-02-02,117.07130432128906,120.16000366210938,121.27999877929688,118.94999694824219,119.37999725341797,1210000
2024-02-05,118.36711883544922,121.48999786376953,121.83999633789062,118.11000061035156,118.80999755859375,1277300
2024-02-06,117.08104705810547,120.16999816894531,122.31999969482422,120.02999877929688,121.66999816894531,1187200
2024-02-07,121.35820007324219,124.55999755859375,125.4800033569336,120.1500015258789,120.22000122070312,1466500
2024-02-08,121.6310043334961,124.83999633789062,125.75,123.54000091552734,124.6500015258789,846900
2024-02-09,121.77713775634766,124.98999786376953,125.66000366210938,124.20999908447266,125.0,1153400
2024-02-12,120.62747192382812,123.80999755859375,126.1500015258789,123.5999984741211,125.25,973100
2024-02-13,115.32730865478516,118.37000274658203,122.1500015258789,117.43000030517578,121.61000061035156,1245700
2024-02-14,116.66209411621094,119.73999786376953,120.97000122070312,118.16999816894531,118.98999786376953,906500
2024-02-15,120.91976928710938,124.11000061035156,124.3499984741211,120.04000091552734,120.04000091552734,1319200
2024-02-16,120.16954803466797,123.33999633789062,126.0,123.22000122070312,124.47000122070312,895900
2024-02-20,119.45832061767578,122.61000061035156,123.62999725341797,120.94999694824219,121.73999786376953,1014200
2024-02-21,118.9127197265625,122.05000305175781,122.45999908447266,120.66000366210938,121.79000091552734,851400
2024-02-22,121.57255554199219,124.77999877929688,125.05000305175781,121.91999816894531,121.91999816894531,797600
2024-02-23,123.7452163696289,127.01000213623047,127.81999969482422,124.55000305175781,125.5199966430664,752700
2024-02-26,127.70085906982422,131.07000732421875,131.22000122070312,127.0199966430664,127.5999984741211,998300
2024-02-27,129.55201721191406,132.97000122070312,133.64999389648438,130.77000427246094,130.86000061035156,1222600
2024-02-28,129.0843505859375,132.49000549316406,133.16000366210938,130.82000732421875,131.61000061035156,1174600
2024-02-29,130.38015747070312,133.82000732421875,134.3699951171875,132.05999755859375,133.1300048828125,2134800
2024-03-01,130.27301025390625,133.7100067138672,137.6999969482422,132.36000061035156,134.27999877929688,1508200
2024-03-04,126.8921890258789,130.24000549316406,134.86000061035156,128.52999877929688,133.47000122070312,1349300
2024-03-05,125.19691467285156,128.5,130.4499969482422,127.13999938964844,129.14999389648438,1120500
2024-03-06,126.61940002441406,129.9600067138672,132.2899932861328,129.69000244140625,131.05999755859375,897600
2024-03-07,129.0064239501953,132.41000366210938,133.32000732421875,130.9199981689453,130.9199981689453,703600
2024-03-08,128.10031127929688,131.47999572753906,135.24000549316406,131.22000122070312,132.88999938964844,873200
2024-03-11,126.58041381835938,129.9199981689453,130.4199981689453,127.2300033569336,130.25,810100
2024-03-12,127.96392059326172,131.33999633789062,131.5399932861328,128.0,131.0500030517578,1091600
2024-03-13,130.5068359375,133.9499969482422,134.5399932861328,131.60000610351562,131.66000366210938,1155400
2024-03-14,128.7628631591797,132.16000366210938,135.1999969482422,131.0500030517578,133.9499969482422,967600
2024-03-15,134.3553009033203,137.89999389648438,138.9499969482422,131.6199951171875,132.3000030517578,3864600
2024-03-18,136.37210083007812,139.97000122070312,140.35000610351562,137.72999572753906,138.4600067138672,1110400
2024-03-19,137.25868225097656,140.8800048828125,141.25999450683594,139.72999572753906,140.0,1229500
2024-03-20,139.05140686035156,142.72000122070312,143.41000366210938,140.3000030517578,141.17999267578125,991000
2024-03-21,140.16209411621094,143.86000061035156,144.41000366210938,141.25999450683594,143.8000030517578,961700
2024-03-22,140.30824279785156,144.00999450683594,145.47999572753906,143.14999389648438,143.14999389648438,767200
2024-03-25,140.44464111328125,144.14999389648438,148.33999633789062,144.05999755859375,145.52000427246094,985300
2024-03-26,141.10714721679688,144.8300018310547,145.82000732421875,144.1699981689453,144.60000610351562,1063700
2024-03-27,143.66795349121094,146.99000549316406,147.13999938964844,144.80999755859375,146.22000122070312,992200
2024-03-28,144.87991333007812,148.22999572753906,148.74000549316406,146.6300048828125,147.38999938964844,956800
2024-04-01,145.88662719726562,149.25999450683594,151.33999633789062,148.0500030517578,149.0,873800
2024-04-02,144.55738830566406,147.89999389648438,149.33999633789062,145.97999572753906,149.00999450683594,917300
2024-04-03,144.39122009277344,147.72999572753906,150.5,147.3699951171875,147.75999450683594,902800
2024-04-04,143.394287109375,146.7100067138672,149.77999877929688,146.07000732421875,148.60000610351562,768000
2024-04-05,143.94161987304688,147.27000427246094,147.66000366210938,145.6300048828125,146.14999389648438,638500
2024-04-08,144.50851440429688,147.85000610351562,148.8800048828125,146.13999938964844,147.9199981689453,619700
2024-04-09,143.41383361816406,146.72999572753906,149.6199951171875,144.50999450683594,148.8800048828125,823000
2024-04-10,141.38082885742188,144.64999389648438,146.02999877929688,143.50999450683594,145.0399932861328,1133900
2024-04-11,140.9703369140625,144.22999572753906,145.6199951171875,142.5,144.52999877929688,1024400
2024-04-12,137.45169067382812,140.6300048828125,145.30999755859375,140.0,144.2899932861328,1278200
2024-04-15,137.78399658203125,140.97000122070312,143.0399932861328,140.75,142.2899932861328,975800
2024-04-16,136.61111450195312,139.77000427246094,140.22999572753906,137.4600067138672,139.61000061035156,1020100
2024-04-17,135.7901153564453,138.92999267578125,142.17999267578125,138.6999969482422,142.17999267578125,997300
2024-04-18,132.9947509765625,136.07000732421875,140.0,135.25999450683594,140.0,1332800
2024-04-19,133.8059844970703,136.89999389648438,137.97999572753906,135.64999389648438,136.47999572753906,983200
2024-04-22,134.19696044921875,137.3000030517578,138.63999938964844,135.41000366210938,136.92999267578125,822600
2024-04-23,131.12791442871094,134.16000366210938,135.77999877929688,130.75999450683594,133.52999877929688,2123800
2024-04-24,126.98373413085938,129.9199981689453,144.91000366210938,128.75,141.05999755859375,2557000
2024-04-25,130.02346801757812,133.02999877929688,133.1999969482422,127.05000305175781,129.16000366210938,1447800
2024-04-26,131.01060485839844,134.0399932861328,136.27999877929688,133.0,133.0,1054000
2024-04-29,132.01734924316406,135.07000732421875,135.19000244140625,133.2899932861328,134.10000610351562,975300
2024-04-30,127.17921447753906,130.1199951171875,133.5,129.3300018310547,133.47999572753906,1378600
2024-05-01,126.71984100341797,129.64999389648438,132.77999877929688,128.89999389648438,131.32000732421875,940800
2024-05-02,127.83406066894531,130.7899932861328,131.19000244140625,128.88999938964844,130.27000427246094,1149600
2024-05-03,132.40830993652344,135.47000122070312,135.80999755859375,131.7899932861328,131.7899932861328,1220700
2024-05-06,129.60321044921875,132.60000610351562,137.05999755859375,130.30999755859375,136.16000366210938,1818300
2024-05-07,129.710693359375,132.7100067138672,133.47999572753906,131.75999450683594,132.60000610351562,1054500
2024-05-08,127.86338806152344,130.82000732421875,132.6199951171875,130.77000427246094,132.0500030517578,1147900
2024-05-09,131.79254150390625,134.83999633789062,135.1999969482422,131.10000610351562,131.36000061035156,883800
2024-05-10,132.12484741210938,135.17999267578125,135.55999755859375,133.5399932861328,135.11000061035156,792400
2024-05-13,131.80233764648438,134.85000610351562,135.97000122070312,134.47999572753906,135.52000427246094,977100
2024-05-14,132.01734924316406,135.07000732421875,136.3699951171875,134.8000030517578,135.14999389648438,600700
2024-05-15,133.83531188964844,136.92999267578125,137.7899932861328,135.4499969482422,135.57000732421875,1146700
2024-05-16,131.90005493164062,134.9499969482422,137.2100067138672,134.80999755859375,136.82000732421875,1027300
2024-05-17,130.9031219482422,133.92999267578125,135.39999389648438,133.5800018310547,135.39999389648438,831900
2024-05-20,130.07232666015625,133.0800018310547,134.69000244140625,131.17999267578125,134.22000122070312,1123700
2024-05-21,131.3136444091797,134.35000610351562,134.49000549316406,132.17999267578125,133.25999450683594,772400
2024-05-22,129.730224609375,132.72999572753906,133.74000549316406,131.44000244140625,132.5399932861328,984000
2024-05-23,130.55125427246094,133.57000732421875,134.00999450683594,132.5,133.47000122070312,1174100
2024-05-24,130.32644653320312,133.33999633789062,134.49000549316406,132.3800048828125,134.30999755859375,628900
2024-05-28,131.24520874023438,134.27999877929688,135.49000549316406,132.75,133.69000244140625,1403100
2024-05-29,128.75282287597656,131.72999572753906,135.9199981689453,131.44000244140625,133.05999755859375,928100
2024-05-30,130.48284912109375,133.5,134.52000427246094,131.0,131.16000366210938,787800
2024-05-31,130.84445190429688,133.8699951171875,133.92999267578125,131.17999267578125,133.75,2501300
2024-06-03,129.61293029785156,132.61000061035156,134.55999755859375,131.49000549316406,134.0,743400
2024-06-04,124.36430358886719,127.23999786376953,130.9499969482422,127.11000061035156,130.8300018310547,1032600
2024-06-05,124.28611755371094,127.16000366210938,128.5500030517578,126.41999816894531,126.63999938964844,1254000
2024-06-06,125.44922637939453,128.35000610351562,128.4600067138672,126.37999725341797,126.72000122070312,1066400
2024-06-07,122.68318176269531,125.5199966430664,127.72000122070312,124.66000366210938,126.80000305175781,1308500
2024-06-10,120.875,123.66999816894531,125.19999694824219,122.36000061035156,125.01000213623047,1518100
2024-06-11,118.78336334228516,121.52999877929688,122.61000061035156,120.05000305175781,122.61000061035156,1436200
2024-06-12,118.05030059814453,120.77999877929688,123.5199966430664,120.36000061035156,123.1500015258789,1110100
2024-06-13,118.67584228515625,121.41999816894531,121.87000274658203,119.05999755859375,120.79000091552734,985200
2024-06-14,117.96234893798828,120.69000244140625,121.61000061035156,118.36000061035156,118.9800033569336,1211200
2024-06-17,123.68991088867188,126.55000305175781,126.79000091552734,120.33999633789062,120.4000015258789,2237200
2024-06-18,122.17493438720703,125.0,128.3699951171875,123.4000015258789,126.4800033569336,1637300
2024-06-20,122.83956909179688,125.68000030517578,127.05000305175781,124.4800033569336,125.0199966430664,1244700
2024-06-21,125.2830581665039,128.17999267578125,128.82000732421875,124.30000305175781,125.76000213623047,4311900
2024-06-24,123.48464965820312,126.33999633789062,128.92999267578125,125.72000122070312,127.4000015258789,1746600
2024-06-25,120.79679107666016,123.58999633789062,127.25,123.29000091552734,127.25,1503000
2024-06-26,121.95991516113281,124.77999877929688,125.06999969482422,122.4800033569336,122.88999938964844,1501300
2024-06-27,122.22380065917969,125.05000305175781,126.33999633789062,124.3499984741211,124.77999877929688,1042200
2024-06-28,127.0405502319336,129.5,130.60000610351562,126.58000183105469,126.61000061035156,2428800
2024-07-01,126.69718933105469,129.14999389648438,130.60000610351562,127.4000015258789,130.02000427246094,1278400
2024-07-02,125.86334228515625,128.3000030517578,130.25999450683594,127.2300033569336,128.99000549316406,1212600
2024-07-03,124.7155532836914,127.12999725341797,129.83999633789062,127.06999969482422,128.72000122070312,737300
2024-07-05,122.05702209472656,124.41999816894531,126.97000122070312,123.77999877929688,126.70999908447266,1426900
2024-07-08,121.90988159179688,124.2699966430664,125.62999725341797,123.5999984741211,124.2699966430664,996800
2024-07-09,121.8902587890625,124.25,125.25,122.93000030517578,122.9800033569336,938000
2024-07-10,124.86271667480469,127.27999877929688,127.87000274658203,124.4800033569336,124.86000061035156,1678700
2024-07-11,127.305419921875,129.77000427246094,130.3000030517578,127.04000091552734,127.55000305175781,1359500
2024-07-12,126.765869140625,129.22000122070312,130.75,129.10000610351562,130.27999877929688,1085000
2024-07-15,129.40478515625,131.91000366210938,137.27000427246094,131.16000366210938,131.5800018310547,2048900
2024-07-16,130.18959045410156,132.7100067138672,133.00999450683594,128.63999938964844,130.1999969482422,1055900
2024-07-17,127.59974670410156,130.07000732421875,133.24000549316406,129.9199981689453,132.8000030517578,1496300
2024-07-18,126.67756652832031,129.1300048828125,133.4199981689453,127.1500015258789,127.45999908447266,2301900
2024-07-19,126.00067901611328,128.44000244140625,129.75999450683594,126.91000366210938,129.1699981689453,1226000
2024-07-22,125.34339904785156,127.7699966430664,128.4600067138672,125.5,128.33999633789062,1141600
2024-07-23,124.21525573730469,126.62000274658203,127.48999786376953,125.3499984741211,126.61000061035156,1361700
2024-07-24,120.94849395751953,123.29000091552734,127.44000244140625,123.16000366210938,126.94000244140625,1068000
2024-07-25,125.1766357421875,127.5999984741211,128.6699981689453,123.76000213623047,125.01000213623047,1594200
2024-07-26,128.060791015625,130.5399932861328,131.82000732421875,127.80000305175781,128.17999267578125,1064700
2024-07-29,128.0411834716797,130.52000427246094,131.36000061035156,129.05999755859375,130.8800048828125,1077000
2024-07-30,126.40290069580078,128.85000610351562,131.47999572753906,128.82000732421875,130.7899932861328,866500
2024-07-31,130.68991088867188,133.22000122070312,135.32000732421875,129.67999267578125,129.9600067138672,1394800
2024-08-01,123.95037078857422,126.3499984741211,133.9600067138672,124.63999938964844,132.55999755859375,1473900
2024-08-02,118.9766616821289,121.27999877929688,123.79000091552734,119.87999725341797,123.02999877929688,1342100
2024-08-05,119.10420227050781,121.41000366210938,123.55000305175781,115.0,117.76000213623047,1469800
2024-08-06,120.05577087402344,122.37999725341797,124.19000244140625,121.37000274658203,121.62000274658203,943300
2024-08-07,116.8576889038086,119.12000274658203,126.19000244140625,119.05999755859375,124.19000244140625,1168800
2024-08-08,117.92698669433594,120.20999908447266,121.37999725341797,119.66000366210938,119.91999816894531,704900
2024-08-09,117.16180419921875,119.43000030517578,120.37000274658203,118.87999725341797,120.20999908447266,803600
2024-08-12,113.76750946044922,115.97000122070312,119.66999816894531,115.75,118.83000183105469,1323700
2024-08-13,115.04280853271484,117.2699966430664,117.43000030517578,115.0199966430664,116.36000061035156,1220300
2024-08-14,112.86498260498047,115.05000305175781,117.08999633789062,113.3499984741211,116.30999755859375,1401700
2024-08-15,115.80801391601562,118.05000305175781,120.0,116.83000183105469,117.16999816894531,1603500
2024-08-16,114.48363494873047,116.69999694824219,118.5199966430664,115.41999816894531,115.5199966430664,1115500
2024-08-19,113.85579681396484,116.05999755859375,118.33000183105469,115.4800033569336,117.08000183105469,939800
2024-08-20,113.74789428710938,115.94999694824219,117.0,115.33000183105469,116.19999694824219,752700
2024-08-21,116.78902435302734,119.05000305175781,119.30999755859375,117.05000305175781,117.54000091552734,1184600
2024-08-22,116.68110656738281,118.94000244140625,119.68000030517578,118.2300033569336,118.4800033569336,873700
2024-08-23,118.58425903320312,120.87999725341797,120.98999786376953,118.62000274658203,119.23999786376953,703100
2024-08-26,120.39913177490234,122.7300033569336,124.12999725341797,121.94000244140625,122.19000244140625,1015500
2024-08-27,119.10420227050781,121.41000366210938,122.61000061035156,120.55000305175781,122.19000244140625,743700
2024-08-28,115.78839111328125,118.02999877929688,119.55000305175781,117.61000061035156,118.88999938964844,1203600
2024-08-29,116.54376983642578,118.80000305175781,120.56999969482422,117.27999877929688,118.47000122070312,1017500
2024-08-30,117.24028015136719,119.51000213623047,120.20999908447266,117.87999725341797,119.12999725341797,1174200
2024-09-03,111.79568481445312,113.95999908447266,118.1500015258789,113.23999786376953,118.05000305175781,1714700
2024-09-04,110.97163391113281,113.12000274658203,115.3499984741211,112.30999755859375,113.97000122070312,1142400
2024-09-05,109.20581817626953,111.31999969482422,114.22000122070312,110.97000122070312,113.30000305175781,1429300
2024-09-06,108.89189910888672,111.0,112.94000244140625,110.08999633789062,111.08999633789062,1482000
2024-09-09,108.6368408203125,110.73999786376953,113.51000213623047,110.69000244140625,112.77999877929688,1877300
2024-09-10,106.67481994628906,108.73999786376953,110.94000244140625,108.06999969482422,110.55000305175781,1796400
2024-09-11,106.04698181152344,108.0999984741211,108.83000183105469,104.5999984741211,108.54000091552734,1798100
2024-09-12,108.44064331054688,110.54000091552734,110.66000366210938,107.83999633789062,109.08000183105469,1330600
2024-09-13,110.69695281982422,112.83999633789062,114.13999938964844,111.30000305175781,111.62999725341797,1031500
2024-09-16,108.9017105102539,111.01000213623047,113.38999938964844,110.80999755859375,113.11000061035156,1449100
2024-09-17,112.31561279296875,114.48999786376953,116.20999908447266,110.9000015258789,111.83000183105469,2082900
2024-09-18,112.93365478515625,115.12000274658203,117.44000244140625,113.41000366210938,114.41999816894531,1476500
2024-09-19,117.80926513671875,120.08999633789062,120.16000366210938,117.2300033569336,118.77999877929688,1674100
2024-09-20,117.55419921875,119.83000183105469,119.98999786376953,116.62000274658203,116.62000274658203,6833800
2024-09-23,118.6627426147461,120.95999908447266,121.58000183105469,119.62000274658203,120.0,1395800
2024-09-24,122.30227661132812,124.66999816894531,125.80999755859375,123.12999725341797,123.25,1646200
2024-09-25,120.99754333496094,123.33999633789062,124.7300033569336,122.94000244140625,124.5999984741211,1023000
2024-09-26,122.86145782470703,125.23999786376953,127.08000183105469,124.77999877929688,126.30999755859375,1253100
2024-09-27,123.58740997314453,125.9800033569336,128.0,125.76000213623047,126.13999938964844,957400
2024-09-30,124.13877868652344,126.08000183105469,126.72000122070312,124.55000305175781,125.83000183105469,882200
2024-10-01,127.24027252197266,129.22999572753906,129.5,126.04000091552734,126.04000091552734,1120400
2024-10-02,125.6353759765625,127.5999984741211,130.6699981689453,127.22000122070312,129.57000732421875,1160000
2024-10-03,125.57630157470703,127.54000091552734,127.94000244140625,125.30000305175781,126.52999877929688,897800
2024-10-04,126.24583435058594,128.22000122070312,130.77999877929688,127.66000366210938,130.1699981689453,800400
2024-10-07,128.06736755371094,130.07000732421875,130.19000244140625,127.30999755859375,127.4000015258789,906600
2024-10-08,125.07415008544922,127.02999877929688,127.77999877929688,125.36000061035156,127.16999816894531,1053100
2024-10-09,128.17564392089844,130.17999267578125,130.4600067138672,126.23999786376953,126.23999786376953,1345300
2024-10-10,126.48214721679688,128.4600067138672,129.75,128.0399932861328,128.64999389648438,949800
2024-10-11,127.86058044433594,129.86000061035156,130.69000244140625,128.44000244140625,128.44000244140625,720900
2024-10-14,128.17564392089844,130.17999267578125,130.27000427246094,127.69000244140625,128.3300018310547,644900
2024-10-15,126.48214721679688,128.4600067138672,131.4199981689453,128.3300018310547,128.85000610351562,1294400
2024-10-16,127.86058044433594,129.86000061035156,130.02000427246094,128.02999877929688,128.6300048828125,1090100
2024-10-17,132.97068786621094,135.0500030517578,138.72000122070312,133.83999633789062,135.99000549316406,2783900
2024-10-18,134.46728515625,136.57000732421875,137.86000061035156,135.4600067138672,136.77000427246094,1521200
2024-10-21,131.39529418945312,133.4499969482422,137.00999450683594,132.6300048828125,136.99000549316406,1241800
2024-10-22,129.7707061767578,131.8000030517578,132.74000549316406,128.1300048828125,132.74000549316406,1316500
2024-10-23,126.65937042236328,128.63999938964844,133.24000549316406,128.47000122070312,131.9600067138672,1049900
2024-10-24,128.33319091796875,130.33999633789062,130.77000427246094,127.4000015258789,128.72000122070312,1148800
2024-10-25,127.58489990234375,129.5800018310547,131.63999938964844,128.82000732421875,130.9199981689453,916200
2024-10-28,133.63037109375,135.72000122070312,135.99000549316406,130.58999633789062,131.50999450683594,1132500
2024-10-29,133.0789794921875,135.16000366210938,136.02999877929688,133.77999877929688,135.6999969482422,873000
2024-10-30,130.7257843017578,132.77000427246094,135.80999755859375,132.3800048828125,134.27000427246094,1135700
2024-10-31,128.49072265625,130.5,133.7899932861328,130.4199981689453,132.52999877929688,1007000
2024-11-01,131.59222412109375,133.64999389648438,133.99000549316406,130.36000061035156,130.67999267578125,1033300
2024-11-04,131.5233154296875,133.5800018310547,135.0500030517578,132.64999389648438,133.5,1071100
2024-11-05,133.56143188476562,135.64999389648438,135.75,131.80999755859375,133.0800018310547,926500
2024-11-06,151.9439697265625,154.32000732421875,155.55999755859375,146.97999572753906,148.5,4338000
2024-11-07,145.6720428466797,147.9499969482422,155.11000061035156,147.41000366210938,154.8699951171875,1779000
2024-11-08,146.2628173828125,148.5500030517578,149.67999267578125,146.1300048828125,147.50999450683594,1073800
2024-11-11,145.5243682861328,147.8000030517578,151.0,147.5500030517578,150.0500030517578,772800
2024-11-12,142.1274871826172,144.35000610351562,146.69000244140625,143.13999938964844,146.0,863300
2024-11-13,139.71519470214844,141.89999389648438,144.8699951171875,141.6699981689453,143.86000061035156,1159400
2024-11-14,135.6881866455078,137.80999755859375,142.42999267578125,136.72000122070312,141.07000732421875,1634300
2024-11-15,137.2635498046875,139.41000366210938,140.47000122070312,138.1999969482422,139.07000732421875,1297800
2024-11-18,138.52381896972656,140.69000244140625,141.47999572753906,138.07000732421875,138.38999938964844,1104800
2024-11-19,138.08078002929688,140.24000549316406,140.5,138.77000427246094,139.22000122070312,1574200
2024-11-20,141.822265625,144.0399932861328,144.9499969482422,141.25999450683594,141.63999938964844,2190300
2024-11-21,142.7281036376953,144.9600067138672,147.17999267578125,143.17999267578125,143.72000122070312,1672600
2024-11-22,141.3594970703125,143.57000732421875,146.33999633789062,142.52000427246094,144.0800018310547,1714000
2024-11-25,142.74777221679688,144.97999572753906,146.6300048828125,143.6300048828125,144.22999572753906,1928300
2024-11-26,141.41856384277344,143.6300048828125,148.80999755859375,143.2100067138672,146.0,969000
2024-11-27,141.61549377441406,143.8300018310547,145.42999267578125,142.50999450683594,144.5,1054200
2024-11-29,143.0333251953125,145.27000427246094,146.0800018310547,144.1300048828125,144.36000061035156,552200
2024-12-02,142.58038330078125,144.80999755859375,146.0500030517578,144.47999572753906,145.24000549316406,1040300
2024-12-03,140.9951629638672,143.1999969482422,145.85000610351562,142.47000122070312,145.75999450683594,1632900
2024-12-04,139.20321655273438,141.3800048828125,143.67999267578125,140.69000244140625,143.3699951171875,1099800
2024-12-05,136.56446838378906,138.6999969482422,141.17999267578125,137.75,141.17999267578125,1445200
2024-12-06,134.79217529296875,136.89999389648438,139.07000732421875,136.72000122070312,139.0,1273900
2024-12-09,136.1214141845703,138.25,139.4499969482422,137.22999572753906,137.8000030517578,1300800
2024-12-10,133.20697021484375,135.2899932861328,137.77000427246094,134.39999389648438,137.77000427246094,1547400
2024-12-11,131.4937744140625,133.5500030517578,135.6999969482422,133.4499969482422,135.6999969482422,1488900
2024-12-12,124.95600891113281,126.91000366210938,131.8000030517578,126.62999725341797,130.86000061035156,1776000
2024-12-13,120.48590087890625,122.37000274658203,126.43000030517578,121.93000030517578,126.37999725341797,1651100
2024-12-16,119.83606719970703,121.70999908447266,123.9000015258789,120.25,120.76000213623047,2320200
2024-12-17,116.75425720214844,118.58000183105469,121.58999633789062,118.0199966430664,121.29000091552734,1562500
2024-12-18,114.9622802734375,116.76000213623047,120.80999755859375,116.66000366210938,118.58000183105469,1944800
2024-12-19,113.51490783691406,115.29000091552734,119.13999938964844,114.79000091552734,117.20999908447266,1847700
2024-12-20,113.90875244140625,115.69000244140625,116.8499984741211,114.02999877929688,114.45999908447266,4410500
2024-12-23,113.96783447265625,115.75,116.37999725341797,114.37999725341797,115.5,1278200
2024-12-24,115.25765228271484,117.05999755859375,117.4800033569336,115.08000183105469,115.12000274658203,512700
2024-12-26,115.28719329833984,117.08999633789062,117.4800033569336,115.5,116.04000091552734,756900
2024-12-27,113.98751831054688,115.7699966430664,118.30000305175781,115.27999877929688,116.33999633789062,782500
2024-12-30,112.0478515625,113.80000305175781,115.0,113.7300033569336,115.0,893700
2024-12-31,112.76953887939453,114.06999969482422,115.06999969482422,113.4000015258789,113.62000274658203,860500
