Price,Adj Close,Close,High,Low,Open,Volume
Ticker,VMC,VMC,VMC,VMC,VMC,VMC
Date,,,,,,
2000-01-03,27.196788787841797,39.375,39.875,39.3125,39.4375,247700
2000-01-04,27.110458374023438,39.25,39.625,39.0,39.125,252500
2000-01-05,28.92356300354004,41.875,43.0,39.0625,39.25,394000
2000-01-06,28.96674346923828,41.9375,42.0,40.9375,41.625,320400
2000-01-07,29.053071975708008,42.0625,42.375,41.75,42.125,178300
2000-01-10,30.218666076660156,43.75,44.1875,42.3125,42.3125,311700
2000-01-11,29.57111167907715,42.8125,43.5625,42.5,43.5625,304700
2000-01-12,29.139413833618164,42.1875,43.3125,41.8125,43.0,213200
2000-01-13,29.61429214477539,42.875,43.1875,42.0,42.4375,274800
2000-01-14,29.700634002685547,43.0,43.0625,42.25,42.9375,224000
2000-01-18,30.520830154418945,44.1875,44.4375,42.0625,43.0,224300
2000-01-19,30.477670669555664,44.125,44.5625,42.75,42.75,249600
2000-01-20,30.089155197143555,43.5625,44.375,43.25,44.125,241000
2000-01-21,29.527935028076172,42.75,44.0,42.5625,44.0,233200
2000-01-24,29.139413833618164,42.1875,43.25,42.0,43.0,170600
2000-01-25,29.053071975708008,42.0625,47.75,41.875,44.125,773000
2000-01-26,29.61429214477539,42.875,42.875,42.0,42.125,483000
2000-01-27,29.743793487548828,43.0625,43.625,42.625,42.625,279400
2000-01-28,28.96674346923828,41.9375,43.0,41.625,43.0,215100
2000-01-31,29.225765228271484,42.3125,42.875,41.8125,41.8125,182000
2000-02-01,29.225765228271484,42.3125,42.375,41.9375,42.125,154400
2000-02-02,29.18259048461914,42.25,42.75,42.0625,42.1875,87100
2000-02-03,29.61429214477539,42.875,43.0,41.5,42.625,142400
2000-02-04,29.39842987060547,42.5625,43.5,42.375,42.625,139100
2000-02-07,29.053071975708008,42.0625,42.75,42.0,42.5,115100
2000-02-08,29.096269607543945,42.125,42.3125,42.0,42.0625,195800
2000-02-09,28.92356300354004,41.875,42.25,41.875,42.0625,232400
2000-02-10,29.053071975708008,42.0625,42.75,41.9375,42.0,123500
2000-02-11,28.405532836914062,41.125,42.25,40.9375,42.0625,311600
2000-02-14,28.49188995361328,41.25,41.375,40.5,41.125,178400
2000-02-15,29.053071975708008,42.0625,42.375,41.25,41.3125,182900
2000-02-16,29.053071975708008,42.0625,42.25,42.0,42.1875,160200
2000-02-17,29.312097549438477,42.4375,43.0,42.0,42.0,140400
2000-02-18,29.00991439819336,42.0,42.4375,41.75,42.1875,319200
2000-02-22,29.18259048461914,42.25,42.75,41.875,42.0,127600
2000-02-23,28.200347900390625,40.625,41.8125,40.375,41.8125,193800
2000-02-24,27.289260864257812,39.3125,40.6875,39.25,40.625,266500
2000-02-25,27.8532657623291,40.125,40.375,39.375,39.4375,269700
2000-02-28,27.766508102416992,40.0,40.4375,39.25,40.125,210000
2000-02-29,27.766508102416992,40.0,40.125,39.25,40.0,175300
2000-03-01,27.940052032470703,40.25,40.25,39.3125,39.8125,113900
2000-03-02,27.245880126953125,39.25,40.125,39.0,40.0,169600
2000-03-03,28.113574981689453,40.5,40.75,39.125,39.375,175000
2000-03-06,27.332643508911133,39.375,40.4375,39.25,40.375,142500
2000-03-07,26.508329391479492,38.1875,39.375,38.125,39.375,244800
2000-03-08,26.681888580322266,38.4375,38.75,37.6875,38.0,138000
2000-03-09,26.985557556152344,38.875,39.0,38.5625,39.0,110600
2000-03-10,26.855419158935547,38.6875,39.375,38.5625,38.75,113900
2000-03-13,27.376035690307617,39.4375,39.8125,38.0,38.5,200700
2000-03-14,27.332643508911133,39.375,39.9375,39.0,39.0625,154900
2000-03-15,28.243741989135742,40.6875,41.1875,39.125,39.125,197000
2000-03-16,30.67330551147461,44.1875,44.25,40.625,40.875,271100
2000-03-17,30.369604110717773,43.75,44.125,42.5,44.0,295200
2000-03-20,29.80560874938965,42.9375,44.4375,42.8125,43.875,148300
2000-03-21,30.499757766723633,43.9375,44.1875,42.75,42.875,163200
2000-03-22,29.80560874938965,42.9375,44.5625,42.1875,43.9375,263100
2000-03-23,31.324077606201172,45.125,45.25,43.0,43.0625,277000
2000-03-24,30.80347442626953,44.375,45.5,44.0,45.0,264600
2000-03-27,30.716699600219727,44.25,45.0,43.4375,44.125,185000
2000-03-28,30.716699600219727,44.25,45.375,43.875,44.0,168900
2000-03-29,31.107154846191406,44.8125,44.9375,44.375,44.375,88800
2000-03-30,31.584392547607422,45.5,46.25,44.8125,44.9375,299100
2000-03-31,31.80133628845215,45.8125,45.9375,45.1875,45.5625,174500
2000-04-03,32.53883743286133,46.875,47.0625,45.75,45.8125,309900
2000-04-04,32.061641693115234,46.1875,47.0625,45.3125,46.9375,369800
2000-04-05,32.45209884643555,46.75,47.25,46.0625,46.1875,144300
2000-04-06,32.10501480102539,46.25,46.9375,46.0,46.9375,101500
2000-04-07,31.49761390686035,45.375,46.5625,45.0625,46.125,132500
2000-04-10,31.410837173461914,45.25,46.0,45.125,45.375,180100
2000-04-11,31.671173095703125,45.625,46.0625,45.3125,45.375,235800
2000-04-12,32.45209884643555,46.75,47.75,45.5625,45.5625,290100
2000-04-13,32.582252502441406,46.9375,47.375,46.75,47.375,197100
2000-04-14,31.931493759155273,46.0,47.125,45.0625,46.5,266900
2000-04-17,32.10501480102539,46.25,46.625,45.5625,45.875,281900
2000-04-18,30.0659122467041,43.3125,44.625,42.125,44.25,638400
2000-04-19,29.41512107849121,42.375,44.125,42.0625,43.3125,523400
2000-04-20,29.84899139404297,43.0,43.125,42.0,42.25,221500
2000-04-24,30.41299057006836,43.8125,44.3125,43.125,43.1875,186500
2000-04-25,30.80347442626953,44.375,44.5,43.53125,43.6875,122600
2000-04-26,30.239452362060547,43.5625,45.5625,43.5,45.25,169800
2000-04-27,30.109298706054688,43.375,44.0625,43.0625,43.4375,138500
2000-04-28,30.41299057006836,43.8125,44.9375,43.1875,43.1875,290000
2000-05-01,30.629907608032227,44.125,44.3125,43.0625,43.6875,272200
2000-05-02,30.499757766723633,43.9375,45.375,43.6875,44.5,202000
2000-05-03,30.326231002807617,43.6875,44.0625,43.5,44.0,154500
2000-05-04,30.586532592773438,44.0625,44.5625,42.75,43.625,159300
2000-05-05,30.41299057006836,43.8125,43.9375,43.25,43.625,86300
2000-05-08,30.41299057006836,43.8125,43.9375,43.125,43.75,108200
2000-05-09,31.020401000976562,44.6875,44.9375,43.875,44.0,246400
2000-05-10,31.2373046875,45.0,45.5,44.8125,44.8125,312800
2000-05-11,32.40871047973633,46.6875,46.875,45.0,45.0,317400
2000-05-12,32.321937561035156,46.5625,47.1875,46.25,46.6875,261700
2000-05-15,32.4954833984375,46.8125,46.875,46.3125,46.4375,281700
2000-05-16,32.79918670654297,47.25,47.625,47.0,47.0625,341800
2000-05-17,33.3631591796875,48.0625,48.0625,47.375,47.375,321900
2000-05-18,33.666900634765625,48.5,48.875,48.0,48.0625,178900
2000-05-19,33.536746978759766,48.3125,48.75,48.125,48.25,212000
2000-05-22,33.666900634765625,48.5,48.875,48.3125,48.375,283600
2000-05-23,32.97271728515625,47.5,48.5625,47.25,48.5625,135100
2000-05-24,32.85767364501953,47.125,47.75,46.9375,47.5,256800
2000-05-25,33.598480224609375,48.1875,48.1875,46.6875,47.25,322600
2000-05-26,32.63979721069336,46.8125,48.375,46.5625,48.1875,111900
2000-05-30,33.55491638183594,48.125,48.625,46.625,46.625,403200
2000-05-31,32.596195220947266,46.75,47.875,46.75,47.875,195700
2000-06-01,32.20401382446289,46.1875,46.75,46.0,46.5625,349900
2000-06-02,33.729217529296875,48.375,48.5,46.125,46.1875,448800
2000-06-05,33.467750549316406,48.0,48.5,47.125,48.5,173900
2000-06-06,32.116844177246094,46.0625,47.75,46.0625,47.75,366600
2000-06-07,31.376033782958984,45.0,46.125,44.75,46.0625,344600
2000-06-08,31.201709747314453,44.75,45.0,44.75,44.8125,263400
2000-06-09,31.50675392150879,45.1875,45.3125,44.625,44.8125,299400
2000-06-12,31.376033782958984,45.0,45.5,44.875,45.125,214700
2000-06-13,30.678789138793945,44.0,45.0,43.8125,44.8125,275300
2000-06-14,31.81180763244629,45.625,45.8125,44.125,44.125,276900
2000-06-15,31.33245086669922,44.9375,46.0,44.5625,45.875,169800
2000-06-16,31.04922103881836,44.53125,45.3125,44.375,45.125,265900
2000-06-19,30.417316436767578,43.625,44.5625,42.75,43.5,478600
2000-06-20,29.676498413085938,42.5625,43.5,42.0,43.5,375400
2000-06-21,29.763660430908203,42.6875,43.0,42.5,42.5625,218200
2000-06-22,29.676498413085938,42.5625,42.9375,42.4375,42.6875,140200
2000-06-23,29.153545379638672,41.8125,42.625,41.5625,42.5625,327200
2000-06-26,29.240703582763672,41.9375,41.9375,41.4375,41.8125,252700
2000-06-27,28.97924041748047,41.5625,42.0,41.4375,42.0,494000
2000-06-28,29.21892547607422,41.90625,42.25,41.25,41.5625,195000
2000-06-29,29.894380569458008,42.875,43.375,41.625,41.9375,235300
2000-06-30,29.763660430908203,42.6875,43.0,42.5,42.625,229400
2000-07-03,30.33014678955078,43.5,43.5,42.6875,42.6875,98900
2000-07-05,31.33245086669922,44.9375,46.125,43.9375,43.9375,380000
2000-07-06,30.286577224731445,43.4375,44.75,43.0625,44.6875,198800
2000-07-07,30.112276077270508,43.1875,43.8125,43.125,43.5,157600
2000-07-10,30.025115966796875,43.0625,44.125,43.0625,43.125,134700
2000-07-11,30.678789138793945,44.0,44.25,43.0,43.1875,120800
2000-07-12,30.025115966796875,43.0625,44.0,42.875,44.0,281600
2000-07-13,30.678789138793945,44.0,44.5,43.0625,43.0625,164700
2000-07-14,30.50444984436035,43.75,44.1875,43.5625,43.875,106900
2000-07-17,30.417316436767578,43.625,43.75,43.4375,43.5,176000
2000-07-18,30.06869125366211,43.125,43.5625,42.9375,43.5,123000
2000-07-19,30.025115966796875,43.0625,43.5,43.0,43.125,50900
2000-07-20,30.06869125366211,43.125,43.625,43.0625,43.1875,34800
2000-07-21,30.025115966796875,43.0625,43.65625,43.0,43.125,94700
2000-07-24,30.373733520507812,43.5625,44.0,43.0625,43.0625,76200
2000-07-25,30.243009567260742,43.375,44.6875,43.25,43.8125,103100
2000-07-26,29.894380569458008,42.875,43.625,42.1875,43.25,193700
2000-07-27,29.72007179260254,42.625,43.5625,42.4375,43.125,144100
2000-07-28,29.72007179260254,42.625,42.75,42.4375,42.625,146100
2000-07-31,29.85079574584961,42.8125,44.1875,42.6875,42.8125,142700
2000-08-01,30.59160614013672,43.875,44.125,42.8125,42.9375,81900
2000-08-02,30.50444984436035,43.75,44.1875,43.375,43.875,117800
2000-08-03,30.678789138793945,44.0,44.625,43.75,43.9375,142400
2000-08-04,30.896657943725586,44.3125,44.625,44.0,44.25,68400
2000-08-07,31.376033782958984,45.0,45.5625,44.3125,44.3125,117900
2000-08-08,31.81180763244629,45.625,45.75,45.0,45.0625,126100
2000-08-09,31.376033782958984,45.0,45.6875,44.9375,45.375,76400
2000-08-10,31.114564895629883,44.625,45.375,44.375,45.0,109800
2000-08-11,32.24760055541992,46.25,46.5625,44.375,44.375,232600
2000-08-14,32.24760055541992,46.25,46.375,45.6875,46.25,93500
2000-08-15,32.378326416015625,46.4375,46.9375,45.84375,46.25,95700
2000-08-16,32.5526237487793,46.6875,47.0,46.4375,46.625,74200
2000-08-17,32.4654541015625,46.5625,47.0,46.4375,46.4375,95900
2000-08-18,32.33473205566406,46.375,46.8125,45.5625,46.625,113700
2000-08-21,32.43804931640625,46.3125,46.4375,45.875,46.0,42400
2000-08-22,32.08784103393555,45.8125,46.4375,45.5625,46.1875,75300
2000-08-23,31.562522888183594,45.0625,46.0625,44.8125,45.5625,120400
2000-08-24,31.124765396118164,44.4375,44.6875,44.3125,44.6875,248800
2000-08-25,31.256101608276367,44.625,44.9375,43.9375,44.5625,157100
2000-08-28,30.424346923828125,43.4375,44.625,43.4375,44.4375,228000
2000-08-29,31.08100700378418,44.375,44.5625,43.4375,43.625,125700
2000-08-30,30.511903762817383,43.5625,44.625,43.125,44.625,98000
2000-08-31,31.048171997070312,44.328125,44.4375,43.5,43.5,181600
2000-09-01,30.555683135986328,43.625,44.375,43.5,44.375,72100
2000-09-05,30.468128204345703,43.5,43.8125,43.375,43.625,77300
2000-09-06,31.037216186523438,44.3125,45.1875,43.75,43.75,145100
2000-09-07,30.94965171813965,44.1875,45.0625,44.0625,44.4375,147300
2000-09-08,30.905885696411133,44.125,44.625,43.6875,44.1875,114000
2000-09-11,30.818323135375977,44.0,44.9375,44.0,44.125,228300
2000-09-12,30.424346923828125,43.4375,43.9375,42.8125,43.875,235200
2000-09-13,30.161680221557617,43.0625,43.25,43.0,43.0,187000
2000-09-14,29.373720169067383,41.9375,43.0625,41.0,43.0,296300
2000-09-15,28.673316955566406,40.9375,41.8125,40.75,41.6875,326400
2000-09-18,27.66646957397461,39.5,40.1875,39.3125,40.0,341700
2000-09-19,27.57889747619629,39.375,39.625,38.875,39.4375,181400
2000-09-20,27.403812408447266,39.125,39.9375,39.0625,39.125,139800
2000-09-21,27.097370147705078,38.6875,39.5,38.5625,39.4375,204700
2000-09-22,26.922260284423828,38.4375,39.4375,38.1875,38.3125,183600
2000-09-25,26.87849235534668,38.375,39.3125,38.375,38.6875,101600
2000-09-26,26.659603118896484,38.0625,39.25,38.0,38.625,119000
2000-09-27,26.440736770629883,37.75,38.0625,37.5,37.9375,150300
2000-09-28,27.403812408447266,39.125,39.5,38.0,38.3125,208300
2000-09-29,28.147987365722656,40.1875,40.875,39.125,39.375,194800
2000-10-02,28.23554039001465,40.3125,40.75,39.75,39.9375,133700
2000-10-03,29.198627471923828,41.6875,41.9375,40.46875,40.5625,196700
2000-10-04,28.147987365722656,40.1875,41.9375,40.0,41.1875,304800
2000-10-05,27.36003303527832,39.0625,39.75,38.25,39.375,523800
2000-10-06,26.87849235534668,38.375,39.375,38.1875,39.0625,308300
2000-10-09,26.790937423706055,38.25,39.375,38.0625,38.5625,232700
2000-10-10,26.22184944152832,37.4375,38.3125,37.3125,38.3125,363500
2000-10-11,26.09052276611328,37.25,37.6875,37.0625,37.0625,323000
2000-10-12,26.002960205078125,37.125,37.25,36.5,37.125,164900
2000-10-13,26.265636444091797,37.5,37.9375,36.9375,37.0625,197800
2000-10-16,26.309398651123047,37.5625,38.125,37.375,37.375,329300
2000-10-17,26.178083419799805,37.375,38.25,37.25,37.5,159200
2000-10-18,25.696531295776367,36.6875,37.25,36.5,37.125,131200
2000-10-19,26.396940231323242,37.6875,38.0,36.5,36.5625,138100
2000-10-20,26.440736770629883,37.75,38.0625,37.0,37.0,142500
2000-10-23,26.52828025817871,37.875,38.6875,37.8125,38.0,122500
2000-10-24,27.184926986694336,38.8125,38.875,37.6875,37.6875,142800
2000-10-25,26.790937423706055,38.25,39.0625,38.0,39.0625,108600
2000-10-26,27.2724666595459,38.9375,39.125,38.25,38.25,118600
2000-10-27,27.53514289855957,39.3125,39.4375,38.3125,38.8125,135800
2000-10-30,28.935962677001953,41.3125,41.5625,39.5625,39.5625,185400
2000-10-31,29.417499542236328,42.0,42.1875,40.75,41.1875,117800
2000-11-01,29.461284637451172,42.0625,42.6875,41.4375,42.0625,168900
2000-11-02,29.9865779876709,42.8125,43.375,41.9375,42.25,94500
2000-11-03,29.811494827270508,42.5625,43.0,42.25,42.5625,115600
2000-11-06,29.85527229309082,42.625,43.25,42.5625,42.5625,103000
2000-11-07,29.899038314819336,42.6875,42.9375,42.0625,42.625,111500
2000-11-08,30.380558013916016,43.375,43.8125,42.5,42.875,142800
2000-11-09,30.07414436340332,42.9375,43.25,42.6875,43.25,108700
2000-11-10,29.24239730834961,41.75,43.3125,41.625,43.1875,135600
2000-11-13,29.63639259338379,42.3125,42.4375,41.8125,41.8125,69200
2000-11-14,30.03037452697754,42.875,43.125,42.0,42.1875,112000
2000-11-15,29.592599868774414,42.25,42.6875,42.1875,42.625,247000
2000-11-16,29.723920822143555,42.4375,42.6875,41.5625,42.375,99100
2000-11-17,29.505056381225586,42.125,43.3125,42.0625,42.375,171600
2000-11-20,29.432886123657227,41.8125,42.0625,41.75,42.0,82700
2000-11-21,29.3889217376709,41.75,42.0,41.625,41.625,141300
2000-11-22,29.212940216064453,41.5,41.75,41.125,41.75,66100
2000-11-24,29.344921112060547,41.6875,41.75,41.3125,41.625,41100
2000-11-27,29.520891189575195,41.9375,42.4375,41.3125,41.6875,293700
2000-11-28,29.78487205505371,42.3125,42.4375,41.5,42.125,148600
2000-11-29,29.78487205505371,42.3125,42.8125,41.875,42.25,111900
2000-11-30,30.180830001831055,42.875,43.25,41.71875,42.125,301500
2000-12-01,30.620779037475586,43.5,43.625,42.8125,43.0625,174100
2000-12-04,31.7646541595459,45.125,45.3125,43.4375,43.4375,292200
2000-12-05,32.336605072021484,45.9375,46.0,45.0,45.1875,204100
2000-12-06,31.63266944885254,44.9375,46.0,44.75,46.0,105500
2000-12-07,31.940631866455078,45.375,45.4375,44.6875,44.6875,155900
2000-12-08,32.204593658447266,45.75,46.0625,45.25,45.25,117700
2000-12-11,32.02863311767578,45.5,45.6875,45.125,45.5625,89100
2000-12-12,31.984638214111328,45.4375,45.6875,45.3125,45.3125,98800
2000-12-13,31.808635711669922,45.1875,45.9375,45.125,45.75,117700
2000-12-14,31.58867073059082,44.875,45.6875,44.4375,45.0,98200
2000-12-15,31.01673126220703,44.0625,45.0,43.9375,44.625,276600
2000-12-18,31.7646541595459,45.125,45.25,44.3125,44.3125,146800
2000-12-19,32.204593658447266,45.75,45.875,45.25,45.25,136800
2000-12-20,31.808635711669922,45.1875,45.1875,44.0,44.375,327400
2000-12-21,32.204593658447266,45.75,45.75,44.6875,45.1875,180100
2000-12-22,32.60055923461914,46.3125,46.3125,45.5625,45.9375,202000
2000-12-26,33.084529876708984,47.0,47.0,46.0625,46.3125,147000
2000-12-27,33.39248275756836,47.4375,47.5,46.75,47.25,173900
2000-12-28,33.52445983886719,47.625,47.6875,46.75,47.5625,171600
2000-12-29,33.70045471191406,47.875,48.4375,47.375,47.75,148100
2001-01-02,32.5125846862793,46.1875,48.125,46.0,47.6875,205200
2001-01-03,33.084529876708984,47.0,47.25,45.625,46.625,193100
2001-01-04,33.65645980834961,47.8125,48.1875,46.8125,46.9375,198300
2001-01-05,32.5125846862793,46.1875,48.0,45.75,48.0,131700
2001-01-08,32.160606384277344,45.6875,46.4375,44.0,46.125,209500
2001-01-09,31.36871910095215,44.5625,45.625,44.4375,45.4375,129400
2001-01-10,31.676668167114258,45.0,45.0625,43.4375,44.5,162500
2001-01-11,31.676668167114258,45.0,45.3125,44.5,44.5,182100
2001-01-12,31.676668167114258,45.0,45.0625,44.4375,45.0,140900
2001-01-16,32.60055923461914,46.3125,46.5,44.75,45.0,150900
2001-01-17,32.204593658447266,45.75,46.8125,45.5,46.8125,150400
2001-01-18,31.7646541595459,45.125,45.625,44.875,45.5,178700
2001-01-19,30.88473892211914,43.875,44.75,43.25,44.75,149600
2001-01-22,30.092830657958984,42.75,43.875,42.5,43.875,242600
2001-01-23,30.928752899169922,43.9375,44.375,41.25,41.25,295500
2001-01-24,30.708782196044922,43.625,43.6875,43.0,43.6875,101900
2001-01-25,30.972749710083008,44.0,44.375,43.125,43.125,195700
2001-01-26,30.972749710083008,44.0,44.1875,43.25,44.0,166500
2001-01-29,31.35284423828125,44.540000915527344,44.70000076293945,44.209999084472656,44.5,120600
2001-01-30,31.416217803955078,44.630001068115234,44.75,43.70000076293945,44.439998626708984,139800
2001-01-31,32.014549255371094,45.47999954223633,45.54999923706055,44.70000076293945,44.7400016784668,133600
2001-02-01,32.197566986083984,45.7400016784668,45.970001220703125,45.4900016784668,45.5,101600
2001-02-02,32.127197265625,45.63999938964844,45.95000076293945,45.400001525878906,45.79999923706055,79200
2001-02-05,31.880794525146484,45.290000915527344,45.849998474121094,45.0,45.79999923706055,121400
2001-02-06,32.042701721191406,45.52000045776367,46.5,45.31999969482422,45.689998626708984,114300
2001-02-07,32.02863311767578,45.5,46.0,45.099998474121094,46.0,97900
2001-02-08,31.711856842041016,45.04999923706055,45.75,44.91999816894531,45.75,94000
2001-02-09,31.549957275390625,44.81999969482422,45.099998474121094,44.70000076293945,45.04999923706055,63600
2001-02-12,31.120555877685547,44.209999084472656,44.81999969482422,43.83000183105469,44.81999969482422,188600
2001-02-13,31.324708938598633,44.5,44.900001525878906,44.150001525878906,44.29999923706055,199500
2001-02-14,30.958663940429688,43.97999954223633,44.5,43.40999984741211,44.5,171300
2001-02-15,31.14872169494629,44.25,44.72999954223633,44.13999938964844,44.20000076293945,237300
2001-02-16,30.641878128051758,43.529998779296875,44.400001525878906,43.25,44.400001525878906,207500
2001-02-20,30.501121520996094,43.33000183105469,43.88999938964844,43.22999954223633,43.54999923706055,177600
2001-02-21,30.25699806213379,42.7599983215332,43.5,42.70000076293945,43.349998474121094,235400
2001-02-22,29.6555233001709,41.90999984741211,42.880001068115234,41.43000030517578,42.7599983215332,260100
2001-02-23,29.131906509399414,41.16999816894531,41.849998474121094,40.75,41.849998474121094,250400
2001-02-26,29.82535171508789,42.150001525878906,42.650001525878906,41.41999816894531,41.41999816894531,210200
2001-02-27,29.690908432006836,41.959999084472656,42.150001525878906,41.75,42.150001525878906,103200
2001-02-28,29.952720642089844,42.33000183105469,42.630001068115234,41.900001525878906,42.0,177800
2001-03-01,30.830162048339844,43.56999969482422,43.70000076293945,42.75,42.900001525878906,297200
2001-03-02,31.38206672668457,44.349998474121094,44.900001525878906,43.43000030517578,43.56999969482422,296800
2001-03-05,32.42222213745117,45.81999969482422,46.099998474121094,44.599998474121094,44.599998474121094,222300
2001-03-06,32.408084869384766,45.79999923706055,46.599998474121094,45.0,46.599998474121094,218700
2001-03-07,32.804359436035156,46.36000061035156,46.47999954223633,45.849998474121094,45.849998474121094,237500
2001-03-08,33.257225036621094,47.0,47.0,46.0,46.52000045776367,194300
2001-03-09,33.250125885009766,46.9900016784668,47.150001525878906,46.849998474121094,47.0,211500
2001-03-12,32.90341567993164,46.5,47.20000076293945,46.5,46.95000076293945,188400
2001-03-13,32.95294952392578,46.56999969482422,46.599998474121094,45.349998474121094,46.54999923706055,229500
2001-03-14,32.08967971801758,45.349998474121094,46.45000076293945,45.150001525878906,46.45000076293945,146400
2001-03-15,32.37269592285156,45.75,45.75,45.349998474121094,45.5,147200
2001-03-16,31.891551971435547,45.06999969482422,45.380001068115234,44.5,44.5,353000
2001-03-19,32.4717903137207,45.88999938964844,46.45000076293945,44.970001220703125,45.25,156700
2001-03-20,32.549598693847656,46.0,47.150001525878906,45.20000076293945,45.79999923706055,146600
2001-03-21,31.806629180908203,44.95000076293945,45.599998474121094,44.95000076293945,45.400001525878906,164500
2001-03-22,30.92212677001953,43.70000076293945,45.04999923706055,42.75,44.95000076293945,168700
2001-03-23,31.367919921875,44.33000183105469,44.52000045776367,43.15999984741211,43.45000076293945,163500
2001-03-26,32.33732604980469,45.70000076293945,45.79999923706055,44.33000183105469,44.58000183105469,94700
2001-03-27,33.01662826538086,46.65999984741211,46.75,45.20000076293945,45.95000076293945,190600
2001-03-28,32.783111572265625,46.33000183105469,46.54999923706055,45.72999954223633,46.5,106800
2001-03-29,32.57792282104492,46.040000915527344,46.380001068115234,45.79999923706055,46.25,153600
2001-03-30,33.136905670166016,46.83000183105469,46.86000061035156,45.900001525878906,46.029998779296875,177600
2001-04-02,32.818485260009766,46.380001068115234,47.20000076293945,45.630001068115234,46.58000183105469,218700
2001-04-03,32.6769905090332,46.18000030517578,46.900001525878906,45.849998474121094,46.400001525878906,201200
2001-04-04,33.179378509521484,46.88999938964844,47.099998474121094,45.79999923706055,45.849998474121094,207400
2001-04-05,33.6676139831543,47.58000183105469,47.75,46.70000076293945,46.88999938964844,224100
2001-04-06,32.89634704589844,46.4900016784668,47.65999984741211,46.290000915527344,47.58000183105469,226600
2001-04-09,33.41287612915039,47.220001220703125,47.9900016784668,46.4900016784668,46.4900016784668,233500
2001-04-10,32.86094284057617,46.439998626708984,46.61000061035156,46.0,46.599998474121094,341700
2001-04-11,31.742948532104492,44.86000061035156,46.29999923706055,44.68000030517578,46.29999923706055,222100
2001-04-12,31.700475692749023,44.79999923706055,45.09000015258789,44.099998474121094,44.86000061035156,149400
2001-04-16,31.65096664428711,44.72999954223633,45.25,43.720001220703125,44.54999923706055,147400
2001-04-17,31.714641571044922,44.81999969482422,44.869998931884766,44.0,44.849998474121094,106400
2001-04-18,32.47886276245117,45.900001525878906,46.130001068115234,44.25,44.66999816894531,145000
2001-04-19,32.2099723815918,45.52000045776367,45.970001220703125,45.189998626708984,45.79999923706055,100600
2001-04-20,31.735885620117188,44.849998474121094,45.5,44.70000076293945,45.5,122300
2001-04-23,31.24762725830078,44.15999984741211,44.70000076293945,43.849998474121094,44.70000076293945,198600
2001-04-24,31.374998092651367,44.34000015258789,44.380001068115234,43.599998474121094,44.0099983215332,190900
2001-04-25,31.353763580322266,44.310001373291016,44.41999816894531,43.83000183105469,44.400001525878906,170000
2001-04-26,31.558963775634766,44.599998474121094,44.849998474121094,43.81999969482422,44.25,1239500
2001-04-27,32.87509536743164,46.459999084472656,46.470001220703125,45.38999938964844,45.400001525878906,563000
2001-04-30,32.71235656738281,46.22999954223633,46.75,46.0,46.400001525878906,241000
2001-05-01,32.46471405029297,45.880001068115234,46.150001525878906,45.709999084472656,46.150001525878906,162400
2001-05-02,32.20289611816406,45.5099983215332,47.0,45.150001525878906,47.0,217300
2001-05-03,31.764192581176758,44.88999938964844,45.52000045776367,43.97999954223633,45.5099983215332,219200
2001-05-04,32.42222213745117,45.81999969482422,45.81999969482422,44.630001068115234,44.900001525878906,77400
2001-05-07,33.82328796386719,47.79999923706055,48.29999923706055,45.81999969482422,45.81999969482422,383300
2001-05-08,34.47429656982422,48.720001220703125,49.0,48.099998474121094,48.54999923706055,350700
2001-05-09,35.46491622924805,50.119998931884766,50.25,48.4900016784668,48.5,401100
2001-05-10,35.79749298095703,50.59000015258789,50.79999923706055,49.95000076293945,50.0,527900
2001-05-11,35.73381423950195,50.5,50.75,50.400001525878906,50.59000015258789,489200
2001-05-14,35.71965789794922,50.47999954223633,50.5,49.20000076293945,50.5,363200
2001-05-15,35.86117172241211,50.68000030517578,51.099998474121094,50.40999984741211,50.5,321400
2001-05-16,38.24580764770508,54.04999923706055,54.29999923706055,50.70000076293945,50.75,649100
2001-05-17,38.1396484375,53.900001525878906,54.349998474121094,53.349998474121094,54.04999923706055,435500
2001-05-18,37.99105453491211,53.689998626708984,53.70000076293945,53.5,53.54999923706055,197900
2001-05-21,38.182132720947266,53.959999084472656,53.970001220703125,53.099998474121094,53.25,162800
2001-05-22,38.24580764770508,54.04999923706055,54.209999084472656,53.31999969482422,53.970001220703125,161800
2001-05-23,37.90829086303711,53.349998474121094,53.720001220703125,53.0,53.599998474121094,150300
2001-05-24,37.958030700683594,53.41999816894531,53.56999969482422,52.58000183105469,53.349998474121094,189200
2001-05-25,37.4179801940918,52.65999984741211,53.619998931884766,52.0,53.599998474121094,122000
2001-05-29,38.26356506347656,53.849998474121094,53.9900016784668,52.70000076293945,52.70000076293945,184300
2001-05-30,37.759071350097656,53.13999938964844,54.709999084472656,53.0,53.79999923706055,217300
2001-05-31,38.4269905090332,54.08000183105469,54.25,53.13999938964844,53.150001525878906,211200
2001-06-01,38.02197265625,53.5099983215332,54.08000183105469,52.849998474121094,54.08000183105469,161900
2001-06-04,38.1925048828125,53.75,53.79999923706055,53.0,53.599998474121094,134800
2001-06-05,38.22802734375,53.79999923706055,53.97999954223633,53.22999954223633,53.75,151100
2001-06-06,37.93669891357422,53.38999938964844,54.0099983215332,53.06999969482422,53.86000061035156,143300
2001-06-07,38.1925048828125,53.75,54.599998474121094,53.099998474121094,53.29999923706055,147800
2001-06-08,38.4625129699707,54.130001068115234,54.220001220703125,53.25,53.25,92400
2001-06-11,38.04328536987305,53.540000915527344,54.45000076293945,53.29999923706055,54.45000076293945,148700
2001-06-12,38.242218017578125,53.81999969482422,53.91999816894531,53.52000045776367,53.540000915527344,140700
2001-06-13,38.83198547363281,54.650001525878906,55.29999923706055,53.75,53.810001373291016,310700
2001-06-14,37.197715759277344,52.349998474121094,54.65999984741211,52.20000076293945,54.65999984741211,550600
2001-06-15,37.119544982910156,52.2400016784668,52.650001525878906,51.47999954223633,51.849998474121094,385600
2001-06-18,37.28297805786133,52.470001220703125,52.93000030517578,52.20000076293945,52.349998474121094,188000
2001-06-19,37.17640686035156,52.31999969482422,52.970001220703125,51.849998474121094,52.5,161500
2001-06-20,38.61885452270508,54.349998474121094,54.849998474121094,52.349998474121094,52.349998474121094,210500
2001-06-21,38.58330154418945,54.29999923706055,54.66999816894531,53.599998474121094,54.34000015258789,166300
2001-06-22,38.093021392822266,53.61000061035156,54.599998474121094,52.900001525878906,54.349998474121094,181000
2001-06-25,37.05562973022461,52.150001525878906,53.849998474121094,52.029998779296875,53.79999923706055,155800
2001-06-26,38.12144088745117,53.650001525878906,54.0,52.150001525878906,52.150001525878906,231200
2001-06-27,37.60984420776367,52.93000030517578,53.63999938964844,52.349998474121094,53.63999938964844,158700
2001-06-28,37.65248489379883,52.9900016784668,53.45000076293945,52.849998474121094,52.97999954223633,121400
2001-06-29,38.1925048828125,53.75,53.7599983215332,52.619998931884766,52.75,201300
2001-07-02,39.151737213134766,55.099998474121094,55.13999938964844,53.400001525878906,53.95000076293945,207300
2001-07-03,38.35593032836914,53.97999954223633,55.220001220703125,53.0,55.20000076293945,184400
2001-07-05,38.220916748046875,53.790000915527344,54.400001525878906,53.5,53.97999954223633,155100
2001-07-06,37.59562301635742,52.90999984741211,53.79999923706055,52.689998626708984,53.79999923706055,130500
2001-07-09,37.51747131347656,52.79999923706055,53.099998474121094,52.209999084472656,53.0,251500
2001-07-10,37.24746322631836,52.41999816894531,53.0099983215332,52.380001068115234,52.79999923706055,233200
2001-07-11,36.75716781616211,51.72999954223633,52.779998779296875,51.33000183105469,52.5,242300
2001-07-12,36.94903564453125,52.0,52.25,50.75,50.97999954223633,402100
2001-07-13,37.162166595458984,52.29999923706055,52.47999954223633,51.869998931884766,52.150001525878906,163800
2001-07-16,36.95612335205078,52.0099983215332,52.70000076293945,51.939998626708984,51.9900016784668,167700
2001-07-17,36.735877990722656,51.70000076293945,52.099998474121094,51.650001525878906,52.0099983215332,156100
2001-07-18,36.93480682373047,51.97999954223633,52.040000915527344,51.560001373291016,51.70000076293945,134500
2001-07-19,36.9703369140625,52.029998779296875,52.25,51.84000015258789,52.150001525878906,202300
2001-07-20,36.600852966308594,51.5099983215332,52.04999923706055,51.150001525878906,52.04999923706055,74900
2001-07-23,35.84766387939453,50.45000076293945,51.45000076293945,50.380001068115234,51.16999816894531,129700
2001-07-24,34.504695892333984,48.560001373291016,50.40999984741211,48.029998779296875,50.400001525878906,247900
2001-07-25,34.80314254760742,48.97999954223633,49.04999923706055,48.099998474121094,48.599998474121094,199400
2001-07-26,33.8438835144043,47.630001068115234,49.0,47.25,49.0,481600
2001-07-27,34.04282760620117,47.90999984741211,47.9900016784668,47.47999954223633,47.779998779296875,328600
2001-07-30,34.19915771484375,48.130001068115234,48.150001525878906,47.900001525878906,47.97999954223633,156500
2001-07-31,34.85288619995117,49.04999923706055,49.20000076293945,48.060001373291016,48.060001373291016,223700
2001-08-01,34.582862854003906,48.66999816894531,49.13999938964844,48.310001373291016,49.060001373291016,121800
2001-08-02,34.53313064575195,48.599998474121094,49.0,48.0,48.81999969482422,102600
2001-08-03,34.36970520019531,48.369998931884766,48.650001525878906,47.91999816894531,48.650001525878906,110100
2001-08-06,34.00019454956055,47.849998474121094,48.5,47.720001220703125,48.5,164000
2001-08-07,34.24890899658203,48.20000076293945,48.20000076293945,47.47999954223633,47.70000076293945,121800
2001-08-08,34.02863693237305,47.88999938964844,48.54999923706055,47.75,48.04999923706055,129200
2001-08-09,34.1138916015625,48.0099983215332,48.27000045776367,47.5,47.5,146800
2001-08-10,34.88128662109375,49.09000015258789,49.650001525878906,48.0,48.04999923706055,118600
2001-08-13,34.72496032714844,48.869998931884766,49.150001525878906,48.70000076293945,49.09000015258789,114500
2001-08-14,34.72496032714844,48.869998931884766,49.45000076293945,48.77000045776367,48.95000076293945,66900
2001-08-15,34.40522003173828,48.41999816894531,49.150001525878906,48.38999938964844,49.0,67700
2001-08-16,35.016300201416016,49.279998779296875,49.279998779296875,48.16999816894531,48.16999816894531,165300
2001-08-17,34.43364715576172,48.459999084472656,48.7599983215332,48.2599983215332,48.599998474121094,183100
2001-08-20,34.504695892333984,48.560001373291016,48.70000076293945,48.209999084472656,48.209999084472656,137100
2001-08-21,34.675228118896484,48.79999923706055,49.0,48.25,48.25,178300
2001-08-22,34.28618240356445,48.029998779296875,48.400001525878906,47.849998474121094,48.31999969482422,103100
2001-08-23,34.49320983886719,48.31999969482422,48.79999923706055,48.0,48.0,128500
2001-08-24,35.29987716674805,49.45000076293945,49.70000076293945,48.11000061035156,48.279998779296875,96800
2001-08-27,35.00717544555664,49.040000915527344,49.58000183105469,48.79999923706055,49.54999923706055,89600
2001-08-28,34.45037841796875,48.2599983215332,49.400001525878906,48.150001525878906,49.0,137700
2001-08-29,34.2933235168457,48.040000915527344,48.5099983215332,47.7599983215332,48.5099983215332,90400
2001-08-30,34.12199401855469,47.79999923706055,48.099998474121094,47.5,48.04999923706055,108400
2001-08-31,34.27192687988281,48.0099983215332,48.150001525878906,47.83000183105469,48.0,57200
2001-09-04,35.27128982543945,49.40999984741211,49.79999923706055,47.75,48.099998474121094,205900
2001-09-05,35.6210823059082,49.900001525878906,50.31999969482422,49.38999938964844,49.38999938964844,432500
2001-09-06,34.86439514160156,48.84000015258789,49.70000076293945,48.65999984741211,49.70000076293945,285300
2001-09-07,33.61518859863281,47.09000015258789,48.439998626708984,47.040000915527344,48.439998626708984,257500
2001-09-10,33.2939453125,46.63999938964844,46.95000076293945,46.099998474121094,46.380001068115234,235600
2001-09-17,31.402240753173828,43.9900016784668,47.400001525878906,43.68000030517578,46.88999938964844,300600
2001-09-18,31.016754150390625,43.45000076293945,43.70000076293945,43.04999923706055,43.5,272600
2001-09-19,29.960256576538086,41.970001220703125,43.369998931884766,41.91999816894531,43.31999969482422,202500
2001-09-20,28.55398941040039,40.0,41.95000076293945,40.0,41.849998474121094,227700
2001-09-21,27.233356475830078,38.150001525878906,39.20000076293945,37.5,37.5,360300
2001-09-24,28.81096076965332,40.36000061035156,40.599998474121094,39.0,39.04999923706055,395000
2001-09-25,28.57537841796875,40.029998779296875,40.70000076293945,39.540000915527344,40.5,281400
2001-09-26,28.839509963989258,40.400001525878906,40.40999984741211,40.0,40.04999923706055,200600
2001-09-27,29.68186378479004,41.58000183105469,41.689998626708984,40.79999923706055,41.099998474121094,266300
2001-09-28,30.83829116821289,43.20000076293945,43.20000076293945,41.79999923706055,41.900001525878906,224600
2001-10-01,30.417137145996094,42.61000061035156,43.099998474121094,41.849998474121094,43.099998474121094,156200
2001-10-02,30.802595138549805,43.150001525878906,43.54999923706055,42.529998779296875,42.54999923706055,123300
2001-10-03,32.26599884033203,45.20000076293945,45.27000045776367,43.310001373291016,43.369998931884766,221900
2001-10-04,32.651466369628906,45.7400016784668,46.06999969482422,45.20000076293945,45.77000045776367,240400
2001-10-05,32.72999954223633,45.849998474121094,45.959999084472656,45.27000045776367,45.7400016784668,208300
2001-10-08,32.08038330078125,44.939998626708984,45.849998474121094,44.90999984741211,45.849998474121094,103700
2001-10-09,32.59437942504883,45.65999984741211,45.79999923706055,44.900001525878906,45.04999923706055,108400
2001-10-10,33.286808013916016,46.630001068115234,46.84000015258789,45.349998474121094,45.54999923706055,139900
2001-10-11,34.00065612792969,47.630001068115234,47.810001373291016,46.75,46.75,161700
2001-10-12,33.993492126464844,47.619998931884766,47.650001525878906,46.70000076293945,47.22999954223633,121300
2001-10-15,33.094078063964844,46.36000061035156,47.15999984741211,45.650001525878906,47.150001525878906,316400
2001-10-16,33.05836486816406,46.310001373291016,46.95000076293945,46.0,46.36000061035156,159300
2001-10-17,32.99412536621094,46.220001220703125,46.79999923706055,45.58000183105469,46.54999923706055,182700
2001-10-18,32.680015563964844,45.779998779296875,46.20000076293945,45.400001525878906,46.20000076293945,87800
2001-10-19,32.22315979003906,45.13999938964844,45.900001525878906,44.810001373291016,45.779998779296875,96100
2001-10-22,33.05122375488281,46.29999923706055,46.5,45.38999938964844,45.38999938964844,269100
2001-10-23,30.83829116821289,43.20000076293945,45.0,42.939998626708984,44.900001525878906,744200
2001-10-24,30.531341552734375,42.77000045776367,43.5,41.900001525878906,43.5,339900
2001-10-25,30.43854522705078,42.63999938964844,42.849998474121094,41.400001525878906,42.56999969482422,272200
2001-10-26,30.752634048461914,43.08000183105469,43.349998474121094,42.20000076293945,42.540000915527344,160400
2001-10-29,30.188701629638672,42.290000915527344,43.45000076293945,42.290000915527344,43.150001525878906,129600
2001-10-30,29.78179168701172,41.720001220703125,42.45000076293945,41.540000915527344,42.150001525878906,156100
2001-10-31,29.674707412719727,41.56999969482422,42.0,41.5,41.720001220703125,171200
2001-11-01,29.467708587646484,41.279998779296875,42.0,40.459999084472656,41.5,330600
2001-11-02,29.78179168701172,41.720001220703125,42.29999923706055,41.119998931884766,41.349998474121094,336800
2001-11-05,30.909683227539062,43.29999923706055,43.599998474121094,41.939998626708984,42.220001220703125,277100
2001-11-06,31.073854446411133,43.529998779296875,43.959999084472656,42.88999938964844,43.29999923706055,191500
2001-11-07,31.709199905395508,44.41999816894531,44.5,43.529998779296875,43.529998779296875,203300
2001-11-08,31.58784294128418,44.25,44.58000183105469,44.130001068115234,44.5,151200
2001-11-09,31.08101463317871,43.540000915527344,44.20000076293945,43.40999984741211,44.150001525878906,122100
2001-11-12,31.209484100341797,43.720001220703125,45.0,42.650001525878906,43.900001525878906,148900
2001-11-13,32.13035202026367,45.0099983215332,45.08000183105469,43.81999969482422,43.95000076293945,141300
2001-11-14,32.037559509277344,44.880001068115234,45.9900016784668,44.810001373291016,45.20000076293945,178800
2001-11-15,32.27313232421875,45.209999084472656,46.099998474121094,45.130001068115234,45.5,188600
2001-11-16,32.494422912597656,45.52000045776367,45.61000061035156,45.0099983215332,45.209999084472656,235500
2001-11-19,33.16543960571289,46.459999084472656,46.5099983215332,45.400001525878906,45.54999923706055,182900
2001-11-20,32.83705139160156,46.0,46.470001220703125,46.0,46.459999084472656,149800
2001-11-21,32.60394287109375,45.45000076293945,45.77000045776367,44.81999969482422,45.77000045776367,121800
2001-11-23,33.22802734375,46.31999969482422,46.38999938964844,45.400001525878906,45.650001525878906,56400
2001-11-26,32.75457763671875,45.65999984741211,46.5,45.54999923706055,46.400001525878906,85400
2001-11-27,32.58958435058594,45.43000030517578,46.0,44.9900016784668,45.75,94100
2001-11-28,32.804786682128906,45.72999954223633,46.150001525878906,45.20000076293945,45.29999923706055,65900
2001-11-29,32.66131591796875,45.529998779296875,46.25,45.20000076293945,45.72999954223633,96400
2001-11-30,33.17781448364258,46.25,46.7400016784668,45.70000076293945,45.70000076293945,215400
2001-12-03,33.127628326416016,46.18000030517578,46.689998626708984,46.0,46.400001525878906,137900
2001-12-04,33.28541946411133,46.400001525878906,46.470001220703125,46.029998779296875,46.029998779296875,89800
2001-12-05,33.78758239746094,47.099998474121094,47.5,46.45000076293945,46.5,274800
2001-12-06,34.289737701416016,47.79999923706055,47.95000076293945,47.02000045776367,47.349998474121094,142300
2001-12-07,34.47624206542969,48.060001373291016,48.060001373291016,47.400001525878906,47.900001525878906,238300
2001-12-10,34.13191604614258,47.58000183105469,48.099998474121094,47.58000183105469,48.060001373291016,138900
2001-12-11,34.1821174621582,47.650001525878906,48.95000076293945,47.599998474121094,47.75,113300
2001-12-12,33.859310150146484,47.20000076293945,48.099998474121094,47.150001525878906,48.0,156100
2001-12-13,33.75171661376953,47.04999923706055,47.470001220703125,46.849998474121094,47.20000076293945,133200
2001-12-14,33.715824127197266,47.0,47.470001220703125,46.70000076293945,47.04999923706055,158100
2001-12-17,33.629764556884766,46.880001068115234,47.54999923706055,46.849998474121094,47.0,127200
2001-12-18,33.457584381103516,46.63999938964844,46.9900016784668,46.540000915527344,46.900001525878906,230000
2001-12-19,33.26390838623047,46.369998931884766,46.75,46.369998931884766,46.63999938964844,252300
2001-12-20,33.29977035522461,46.41999816894531,46.599998474121094,45.599998474121094,46.52000045776367,239100
2001-12-21,33.34282302856445,46.47999954223633,46.7599983215332,46.27000045776367,46.66999816894531,281000
2001-12-24,33.98844909667969,47.380001068115234,47.38999938964844,47.04999923706055,47.099998474121094,81500
2001-12-26,34.088871002197266,47.52000045776367,47.91999816894531,47.45000076293945,47.45000076293945,119700
2001-12-27,34.1821174621582,47.650001525878906,47.88999938964844,47.189998626708984,47.54999923706055,97300
2001-12-28,34.390159606933594,47.939998626708984,48.0,47.45000076293945,47.77000045776367,119700
2001-12-31,34.390159606933594,47.939998626708984,47.959999084472656,47.40999984741211,47.849998474121094,161400
2002-01-02,34.11756896972656,47.560001373291016,47.810001373291016,47.0,47.79999923706055,144100
2002-01-03,34.07452392578125,47.5,48.11000061035156,47.2400016784668,47.70000076293945,180000
2002-01-04,34.39732360839844,47.95000076293945,48.099998474121094,47.58000183105469,47.619998931884766,107900
2002-01-07,34.59101486206055,48.220001220703125,48.70000076293945,47.90999984741211,48.0,125700
2002-01-08,34.1821174621582,47.650001525878906,47.90999984741211,47.54999923706055,47.86000061035156,130000
2002-01-09,34.48340606689453,48.06999969482422,48.91999816894531,47.75,47.75,151300
2002-01-10,34.29690170288086,47.810001373291016,48.2400016784668,47.65999984741211,47.970001220703125,108300
2002-01-11,33.96691131591797,47.349998474121094,47.97999954223633,46.849998474121094,47.81999969482422,222600
2002-01-14,33.78758239746094,47.099998474121094,47.400001525878906,47.099998474121094,47.349998474121094,124800
2002-01-15,33.95256805419922,47.33000183105469,47.54999923706055,47.040000915527344,47.11000061035156,130100
2002-01-16,33.52931594848633,46.7400016784668,47.33000183105469,46.7400016784668,47.33000183105469,125900
2002-01-17,33.2925910949707,46.40999984741211,46.7400016784668,46.15999984741211,46.7400016784668,138500
2002-01-18,32.89088439941406,45.849998474121094,46.45000076293945,45.79999923706055,46.400001525878906,143800
2002-01-22,32.9195671081543,45.88999938964844,46.349998474121094,45.58000183105469,45.650001525878906,200400
2002-01-23,32.79761505126953,45.720001220703125,46.040000915527344,45.13999938964844,45.65999984741211,340500
2002-01-24,32.819129943847656,45.75,46.29999923706055,45.630001068115234,45.70000076293945,318200
2002-01-25,33.113258361816406,46.15999984741211,46.29999923706055,45.54999923706055,45.72999954223633,229700
2002-01-28,33.14912414550781,46.209999084472656,46.290000915527344,45.900001525878906,46.20000076293945,134300
2002-01-29,32.99848556518555,46.0,46.38999938964844,45.7599983215332,46.0,203400
2002-01-30,33.070213317871094,46.099998474121094,46.189998626708984,45.20000076293945,46.18000030517578,410600
2002-01-31,33.28541946411133,46.400001525878906,46.400001525878906,45.650001525878906,46.099998474121094,413900
2002-02-01,32.962623596191406,45.95000076293945,46.61000061035156,45.84000015258789,46.29999923706055,202800
2002-02-04,32.91240692138672,45.880001068115234,46.20000076293945,45.70000076293945,45.900001525878906,175300
2002-02-05,33.03435134887695,46.04999923706055,46.20000076293945,45.880001068115234,45.880001068115234,195700
2002-02-06,32.9195671081543,45.88999938964844,46.470001220703125,45.4900016784668,46.119998931884766,486900
2002-02-07,33.127628326416016,46.18000030517578,46.20000076293945,45.70000076293945,45.70000076293945,190200
2002-02-08,33.020015716552734,46.029998779296875,46.25,45.70000076293945,46.20000076293945,216400
2002-02-11,33.60823059082031,46.849998474121094,46.91999816894531,46.0,46.18000030517578,233200
2002-02-12,33.90953826904297,47.27000045776367,47.33000183105469,46.459999084472656,46.849998474121094,216500
2002-02-13,33.78758239746094,47.099998474121094,47.29999923706055,46.939998626708984,47.25,150600
2002-02-14,33.67280578613281,46.939998626708984,47.25,46.869998931884766,47.16999816894531,98200
2002-02-15,33.629764556884766,46.880001068115234,47.33000183105469,46.540000915527344,47.0,212200
2002-02-19,32.94826889038086,45.93000030517578,47.040000915527344,45.849998474121094,46.869998931884766,92500
2002-02-20,33.34844207763672,46.25,46.439998626708984,44.95000076293945,45.689998626708984,204700
2002-02-21,33.52870178222656,46.5,47.25,46.2400016784668,46.25,197800
2002-02-22,34.033443450927734,47.20000076293945,47.209999084472656,46.029998779296875,46.349998474121094,127000
2002-02-25,34.31465148925781,47.59000015258789,47.68000030517578,47.119998931884766,47.119998931884766,198800
2002-02-26,34.43002700805664,47.75,48.0,47.54999923706055,47.72999954223633,205700
2002-02-27,34.235321044921875,47.47999954223633,48.0,47.29999923706055,47.900001525878906,197600
2002-02-28,34.848228454589844,48.33000183105469,48.4900016784668,47.599998474121094,47.599998474121094,143300
2002-03-01,34.19928741455078,47.43000030517578,48.33000183105469,47.099998474121094,48.33000183105469,303400
2002-03-04,35.15108108520508,48.75,48.75,47.650001525878906,47.650001525878906,193700
2002-03-05,33.334022521972656,46.22999954223633,48.349998474121094,46.22999954223633,48.25,485300
2002-03-06,34.29302215576172,47.560001373291016,47.97999954223633,46.29999923706055,46.29999923706055,314100
2002-03-07,34.617496490478516,48.0099983215332,48.20000076293945,47.5,47.560001373291016,262500
2002-03-08,34.52376937866211,47.880001068115234,48.290000915527344,47.75,48.099998474121094,227700
2002-03-11,34.39397430419922,47.70000076293945,48.09000015258789,47.5,47.849998474121094,346200
2002-03-12,34.696807861328125,48.119998931884766,48.20000076293945,47.5,47.599998474121094,278100
2002-03-13,34.494903564453125,47.84000015258789,48.2400016784668,47.75,48.119998931884766,219500
2002-03-14,34.5598030090332,47.93000030517578,48.0,47.5,47.79999923706055,245400
2002-03-15,34.65354537963867,48.060001373291016,48.119998931884766,47.59000015258789,47.93000030517578,281000
2002-03-18,34.35791015625,47.650001525878906,48.150001525878906,46.650001525878906,48.130001068115234,260000
2002-03-19,34.89149475097656,48.38999938964844,48.400001525878906,47.70000076293945,47.70000076293945,143700
2002-03-20,34.29302215576172,47.560001373291016,48.400001525878906,47.459999084472656,48.400001525878906,117300
2002-03-21,33.860389709472656,46.959999084472656,47.630001068115234,46.65999984741211,47.400001525878906,185200
2002-03-22,34.22089767456055,47.459999084472656,47.59000015258789,46.689998626708984,46.900001525878906,180000
2002-03-25,33.218658447265625,46.06999969482422,47.099998474121094,46.06999969482422,47.099998474121094,214300
2002-03-26,34.170433044433594,47.38999938964844,47.650001525878906,46.20000076293945,46.20000076293945,170400
2002-03-27,34.29302215576172,47.560001373291016,47.70000076293945,46.630001068115234,47.349998474121094,110100
2002-03-28,34.27860641479492,47.540000915527344,47.970001220703125,47.52000045776367,47.599998474121094,146300
2002-04-01,34.2641716003418,47.52000045776367,47.83000183105469,46.65999984741211,47.540000915527344,134400
2002-04-02,34.39397430419922,47.70000076293945,48.16999816894531,46.86000061035156,47.45000076293945,139900
2002-04-03,33.91807556152344,47.040000915527344,47.75,46.93000030517578,47.689998626708984,109400
2002-04-04,34.235321044921875,47.47999954223633,47.52000045776367,46.689998626708984,47.0,103100
2002-04-05,34.66074752807617,48.06999969482422,48.2400016784668,47.70000076293945,47.75,180400
2002-04-08,35.23759460449219,48.869998931884766,48.900001525878906,47.90999984741211,48.060001373291016,213100
2002-04-09,35.45390701293945,49.16999816894531,49.16999816894531,48.380001068115234,48.88999938964844,186600
2002-04-10,35.727901458740234,49.54999923706055,49.95000076293945,49.25,49.400001525878906,190200
2002-04-11,35.33134078979492,49.0,49.709999084472656,49.0,49.560001373291016,132800
2002-04-12,35.7135009765625,49.529998779296875,49.529998779296875,48.849998474121094,49.0,86200
2002-04-15,35.51158142089844,49.25,49.849998474121094,48.900001525878906,49.45000076293945,134600
2002-04-16,35.252010345458984,48.88999938964844,49.540000915527344,48.7599983215332,49.27000045776367,281700
2002-04-17,34.83381652832031,48.310001373291016,48.84000015258789,48.2599983215332,48.7599983215332,136200
2002-04-18,34.57421875,47.95000076293945,48.72999954223633,47.939998626708984,48.5,100800
2002-04-19,34.61027908325195,48.0,48.290000915527344,47.77000045776367,48.0,157900
2002-04-22,33.57197952270508,46.560001373291016,47.5,46.099998474121094,47.5,464200
2002-04-23,33.723384857177734,46.77000045776367,47.52000045776367,46.4900016784668,46.5,340200
2002-04-24,33.68733215332031,46.720001220703125,47.470001220703125,46.650001525878906,46.95000076293945,149400
2002-04-25,33.39892578125,46.31999969482422,46.75,46.0,46.75,274400
2002-04-26,33.254703521728516,46.119998931884766,46.70000076293945,46.029998779296875,46.36000061035156,211700
2002-04-29,33.276329040527344,46.150001525878906,46.5,46.099998474121094,46.150001525878906,199200
2002-04-30,33.18260955810547,46.02000045776367,46.689998626708984,46.02000045776367,46.150001525878906,216900
2002-05-01,33.853179931640625,46.95000076293945,47.0,45.54999923706055,46.04999923706055,211300
2002-05-02,33.96134567260742,47.099998474121094,47.29999923706055,46.470001220703125,46.900001525878906,163200
2002-05-03,34.0478630065918,47.220001220703125,47.38999938964844,46.65999984741211,47.09000015258789,121000
2002-05-06,33.3917236328125,46.310001373291016,47.79999923706055,46.27000045776367,47.29999923706055,140200
2002-05-07,33.730594635009766,46.779998779296875,47.2400016784668,46.31999969482422,46.400001525878906,108300
2002-05-08,33.88922119140625,47.0,47.20000076293945,46.47999954223633,46.70000076293945,147900
2002-05-09,33.57918167114258,46.56999969482422,47.15999984741211,46.540000915527344,47.04999923706055,116400
2002-05-10,33.47823715209961,46.43000030517578,46.75,46.349998474121094,46.599998474121094,140600
2002-05-13,33.68013381958008,46.709999084472656,46.7599983215332,46.29999923706055,46.400001525878906,106700
2002-05-14,34.40837860107422,47.720001220703125,47.900001525878906,46.70000076293945,46.79999923706055,122200
2002-05-15,34.35069274902344,47.63999938964844,48.0,47.45000076293945,47.75,118500
2002-05-16,34.177650451660156,47.400001525878906,47.97999954223633,47.369998931884766,47.880001068115234,90600
2002-05-17,34.62469482421875,48.02000045776367,48.04999923706055,47.27000045776367,47.41999816894531,87000
2002-05-20,34.30745315551758,47.58000183105469,48.099998474121094,47.54999923706055,48.04999923706055,87900
2002-05-21,33.80272674560547,46.880001068115234,47.77000045776367,46.790000915527344,47.65999984741211,95100
2002-05-22,33.878787994384766,46.75,46.97999954223633,46.400001525878906,46.70000076293945,92100
2002-05-23,34.697689056396484,47.880001068115234,47.93000030517578,46.650001525878906,46.900001525878906,134200
2002-05-24,34.10345458984375,47.060001373291016,48.099998474121094,47.060001373291016,47.880001068115234,171800
2002-05-28,33.79184341430664,46.630001068115234,47.13999938964844,46.400001525878906,47.13999938964844,126100
2002-05-29,33.84255599975586,46.70000076293945,46.88999938964844,46.29999923706055,46.650001525878906,132600
2002-05-30,33.98749923706055,46.900001525878906,47.15999984741211,46.650001525878906,46.709999084472656,159000
2002-05-31,34.661468505859375,47.83000183105469,47.9900016784668,47.0,47.0,195000
2002-06-03,33.683143615722656,46.47999954223633,47.88999938964844,46.47999954223633,47.79999923706055,190400
2002-06-04,33.74112319946289,46.560001373291016,46.900001525878906,46.25,46.5,158400
2002-06-05,34.44403839111328,47.529998779296875,47.599998474121094,46.25,46.25,171000
2002-06-06,33.83530807495117,46.689998626708984,47.72999954223633,46.349998474121094,47.5,148700
2002-06-07,33.95125198364258,46.849998474121094,47.400001525878906,46.45000076293945,46.689998626708984,127600
2002-06-10,33.719364166259766,46.529998779296875,46.88999938964844,46.4900016784668,46.849998474121094,126600
2002-06-11,33.42948532104492,46.130001068115234,46.84000015258789,45.70000076293945,46.779998779296875,220200
2002-06-12,33.94402313232422,46.84000015258789,46.84000015258789,45.959999084472656,46.0,204400
2002-06-13,33.55994415283203,46.310001373291016,46.81999969482422,46.150001525878906,46.70000076293945,262600
2002-06-14,33.857051849365234,46.720001220703125,46.90999984741211,45.61000061035156,46.45000076293945,291300
2002-06-17,34.24113464355469,47.25,47.290000915527344,46.38999938964844,46.72999954223633,150200
2002-06-18,34.712188720703125,47.900001525878906,48.099998474121094,47.31999969482422,47.400001525878906,151100
2002-06-19,33.610679626464844,46.380001068115234,48.349998474121094,46.220001220703125,47.5,260000
2002-06-20,34.313602447509766,47.349998474121094,47.5,46.400001525878906,46.45000076293945,201000
2002-06-21,31.414867401123047,43.349998474121094,45.54999923706055,42.459999084472656,45.0,1044300
2002-06-24,31.748233795166016,43.810001373291016,43.970001220703125,42.86000061035156,43.349998474121094,506800
2002-06-25,31.226470947265625,43.09000015258789,43.9900016784668,42.95000076293945,43.81999969482422,255500
2002-06-26,31.1612548828125,43.0,43.400001525878906,42.540000915527344,43.09000015258789,342700
2002-06-27,31.24819564819336,43.119998931884766,43.459999084472656,42.619998931884766,43.20000076293945,283600
2002-06-28,31.74099349975586,43.79999923706055,43.880001068115234,43.09000015258789,43.119998931884766,335700
2002-07-01,31.204729080200195,43.060001373291016,44.36000061035156,43.04999923706055,44.099998474121094,338900
2002-07-02,30.43657112121582,42.0,43.060001373291016,41.5,43.060001373291016,333300
2002-07-03,30.284400939941406,41.790000915527344,42.33000183105469,40.70000076293945,42.04999923706055,218100
2002-07-05,31.190229415893555,43.040000915527344,43.38999938964844,41.95000076293945,42.0,120400
2002-07-08,30.76266860961914,42.45000076293945,43.400001525878906,42.25,43.040000915527344,141400
2002-07-09,30.13218879699707,41.58000183105469,43.060001373291016,41.58000183105469,42.45000076293945,150700
2002-07-10,29.393030166625977,40.560001373291016,41.880001068115234,40.54999923706055,41.779998779296875,190500
2002-07-11,28.864013671875,39.83000183105469,40.400001525878906,39.11000061035156,40.310001373291016,246700
2002-07-12,29.023439407348633,40.04999923706055,40.61000061035156,39.099998474121094,39.83000183105469,212100
2002-07-15,28.661102294921875,39.54999923706055,39.95000076293945,37.689998626708984,39.900001525878906,284400
2002-07-16,27.12476921081543,37.43000030517578,39.349998474121094,37.29999923706055,39.099998474121094,298600
2002-07-17,27.516094207763672,37.970001220703125,39.15999984741211,37.459999084472656,38.099998474121094,348800
2002-07-18,27.103042602539062,37.400001525878906,39.349998474121094,37.189998626708984,38.02000045776367,223100
2002-07-19,25.900070190429688,35.7400016784668,37.560001373291016,35.65999984741211,37.0,256400
2002-07-22,25.131916046142578,34.68000030517578,36.75,34.150001525878906,35.9900016784668,347400
2002-07-23,25.262365341186523,34.86000061035156,35.349998474121094,34.25,34.70000076293945,410900
2002-07-24,26.3276309967041,36.33000183105469,36.5,34.18000030517578,34.79999923706055,394700
2002-07-25,27.052303314208984,37.33000183105469,38.099998474121094,35.90999984741211,36.29999923706055,361900
2002-07-26,27.827726364135742,38.400001525878906,38.400001525878906,37.45000076293945,37.79999923706055,344800
2002-07-29,29.94376564025879,41.31999969482422,41.31999969482422,39.099998474121094,39.25,315600
2002-07-30,28.979963302612305,39.9900016784668,41.31999969482422,39.79999923706055,41.31999969482422,357200
2002-07-31,29.306066513061523,40.439998626708984,40.61000061035156,39.38999938964844,39.9900016784668,216800
2002-08-01,28.574132919311523,39.43000030517578,40.900001525878906,39.150001525878906,40.650001525878906,253600
2002-08-02,27.48712158203125,37.93000030517578,39.54999923706055,37.599998474121094,39.54999923706055,201800
2002-08-05,27.24798583984375,37.599998474121094,38.619998931884766,37.599998474121094,38.099998474121094,255800
2002-08-06,27.936416625976562,38.54999923706055,39.29999923706055,37.630001068115234,37.630001068115234,241600
2002-08-07,28.277029037475586,39.02000045776367,39.349998474121094,37.95000076293945,39.0,178300
2002-08-08,29.045181274414062,40.08000183105469,40.08000183105469,38.68000030517578,39.900001525878906,207500
2002-08-09,28.864013671875,39.83000183105469,40.02000045776367,39.20000076293945,39.97999954223633,241200
2002-08-12,27.987154006958008,38.619998931884766,39.119998931884766,38.150001525878906,39.099998474121094,255500
2002-08-13,27.798725128173828,38.36000061035156,39.36000061035156,38.349998474121094,38.75,170400
2002-08-14,28.595890045166016,39.459999084472656,39.560001373291016,37.70000076293945,38.599998474121094,212600
2002-08-15,28.9654598236084,39.970001220703125,40.43000030517578,39.439998626708984,39.959999084472656,200200
2002-08-16,28.987215042114258,40.0,40.220001220703125,39.43000030517578,40.220001220703125,185300
2002-08-19,29.719127655029297,41.0099983215332,41.18000030517578,39.959999084472656,40.25,236900
2002-08-20,29.719127655029297,41.0099983215332,41.369998931884766,40.45000076293945,40.9900016784668,250800
2002-08-21,28.110342025756836,38.790000915527344,40.900001525878906,38.40999984741211,40.54999923706055,739900
2002-08-22,28.46542739868164,39.279998779296875,39.709999084472656,38.70000076293945,39.0,404000
2002-08-23,28.308696746826172,38.83000183105469,39.54999923706055,38.79999923706055,39.20000076293945,179600
2002-08-26,29.03773307800293,39.83000183105469,39.88999938964844,38.70000076293945,39.0,203100
2002-08-27,28.82631492614746,39.540000915527344,40.16999816894531,39.29999923706055,39.849998474121094,216100
2002-08-28,28.425336837768555,38.9900016784668,39.79999923706055,38.790000915527344,39.75,155300
2002-08-29,28.425336837768555,38.9900016784668,39.20000076293945,38.29999923706055,38.54999923706055,245100
2002-08-30,28.447221755981445,39.02000045776367,39.790000915527344,38.779998779296875,39.04999923706055,185800
2002-09-03,27.74003028869629,38.04999923706055,39.02000045776367,37.7599983215332,39.02000045776367,324200
2002-09-04,28.82631492614746,39.540000915527344,39.599998474121094,38.08000183105469,38.20000076293945,251100
2002-09-05,28.797157287597656,39.5,39.9900016784668,39.380001068115234,39.5,277400
2002-09-06,29.074182510375977,39.880001068115234,40.09000015258789,39.47999954223633,39.75,166800
2002-09-09,29.271020889282227,40.150001525878906,40.279998779296875,39.0,39.79999923706055,160500
2002-09-10,29.65743637084961,40.68000030517578,40.779998779296875,39.7400016784668,40.400001525878906,248900
2002-09-11,29.92715835571289,41.04999923706055,41.150001525878906,40.72999954223633,41.0,179900
2002-09-12,29.205415725708008,40.060001373291016,40.5,40.0,40.5,197300
2002-09-13,29.424118041992188,40.36000061035156,40.36000061035156,39.54999923706055,40.060001373291016,143900
2002-09-16,29.38767433166504,40.310001373291016,40.650001525878906,39.79999923706055,40.34000015258789,125300
2002-09-17,28.82631492614746,39.540000915527344,40.70000076293945,39.400001525878906,40.369998931884766,167800
2002-09-18,28.571136474609375,39.189998626708984,39.52000045776367,38.619998931884766,39.189998626708984,118200
2002-09-19,27.360925674438477,37.529998779296875,38.97999954223633,37.529998779296875,38.970001220703125,248200
2002-09-20,27.871273040771484,38.22999954223633,38.400001525878906,37.27000045776367,37.29999923706055,450800
2002-09-23,27.448415756225586,37.650001525878906,38.220001220703125,37.31999969482422,38.0,160600
2002-09-24,26.413190841674805,36.22999954223633,37.369998931884766,36.130001068115234,37.369998931884766,239300
2002-09-25,27.076608657836914,37.13999938964844,37.41999816894531,36.130001068115234,36.54999923706055,217000
2002-09-26,27.27345848083496,37.40999984741211,37.75,36.0,36.0,523100
2002-09-27,26.230928421020508,35.97999954223633,37.0,35.900001525878906,36.900001525878906,353300
2002-09-30,26.362154006958008,36.15999984741211,36.459999084472656,34.689998626708984,36.099998474121094,390900
2002-10-01,26.500675201416016,36.349998474121094,36.349998474121094,35.099998474121094,36.15999984741211,274000
2002-10-02,25.61124038696289,35.130001068115234,36.45000076293945,35.130001068115234,36.45000076293945,282200
2002-10-03,25.20296859741211,34.56999969482422,35.75,34.5,35.5,264000
2002-10-04,24.802000045776367,34.02000045776367,35.20000076293945,33.70000076293945,35.04999923706055,338900
2002-10-07,24.25522804260254,33.27000045776367,34.33000183105469,33.25,34.27000045776367,290400
2002-10-08,24.721813201904297,33.90999984741211,34.45000076293945,33.11000061035156,33.400001525878906,329000
2002-10-09,23.59908103942871,32.369998931884766,33.90999984741211,32.349998474121094,33.90999984741211,221000
2002-10-10,24.758255004882812,33.959999084472656,34.11000061035156,32.349998474121094,32.5,307500
2002-10-11,25.698728561401367,35.25,35.599998474121094,34.20000076293945,34.29999923706055,283500
2002-10-14,25.574790954589844,35.08000183105469,35.47999954223633,34.84000015258789,35.25,154300
2002-10-15,27.193256378173828,37.29999923706055,37.29999923706055,35.349998474121094,35.599998474121094,196100
2002-10-16,26.27467155456543,36.040000915527344,37.400001525878906,35.93000030517578,37.400001525878906,230800
2002-10-17,27.63797950744629,37.90999984741211,38.0,37.029998779296875,37.099998474121094,281400
2002-10-18,26.5371150970459,36.400001525878906,37.099998474121094,35.79999923706055,37.099998474121094,427900
2002-10-21,27.26616668701172,37.400001525878906,37.70000076293945,36.02000045776367,36.40999984741211,288600
2002-10-22,26.5371150970459,36.400001525878906,37.560001373291016,36.029998779296875,37.54999923706055,240300
2002-10-23,26.828725814819336,36.79999923706055,36.93000030517578,35.54999923706055,36.40999984741211,298300
2002-10-24,26.136152267456055,35.849998474121094,37.04999923706055,35.650001525878906,37.04999923706055,192500
2002-10-25,26.63918113708496,36.540000915527344,36.68000030517578,35.400001525878906,35.849998474121094,240000
2002-10-28,24.371862411499023,33.43000030517578,36.54999923706055,33.08000183105469,36.54999923706055,905600
2002-10-29,24.24793243408203,33.2599983215332,33.54999923706055,32.349998474121094,33.310001373291016,472700
2002-10-30,24.28437614440918,33.310001373291016,33.47999954223633,32.95000076293945,33.099998474121094,324600
2002-10-31,24.466650009155273,33.560001373291016,34.0,33.099998474121094,33.099998474121094,255400
2002-11-01,25.159231185913086,34.5099983215332,34.560001373291016,33.189998626708984,33.54999923706055,305000
2002-11-04,25.41440773010254,34.86000061035156,35.93000030517578,34.4900016784668,34.70000076293945,303000
2002-11-05,25.61124038696289,35.130001068115234,35.52000045776367,34.630001068115234,34.970001220703125,220200
2002-11-06,26.0413761138916,35.720001220703125,35.83000183105469,34.849998474121094,35.0,189700
2002-11-07,25.210262298583984,34.58000183105469,35.470001220703125,34.470001220703125,35.470001220703125,240300
2002-11-08,25.22484016418457,34.599998474121094,35.220001220703125,34.2400016784668,34.79999923706055,292200
2002-11-11,24.96239471435547,34.2400016784668,34.75,33.939998626708984,34.5099983215332,175800
2002-11-12,25.188400268554688,34.54999923706055,35.02000045776367,34.099998474121094,34.20000076293945,168700
2002-11-13,25.26129913330078,34.650001525878906,35.34000015258789,34.02000045776367,34.5,250400
2002-11-14,26.00492286682129,35.66999816894531,35.900001525878906,34.900001525878906,34.900001525878906,182700
2002-11-15,26.194482803344727,35.93000030517578,36.04999923706055,35.54999923706055,35.650001525878906,199500
2002-11-18,26.143428802490234,35.86000061035156,36.15999984741211,35.599998474121094,36.04999923706055,150800
2002-11-19,26.26009178161621,36.02000045776367,36.52000045776367,35.599998474121094,35.79999923706055,248400
2002-11-20,26.67563819885254,36.59000015258789,36.61000061035156,35.400001525878906,35.900001525878906,205600
2002-11-21,27.499454498291016,37.720001220703125,37.720001220703125,36.29999923706055,36.5,448100
2002-11-22,26.92357063293457,36.70000076293945,37.540000915527344,36.599998474121094,37.47999954223633,257300
2002-11-25,27.217018127441406,37.099998474121094,37.47999954223633,36.54999923706055,36.849998474121094,201500
2002-11-26,26.798860549926758,36.529998779296875,37.150001525878906,36.43000030517578,36.849998474121094,175400
2002-11-27,27.64985466003418,37.689998626708984,37.75,36.529998779296875,36.529998779296875,132400
2002-11-29,27.686534881591797,37.7400016784668,38.0,37.689998626708984,37.70000076293945,74400
2002-12-02,27.759883880615234,37.84000015258789,38.2400016784668,37.25,37.849998474121094,263000
2002-12-03,26.98226547241211,36.779998779296875,38.0,36.619998931884766,38.0,255200
2002-12-04,27.22435188293457,37.11000061035156,37.15999984741211,36.79999923706055,36.97999954223633,337800
2002-12-05,27.172998428344727,37.040000915527344,37.119998931884766,36.66999816894531,37.119998931884766,245500
2002-12-06,27.29771614074707,37.209999084472656,37.349998474121094,36.349998474121094,36.400001525878906,308200
2002-12-09,26.835538864135742,36.58000183105469,37.11000061035156,36.529998779296875,37.04999923706055,227700
2002-12-10,27.011606216430664,36.81999969482422,36.81999969482422,36.130001068115234,36.75,223600
2002-12-11,27.217018127441406,37.099998474121094,37.16999816894531,36.22999954223633,36.56999969482422,270600
2002-12-12,27.25370979309082,37.150001525878906,37.279998779296875,36.849998474121094,37.04999923706055,273300
2002-12-13,26.98226547241211,36.779998779296875,37.0,36.5,37.0,166800
2002-12-16,27.803909301757812,37.900001525878906,37.900001525878906,36.650001525878906,36.75,226000
2002-12-17,27.774555206298828,37.86000061035156,38.099998474121094,37.400001525878906,37.400001525878906,260900
2002-12-18,26.82085609436035,36.560001373291016,37.810001373291016,36.540000915527344,37.75,378900
2002-12-19,27.055627822875977,36.880001068115234,36.9900016784668,36.619998931884766,36.79999923706055,306400
2002-12-20,27.64985466003418,37.689998626708984,37.7599983215332,36.849998474121094,37.099998474121094,318700
2002-12-23,27.69386863708496,37.75,38.0,37.439998626708984,37.65999984741211,174900
2002-12-24,27.561796188354492,37.56999969482422,37.720001220703125,37.380001068115234,37.68000030517578,47700
2002-12-26,27.33440399169922,37.2599983215332,37.86000061035156,37.150001525878906,37.58000183105469,172900
2002-12-27,26.908897399902344,36.68000030517578,37.279998779296875,36.68000030517578,37.25,177700
2002-12-30,27.11431312561035,36.959999084472656,36.9900016784668,36.290000915527344,36.599998474121094,333900
2002-12-31,27.51045799255371,37.5,37.849998474121094,36.58000183105469,36.849998474121094,358800
2003-01-02,28.134021759033203,38.349998474121094,38.380001068115234,37.470001220703125,37.95000076293945,289900
2003-01-03,27.54714012145996,37.54999923706055,38.75,37.470001220703125,38.099998474121094,188800
2003-01-06,27.76722526550293,37.849998474121094,37.97999954223633,37.2599983215332,37.54999923706055,401300
2003-01-07,27.51045799255371,37.5,37.91999816894531,37.47999954223633,37.900001525878906,351500
2003-01-08,26.725500106811523,36.43000030517578,37.5099983215332,36.400001525878906,37.5099983215332,478500
2003-01-09,26.46872901916504,36.08000183105469,36.459999084472656,35.779998779296875,36.43000030517578,844500
2003-01-10,26.263315200805664,35.79999923706055,36.400001525878906,35.5,35.880001068115234,549500
2003-01-13,26.101919174194336,35.58000183105469,36.08000183105469,35.4900016784668,35.91999816894531,264800
2003-01-14,26.04324722290039,35.5,35.70000076293945,35.2400016784668,35.70000076293945,190300
2003-01-15,25.529705047607422,34.79999923706055,35.5,34.72999954223633,35.5,259800
2003-01-16,25.404993057250977,34.630001068115234,35.099998474121094,34.400001525878906,34.95000076293945,379700
2003-01-17,25.309633255004883,34.5,34.72999954223633,34.22999954223633,34.5,192800
2003-01-21,24.70806312561035,33.68000030517578,34.68000030517578,33.650001525878906,34.599998474121094,206500
2003-01-22,24.57601547241211,33.5,33.91999816894531,33.33000183105469,33.75,332200
2003-01-23,24.950166702270508,34.0099983215332,34.29999923706055,33.599998474121094,34.150001525878906,522500
2003-01-24,24.94281768798828,34.0,34.18000030517578,33.7400016784668,34.04999923706055,573800
2003-01-27,24.57601547241211,33.5,34.0,33.470001220703125,34.0,385700
2003-01-28,25.01618194580078,34.099998474121094,34.25,33.61000061035156,33.650001525878906,373500
2003-01-29,25.140888214111328,34.27000045776367,34.349998474121094,33.5099983215332,34.0,238900
2003-01-30,24.59069061279297,33.52000045776367,34.40999984741211,33.43000030517578,34.36000061035156,247400
2003-01-31,24.9794979095459,34.04999923706055,34.33000183105469,33.310001373291016,33.45000076293945,256400
2003-02-03,25.06020164489746,34.15999984741211,34.279998779296875,34.0,34.04999923706055,213500
2003-02-04,24.28990364074707,33.11000061035156,33.900001525878906,33.04999923706055,33.849998474121094,458500
2003-02-05,23.923093795776367,32.61000061035156,33.25,32.56999969482422,33.189998626708984,428100
2003-02-06,23.394895553588867,31.889999389648438,32.61000061035156,31.829999923706055,32.61000061035156,446600
2003-02-07,23.277523040771484,31.729999542236328,32.08000183105469,31.549999237060547,31.979999542236328,287600
2003-02-10,23.402233123779297,31.899999618530273,32.029998779296875,31.5,31.829999923706055,308000
2003-02-11,23.365558624267578,31.850000381469727,32.150001525878906,31.65999984741211,31.899999618530273,278400
2003-02-12,23.240829467773438,31.68000030517578,32.0099983215332,31.600000381469727,31.700000762939453,251200
2003-02-13,23.06477165222168,31.440000534057617,31.899999618530273,31.030000686645508,31.600000381469727,196100
2003-02-14,23.622323989868164,32.20000076293945,32.20000076293945,31.34000015258789,31.440000534057617,203900
2003-02-18,23.82773208618164,32.47999954223633,32.4900016784668,32.04999923706055,32.099998474121094,240300
2003-02-19,23.68100357055664,32.279998779296875,32.540000915527344,32.099998474121094,32.45000076293945,189300
2003-02-20,23.629650115966797,32.209999084472656,32.45000076293945,32.0,32.45000076293945,158200
2003-02-21,24.062480926513672,32.79999923706055,33.0099983215332,32.22999954223633,32.29999923706055,246300
2003-02-24,23.50493812561035,32.040000915527344,32.72999954223633,31.899999618530273,32.72999954223633,203100
2003-02-25,23.761701583862305,32.38999938964844,32.400001525878906,31.530000686645508,31.90999984741211,248300
2003-02-26,23.654516220092773,32.0,32.349998474121094,31.899999618530273,32.31999969482422,164400
2003-02-27,23.536245346069336,31.84000015258789,32.20000076293945,31.56999969482422,32.20000076293945,364200
2003-02-28,23.432762145996094,31.700000762939453,32.060001373291016,31.68000030517578,31.979999542236328,181600
2003-03-03,23.528852462768555,31.829999923706055,32.20000076293945,31.670000076293945,31.950000762939453,197300
2003-03-04,22.62702178955078,30.610000610351562,31.75,30.610000610351562,31.75,307700
2003-03-05,22.464397430419922,30.389999389648438,30.68000030517578,29.940000534057617,30.549999237060547,338100
2003-03-06,22.124364852905273,29.93000030517578,30.299999237060547,29.6299991607666,30.299999237060547,322700
2003-03-07,22.360904693603516,30.25,30.5,29.700000762939453,29.719999313354492,224000
2003-03-10,21.917394638061523,29.649999618530273,30.200000762939453,29.530000686645508,30.1200008392334,248300
2003-03-11,21.703018188476562,29.360000610351562,29.969999313354492,29.34000015258789,29.450000762939453,254200
2003-03-12,21.48125648498535,29.059999465942383,29.34000015258789,28.75,29.34000015258789,223200
2003-03-13,21.991308212280273,29.75,29.75,29.030000686645508,29.309999465942383,293300
2003-03-14,22.043054580688477,29.81999969482422,30.280000686645508,29.65999984741211,29.979999542236328,273600
2003-03-17,22.60484504699707,30.579999923706055,30.649999618530273,29.399999618530273,29.920000076293945,526300
2003-03-18,22.597457885742188,30.56999969482422,30.829999923706055,30.290000915527344,30.59000015258789,362100
2003-03-19,22.907920837402344,30.989999771118164,30.989999771118164,30.479999542236328,30.670000076293945,335100
2003-03-20,22.782257080078125,30.81999969482422,30.989999771118164,30.31999969482422,30.899999618530273,293200
2003-03-21,23.876266479492188,32.29999923706055,32.29999923706055,30.799999237060547,30.829999923706055,841200
2003-03-24,23.188823699951172,31.3700008392334,32.0,31.209999084472656,32.0,459800
2003-03-25,23.174034118652344,31.350000381469727,31.75,31.0,31.299999237060547,320700
2003-03-26,22.8192195892334,30.8700008392334,31.25,30.3799991607666,31.25,366000
2003-03-27,22.686161041259766,30.690000534057617,30.81999969482422,30.31999969482422,30.719999313354492,236200
2003-03-28,22.597457885742188,30.56999969482422,30.75,30.299999237060547,30.610000610351562,244300
2003-03-31,22.346126556396484,30.229999542236328,30.6200008392334,29.899999618530273,30.0,310000
2003-04-01,22.745298385620117,30.770000457763672,30.780000686645508,29.899999618530273,30.450000762939453,280200
2003-04-02,23.38840103149414,31.639999389648438,31.959999084472656,30.770000457763672,31.020000457763672,250100
2003-04-03,23.329269409179688,31.559999465942383,31.8700008392334,31.450000762939453,31.739999771118164,218700
2003-04-04,23.262731552124023,31.469999313354492,31.90999984741211,31.290000915527344,31.799999237060547,239900
2003-04-07,23.44015121459961,31.709999084472656,32.20000076293945,31.600000381469727,31.850000381469727,364800
2003-04-08,23.366230010986328,31.610000610351562,31.799999237060547,31.469999313354492,31.700000762939453,294500
2003-04-09,23.114892959594727,31.270000457763672,31.959999084472656,31.110000610351562,31.950000762939453,242300
2003-04-10,23.233173370361328,31.43000030517578,31.43000030517578,31.1299991607666,31.270000457763672,193700
2003-04-11,23.188823699951172,31.3700008392334,31.8700008392334,31.280000686645508,31.700000762939453,155000
2003-04-14,23.54364585876465,31.850000381469727,31.940000534057617,31.5,31.6200008392334,178900
2003-04-15,23.735836029052734,32.11000061035156,32.13999938964844,31.700000762939453,32.0,295000
2003-04-16,23.233173370361328,31.43000030517578,32.0099983215332,31.329999923706055,31.899999618530273,296000
2003-04-17,23.536245346069336,31.84000015258789,31.889999389648438,31.43000030517578,31.600000381469727,219700
2003-04-21,23.38840103149414,31.639999389648438,32.0,31.530000686645508,32.0,168600
2003-04-22,23.647123336791992,31.989999771118164,32.029998779296875,31.200000762939453,31.479999542236328,331700
2003-04-23,23.809749603271484,32.209999084472656,32.349998474121094,31.649999618530273,31.75,359500
2003-04-24,23.721046447753906,32.09000015258789,32.38999938964844,31.899999618530273,32.18000030517578,159300
2003-04-25,23.12228775024414,31.280000686645508,31.899999618530273,31.239999771118164,31.899999618530273,227000
2003-04-28,23.639732360839844,31.979999542236328,32.20000076293945,31.399999618530273,31.399999618530273,385200
2003-04-29,24.467639923095703,33.099998474121094,33.130001068115234,32.349998474121094,32.349998474121094,742700
2003-04-30,25.84996223449707,34.970001220703125,35.349998474121094,33.27000045776367,33.349998474121094,1291700
2003-05-01,25.73906898498535,34.81999969482422,34.91999816894531,34.09000015258789,34.91999816894531,393500
2003-05-02,26.049535751342773,35.2400016784668,35.400001525878906,34.68000030517578,34.72999954223633,271500
2003-05-05,25.73906898498535,34.81999969482422,35.459999084472656,34.599998474121094,35.150001525878906,310500
2003-05-06,26.22696304321289,35.47999954223633,35.77000045776367,35.0,35.349998474121094,383400
2003-05-07,26.12346076965332,35.34000015258789,35.84000015258789,35.06999969482422,35.349998474121094,379200
2003-05-08,25.864742279052734,34.9900016784668,35.45000076293945,34.900001525878906,35.150001525878906,270100
2003-05-09,26.167816162109375,35.400001525878906,35.439998626708984,34.939998626708984,35.150001525878906,227000
2003-05-12,26.53741455078125,35.900001525878906,35.97999954223633,35.25,35.400001525878906,244500
2003-05-13,26.44131851196289,35.77000045776367,35.93000030517578,35.529998779296875,35.900001525878906,290700
2003-05-14,26.241729736328125,35.5,35.970001220703125,35.25,35.95000076293945,270400
2003-05-15,26.367382049560547,35.66999816894531,35.79999923706055,35.150001525878906,35.75,210900
2003-05-16,26.404367446899414,35.720001220703125,35.810001373291016,34.97999954223633,35.75,391900
2003-05-19,26.079097747802734,35.279998779296875,35.619998931884766,34.95000076293945,35.619998931884766,627400
2003-05-20,26.064321517944336,35.2599983215332,35.459999084472656,34.790000915527344,35.08000183105469,259800
2003-05-21,26.164806365966797,35.150001525878906,35.189998626708984,34.540000915527344,34.75,282600
2003-05-22,26.41046142578125,35.47999954223633,35.52000045776367,35.0099983215332,35.119998931884766,273800
2003-05-23,26.64864730834961,35.79999923706055,35.79999923706055,35.310001373291016,35.47999954223633,282500
2003-05-27,27.318588256835938,36.70000076293945,36.70000076293945,35.5,35.79999923706055,275500
2003-05-28,27.452571868896484,36.880001068115234,36.97999954223633,36.5,36.529998779296875,299800
2003-05-29,26.886857986450195,36.119998931884766,37.099998474121094,35.79999923706055,36.880001068115234,316900
2003-05-30,27.273935317993164,36.63999938964844,36.63999938964844,36.099998474121094,36.119998931884766,273300
2003-06-02,27.899213790893555,37.47999954223633,37.70000076293945,36.90999984741211,37.20000076293945,402100
2003-06-03,27.445140838623047,36.869998931884766,37.41999816894531,36.52000045776367,37.380001068115234,273400
2003-06-04,28.085309982299805,37.72999954223633,37.72999954223633,36.849998474121094,36.869998931884766,232800
2003-06-05,28.584043502807617,38.400001525878906,38.439998626708984,37.45000076293945,37.72999954223633,309300
2003-06-06,28.73290252685547,38.599998474121094,38.91999816894531,38.220001220703125,38.349998474121094,384700
2003-06-09,27.75777816772461,37.290000915527344,38.68000030517578,37.130001068115234,38.599998474121094,332300
2003-06-10,28.43516731262207,38.20000076293945,38.4900016784668,37.36000061035156,37.400001525878906,280200
2003-06-11,29.127426147460938,39.130001068115234,39.15999984741211,38.099998474121094,38.45000076293945,425700
2003-06-12,29.224193572998047,39.2599983215332,39.36000061035156,38.70000076293945,39.13999938964844,225300
2003-06-13,28.993444442749023,38.95000076293945,39.45000076293945,38.709999084472656,39.400001525878906,244800
2003-06-16,29.51451301574707,39.650001525878906,39.900001525878906,39.08000183105469,39.099998474121094,293800
2003-06-17,29.626155853271484,39.79999923706055,39.93000030517578,39.20000076293945,39.599998474121094,202400
2003-06-18,29.44005584716797,39.54999923706055,39.95000076293945,39.279998779296875,39.849998474121094,225100
2003-06-19,28.770137786865234,38.650001525878906,39.81999969482422,38.630001068115234,39.79999923706055,372000
2003-06-20,28.0108699798584,37.630001068115234,38.90999984741211,37.58000183105469,38.900001525878906,511900
2003-06-23,27.72800064086914,37.25,37.560001373291016,36.95000076293945,37.529998779296875,196800
2003-06-24,27.98853302001953,37.599998474121094,37.79999923706055,37.2400016784668,37.75,226600
2003-06-25,27.64611053466797,37.13999938964844,37.810001373291016,37.119998931884766,37.5,176400
2003-06-26,27.928970336914062,37.52000045776367,37.66999816894531,36.810001373291016,36.88999938964844,201400
2003-06-27,27.50468635559082,36.95000076293945,37.599998474121094,36.90999984741211,37.599998474121094,354900
2003-06-30,27.594017028808594,37.06999969482422,37.349998474121094,36.56999969482422,37.099998474121094,377600
2003-07-01,27.72800064086914,37.25,37.27000045776367,36.2400016784668,37.06999969482422,280700
2003-07-02,28.055522918701172,37.689998626708984,37.689998626708984,37.040000915527344,37.29999923706055,229000
2003-07-03,27.668455123901367,37.16999816894531,37.369998931884766,36.900001525878906,37.20000076293945,139900
2003-07-07,28.68081283569336,38.529998779296875,38.540000915527344,37.279998779296875,37.279998779296875,302300
2003-07-08,28.643587112426758,38.47999954223633,38.849998474121094,38.22999954223633,38.849998474121094,208200
2003-07-09,28.487262725830078,38.27000045776367,38.400001525878906,37.970001220703125,38.380001068115234,130400
2003-07-10,28.323501586914062,38.04999923706055,38.25,37.650001525878906,38.20000076293945,178600
2003-07-11,28.21186065673828,37.900001525878906,38.189998626708984,37.54999923706055,38.060001373291016,134600
2003-07-14,28.323501586914062,38.04999923706055,38.43000030517578,37.900001525878906,38.20000076293945,162500
2003-07-15,27.653562545776367,37.150001525878906,38.22999954223633,37.060001373291016,38.02000045776367,287200
2003-07-16,27.430259704589844,36.849998474121094,37.31999969482422,36.630001068115234,37.20000076293945,238500
2003-07-17,27.2664794921875,36.630001068115234,37.04999923706055,36.459999084472656,36.95000076293945,150200
2003-07-18,27.608905792236328,37.09000015258789,37.20000076293945,36.619998931884766,36.95000076293945,137200
2003-07-21,27.25904655456543,36.619998931884766,36.900001525878906,36.29999923706055,36.900001525878906,249700
2003-07-22,27.616342544555664,37.099998474121094,37.20000076293945,36.400001525878906,36.68000030517578,238900
2003-07-23,27.854549407958984,37.41999816894531,37.45000076293945,37.04999923706055,37.45000076293945,198100
2003-07-24,27.802440643310547,37.349998474121094,37.95000076293945,37.099998474121094,37.380001068115234,262000
2003-07-25,27.594017028808594,37.06999969482422,37.25,36.20000076293945,37.25,454200
2003-07-28,28.122512817382812,37.779998779296875,37.779998779296875,36.630001068115234,37.119998931884766,421300
2003-07-29,29.64849281311035,39.83000183105469,40.09000015258789,37.779998779296875,37.779998779296875,864600
2003-07-30,29.566614151000977,39.720001220703125,40.22999954223633,39.56999969482422,39.84000015258789,544200
2003-07-31,29.938800811767578,40.220001220703125,40.40999984741211,39.33000183105469,39.650001525878906,455000
2003-08-01,29.66338539123535,39.849998474121094,40.150001525878906,39.79999923706055,40.150001525878906,457500
2003-08-04,29.73782730102539,39.95000076293945,40.18000030517578,39.25,39.45000076293945,296100
2003-08-05,29.670822143554688,39.86000061035156,40.43000030517578,39.720001220703125,40.150001525878906,366600
2003-08-06,29.521949768066406,39.65999984741211,40.0,39.59000015258789,39.75,413500
2003-08-07,29.581506729125977,39.7400016784668,39.869998931884766,39.20000076293945,39.599998474121094,237700
2003-08-08,29.998350143432617,40.29999923706055,40.29999923706055,39.58000183105469,39.7400016784668,214800
2003-08-11,29.827129364013672,40.06999969482422,40.380001068115234,39.470001220703125,40.29999923706055,259300
2003-08-12,29.968568801879883,40.2599983215332,40.279998779296875,39.7400016784668,39.95000076293945,181700
2003-08-13,29.84203338623047,40.09000015258789,40.36000061035156,39.79999923706055,40.2599983215332,149700
2003-08-14,30.571517944335938,41.06999969482422,41.150001525878906,39.75,40.09000015258789,328900
2003-08-15,30.79482650756836,41.369998931884766,41.380001068115234,40.95000076293945,41.0,146500
2003-08-18,30.87669563293457,41.47999954223633,41.5,41.18000030517578,41.369998931884766,121700
2003-08-19,31.390329360961914,42.16999816894531,42.22999954223633,41.349998474121094,41.380001068115234,307000
2003-08-20,31.01068687438965,41.65999984741211,42.18000030517578,41.619998931884766,41.849998474121094,153700
2003-08-21,31.219146728515625,41.939998626708984,42.08000183105469,41.310001373291016,41.63999938964844,210500
2003-08-22,30.60129165649414,41.11000061035156,42.13999938964844,40.95000076293945,41.95000076293945,165700
2003-08-25,30.867130279541016,41.220001220703125,41.38999938964844,40.70000076293945,40.75,156600
2003-08-26,30.84467124938965,41.189998626708984,41.29999923706055,40.470001220703125,41.029998779296875,175800
2003-08-27,30.807228088378906,41.13999938964844,41.279998779296875,40.5,41.279998779296875,165600
2003-08-28,30.956987380981445,41.34000015258789,41.349998474121094,40.54999923706055,41.099998474121094,112500
2003-08-29,31.0093994140625,41.40999984741211,41.470001220703125,40.959999084472656,41.09000015258789,104200
2003-09-02,31.660898208618164,42.279998779296875,42.290000915527344,41.20000076293945,41.70000076293945,184500
2003-09-03,31.960437774658203,42.68000030517578,42.68000030517578,42.119998931884766,42.34000015258789,242500
2003-09-04,31.256540298461914,41.7400016784668,42.70000076293945,41.31999969482422,42.400001525878906,345300
2003-09-05,30.72486114501953,41.029998779296875,41.599998474121094,40.68000030517578,41.540000915527344,208700
2003-09-08,31.376338958740234,41.900001525878906,41.90999984741211,40.95000076293945,41.25,196900
2003-09-09,31.0093994140625,41.40999984741211,41.709999084472656,41.20000076293945,41.689998626708984,132900
2003-09-10,30.32047462463379,40.4900016784668,41.16999816894531,40.36000061035156,41.0,247400
2003-09-11,30.545141220092773,40.790000915527344,40.97999954223633,40.29999923706055,40.4900016784668,178400
2003-09-12,31.481185913085938,42.040000915527344,42.040000915527344,40.25,40.25,563000
2003-09-15,31.870588302612305,42.560001373291016,42.630001068115234,42.02000045776367,42.04999923706055,274800
2003-09-16,32.117698669433594,42.88999938964844,42.9900016784668,42.20000076293945,42.20000076293945,254200
2003-09-17,30.155736923217773,40.27000045776367,41.349998474121094,39.54999923706055,40.70000076293945,1590500
2003-09-18,30.53765106201172,40.779998779296875,40.83000183105469,40.0099983215332,40.27000045776367,415300
2003-09-19,30.71735954284668,41.02000045776367,41.02000045776367,40.40999984741211,40.70000076293945,262400
2003-09-22,30.425323486328125,40.630001068115234,40.97999954223633,40.41999816894531,40.95000076293945,291500
2003-09-23,30.357925415039062,40.540000915527344,40.650001525878906,40.2400016784668,40.630001068115234,240300
2003-09-24,29.863689422607422,39.880001068115234,40.470001220703125,39.5099983215332,40.400001525878906,254900
2003-09-25,29.698936462402344,39.65999984741211,40.06999969482422,39.61000061035156,39.900001525878906,318400
2003-09-26,29.661495208740234,39.61000061035156,39.79999923706055,39.16999816894531,39.54999923706055,298700
2003-09-29,30.23811149597168,40.380001068115234,40.400001525878906,39.54999923706055,39.619998931884766,290100
2003-09-30,29.886144638061523,39.90999984741211,40.5,39.599998474121094,40.349998474121094,255700
2003-10-01,30.605031967163086,40.869998931884766,40.869998931884766,39.7599983215332,39.90999984741211,340600
2003-10-02,30.927040100097656,41.29999923706055,41.29999923706055,40.470001220703125,40.939998626708984,152100
2003-10-03,31.3538761138916,41.869998931884766,42.349998474121094,41.40999984741211,41.40999984741211,275900
2003-10-06,31.488676071166992,42.04999923706055,42.400001525878906,41.70000076293945,41.720001220703125,194200
2003-10-07,31.743282318115234,42.38999938964844,42.38999938964844,41.66999816894531,42.04999923706055,228100
2003-10-08,31.45124053955078,42.0,42.54999923706055,41.91999816894531,42.38999938964844,212500
2003-10-09,31.45124053955078,42.0,42.369998931884766,41.650001525878906,42.0,334900
2003-10-10,31.42876434326172,41.970001220703125,42.0,41.84000015258789,42.0,144700
2003-10-13,34.03470993041992,45.45000076293945,45.54999923706055,43.2400016784668,43.25,1500600
2003-10-14,34.04220962524414,45.459999084472656,45.88999938964844,45.060001373291016,45.33000183105469,885900
2003-10-15,33.76514434814453,45.09000015258789,45.540000915527344,44.93000030517578,45.459999084472656,318400
2003-10-16,33.532997131347656,44.779998779296875,45.099998474121094,44.70000076293945,45.09000015258789,319100
2003-10-17,32.78415298461914,43.779998779296875,44.77000045776367,43.720001220703125,44.77000045776367,371600
2003-10-20,32.78415298461914,43.779998779296875,43.95000076293945,43.630001068115234,43.790000915527344,232700
2003-10-21,32.701778411865234,43.66999816894531,43.95000076293945,43.349998474121094,43.95000076293945,255800
2003-10-22,32.44719696044922,43.33000183105469,43.70000076293945,43.209999084472656,43.540000915527344,170800
2003-10-23,32.6119384765625,43.54999923706055,43.7599983215332,43.08000183105469,43.279998779296875,266800
2003-10-24,32.47713088989258,43.369998931884766,43.369998931884766,42.86000061035156,43.25,177400
2003-10-27,32.6793098449707,43.63999938964844,43.779998779296875,43.27000045776367,43.369998931884766,193100
2003-10-28,33.315818786621094,44.4900016784668,45.31999969482422,43.900001525878906,44.0,803000
2003-10-29,33.30834197998047,44.47999954223633,44.599998474121094,44.2400016784668,44.4900016784668,291100
2003-10-30,33.36827087402344,44.560001373291016,44.79999923706055,44.310001373291016,44.650001525878906,329100
2003-10-31,33.1810417175293,44.310001373291016,44.849998474121094,44.2599983215332,44.650001525878906,255000
2003-11-03,33.495548248291016,44.72999954223633,44.93000030517578,44.29999923706055,44.400001525878906,431400
2003-11-04,33.25593948364258,44.40999984741211,44.630001068115234,44.25,44.630001068115234,512000
2003-11-05,33.42815399169922,44.63999938964844,44.7599983215332,44.189998626708984,44.45000076293945,281000
2003-11-06,33.78012466430664,45.11000061035156,45.29999923706055,44.59000015258789,44.7400016784668,427200
2003-11-07,33.30085372924805,44.470001220703125,45.0099983215332,44.40999984741211,45.0099983215332,253400
2003-11-10,33.51801681518555,44.7599983215332,45.09000015258789,44.41999816894531,44.52000045776367,302800
2003-11-11,33.4206657409668,44.630001068115234,45.029998779296875,44.599998474121094,44.81999969482422,226500
2003-11-12,33.72021484375,45.029998779296875,45.04999923706055,44.630001068115234,44.70000076293945,214400
2003-11-13,33.435646057128906,44.650001525878906,45.02000045776367,44.459999084472656,45.0,261300
2003-11-14,33.323326110839844,44.5,45.029998779296875,44.40999984741211,44.75,141500
2003-11-17,32.92644119262695,43.970001220703125,44.5,43.400001525878906,44.5,271300
2003-11-18,32.52206039428711,43.43000030517578,44.31999969482422,43.40999984741211,44.099998474121094,162700
2003-11-19,32.45466232299805,43.34000015258789,43.52000045776367,43.189998626708984,43.439998626708984,278800
2003-11-20,32.387264251708984,43.25,43.54999923706055,42.900001525878906,43.29999923706055,369700
2003-11-21,32.282440185546875,43.11000061035156,43.54999923706055,42.95000076293945,43.29999923706055,192700
2003-11-24,33.009185791015625,43.83000183105469,43.83000183105469,43.04999923706055,43.04999923706055,289200
2003-11-25,33.51378631591797,44.5,44.599998474121094,43.5,43.599998474121094,416100
2003-11-26,33.400814056396484,44.349998474121094,44.66999816894531,43.689998626708984,44.5,155200
2003-11-28,33.49116897583008,44.470001220703125,44.470001220703125,44.22999954223633,44.29999923706055,116200
2003-12-01,34.54555892944336,45.869998931884766,45.869998931884766,44.5,44.650001525878906,389100
2003-12-02,34.63593673706055,45.9900016784668,45.9900016784668,45.68000030517578,45.83000183105469,513300
2003-12-03,34.52294921875,45.84000015258789,46.349998474121094,45.70000076293945,46.0,377300
2003-12-04,34.71875762939453,46.099998474121094,46.22999954223633,45.77000045776367,46.0,282500
2003-12-05,34.492835998535156,45.79999923706055,46.09000015258789,45.619998931884766,46.0,192700
2003-12-08,35.75056076049805,47.470001220703125,47.47999954223633,45.849998474121094,45.93000030517578,522100
2003-12-09,35.56978988647461,47.22999954223633,47.79999923706055,46.93000030517578,47.5,441500
2003-12-10,35.020015716552734,46.5,47.16999816894531,46.2599983215332,47.16999816894531,278100
2003-12-11,35.75807571411133,47.47999954223633,47.709999084472656,46.5,46.5,344300
2003-12-12,35.999080657958984,47.79999923706055,47.79999923706055,47.29999923706055,47.47999954223633,202800
2003-12-15,35.84846115112305,47.599998474121094,48.599998474121094,47.470001220703125,48.0,380900
2003-12-16,35.82585144042969,47.56999969482422,47.95000076293945,46.91999816894531,47.79999923706055,204400
2003-12-17,35.20830154418945,46.75,47.59000015258789,46.61000061035156,47.56999969482422,349000
2003-12-18,35.96142578125,47.75,47.75,46.5099983215332,46.599998474121094,513400
2003-12-19,36.07438659667969,47.900001525878906,48.0,47.56999969482422,47.900001525878906,257600
2003-12-22,36.33045959472656,48.2400016784668,48.27000045776367,47.880001068115234,47.900001525878906,198600
2003-12-23,36.27772521972656,48.16999816894531,48.4900016784668,47.970001220703125,48.20000076293945,254000
2003-12-24,36.164764404296875,48.02000045776367,48.2400016784668,47.939998626708984,48.16999816894531,101500
2003-12-26,36.30786895751953,48.209999084472656,48.400001525878906,48.099998474121094,48.130001068115234,62600
2003-12-29,36.33797073364258,48.25,48.47999954223633,48.189998626708984,48.20000076293945,327000
2003-12-30,36.00662612915039,47.810001373291016,48.29999923706055,47.45000076293945,48.29999923706055,374300
2003-12-31,35.82585144042969,47.56999969482422,48.04999923706055,47.27000045776367,48.04999923706055,323900
2004-01-02,35.55474090576172,47.209999084472656,47.810001373291016,46.959999084472656,47.75,220000
2004-01-05,37.73877716064453,50.11000061035156,50.529998779296875,49.2400016784668,50.0,1294600
2004-01-06,37.35469055175781,49.599998474121094,49.9900016784668,49.43000030517578,49.97999954223633,542100
2004-01-07,37.43000793457031,49.70000076293945,49.970001220703125,49.209999084472656,49.79999923706055,521600
2004-01-08,36.84256362915039,48.91999816894531,49.650001525878906,48.86000061035156,49.529998779296875,761100
2004-01-09,37.04591751098633,49.189998626708984,49.5,48.900001525878906,48.900001525878906,877500
2004-01-12,37.196529388427734,49.38999938964844,49.709999084472656,49.27000045776367,49.41999816894531,476300
2004-01-13,37.35469055175781,49.599998474121094,49.97999954223633,49.290000915527344,49.95000076293945,370800
2004-01-14,37.27937316894531,49.5,49.970001220703125,49.20000076293945,49.61000061035156,207500
2004-01-15,37.603214263916016,49.93000030517578,50.06999969482422,49.25,49.4900016784668,469100
2004-01-16,37.30197525024414,49.529998779296875,50.25,49.349998474121094,50.130001068115234,341100
2004-01-20,37.04591751098633,49.189998626708984,49.650001525878906,48.45000076293945,49.650001525878906,478800
2004-01-21,37.52036666870117,49.81999969482422,50.0,48.900001525878906,48.900001525878906,342300
2004-01-22,37.43000793457031,49.70000076293945,49.95000076293945,49.4900016784668,49.79999923706055,532800
2004-01-23,37.3170280456543,49.54999923706055,50.06999969482422,49.11000061035156,49.95000076293945,327400
2004-01-26,37.746315002441406,50.119998931884766,50.119998931884766,49.400001525878906,49.400001525878906,332200
2004-01-27,37.4224739074707,49.689998626708984,50.099998474121094,49.63999938964844,50.0,492100
2004-01-28,36.782318115234375,48.84000015258789,49.959999084472656,48.75,49.91999816894531,477600
2004-01-29,36.300331115722656,48.20000076293945,48.90999984741211,47.790000915527344,48.900001525878906,588000
2004-01-30,35.923763275146484,47.70000076293945,48.400001525878906,47.70000076293945,48.29999923706055,452900
2004-02-02,35.90116882324219,47.66999816894531,47.9900016784668,47.130001068115234,47.20000076293945,535800
2004-02-03,35.999080657958984,47.79999923706055,48.380001068115234,47.79999923706055,48.150001525878906,617300
2004-02-04,35.020015716552734,46.5,47.40999984741211,46.11000061035156,47.29999923706055,449700
2004-02-05,35.321285247802734,46.900001525878906,47.11000061035156,46.29999923706055,46.29999923706055,384800
2004-02-06,35.77314758300781,47.5,47.52000045776367,46.79999923706055,46.79999923706055,404900
2004-02-09,35.54719543457031,47.20000076293945,47.650001525878906,46.95000076293945,47.5,248000
2004-02-10,35.56978988647461,47.22999954223633,47.31999969482422,46.939998626708984,47.22999954223633,397100
2004-02-11,35.404117584228516,47.0099983215332,47.130001068115234,46.5,47.0,519000
2004-02-12,35.27607727050781,46.84000015258789,47.060001373291016,46.459999084472656,47.060001373291016,477500
2004-02-13,34.71875762939453,46.099998474121094,46.83000183105469,46.06999969482422,46.83000183105469,287300
2004-02-17,35.20077896118164,46.7400016784668,46.779998779296875,46.02000045776367,46.02000045776367,394600
2004-02-18,34.84679412841797,46.27000045776367,46.75,46.119998931884766,46.75,374900
2004-02-19,34.74888610839844,46.13999938964844,46.380001068115234,45.849998474121094,46.27000045776367,781900
2004-02-20,34.98989486694336,46.459999084472656,46.56999969482422,45.90999984741211,46.369998931884766,457200
2004-02-23,35.020015716552734,46.5,46.619998931884766,46.220001220703125,46.29999923706055,461200
2004-02-24,35.01250076293945,46.4900016784668,46.939998626708984,46.34000015258789,46.52000045776367,253000
2004-02-25,35.345726013183594,46.66999816894531,46.720001220703125,45.77000045776367,46.22999954223633,253800
2004-02-26,35.21696853637695,46.5,46.7599983215332,46.18000030517578,46.66999816894531,373100
2004-02-27,35.82285690307617,47.29999923706055,47.689998626708984,46.41999816894531,46.5,446200
2004-03-01,36.21668243408203,47.81999969482422,47.939998626708984,47.349998474121094,47.349998474121094,300800
2004-03-02,36.36057662963867,48.0099983215332,48.349998474121094,47.540000915527344,47.81999969482422,536500
2004-03-03,36.239410400390625,47.849998474121094,48.0,47.439998626708984,48.0,289000
2004-03-04,36.35300827026367,48.0,48.16999816894531,47.349998474121094,47.599998474121094,412200
2004-03-05,36.35300827026367,48.0,48.25,47.65999984741211,47.97999954223633,232400
2004-03-08,35.792564392089844,47.2599983215332,48.0,47.099998474121094,48.0,323700
2004-03-09,35.451759338378906,46.810001373291016,47.349998474121094,46.650001525878906,47.349998474121094,346700
2004-03-10,35.20941162109375,46.4900016784668,47.31999969482422,46.29999923706055,46.599998474121094,420400
2004-03-11,35.004913330078125,46.220001220703125,46.61000061035156,46.04999923706055,46.4900016784668,366200
2004-03-12,35.64867401123047,47.06999969482422,47.06999969482422,46.150001525878906,46.20000076293945,343200
2004-03-15,34.90644454956055,46.09000015258789,47.04999923706055,45.9900016784668,46.900001525878906,339600
2004-03-16,35.20182418823242,46.47999954223633,46.7400016784668,46.119998931884766,46.349998474121094,345400
2004-03-17,35.36844253540039,46.70000076293945,47.0099983215332,46.41999816894531,46.65999984741211,296000
2004-03-18,35.14125442504883,46.400001525878906,46.810001373291016,46.0099983215332,46.599998474121094,227800
2004-03-19,34.974639892578125,46.18000030517578,46.709999084472656,46.099998474121094,46.38999938964844,329500
2004-03-22,35.10336685180664,46.349998474121094,46.56999969482422,45.7599983215332,46.189998626708984,382900
2004-03-23,34.997371673583984,46.209999084472656,46.5,45.650001525878906,46.47999954223633,365200
2004-03-24,34.78529357910156,45.93000030517578,46.560001373291016,45.709999084472656,46.31999969482422,195600
2004-03-25,35.1715087890625,46.439998626708984,46.560001373291016,45.900001525878906,46.25,183900
2004-03-26,35.035194396972656,46.2599983215332,46.459999084472656,46.0,46.20000076293945,212500
2004-03-29,35.4896125793457,46.86000061035156,47.15999984741211,46.15999984741211,46.29999923706055,348600
2004-03-30,35.56536865234375,46.959999084472656,47.16999816894531,46.400001525878906,46.900001525878906,797500
2004-03-31,35.92888259887695,47.439998626708984,47.63999938964844,46.65999984741211,46.970001220703125,350100
2004-04-01,36.3908805847168,48.04999923706055,48.650001525878906,47.88999938964844,48.25,502100
2004-04-02,36.269710540771484,47.88999938964844,48.4900016784668,47.810001373291016,48.47999954223633,301600
2004-04-05,36.262123107910156,47.880001068115234,48.09000015258789,47.54999923706055,47.75,301700
2004-04-06,36.42116165161133,48.09000015258789,48.380001068115234,47.279998779296875,47.349998474121094,343900
2004-04-07,35.83800506591797,47.31999969482422,48.04999923706055,47.0099983215332,47.630001068115234,333800
2004-04-08,35.610809326171875,47.02000045776367,47.63999938964844,46.91999816894531,47.5,290200
2004-04-12,35.92133712768555,47.43000030517578,47.619998931884766,47.18000030517578,47.34000015258789,171400
2004-04-13,35.35332107543945,46.68000030517578,47.900001525878906,46.68000030517578,47.47999954223633,439200
2004-04-14,35.17910385131836,46.45000076293945,46.88999938964844,46.130001068115234,46.66999816894531,374000
2004-04-15,35.73198318481445,47.18000030517578,47.27000045776367,46.540000915527344,46.650001525878906,326300
2004-04-16,36.110660552978516,47.68000030517578,47.95000076293945,47.22999954223633,47.70000076293945,647500
2004-04-19,36.15608596801758,47.7400016784668,47.86000061035156,47.400001525878906,47.45000076293945,472800
2004-04-20,36.13336944580078,47.709999084472656,48.189998626708984,47.689998626708984,47.689998626708984,433700
2004-04-21,36.3908805847168,48.04999923706055,48.04999923706055,47.41999816894531,47.720001220703125,248300
2004-04-22,36.73169708251953,48.5,48.779998779296875,47.970001220703125,48.09000015258789,405400
2004-04-23,36.50448226928711,48.20000076293945,48.38999938964844,47.81999969482422,48.349998474121094,219800
2004-04-26,36.11820602416992,47.689998626708984,48.45000076293945,47.439998626708984,48.119998931884766,269200
2004-04-27,36.30756759643555,47.939998626708984,48.09000015258789,47.5099983215332,47.68000030517578,273300
2004-04-28,35.56536865234375,46.959999084472656,47.97999954223633,46.900001525878906,47.97999954223633,188000
2004-04-29,35.35332107543945,46.68000030517578,48.099998474121094,46.27000045776367,46.970001220703125,407500
2004-04-30,35.02007293701172,46.2400016784668,46.83000183105469,46.099998474121094,46.63999938964844,329400
2004-05-03,34.98219680786133,46.189998626708984,46.36000061035156,45.77000045776367,46.08000183105469,385000
2004-05-04,34.91401290893555,46.099998474121094,46.459999084472656,45.7400016784668,46.2599983215332,405900
2004-05-05,34.77768325805664,45.91999816894531,46.20000076293945,45.58000183105469,46.0,234200
2004-05-06,34.23241424560547,45.20000076293945,45.88999938964844,44.880001068115234,45.88999938964844,347900
2004-05-07,33.09639358520508,43.70000076293945,45.099998474121094,43.70000076293945,45.04999923706055,707700
2004-05-10,32.38447570800781,42.7599983215332,43.43000030517578,42.04999923706055,43.29999923706055,602400
2004-05-11,32.07396697998047,42.349998474121094,42.70000076293945,42.290000915527344,42.5099983215332,513000
2004-05-12,32.24814987182617,42.58000183105469,42.709999084472656,41.939998626708984,42.400001525878906,659600
2004-05-13,32.24814987182617,42.58000183105469,42.70000076293945,42.06999969482422,42.58000183105469,509700
2004-05-14,32.65711975097656,43.119998931884766,43.25,42.5,42.650001525878906,374800
2004-05-17,32.1269645690918,42.41999816894531,42.900001525878906,42.25,42.720001220703125,435200
2004-05-18,32.4299201965332,42.81999969482422,42.93000030517578,42.33000183105469,42.45000076293945,259300
2004-05-19,32.225440979003906,42.54999923706055,43.58000183105469,42.470001220703125,43.04999923706055,354600
2004-05-20,32.4374885559082,42.83000183105469,42.93000030517578,42.45000076293945,42.54999923706055,147700
2004-05-21,32.687416076660156,43.15999984741211,43.599998474121094,42.900001525878906,43.099998474121094,220700
2004-05-24,33.08125305175781,43.68000030517578,43.720001220703125,43.18000030517578,43.2599983215332,267200
2004-05-25,33.78557205200195,44.61000061035156,44.70000076293945,43.369998931884766,43.68000030517578,446100
2004-05-26,33.51894760131836,44.0,44.5099983215332,43.81999969482422,44.400001525878906,206900
2004-05-27,33.899845123291016,44.5,44.790000915527344,43.849998474121094,44.22999954223633,275700
2004-05-28,34.097900390625,44.7599983215332,44.83000183105469,44.41999816894531,44.529998779296875,226100
2004-06-01,34.075050354003906,44.72999954223633,45.0099983215332,44.560001373291016,44.75,312600
2004-06-02,34.25025939941406,44.959999084472656,45.20000076293945,44.540000915527344,44.900001525878906,280200
2004-06-03,34.10552215576172,44.77000045776367,45.0,44.4900016784668,44.72999954223633,312200
2004-06-04,34.21217346191406,44.90999984741211,45.209999084472656,44.47999954223633,44.869998931884766,244400
2004-06-07,34.654029846191406,45.4900016784668,45.4900016784668,44.79999923706055,44.95000076293945,254800
2004-06-08,34.813987731933594,45.70000076293945,45.70000076293945,44.95000076293945,45.4900016784668,239000
2004-06-09,34.70734786987305,45.560001373291016,45.75,45.38999938964844,45.70000076293945,358000
2004-06-10,34.85970687866211,45.7599983215332,45.97999954223633,45.560001373291016,45.65999984741211,250100
2004-06-14,34.455963134765625,45.22999954223633,45.70000076293945,45.119998931884766,45.70000076293945,341600
2004-06-15,34.890174865722656,45.79999923706055,45.9900016784668,45.20000076293945,45.47999954223633,292200
2004-06-16,35.1263427734375,46.11000061035156,46.599998474121094,45.7599983215332,45.84000015258789,343300
2004-06-17,35.41582107543945,46.4900016784668,46.4900016784668,45.91999816894531,46.02000045776367,264800
2004-06-18,35.6367301940918,46.779998779296875,46.970001220703125,46.400001525878906,46.400001525878906,292200
2004-06-21,35.804325103759766,47.0,47.11000061035156,46.689998626708984,46.720001220703125,243300
2004-06-22,35.682430267333984,46.84000015258789,46.84000015258789,46.22999954223633,46.79999923706055,264500
2004-06-23,36.16999435424805,47.47999954223633,47.529998779296875,46.79999923706055,46.869998931884766,254400
2004-06-24,35.834800720214844,47.040000915527344,47.939998626708984,46.88999938964844,47.5099983215332,282500
2004-06-25,35.75862121582031,46.939998626708984,47.45000076293945,46.77000045776367,47.150001525878906,290000
2004-06-28,35.49200439453125,46.59000015258789,47.150001525878906,46.36000061035156,47.04999923706055,522400
2004-06-29,36.116668701171875,47.40999984741211,47.41999816894531,46.43000030517578,46.70000076293945,281000
2004-06-30,36.22330856323242,47.54999923706055,47.650001525878906,47.220001220703125,47.220001220703125,244100
2004-07-01,35.46151351928711,46.54999923706055,47.66999816894531,45.849998474121094,47.54999923706055,338100
2004-07-02,35.438682556152344,46.52000045776367,46.849998474121094,46.15999984741211,46.54999923706055,221000
2004-07-06,34.82923889160156,45.720001220703125,46.52000045776367,45.70000076293945,46.52000045776367,318200
2004-07-07,35.40055465698242,46.470001220703125,46.540000915527344,45.68000030517578,45.72999954223633,268800
2004-07-08,35.24058151245117,46.2599983215332,46.5099983215332,46.09000015258789,46.43000030517578,368200
2004-07-09,35.16442108154297,46.15999984741211,46.4900016784668,45.939998626708984,46.220001220703125,174600
2004-07-12,35.01968765258789,45.970001220703125,46.220001220703125,45.70000076293945,46.15999984741211,176400
2004-07-13,35.149173736572266,46.13999938964844,46.20000076293945,45.83000183105469,46.119998931884766,122300
2004-07-14,34.79112243652344,45.66999816894531,46.11000061035156,45.540000915527344,46.0,331400
2004-07-15,34.78352737426758,45.65999984741211,46.0099983215332,45.63999938964844,45.79999923706055,200700
2004-07-16,35.08824920654297,46.060001373291016,46.56999969482422,45.900001525878906,46.099998474121094,198800
2004-07-19,35.02728271484375,45.97999954223633,46.29999923706055,45.81999969482422,46.29999923706055,189200
2004-07-20,35.2786750793457,46.310001373291016,46.34000015258789,45.70000076293945,45.97999954223633,269100
2004-07-21,34.70734786987305,45.560001373291016,46.66999816894531,45.47999954223633,46.369998931884766,201600
2004-07-22,34.52452087402344,45.31999969482422,45.689998626708984,45.0,45.540000915527344,361900
2004-07-23,34.30360412597656,45.029998779296875,45.630001068115234,45.02000045776367,45.34000015258789,225900
2004-07-26,33.96841812133789,44.59000015258789,45.209999084472656,44.349998474121094,45.040000915527344,187300
2004-07-27,34.143611907958984,44.81999969482422,45.06999969482422,44.369998931884766,44.59000015258789,188600
2004-07-28,34.79112243652344,45.66999816894531,45.75,44.29999923706055,44.650001525878906,280600
2004-07-29,36.116668701171875,47.40999984741211,47.40999984741211,45.79999923706055,45.79999923706055,477500
2004-07-30,36.27665328979492,47.619998931884766,47.650001525878906,47.0,47.31999969482422,359300
2004-08-02,36.73371887207031,48.220001220703125,48.279998779296875,47.58000183105469,47.619998931884766,366700
2004-08-03,36.52803421020508,47.95000076293945,48.220001220703125,47.77000045776367,48.220001220703125,232900
2004-08-04,36.39851760864258,47.779998779296875,48.04999923706055,47.54999923706055,47.849998474121094,349400
2004-08-05,35.4462776184082,46.529998779296875,47.849998474121094,46.400001525878906,47.68000030517578,456700
2004-08-06,34.92827606201172,45.849998474121094,46.61000061035156,45.720001220703125,46.150001525878906,449000
2004-08-09,34.69972229003906,45.54999923706055,46.47999954223633,45.5,46.150001525878906,353400
2004-08-10,35.40055465698242,46.470001220703125,46.470001220703125,45.5,45.75,388300
2004-08-11,35.16442108154297,46.15999984741211,46.400001525878906,45.900001525878906,46.29999923706055,260800
2004-08-12,35.042537689208984,46.0,46.40999984741211,45.90999984741211,46.40999984741211,221600
2004-08-13,34.951114654541016,45.880001068115234,46.189998626708984,45.709999084472656,46.099998474121094,151300
2004-08-16,35.78908157348633,46.97999954223633,46.97999954223633,45.97999954223633,46.04999923706055,299000
2004-08-17,36.14715576171875,47.45000076293945,47.88999938964844,47.09000015258789,47.38999938964844,390500
2004-08-18,36.35280990600586,47.720001220703125,47.72999954223633,47.150001525878906,47.45000076293945,282900
2004-08-19,36.48234176635742,47.88999938964844,47.939998626708984,47.40999984741211,47.68000030517578,255300
2004-08-20,36.72609329223633,48.209999084472656,48.279998779296875,47.630001068115234,47.97999954223633,251400
2004-08-23,36.2918701171875,47.63999938964844,48.58000183105469,47.58000183105469,48.400001525878906,394600
2004-08-24,36.45273971557617,47.59000015258789,47.72999954223633,47.189998626708984,47.619998931884766,236800
2004-08-25,36.621253967285156,47.810001373291016,47.83000183105469,47.06999969482422,47.689998626708984,208600
2004-08-26,36.48337173461914,47.630001068115234,48.06999969482422,47.4900016784668,47.84000015258789,105700
2004-08-27,36.391448974609375,47.5099983215332,47.849998474121094,47.29999923706055,47.849998474121094,109100
2004-08-30,36.161659240722656,47.209999084472656,47.790000915527344,47.209999084472656,47.619998931884766,147600
2004-08-31,36.514015197753906,47.66999816894531,47.83000183105469,47.20000076293945,47.41999816894531,209600
2004-09-01,36.76677703857422,48.0,48.0,47.630001068115234,47.77000045776367,202600
2004-09-02,37.356590270996094,48.77000045776367,48.849998474121094,48.0,48.0,175900
2004-09-03,37.38722610473633,48.810001373291016,48.91999816894531,48.59000015258789,48.79999923706055,257500
2004-09-07,38.007667541503906,49.619998931884766,49.65999984741211,48.869998931884766,48.869998931884766,314700
2004-09-08,37.11148452758789,48.45000076293945,49.61000061035156,48.45000076293945,49.61000061035156,247000
2004-09-09,37.00423049926758,48.310001373291016,48.81999969482422,48.09000015258789,48.599998474121094,255800
2004-09-10,36.812744140625,48.060001373291016,48.290000915527344,47.52000045776367,48.15999984741211,241200
2004-09-13,37.27998352050781,48.66999816894531,48.68000030517578,48.150001525878906,48.15999984741211,338800
2004-09-14,37.19572830200195,48.560001373291016,49.20000076293945,48.099998474121094,48.5,218900
2004-09-15,36.950618743896484,48.2400016784668,48.75,48.060001373291016,48.619998931884766,128200
2004-09-16,37.571048736572266,49.04999923706055,49.119998931884766,48.400001525878906,48.400001525878906,186400
2004-09-17,37.43317794799805,48.869998931884766,49.529998779296875,48.86000061035156,49.349998474121094,306200
2004-09-20,37.37957763671875,48.79999923706055,48.91999816894531,48.540000915527344,48.7599983215332,213200
2004-09-21,37.95404815673828,49.54999923706055,49.810001373291016,48.720001220703125,48.720001220703125,439100
2004-09-22,37.7242317199707,49.25,49.599998474121094,49.189998626708984,49.380001068115234,317100
2004-09-23,37.356590270996094,48.77000045776367,49.209999084472656,48.61000061035156,49.150001525878906,293700
2004-09-24,37.28765106201172,48.68000030517578,48.75,48.439998626708984,48.70000076293945,253800
2004-09-27,37.6936149597168,49.209999084472656,49.369998931884766,48.54999923706055,48.599998474121094,342600
2004-09-28,37.39488220214844,48.81999969482422,49.119998931884766,48.45000076293945,49.11000061035156,335000
2004-09-29,37.86977767944336,49.439998626708984,49.439998626708984,48.560001373291016,48.70000076293945,370200
2004-09-30,39.02640151977539,50.95000076293945,51.18000030517578,49.31999969482422,49.439998626708984,1409600
2004-10-01,39.60089111328125,51.70000076293945,52.130001068115234,50.900001525878906,51.04999923706055,1192000
2004-10-04,38.76597595214844,50.61000061035156,51.86000061035156,50.31999969482422,51.70000076293945,621800
2004-10-05,38.85789489746094,50.72999954223633,51.02000045776367,50.25,50.5,568900
2004-10-06,39.18726348876953,51.15999984741211,51.22999954223633,50.41999816894531,50.599998474121094,495000
2004-10-07,38.743019104003906,50.58000183105469,51.15999984741211,50.310001373291016,50.88999938964844,425400
2004-10-08,38.804283142089844,50.65999984741211,50.95000076293945,50.33000183105469,50.33000183105469,578600
2004-10-11,39.011085510253906,50.93000030517578,50.959999084472656,50.54999923706055,50.79999923706055,599700
2004-10-12,37.37191390991211,48.790000915527344,50.849998474121094,48.439998626708984,50.849998474121094,1461000
2004-10-13,37.211036682128906,48.58000183105469,48.810001373291016,47.95000076293945,48.79999923706055,927600
2004-10-14,36.705509185791016,47.91999816894531,48.529998779296875,47.79999923706055,48.529998779296875,470600
2004-10-15,36.86635971069336,48.130001068115234,48.2400016784668,47.91999816894531,48.04999923706055,345900
2004-10-18,36.74379348754883,47.970001220703125,48.20000076293945,47.16999816894531,48.13999938964844,454200
2004-10-19,35.97783279418945,46.970001220703125,48.040000915527344,46.91999816894531,47.900001525878906,631900
2004-10-20,36.19995880126953,47.2599983215332,47.400001525878906,46.849998474121094,47.13999938964844,497600
2004-10-21,36.406776428222656,47.529998779296875,47.66999816894531,46.939998626708984,47.5099983215332,253500
2004-10-22,36.514015197753906,47.66999816894531,48.209999084472656,47.650001525878906,47.720001220703125,344600
2004-10-25,36.65188217163086,47.849998474121094,47.95000076293945,47.439998626708984,47.54999923706055,263500
2004-10-26,37.218719482421875,48.59000015258789,48.68000030517578,47.720001220703125,47.790000915527344,362100
2004-10-27,37.647666931152344,49.150001525878906,49.20000076293945,48.29999923706055,48.4900016784668,364800
2004-10-28,37.571048736572266,49.04999923706055,49.150001525878906,48.880001068115234,49.150001525878906,454200
2004-10-29,38.13021469116211,49.779998779296875,49.83000183105469,48.939998626708984,49.08000183105469,970700
2004-11-01,38.2144660949707,49.88999938964844,49.91999816894531,49.54999923706055,49.849998474121094,468300
2004-11-02,38.0919189453125,49.72999954223633,50.04999923706055,49.31999969482422,49.900001525878906,483600
2004-11-03,38.29872512817383,50.0,50.220001220703125,49.900001525878906,50.0,398500
2004-11-04,38.459590911865234,50.209999084472656,50.2400016784668,49.599998474121094,49.869998931884766,462300
2004-11-05,38.58213424682617,50.369998931884766,50.59000015258789,50.029998779296875,50.45000076293945,431100
2004-11-08,38.52086639404297,50.290000915527344,50.560001373291016,50.16999816894531,50.369998931884766,270700
2004-11-09,38.459590911865234,50.209999084472656,50.529998779296875,50.099998474121094,50.290000915527344,315800
2004-11-10,38.44427490234375,50.189998626708984,50.380001068115234,50.130001068115234,50.29999923706055,191600
2004-11-11,38.49786376953125,50.2599983215332,50.47999954223633,50.11000061035156,50.349998474121094,386100
2004-11-12,38.68171691894531,50.5,50.720001220703125,50.0,50.099998474121094,415600
2004-11-15,39.50896453857422,51.58000183105469,51.70000076293945,50.619998931884766,50.72999954223633,328200
2004-11-16,39.52429962158203,51.599998474121094,51.72999954223633,51.06999969482422,51.5,506600
2004-11-17,40.18302917480469,52.459999084472656,52.75,51.849998474121094,51.849998474121094,531400
2004-11-18,40.26727294921875,52.56999969482422,52.91999816894531,52.27000045776367,52.31999969482422,236100
2004-11-19,39.80769729614258,51.970001220703125,52.619998931884766,51.47999954223633,52.619998931884766,227000
2004-11-22,39.7230224609375,51.599998474121094,51.77000045776367,51.18000030517578,51.709999084472656,432000
2004-11-23,39.69221878051758,51.560001373291016,51.81999969482422,51.04999923706055,51.75,280000
2004-11-24,40.14643478393555,52.150001525878906,52.150001525878906,51.599998474121094,51.650001525878906,172100
2004-11-26,39.99245834350586,51.95000076293945,52.27000045776367,51.880001068115234,52.029998779296875,45700
2004-11-29,39.9616584777832,51.90999984741211,52.20000076293945,51.43000030517578,52.099998474121094,310800
2004-11-30,39.915470123291016,51.849998474121094,52.13999938964844,51.56999969482422,51.7400016784668,188600
2004-12-01,40.73918914794922,52.91999816894531,52.97999954223633,52.0,52.0,254400
2004-12-02,40.47745132446289,52.58000183105469,53.0,52.470001220703125,52.97999954223633,276300
2004-12-03,40.36967468261719,52.439998626708984,52.650001525878906,52.04999923706055,52.400001525878906,203900
2004-12-06,40.67760467529297,52.84000015258789,52.9900016784668,52.08000183105469,52.29999923706055,226700
2004-12-07,39.87697982788086,51.79999923706055,52.97999954223633,51.779998779296875,52.97999954223633,194400
2004-12-08,41.316558837890625,53.66999816894531,53.88999938964844,51.720001220703125,51.720001220703125,607000
2004-12-09,41.71687316894531,54.189998626708984,54.2400016784668,53.20000076293945,53.20000076293945,394100
2004-12-10,42.301937103271484,54.95000076293945,55.529998779296875,54.029998779296875,55.16999816894531,604400
2004-12-13,41.68608474731445,54.150001525878906,54.68000030517578,53.68000030517578,54.349998474121094,528400
2004-12-14,41.285762786865234,53.630001068115234,53.939998626708984,53.279998779296875,53.900001525878906,542000
2004-12-15,42.15568161010742,54.7599983215332,54.79999923706055,53.540000915527344,53.63999938964844,354100
2004-12-16,41.80923080444336,54.310001373291016,54.7599983215332,53.70000076293945,54.58000183105469,428500
2004-12-17,41.23957061767578,53.56999969482422,54.15999984741211,53.310001373291016,53.75,417000
2004-12-20,41.616790771484375,54.060001373291016,54.34000015258789,53.810001373291016,53.81999969482422,226800
2004-12-21,41.56290817260742,53.9900016784668,54.29999923706055,53.75,53.79999923706055,248900
2004-12-22,41.501312255859375,53.90999984741211,54.15999984741211,53.4900016784668,53.7400016784668,255000
2004-12-23,42.001708984375,54.560001373291016,54.56999969482422,53.869998931884766,54.15999984741211,231700
2004-12-27,41.609100341796875,54.04999923706055,54.619998931884766,53.939998626708984,54.560001373291016,204700
2004-12-28,42.047882080078125,54.619998931884766,54.75,54.150001525878906,54.25,118400
2004-12-29,42.05560302734375,54.630001068115234,54.7400016784668,54.31999969482422,54.7400016784668,146300
2004-12-30,42.13257598876953,54.72999954223633,54.83000183105469,54.43000030517578,54.68000030517578,89300
2004-12-31,42.04021072387695,54.61000061035156,55.04999923706055,54.61000061035156,54.77000045776367,157300
2005-01-03,40.970157623291016,53.220001220703125,54.29999923706055,53.130001068115234,54.0,383100
2005-01-04,40.508243560791016,52.619998931884766,53.849998474121094,52.470001220703125,53.849998474121094,297700
2005-01-05,40.36967468261719,52.439998626708984,53.0,52.40999984741211,52.5099983215332,464400
2005-01-06,40.48514175415039,52.59000015258789,52.900001525878906,52.36000061035156,52.380001068115234,433200
2005-01-07,40.6930046081543,52.86000061035156,53.130001068115234,52.689998626708984,52.70000076293945,367100
2005-01-10,40.84696578979492,53.060001373291016,53.34000015258789,52.720001220703125,52.75,447900
2005-01-11,41.00092697143555,53.2599983215332,53.310001373291016,52.79999923706055,52.95000076293945,445000
2005-01-12,41.12411117553711,53.41999816894531,53.45000076293945,53.029998779296875,53.27000045776367,574200
2005-01-13,41.201080322265625,53.52000045776367,53.630001068115234,53.369998931884766,53.52000045776367,604500
2005-01-14,41.94782638549805,54.4900016784668,54.5,53.650001525878906,53.709999084472656,206800
2005-01-18,42.20956039428711,54.83000183105469,54.83000183105469,54.150001525878906,54.4900016784668,264500
2005-01-19,42.28654479980469,54.93000030517578,54.9900016784668,54.72999954223633,54.83000183105469,453900
2005-01-20,41.978614807128906,54.529998779296875,54.939998626708984,54.470001220703125,54.93000030517578,544600
2005-01-21,41.99401092529297,54.54999923706055,54.900001525878906,54.400001525878906,54.900001525878906,279200
2005-01-24,41.93241500854492,54.470001220703125,54.630001068115234,54.33000183105469,54.630001068115234,423600
2005-01-25,42.20187759399414,54.81999969482422,54.9900016784668,54.470001220703125,54.599998474121094,376400
2005-01-26,42.394317626953125,55.06999969482422,55.11000061035156,54.66999816894531,54.849998474121094,278300
2005-01-27,42.548282623291016,55.27000045776367,55.349998474121094,54.720001220703125,55.189998626708984,376500
2005-01-28,43.079463958740234,55.959999084472656,56.16999816894531,55.27000045776367,55.27000045776367,640800
2005-01-31,43.47977066040039,56.47999954223633,56.47999954223633,55.75,56.29999923706055,418200
2005-02-01,42.84080505371094,55.650001525878906,56.400001525878906,55.189998626708984,56.400001525878906,784300
2005-02-02,43.46437072753906,56.459999084472656,56.470001220703125,55.900001525878906,56.08000183105469,494100
2005-02-03,43.679935455322266,56.7400016784668,56.79999923706055,56.20000076293945,56.29999923706055,401400
2005-02-04,44.257293701171875,57.4900016784668,57.540000915527344,56.439998626708984,56.470001220703125,443000
2005-02-07,44.257293701171875,57.4900016784668,57.83000183105469,57.400001525878906,57.54999923706055,352200
2005-02-08,44.26499938964844,57.5,57.650001525878906,57.380001068115234,57.400001525878906,451700
2005-02-09,44.080230712890625,57.2599983215332,57.599998474121094,57.189998626708984,57.5,309200
2005-02-10,43.84159469604492,56.95000076293945,57.34000015258789,56.849998474121094,57.08000183105469,486200
2005-02-11,44.04174041748047,57.209999084472656,57.400001525878906,56.41999816894531,56.959999084472656,355000
2005-02-14,43.86467361450195,56.97999954223633,57.29999923706055,56.4900016784668,57.220001220703125,297000
2005-02-15,43.572147369384766,56.599998474121094,56.939998626708984,56.52000045776367,56.79999923706055,431600
2005-02-16,43.941650390625,57.08000183105469,57.25,56.54999923706055,56.630001068115234,252800
2005-02-17,43.957069396972656,57.099998474121094,57.52000045776367,57.06999969482422,57.29999923706055,347300
2005-02-18,43.980167388916016,57.130001068115234,57.18000030517578,56.72999954223633,57.18000030517578,297600
2005-02-22,42.78693389892578,55.58000183105469,56.88999938964844,55.58000183105469,56.650001525878906,336200
2005-02-23,43.42923355102539,56.119998931884766,56.34000015258789,55.29999923706055,55.70000076293945,419900
2005-02-24,44.5203742980957,57.529998779296875,57.650001525878906,56.040000915527344,56.20000076293945,430700
2005-02-25,45.2865104675293,58.52000045776367,58.61000061035156,57.439998626708984,57.54999923706055,425200
2005-02-28,44.775753021240234,57.86000061035156,58.43000030517578,57.38999938964844,58.400001525878906,282600
2005-03-01,44.40430450439453,57.380001068115234,58.22999954223633,57.150001525878906,57.86000061035156,395600
2005-03-02,44.97695541381836,58.119998931884766,58.25,57.099998474121094,57.38999938964844,378600
2005-03-03,45.07756042480469,58.25,58.790000915527344,58.11000061035156,58.119998931884766,429900
2005-03-04,46.160972595214844,59.650001525878906,59.66999816894531,58.380001068115234,58.5,398800
2005-03-07,45.55735778808594,58.869998931884766,59.650001525878906,58.77000045776367,59.5099983215332,409600
2005-03-08,45.50318908691406,58.79999923706055,58.9900016784668,58.400001525878906,58.9900016784668,282200
2005-03-09,44.96149826049805,58.099998474121094,58.709999084472656,58.04999923706055,58.650001525878906,290000
2005-03-10,44.40430450439453,57.380001068115234,58.34000015258789,56.91999816894531,58.119998931884766,372900
2005-03-11,44.5822868347168,57.61000061035156,58.02000045776367,57.43000030517578,57.47999954223633,377500
2005-03-14,44.51264953613281,57.52000045776367,57.900001525878906,57.25,57.86000061035156,495000
2005-03-15,44.210838317871094,57.130001068115234,58.0,56.97999954223633,57.599998474121094,342300
2005-03-16,43.79294967651367,56.59000015258789,57.189998626708984,56.459999084472656,57.029998779296875,569800
2005-03-17,43.72331237792969,56.5,56.95000076293945,55.939998626708984,56.81999969482422,490700
2005-03-18,43.39828872680664,56.08000183105469,57.290000915527344,56.040000915527344,56.81999969482422,702500
2005-03-21,43.328636169433594,55.9900016784668,56.16999816894531,55.52000045776367,55.880001068115234,412400
2005-03-22,43.73878479003906,56.52000045776367,57.54999923706055,56.0,56.0,591900
2005-03-23,43.42923355102539,56.119998931884766,56.65999984741211,55.9900016784668,56.58000183105469,379800
2005-03-24,43.529842376708984,56.25,56.560001373291016,56.0,56.220001220703125,337200
2005-03-28,44.1257209777832,57.02000045776367,57.45000076293945,56.29999923706055,56.33000183105469,340600
2005-03-29,43.15837478637695,55.77000045776367,57.2599983215332,55.70000076293945,57.029998779296875,459700
2005-03-30,43.35184097290039,56.02000045776367,56.119998931884766,55.25,55.599998474121094,480700
2005-03-31,43.97868347167969,56.83000183105469,57.130001068115234,56.25,56.25,513600
2005-04-01,44.42751693725586,57.40999984741211,57.70000076293945,56.689998626708984,56.84000015258789,467900
2005-04-04,44.13344955444336,57.029998779296875,57.470001220703125,56.709999084472656,57.470001220703125,328000
2005-04-05,44.3036994934082,57.25,57.290000915527344,56.650001525878906,57.18000030517578,320700
2005-04-06,44.29595184326172,57.2400016784668,57.63999938964844,56.97999954223633,57.400001525878906,171400
2005-04-07,44.381099700927734,57.349998474121094,57.90999984741211,56.81999969482422,57.119998931884766,294400
2005-04-08,44.3036994934082,57.25,57.66999816894531,57.02000045776367,57.36000061035156,225100
2005-04-11,44.35014343261719,57.310001373291016,57.709999084472656,56.93000030517578,57.33000183105469,229700
2005-04-12,44.001895904541016,56.86000061035156,57.29999923706055,56.29999923706055,57.099998474121094,682200
2005-04-13,43.60722351074219,56.349998474121094,56.959999084472656,56.290000915527344,56.75,300200
2005-04-14,43.135169982910156,55.7400016784668,56.97999954223633,55.470001220703125,56.900001525878906,411300
2005-04-15,41.633880615234375,53.79999923706055,55.77000045776367,53.79999923706055,55.7400016784668,634600
2005-04-18,41.796382904052734,54.0099983215332,54.41999816894531,53.75,54.04999923706055,381800
2005-04-19,41.757686614990234,53.959999084472656,54.209999084472656,53.540000915527344,53.849998474121094,453700
2005-04-20,41.0534782409668,53.04999923706055,54.040000915527344,53.02000045776367,53.849998474121094,329300
2005-04-21,41.51779556274414,53.650001525878906,53.900001525878906,53.29999923706055,53.29999923706055,340600
2005-04-22,41.07670211791992,53.08000183105469,53.650001525878906,52.709999084472656,53.650001525878906,469900
2005-04-25,41.55649948120117,53.70000076293945,54.310001373291016,53.25,53.25,502000
2005-04-26,41.09990310668945,53.11000061035156,54.099998474121094,53.11000061035156,53.70000076293945,620100
2005-04-27,40.774879455566406,52.689998626708984,53.130001068115234,52.36000061035156,53.130001068115234,467700
2005-04-28,41.123111724853516,53.13999938964844,54.86000061035156,53.08000183105469,54.5,975000
2005-04-29,41.04574966430664,53.040000915527344,53.779998779296875,52.5,53.20000076293945,757600
2005-05-02,42.8565559387207,55.380001068115234,55.38999938964844,53.45000076293945,53.45000076293945,764000
2005-05-03,42.84111404418945,55.36000061035156,56.029998779296875,55.220001220703125,55.459999084472656,478500
2005-05-04,43.320899963378906,55.97999954223633,56.099998474121094,55.04999923706055,55.380001068115234,321900
2005-05-05,43.28993606567383,55.939998626708984,56.59000015258789,55.75,55.900001525878906,241800
2005-05-06,43.72331237792969,56.5,56.83000183105469,55.959999084472656,56.060001373291016,202600
2005-05-09,43.870338439941406,56.689998626708984,56.70000076293945,56.16999816894531,56.599998474121094,230400
2005-05-10,43.460182189941406,56.15999984741211,56.689998626708984,55.75,56.689998626708984,364600
2005-05-11,43.25123977661133,55.88999938964844,56.15999984741211,55.31999969482422,56.15999984741211,417500
2005-05-12,42.22975158691406,54.56999969482422,56.0,54.459999084472656,55.79999923706055,431800
2005-05-13,42.454166412353516,54.86000061035156,55.27000045776367,54.400001525878906,54.75,577100
2005-05-16,43.491146087646484,56.20000076293945,56.27000045776367,54.93000030517578,54.95000076293945,380100
2005-05-17,44.29595184326172,57.2400016784668,57.40999984741211,55.849998474121094,56.20000076293945,488800
2005-05-18,45.038856506347656,58.20000076293945,58.45000076293945,57.5,57.5,463300
2005-05-19,44.95374298095703,58.09000015258789,58.25,57.83000183105469,58.040000915527344,296600
2005-05-20,45.15494918823242,58.349998474121094,58.599998474121094,57.849998474121094,58.09000015258789,304900
2005-05-23,46.184200286865234,59.68000030517578,59.9900016784668,58.22999954223633,58.349998474121094,578400
2005-05-24,46.470516204833984,60.04999923706055,60.150001525878906,59.369998931884766,59.47999954223633,643100
2005-05-25,45.89509582519531,59.02000045776367,59.869998931884766,58.97999954223633,59.66999816894531,343700
2005-05-26,46.72713851928711,60.09000015258789,60.16999816894531,59.150001525878906,59.150001525878906,256200
2005-05-27,46.952640533447266,60.380001068115234,60.5,60.0099983215332,60.290000915527344,258200
2005-05-31,46.60272216796875,59.93000030517578,60.439998626708984,59.79999923706055,60.41999816894531,242900
2005-06-01,46.91376495361328,60.33000183105469,60.93000030517578,59.900001525878906,60.18000030517578,252200
2005-06-02,47.014854431152344,60.459999084472656,60.779998779296875,60.150001525878906,60.369998931884766,140100
2005-06-03,46.74269485473633,60.11000061035156,60.650001525878906,59.79999923706055,60.459999084472656,212700
2005-06-06,47.38032913208008,60.93000030517578,60.95000076293945,59.939998626708984,60.0,198200
2005-06-07,48.111289978027344,61.869998931884766,62.25,60.869998931884766,60.9900016784668,482100
2005-06-08,47.48921203613281,61.06999969482422,62.15999984741211,60.68000030517578,62.08000183105469,191100
2005-06-09,48.227943420410156,62.02000045776367,62.36000061035156,60.5,61.279998779296875,385800
2005-06-10,48.189048767089844,61.970001220703125,62.380001068115234,61.599998474121094,61.970001220703125,217400
2005-06-13,48.266807556152344,62.06999969482422,62.70000076293945,61.70000076293945,61.97999954223633,193100
2005-06-14,48.694515228271484,62.619998931884766,62.9900016784668,61.93000030517578,62.119998931884766,256000
2005-06-15,49.339935302734375,63.45000076293945,63.45000076293945,62.77000045776367,62.84000015258789,254200
2005-06-16,50.31196212768555,64.69999694824219,64.69999694824219,63.349998474121094,63.45000076293945,369200
2005-06-17,51.089576721191406,65.69999694824219,65.98999786376953,65.36000061035156,65.5999984741211,706700
2005-06-20,50.514129638671875,64.95999908447266,65.36000061035156,64.70999908447266,65.19999694824219,332200
2005-06-21,49.96980285644531,64.26000213623047,65.0999984741211,64.20999908447266,65.0,287400
2005-06-22,49.72874069213867,63.95000076293945,64.41000366210938,63.34000015258789,64.30000305175781,263200
2005-06-23,49.13774108886719,63.189998626708984,64.05999755859375,62.77000045776367,63.95000076293945,364000
2005-06-24,49.277713775634766,63.369998931884766,63.59000015258789,62.869998931884766,62.869998931884766,532300
2005-06-27,49.635433197021484,63.83000183105469,64.02999877929688,63.15999984741211,63.27000045776367,444700
2005-06-28,50.01645278930664,64.31999969482422,64.66999816894531,64.02999877929688,64.02999877929688,341200
2005-06-29,50.15641403198242,64.5,64.69000244140625,64.02999877929688,64.55000305175781,348300
2005-06-30,50.537471771240234,64.98999786376953,65.33999633789062,64.62000274658203,64.75,429100
2005-07-01,50.397499084472656,64.80999755859375,65.44999694824219,64.08000183105469,65.4000015258789,313500
2005-07-05,50.871849060058594,65.41999816894531,65.4800033569336,64.04000091552734,64.6500015258789,360400
2005-07-06,51.13623046875,65.76000213623047,66.05999755859375,65.36000061035156,65.62999725341797,373900
2005-07-07,50.871849060058594,65.41999816894531,65.5999984741211,64.36000061035156,64.9000015258789,284200
2005-07-08,51.92940139770508,66.77999877929688,67.0,65.44999694824219,65.58000183105469,541600
2005-07-11,52.50485610961914,67.5199966430664,67.69999694824219,66.9000015258789,67.0,388300
2005-07-12,51.85163879394531,66.68000030517578,67.5,66.4800033569336,67.5,633200
2005-07-13,51.66499710083008,66.44000244140625,66.88999938964844,66.13999938964844,66.69000244140625,320100
2005-07-14,51.65724182128906,66.43000030517578,67.51000213623047,65.91000366210938,66.69000244140625,291200
2005-07-15,51.766117095947266,66.56999969482422,66.77999877929688,66.30000305175781,66.52999877929688,252300
2005-07-18,51.83608627319336,66.66000366210938,67.0999984741211,66.4800033569336,66.61000061035156,288700
2005-07-19,51.9216423034668,66.7699966430664,67.0199966430664,66.44999694824219,66.8499984741211,282700
2005-07-20,54.21562957763672,69.72000122070312,69.88999938964844,67.19999694824219,67.19999694824219,980300
2005-07-21,53.76457595825195,69.13999938964844,70.0,69.13999938964844,69.5999984741211,732500
2005-07-22,53.927886962890625,69.3499984741211,69.55999755859375,68.91999816894531,69.19999694824219,318900
2005-07-25,53.88124465942383,69.29000091552734,69.66000366210938,69.0,69.5999984741211,283800
2005-07-26,54.861019134521484,70.55000305175781,70.73999786376953,68.58000183105469,69.4000015258789,514200
2005-07-27,54.441123962402344,70.01000213623047,70.55999755859375,68.80000305175781,70.55000305175781,460700
2005-07-28,56.06633758544922,72.0999984741211,72.0999984741211,70.5199966430664,70.75,414100
2005-07-29,54.61997604370117,70.23999786376953,72.31999969482422,70.18000030517578,71.87999725341797,346200
2005-08-01,56.12078094482422,72.16999816894531,72.27999877929688,69.9800033569336,70.30000305175781,711600
2005-08-02,55.99636459350586,72.01000213623047,73.44000244140625,71.9000015258789,72.5,568600
2005-08-03,55.44424057006836,71.30000305175781,72.05000305175781,71.08999633789062,72.05000305175781,224700
2005-08-04,55.00099563598633,70.7300033569336,71.30000305175781,70.30000305175781,71.30000305175781,260500
2005-08-05,54.028995513916016,69.4800033569336,71.12999725341797,68.16999816894531,70.7300033569336,509500
2005-08-08,54.06006622314453,69.5199966430664,70.33000183105469,69.05000305175781,69.9800033569336,607400
2005-08-09,54.72882843017578,70.37999725341797,70.77999877929688,70.0199966430664,70.25,559400
2005-08-10,54.37890625,69.93000030517578,71.27999877929688,69.69999694824219,70.55000305175781,503000
2005-08-11,54.76771926879883,70.43000030517578,70.5999984741211,69.93000030517578,70.33999633789062,238800
2005-08-12,54.23114013671875,69.73999786376953,70.26000213623047,69.27999877929688,70.26000213623047,230000
2005-08-15,54.13785171508789,69.62000274658203,70.29000091552734,69.38999938964844,69.95999908447266,314900
2005-08-16,53.53908157348633,68.8499984741211,69.8499984741211,68.62000274658203,69.62999725341797,371300
2005-08-17,53.5701904296875,68.88999938964844,69.16000366210938,68.27999877929688,68.8499984741211,471100
2005-08-18,52.71479797363281,67.79000091552734,68.80000305175781,67.70999908447266,68.69999694824219,383200
2005-08-19,52.598148345947266,67.63999938964844,68.4000015258789,67.05000305175781,68.27999877929688,383600
2005-08-22,52.46596908569336,67.47000122070312,68.31999969482422,67.19000244140625,67.80000305175781,296600
2005-08-23,52.32537841796875,67.0,67.58999633789062,66.62000274658203,67.41000366210938,276700
2005-08-24,51.73965072631836,66.25,67.91999816894531,66.19000244140625,66.75,442000
2005-08-25,51.700592041015625,66.19999694824219,66.73999786376953,66.05000305175781,66.36000061035156,386800
2005-08-26,51.278873443603516,65.66000366210938,66.44999694824219,65.11000061035156,66.30000305175781,370400
2005-08-29,51.35698318481445,65.76000213623047,66.37999725341797,64.9000015258789,65.51000213623047,372500
2005-08-30,51.052406311035156,65.37000274658203,65.97000122070312,65.0199966430664,65.55999755859375,517200
2005-08-31,56.11311340332031,71.8499984741211,72.29000091552734,65.41000366210938,65.41000366210938,1927400
2005-09-01,54.824501037597656,70.19999694824219,72.44999694824219,70.11000061035156,72.0,1300500
2005-09-02,54.668312072753906,70.0,70.55999755859375,69.69999694824219,70.44999694824219,505300
2005-09-06,55.3477783203125,70.87000274658203,71.30000305175781,70.44000244140625,70.6500015258789,519400
2005-09-07,55.464927673339844,71.0199966430664,71.05000305175781,70.0199966430664,70.87000274658203,491700
2005-09-08,54.598026275634766,69.91000366210938,70.93000030517578,69.3499984741211,70.91999816894531,612200
2005-09-09,55.24623489379883,70.73999786376953,71.0,69.91000366210938,70.4000015258789,296200
2005-09-12,55.214996337890625,70.69999694824219,71.1500015258789,70.4000015258789,70.83999633789062,282400
2005-09-13,54.57460021972656,69.87999725341797,70.66999816894531,69.70999908447266,70.5999984741211,357000
2005-09-14,54.629268646240234,69.94999694824219,70.56999969482422,69.70999908447266,69.86000061035156,414400
2005-09-15,55.004146575927734,70.43000030517578,70.69999694824219,70.20999908447266,70.4000015258789,344700
2005-09-16,55.60548782348633,71.19999694824219,71.19999694824219,69.98999786376953,70.72000122070312,607700
2005-09-19,54.87916564941406,70.2699966430664,71.69999694824219,70.0199966430664,71.19999694824219,452000
2005-09-20,53.746768951416016,68.81999969482422,70.6500015258789,68.80999755859375,70.6500015258789,554000
2005-09-21,54.3168830871582,69.55000305175781,69.83999633789062,68.2699966430664,68.81999969482422,876400
2005-09-22,55.62889099121094,71.2300033569336,71.48999786376953,69.33000183105469,69.5,494600
2005-09-23,55.503944396972656,71.06999969482422,71.23999786376953,70.30999755859375,71.05000305175781,388000
2005-09-26,55.839778900146484,71.5,72.20999908447266,71.20999908447266,71.25,586500
2005-09-27,57.30803298950195,73.37999725341797,73.80999755859375,71.54000091552734,71.62000274658203,693600
2005-09-28,56.8940544128418,72.8499984741211,73.5199966430664,72.20999908447266,73.37000274658203,564000
2005-09-29,57.69850158691406,73.87999725341797,73.98999786376953,72.12999725341797,73.4000015258789,424200
2005-09-30,57.956214904785156,74.20999908447266,74.55000305175781,73.61000061035156,73.94999694824219,448300
2005-10-03,59.19015884399414,75.79000091552734,75.98999786376953,74.22000122070312,74.22000122070312,657000
2005-10-04,57.25332260131836,73.30999755859375,76.30999755859375,73.30000305175781,75.75,541900
2005-10-05,55.5898551940918,71.18000030517578,73.31999969482422,70.91999816894531,73.31999969482422,550900
2005-10-06,54.33250045776367,69.56999969482422,71.31999969482422,69.2300033569336,71.30000305175781,632800
2005-10-07,54.613643646240234,69.93000030517578,70.4800033569336,69.12999725341797,69.56999969482422,534200
2005-10-10,53.613983154296875,68.6500015258789,69.5,67.77999877929688,69.0999984741211,465800
2005-10-11,53.660850524902344,68.70999908447266,69.55000305175781,68.45999908447266,68.69000244140625,573400
2005-10-12,52.91891860961914,67.76000213623047,68.70999908447266,67.31999969482422,68.70999908447266,518500
2005-10-13,53.00483703613281,67.87000274658203,68.08999633789062,67.02999877929688,67.02999877929688,735000
2005-10-14,53.434364318847656,68.41999816894531,68.93000030517578,67.4000015258789,68.4000015258789,414200
2005-10-17,53.79362106323242,68.87999725341797,69.16999816894531,68.30000305175781,68.43000030517578,286900
2005-10-18,53.30158615112305,68.25,69.05999755859375,68.23999786376953,68.80000305175781,663300
2005-10-19,54.17631530761719,69.37000274658203,69.37000274658203,66.80999755859375,68.0,672200
2005-10-20,52.34883117675781,67.02999877929688,69.37000274658203,66.70999908447266,69.37000274658203,681000
2005-10-21,52.598751068115234,67.3499984741211,68.29000091552734,66.43000030517578,67.13999938964844,365800
2005-10-24,53.887351989746094,69.0,69.0999984741211,67.38999938964844,67.4000015258789,327100
2005-10-25,52.567501068115234,67.30999755859375,68.88999938964844,66.76000213623047,68.75,663800
2005-10-26,52.91891860961914,67.76000213623047,69.22000122070312,67.37999725341797,67.37999725341797,524600
2005-10-27,51.036781311035156,65.3499984741211,67.5999984741211,64.91000366210938,67.51000213623047,566500
2005-10-28,49.69348907470703,63.630001068115234,64.27999877929688,60.720001220703125,63.75,1761800
2005-10-31,50.7634391784668,65.0,66.19999694824219,63.97999954223633,63.97999954223633,916100
2005-11-01,51.54439926147461,66.0,66.05000305175781,63.900001525878906,64.83000183105469,1190400
2005-11-02,53.30158615112305,68.25,68.76000213623047,65.83000183105469,65.83000183105469,906400
2005-11-03,52.87205505371094,67.69999694824219,68.94999694824219,67.37000274658203,68.69999694824219,843600
2005-11-04,52.434722900390625,67.13999938964844,68.0999984741211,66.5199966430664,67.55000305175781,698000
2005-11-07,52.403480529785156,67.0999984741211,67.66000366210938,66.6500015258789,67.30000305175781,525400
2005-11-08,50.724388122558594,64.94999694824219,66.68000030517578,64.87999725341797,66.66999816894531,838900
2005-11-09,49.732547760009766,63.68000030517578,65.2699966430664,63.68000030517578,65.0,881800
2005-11-10,51.1617431640625,65.51000213623047,65.51000213623047,63.400001525878906,63.84000015258789,936600
2005-11-11,50.864952087402344,65.12999725341797,65.80999755859375,65.0,65.38999938964844,354900
2005-11-14,50.950862884521484,65.23999786376953,65.30000305175781,64.70999908447266,65.01000213623047,668300
2005-11-15,50.71656036376953,64.94000244140625,65.75,64.76000213623047,65.75,454900
2005-11-16,51.1148681640625,65.44999694824219,65.54000091552734,64.7699966430664,65.4000015258789,519000
2005-11-17,52.380043029785156,67.06999969482422,67.9000015258789,65.69999694824219,65.8499984741211,625100
2005-11-18,52.66119384765625,67.43000030517578,68.5,66.33000183105469,67.06999969482422,449000
2005-11-21,52.30823516845703,66.69000244140625,67.05000305175781,66.51000213623047,67.0,548300
2005-11-22,53.241634368896484,67.87999725341797,67.87999725341797,65.76000213623047,66.47000122070312,523400
2005-11-23,52.66120910644531,67.13999938964844,67.9800033569336,67.01000213623047,67.87999725341797,207300
2005-11-25,53.10826873779297,67.70999908447266,67.70999908447266,66.9000015258789,67.31999969482422,99300
2005-11-28,52.135684967041016,66.47000122070312,67.8499984741211,66.4000015258789,67.5999984741211,390700
2005-11-29,52.45726013183594,66.87999725341797,68.69999694824219,66.75,67.25,339000
2005-11-30,52.31610107421875,66.69999694824219,68.0999984741211,66.36000061035156,67.0,345200
2005-12-01,54.16716766357422,69.05999755859375,69.19999694824219,67.75,68.5,498700
2005-12-02,54.52796173095703,69.5199966430664,69.88999938964844,68.75,69.06999969482422,416300
2005-12-05,53.35144805908203,68.0199966430664,69.1500015258789,67.69999694824219,69.1500015258789,351400
2005-12-06,53.92399597167969,68.75,69.30000305175781,67.91000366210938,67.95999908447266,400900
2005-12-07,53.67301559448242,68.43000030517578,69.05999755859375,68.1500015258789,68.98999786376953,898300
2005-12-08,53.76711654663086,68.55000305175781,69.61000061035156,67.6500015258789,68.55000305175781,549800
2005-12-09,53.853416442871094,68.66000366210938,68.9800033569336,67.9800033569336,68.87000274658203,259000
2005-12-12,53.97891616821289,68.81999969482422,69.12999725341797,68.44000244140625,68.77999877929688,287100
2005-12-13,54.41032028198242,69.37000274658203,69.63999938964844,68.6500015258789,68.69000244140625,349500
2005-12-14,57.626155853271484,73.47000122070312,74.12000274658203,70.75,70.75,1789800
2005-12-15,55.72801208496094,71.05000305175781,73.44000244140625,70.87999725341797,73.13999938964844,1098500
2005-12-16,55.10053253173828,70.25,72.05000305175781,70.25,71.80000305175781,762900
2005-12-19,54.02598190307617,68.87999725341797,70.33000183105469,68.7300033569336,70.0,605500
2005-12-20,53.84556198120117,68.6500015258789,69.33999633789062,68.33999633789062,68.9800033569336,436500
2005-12-21,54.614227294921875,69.62999725341797,70.08999633789062,69.04000091552734,69.1500015258789,385000
2005-12-22,54.731868743896484,69.77999877929688,70.02999877929688,69.38999938964844,69.8499984741211,294000
2005-12-23,54.51225280761719,69.5,70.25,69.30999755859375,69.8499984741211,210700
2005-12-27,54.36323547363281,69.30999755859375,70.30999755859375,69.18000030517578,69.75,294700
2005-12-28,53.57889175415039,68.30999755859375,69.30000305175781,68.30000305175781,69.19999694824219,294300
2005-12-29,53.61811828613281,68.36000061035156,69.02999877929688,67.41000366210938,68.12999725341797,269900
2005-12-30,53.1396598815918,67.75,68.36000061035156,67.58999633789062,68.36000061035156,196100
2006-01-03,53.861270904541016,68.66999816894531,68.98999786376953,67.3499984741211,68.44000244140625,781600
2006-01-04,53.24945831298828,67.88999938964844,68.56999969482422,67.75,68.5,539400
2006-01-05,53.814205169677734,68.61000061035156,69.29000091552734,68.05000305175781,68.11000061035156,624700
2006-01-06,54.90444564819336,70.0,70.19000244140625,69.06999969482422,69.63999938964844,534200
2006-01-09,54.74757385253906,69.80000305175781,70.48999786376953,69.5999984741211,69.8499984741211,476900
2006-01-10,55.38291549682617,70.61000061035156,70.7699966430664,69.37999725341797,69.55000305175781,363200
2006-01-11,54.81817626953125,69.88999938964844,70.45999908447266,69.75,70.45999908447266,328100
2006-01-12,53.55535888671875,68.27999877929688,69.88999938964844,68.04000091552734,69.88999938964844,406200
2006-01-13,53.45338439941406,68.1500015258789,68.6500015258789,67.69999694824219,68.44999694824219,268000
2006-01-17,53.3592643737793,68.02999877929688,68.18000030517578,66.9800033569336,67.55000305175781,531200
2006-01-18,54.31616973876953,69.25,69.97000122070312,68.02999877929688,68.04000091552734,642600
2006-01-19,54.44953536987305,69.41999816894531,70.06999969482422,69.05000305175781,69.43000030517578,368800
2006-01-20,53.17889404296875,67.80000305175781,70.23999786376953,67.62999725341797,70.1500015258789,449600
2006-01-23,53.96321105957031,68.80000305175781,69.02999877929688,67.75,67.75,245100
2006-01-24,54.39463806152344,69.3499984741211,69.87000274658203,68.75,68.80000305175781,389700
2006-01-25,54.37895584106445,69.33000183105469,70.44999694824219,68.75,70.30000305175781,459900
2006-01-26,56.590816497802734,72.1500015258789,72.27999877929688,70.12000274658203,70.5999984741211,678700
2006-01-27,56.47316360473633,72.0,72.94999694824219,71.33999633789062,71.9800033569336,633200
2006-01-30,56.86531448364258,72.5,72.56999969482422,71.7300033569336,71.91999816894531,318900
2006-01-31,56.379005432128906,71.87999725341797,72.5,70.83000183105469,72.44999694824219,442600
2006-02-01,60.59880828857422,77.26000213623047,77.83000183105469,73.52999877929688,73.76000213623047,1654800
2006-02-02,59.82230758666992,76.2699966430664,77.33000183105469,76.08999633789062,77.25,1106200
2006-02-03,58.43402862548828,74.5,75.41000366210938,73.95999908447266,75.19999694824219,810600
2006-02-06,63.07736587524414,80.41999816894531,80.41999816894531,76.9000015258789,77.0,1310900
2006-02-07,60.97532653808594,77.73999786376953,79.5999984741211,77.69000244140625,79.0,1068900
2006-02-08,60.214481353759766,76.7699966430664,77.8499984741211,76.12999725341797,77.8499984741211,669100
2006-02-09,61.92437744140625,78.94999694824219,79.98999786376953,77.98999786376953,78.05999755859375,842600
2006-02-10,61.006690979003906,77.77999877929688,78.76000213623047,76.83000183105469,78.6500015258789,640400
2006-02-13,60.096824645996094,76.62000274658203,78.22000122070312,76.61000061035156,77.77999877929688,554300
2006-02-14,61.24983596801758,78.08999633789062,78.45999908447266,76.12000274658203,76.51000213623047,637900
2006-02-15,61.75969696044922,78.73999786376953,79.16000366210938,77.80000305175781,78.22000122070312,434100
2006-02-16,61.84593963623047,78.8499984741211,78.94000244140625,77.87999725341797,78.7300033569336,627400
2006-02-17,61.061588287353516,77.8499984741211,79.0,77.66000366210938,78.86000061035156,442300
2006-02-21,60.661556243896484,77.33999633789062,77.80999755859375,76.95999908447266,77.6500015258789,695300
2006-02-22,61.68613815307617,78.2699966430664,78.30000305175781,77.18000030517578,77.56999969482422,924700
2006-02-23,62.67912673950195,79.52999877929688,79.66000366210938,78.01000213623047,78.2699966430664,539400
2006-02-24,62.91559982299805,79.83000183105469,79.98999786376953,78.44000244140625,79.44000244140625,448800
2006-02-27,63.128379821777344,80.0999984741211,80.75,79.37999725341797,79.86000061035156,413400
2006-02-28,62.26145935058594,79.0,79.73999786376953,78.69999694824219,79.19999694824219,570100
2006-03-01,63.0890007019043,80.05000305175781,80.19999694824219,78.41000366210938,79.1500015258789,337300
2006-03-02,62.994415283203125,79.93000030517578,80.0,78.66999816894531,79.6500015258789,524900
2006-03-03,62.4742431640625,79.2699966430664,80.11000061035156,78.8499984741211,79.4800033569336,388200
2006-03-06,61.70978546142578,78.30000305175781,79.25,78.18000030517578,79.0199966430664,437500
2006-03-07,60.803409576416016,77.1500015258789,78.62000274658203,76.80000305175781,78.0999984741211,806200
2006-03-08,60.882266998291016,77.25,77.33999633789062,75.61000061035156,76.9000015258789,452800
2006-03-09,61.01622009277344,77.41999816894531,77.8499984741211,76.9000015258789,77.4000015258789,324900
2006-03-10,61.05561065673828,77.47000122070312,77.9800033569336,77.25,77.41999816894531,497900
2006-03-13,61.402408599853516,77.91000366210938,78.69999694824219,77.4800033569336,77.5,362900
2006-03-14,62.58456039428711,79.41000366210938,79.54000091552734,77.91000366210938,77.91000366210938,540800
2006-03-15,66.99016571044922,85.0,87.5999984741211,84.75,87.0,1653900
2006-03-16,67.22660064697266,85.30000305175781,85.76000213623047,84.62999725341797,85.0999984741211,1036000
2006-03-17,68.26690673828125,86.62000274658203,87.69000244140625,85.72000122070312,86.05000305175781,910200
2006-03-20,67.66793060302734,85.86000061035156,86.68000030517578,85.08000183105469,86.58000183105469,334500
2006-03-21,67.30543518066406,85.4000015258789,86.36000061035156,85.0999984741211,85.66000366210938,489100
2006-03-22,67.9201431274414,86.18000030517578,86.20999908447266,84.79000091552734,85.5,518500
2006-03-23,68.4087905883789,86.80000305175781,87.6500015258789,86.08999633789062,86.1500015258789,585500
2006-03-24,68.1171646118164,86.43000030517578,87.08999633789062,85.16000366210938,86.80999755859375,458000
2006-03-27,67.9910888671875,86.2699966430664,86.9000015258789,86.05999755859375,86.37000274658203,239900
2006-03-28,67.8492202758789,86.08999633789062,86.88999938964844,85.8499984741211,86.48999786376953,434800
2006-03-29,68.31421661376953,86.68000030517578,87.05999755859375,85.94000244140625,86.5,440700
2006-03-30,69.16535186767578,87.76000213623047,89.16000366210938,87.16000366210938,88.05000305175781,712000
2006-03-31,68.29054260253906,86.6500015258789,87.66999816894531,86.19999694824219,87.55000305175781,684600
2006-04-03,70.04020690917969,88.87000274658203,89.93000030517578,86.75,87.44999694824219,881200
2006-04-04,71.23812103271484,90.38999938964844,90.5,88.87999725341797,88.87999725341797,614000
2006-04-05,73.50006103515625,93.26000213623047,93.33999633789062,90.41000366210938,90.66999816894531,1024400
2006-04-06,72.4439926147461,91.91999816894531,92.45999908447266,91.1500015258789,91.5,634600
2006-04-07,70.07173919677734,88.91000366210938,92.04000091552734,88.68000030517578,91.91999816894531,994200
2006-04-10,70.67857360839844,89.68000030517578,89.87999725341797,88.2699966430664,88.94999694824219,835500
2006-04-11,68.96045684814453,87.5,89.73999786376953,87.02999877929688,89.68000030517578,498000
2006-04-12,69.32303619384766,87.95999908447266,88.31999969482422,87.4000015258789,87.80000305175781,397400
2006-04-13,71.67943572998047,90.94999694824219,91.69999694824219,90.19999694824219,90.19999694824219,764000
2006-04-17,71.62430572509766,90.87999725341797,91.80000305175781,90.20999908447266,91.01000213623047,537400
2006-04-18,73.68133544921875,93.48999786376953,93.76000213623047,90.75,91.87999725341797,722200
2006-04-19,73.6025161743164,93.38999938964844,93.76000213623047,92.7699966430664,93.23999786376953,593800
2006-04-20,73.44486236572266,93.19000244140625,93.75,92.2699966430664,93.4000015258789,456900
2006-04-21,73.50006103515625,93.26000213623047,93.4800033569336,92.19000244140625,93.30000305175781,300700
2006-04-24,72.46761322021484,91.94999694824219,93.8499984741211,91.63999938964844,93.4800033569336,446200
2006-04-25,72.55427551269531,92.05999755859375,92.44999694824219,90.93000030517578,92.0199966430664,689000
2006-04-26,68.95257568359375,87.48999786376953,92.06999969482422,87.11000061035156,91.01000213623047,1587800
2006-04-27,67.58911895751953,85.76000213623047,87.13999938964844,84.27999877929688,86.6500015258789,1056900
2006-04-28,66.9585952758789,84.95999908447266,85.80000305175781,84.58000183105469,85.80000305175781,959300
2006-05-01,67.5418472290039,85.69999694824219,86.26000213623047,84.6500015258789,85.20999908447266,814800
2006-05-02,68.2038803100586,86.54000091552734,86.69000244140625,83.72000122070312,85.55999755859375,975600
2006-05-03,67.66793060302734,85.86000061035156,86.2699966430664,85.54000091552734,86.1500015258789,473500
2006-05-04,68.4166259765625,86.80999755859375,87.08000183105469,86.08999633789062,86.3499984741211,455100
2006-05-05,69.24420928955078,87.86000061035156,88.58999633789062,86.18000030517578,86.80999755859375,611000
2006-05-08,69.40970611572266,88.06999969482422,90.7300033569336,87.7300033569336,90.43000030517578,652600
2006-05-09,68.36936950683594,86.75,87.66000366210938,86.45999908447266,87.3499984741211,742500
2006-05-10,68.91315460205078,87.44000244140625,87.76000213623047,86.45999908447266,86.75,593700
2006-05-11,68.32209014892578,86.69000244140625,88.68000030517578,86.69000244140625,87.44000244140625,616300
2006-05-12,66.14686584472656,83.93000030517578,86.47000122070312,83.63999938964844,86.44999694824219,867300
2006-05-15,64.9646987915039,82.43000030517578,83.6500015258789,81.05000305175781,83.05000305175781,1411400
2006-05-16,65.60304260253906,83.23999786376953,83.80000305175781,81.75,82.19999694824219,845200
2006-05-17,63.04957580566406,80.0,82.54000091552734,79.25,82.19999694824219,1004600
2006-05-18,62.93134689331055,79.8499984741211,81.76000213623047,79.79000091552734,80.94999694824219,779200
2006-05-19,63.04170608520508,79.98999786376953,80.51000213623047,78.80999755859375,79.80000305175781,912400
2006-05-22,61.528480529785156,78.06999969482422,79.95999908447266,77.12000274658203,79.19999694824219,1047600
2006-05-23,61.67036437988281,78.25,80.5199966430664,78.25,78.8499984741211,717400
2006-05-24,61.07646942138672,77.12999725341797,79.7300033569336,75.7699966430664,77.62999725341797,1363800
2006-05-25,62.70770263671875,79.19000244140625,79.4000015258789,76.6500015258789,77.5999984741211,792300
2006-05-26,63.301605224609375,79.94000244140625,80.05000305175781,78.87999725341797,79.19000244140625,548400
2006-05-30,61.55946350097656,77.73999786376953,79.73999786376953,77.41000366210938,79.73999786376953,532000
2006-05-31,61.804962158203125,78.05000305175781,78.58999633789062,77.44999694824219,78.11000061035156,688600
2006-06-01,64.14888000488281,81.01000213623047,81.01000213623047,77.68000030517578,78.02999877929688,643400
2006-06-02,64.84574127197266,81.88999938964844,82.19999694824219,81.02999877929688,81.3499984741211,744200
2006-06-05,62.35136413574219,78.73999786376953,81.69999694824219,78.4000015258789,81.69999694824219,1056000
2006-06-06,61.30611038208008,77.41999816894531,78.77999877929688,76.69999694824219,78.69999694824219,1512300
2006-06-07,60.2370719909668,76.06999969482422,77.9000015258789,75.98999786376953,77.45999908447266,1143600
2006-06-08,59.31853485107422,74.91000366210938,76.0,72.04000091552734,75.48999786376953,1506200
2006-06-09,59.112648010253906,74.6500015258789,75.83999633789062,74.2699966430664,74.94000244140625,909300
2006-06-12,57.91691970825195,73.13999938964844,75.0,73.01000213623047,74.72000122070312,666100
2006-06-13,56.26193618774414,71.05000305175781,73.5,70.91999816894531,73.1500015258789,1121100
2006-06-14,56.58659744262695,71.45999908447266,71.88999938964844,70.44000244140625,70.5,628700
2006-06-15,58.20989990234375,73.51000213623047,74.0999984741211,71.70999908447266,71.70999908447266,1274100
2006-06-16,57.37055587768555,72.44999694824219,73.41000366210938,72.08000183105469,73.4000015258789,1402400
2006-06-19,57.671451568603516,72.83000183105469,75.37999725341797,72.55999755859375,74.79000091552734,1267700
2006-06-20,57.71101760864258,72.87999725341797,74.44999694824219,72.69000244140625,73.0,963000
2006-06-21,59.540245056152344,75.19000244140625,75.75,72.87999725341797,72.87999725341797,620000
2006-06-22,59.56399917602539,75.22000122070312,75.77999877929688,74.55999755859375,74.8499984741211,859200
2006-06-23,60.363792419433594,76.2300033569336,76.83000183105469,74.51000213623047,74.69000244140625,556400
2006-06-26,60.640933990478516,76.58000183105469,77.37000274658203,75.62000274658203,75.62000274658203,435700
2006-06-27,59.785743713378906,75.5,78.30999755859375,75.5,78.23999786376953,743500
2006-06-28,59.41353988647461,75.02999877929688,75.98999786376953,73.91000366210938,75.68000030517578,760400
2006-06-29,61.60700988769531,77.80000305175781,77.81999969482422,75.58000183105469,75.6500015258789,625700
2006-06-30,61.76536560058594,78.0,78.33999633789062,77.25,77.9000015258789,484100
2006-07-03,62.33554458618164,78.72000122070312,78.9800033569336,78.0,78.16000366210938,256700
2006-07-05,61.028953552246094,77.06999969482422,78.48999786376953,77.0,78.48999786376953,649400
2006-07-06,61.38529586791992,77.5199966430664,78.0,77.19999694824219,77.27999877929688,359400
2006-07-07,60.13413619995117,75.94000244140625,77.79000091552734,75.83999633789062,77.25,332900
2006-07-10,59.294761657714844,74.87999725341797,76.20999908447266,74.31999969482422,75.66000366210938,565800
2006-07-11,58.85133361816406,74.31999969482422,74.62999725341797,73.44999694824219,74.62999725341797,556400
2006-07-12,57.544769287109375,72.66999816894531,74.7699966430664,71.98999786376953,74.31999969482422,693800
2006-07-13,55.573028564453125,70.18000030517578,72.51000213623047,69.81999969482422,72.5,1361500
2006-07-14,54.57524490356445,68.91999816894531,70.01000213623047,67.75,70.0,1242400
2006-07-17,54.46442794799805,68.77999877929688,69.0199966430664,67.98999786376953,68.4000015258789,731800
2006-07-18,53.84673309326172,68.0,69.2300033569336,66.58000183105469,68.91999816894531,1130300
2006-07-19,55.94520568847656,70.6500015258789,71.23999786376953,68.75,68.75,837500
2006-07-20,53.92594528198242,68.0999984741211,71.16999816894531,68.0999984741211,70.51000213623047,671400
2006-07-21,53.05487823486328,67.0,68.8499984741211,66.55000305175781,68.8499984741211,792900
2006-07-24,55.58884811401367,70.19999694824219,70.22000122070312,67.5999984741211,68.5,864300
2006-07-25,55.8818473815918,70.56999969482422,72.5,69.56999969482422,70.0,1010600
2006-07-26,55.05038833618164,69.5199966430664,70.58000183105469,67.62000274658203,70.56999969482422,2045700
2006-07-27,53.89424514770508,68.05999755859375,75.80999755859375,67.68000030517578,75.80999755859375,868800
2006-07-28,54.42483139038086,68.7300033569336,69.19999694824219,67.69999694824219,68.05000305175781,1147600
2006-07-31,53.03113555908203,66.97000122070312,68.70999908447266,66.58999633789062,68.69999694824219,1341100
2006-08-01,55.794734954833984,70.45999908447266,71.69999694824219,65.8499984741211,66.0,2244700
2006-08-02,56.5390739440918,71.4000015258789,71.9000015258789,70.33999633789062,71.30000305175781,1192600
2006-08-03,57.42597961425781,72.5199966430664,73.19000244140625,70.36000061035156,70.69999694824219,1185700
2006-08-04,58.59794235229492,74.0,74.83999633789062,72.80000305175781,74.0,1546100
2006-08-07,59.79365158081055,75.51000213623047,75.61000061035156,73.75,74.05000305175781,1243000
2006-08-08,58.11488342285156,73.38999938964844,75.7699966430664,73.19999694824219,75.51000213623047,1409300
2006-08-09,56.25401306152344,71.04000091552734,73.69999694824219,70.86000061035156,73.69999694824219,1692500
2006-08-10,56.729129791259766,71.63999938964844,72.31999969482422,70.54000091552734,70.80000305175781,879400
2006-08-11,56.610355377197266,71.48999786376953,72.11000061035156,71.12000274658203,71.5,605200
2006-08-14,56.9112548828125,71.87000274658203,72.7300033569336,71.51000213623047,72.12000274658203,619300
2006-08-15,58.312862396240234,73.63999938964844,73.9000015258789,72.80999755859375,73.0199966430664,722100
2006-08-16,59.690696716308594,75.37999725341797,75.69999694824219,73.51000213623047,73.75,726200
2006-08-17,59.60360336303711,75.2699966430664,76.75,74.94999694824219,74.9800033569336,503500
2006-08-18,60.490478515625,76.38999938964844,76.61000061035156,74.66000366210938,75.33000183105469,538000
2006-08-21,59.72237777709961,75.41999816894531,76.33999633789062,75.1500015258789,75.8499984741211,601900
2006-08-22,60.68844223022461,76.63999938964844,77.0,75.47000122070312,75.8499984741211,677800
2006-08-23,60.40993881225586,75.91999816894531,77.02999877929688,75.5999984741211,76.25,606600
2006-08-24,60.59297180175781,76.1500015258789,77.01000213623047,75.18000030517578,76.30000305175781,563800
2006-08-25,60.72028350830078,76.30999755859375,76.5999984741211,75.45999908447266,75.9000015258789,421000
2006-08-28,61.746742248535156,77.5999984741211,77.77999877929688,76.12999725341797,76.12999725341797,573400
2006-08-29,61.571685791015625,77.37999725341797,77.5199966430664,76.19999694824219,77.5,837500
2006-08-30,61.70692825317383,77.55000305175781,77.75,76.87000274658203,77.23999786376953,535200
2006-08-31,62.550418853759766,78.61000061035156,78.66999816894531,77.0199966430664,77.4000015258789,578000
2006-09-01,63.11534881591797,79.31999969482422,80.05999755859375,78.05999755859375,78.9000015258789,410700
2006-09-05,62.61408233642578,78.69000244140625,79.3499984741211,78.61000061035156,79.29000091552734,618700
2006-09-06,61.579654693603516,77.38999938964844,77.93000030517578,77.05999755859375,77.6500015258789,722600
2006-09-07,61.157875061035156,76.86000061035156,77.88999938964844,75.83999633789062,76.7699966430664,698300
2006-09-08,61.858116149902344,77.73999786376953,77.94000244140625,76.56999969482422,76.87999725341797,421500
2006-09-11,61.26933288574219,77.0,77.69000244140625,76.27999877929688,77.5,1085800
2006-09-12,62.08888244628906,78.02999877929688,78.08999633789062,76.33999633789062,77.0,748100
2006-09-13,62.55839538574219,78.62000274658203,79.8499984741211,77.91000366210938,77.94999694824219,901800
2006-09-14,62.399200439453125,78.41999816894531,79.0999984741211,77.31999969482422,78.0999984741211,543300
2006-09-15,61.85017776489258,77.7300033569336,79.58000183105469,77.41999816894531,78.91000366210938,1071100
2006-09-18,61.428466796875,77.19999694824219,78.19999694824219,76.6500015258789,77.94000244140625,783000
2006-09-19,60.258758544921875,75.7300033569336,77.51000213623047,75.13999938964844,77.12000274658203,954700
2006-09-20,60.537261962890625,76.08000183105469,77.31999969482422,75.76000213623047,76.5,479400
2006-09-21,59.86888122558594,75.23999786376953,76.58999633789062,74.93000030517578,76.0999984741211,970800
2006-09-22,60.16326904296875,75.61000061035156,76.37000274658203,74.93000030517578,75.44000244140625,592400
2006-09-25,60.33039093017578,75.81999969482422,76.47000122070312,73.94999694824219,75.62000274658203,902700
2006-09-26,61.134056091308594,76.83000183105469,77.91000366210938,75.20999908447266,75.72000122070312,1289700
2006-09-27,61.98542022705078,77.9000015258789,78.44999694824219,76.94000244140625,76.94999694824219,927500
2006-09-28,63.2585563659668,79.5,79.8499984741211,78.33000183105469,78.54000091552734,737400
2006-09-29,62.2639274597168,78.25,80.18000030517578,78.08000183105469,79.69999694824219,657200
2006-10-02,62.30375671386719,78.30000305175781,79.41000366210938,77.66000366210938,78.9800033569336,499400
2006-10-03,61.70692825317383,77.55000305175781,78.30999755859375,77.37000274658203,78.30999755859375,689900
2006-10-04,63.03577423095703,79.22000122070312,79.66000366210938,76.80999755859375,77.37000274658203,696200
2006-10-05,63.5927734375,79.91999816894531,80.08999633789062,78.69999694824219,79.20999908447266,528300
2006-10-06,63.79967498779297,80.18000030517578,80.19000244140625,79.01000213623047,79.8499984741211,442300
2006-10-09,63.69620895385742,80.05000305175781,80.76000213623047,78.68000030517578,79.93000030517578,471700
2006-10-10,64.81018829345703,81.44999694824219,81.5999984741211,79.80999755859375,80.05000305175781,607400
2006-10-11,64.7226791381836,81.33999633789062,81.8499984741211,80.63999938964844,81.29000091552734,618500
2006-10-12,66.29814147949219,83.31999969482422,83.5999984741211,81.58999633789062,81.73999786376953,688000
2006-10-13,65.78893280029297,82.68000030517578,83.31999969482422,82.1500015258789,83.31999969482422,608500
2006-10-16,66.05950164794922,83.0199966430664,84.2699966430664,82.68000030517578,82.68000030517578,481900
2006-10-17,65.4626693725586,82.2699966430664,82.61000061035156,81.6500015258789,82.5999984741211,422900
2006-10-18,65.83667755126953,82.73999786376953,84.11000061035156,82.44999694824219,82.68000030517578,565600
2006-10-19,66.99836730957031,84.19999694824219,84.4800033569336,82.56999969482422,83.0,522800
2006-10-20,63.20286178588867,79.43000030517578,84.19999694824219,78.30000305175781,80.66999816894531,2529000
2006-10-23,63.08351516723633,79.27999877929688,79.69000244140625,78.73999786376953,79.1500015258789,832400
2006-10-24,63.94285202026367,80.36000061035156,80.37999725341797,78.58000183105469,78.80000305175781,581200
2006-10-25,63.783714294433594,80.16000366210938,80.6500015258789,79.88999938964844,80.5,525400
2006-10-26,63.847373962402344,80.23999786376953,80.94999694824219,79.83000183105469,80.16000366210938,691800
2006-10-27,64.02243041992188,80.45999908447266,82.80999755859375,80.33000183105469,81.55000305175781,1020700
2006-10-30,63.04372787475586,79.2300033569336,80.47000122070312,79.2300033569336,80.47000122070312,691600
2006-10-31,64.83409881591797,81.4800033569336,81.61000061035156,79.44999694824219,79.69000244140625,1076100
2006-11-01,64.65106964111328,81.25,82.93000030517578,81.04000091552734,82.1500015258789,973200
2006-11-02,64.8420181274414,81.48999786376953,81.68000030517578,79.91000366210938,80.20999908447266,548100
2006-11-03,64.46012115478516,81.01000213623047,81.93000030517578,80.62999725341797,81.73999786376953,499200
2006-11-06,65.64569091796875,82.5,82.9800033569336,81.23999786376953,81.75,535200
2006-11-07,65.36717224121094,82.1500015258789,82.91999816894531,81.27999877929688,82.41999816894531,720800
2006-11-08,67.66678619384766,85.04000091552734,85.37999725341797,81.23999786376953,81.52999877929688,1250200
2006-11-09,69.385498046875,87.19999694824219,87.91000366210938,84.3499984741211,85.05000305175781,2204500
2006-11-10,69.67195129394531,87.55999755859375,88.9000015258789,86.69999694824219,86.69999694824219,1275200
2006-11-13,70.53927612304688,88.6500015258789,88.91000366210938,87.02999877929688,87.56999969482422,660000
2006-11-14,71.295166015625,89.5999984741211,89.91999816894531,88.37000274658203,88.76000213623047,955300
2006-11-15,71.83629608154297,90.27999877929688,90.41000366210938,89.13999938964844,89.5999984741211,652200
2006-11-16,72.02721405029297,90.5199966430664,91.18000030517578,89.75,90.27999877929688,477100
2006-11-17,71.7964859008789,90.2300033569336,90.4800033569336,89.11000061035156,90.47000122070312,714700
2006-11-20,70.62681579589844,88.76000213623047,89.56999969482422,88.20999908447266,89.4000015258789,990700
2006-11-21,70.80187225341797,88.9800033569336,89.56999969482422,88.44999694824219,88.76000213623047,470900
2006-11-22,71.0335693359375,88.9000015258789,89.41999816894531,88.33999633789062,88.61000061035156,559300
2006-11-24,70.8897705078125,88.72000122070312,89.01000213623047,88.29000091552734,88.3499984741211,198600
2006-11-27,69.43553161621094,86.9000015258789,88.23999786376953,86.51000213623047,88.22000122070312,523400
2006-11-28,69.24375915527344,86.66000366210938,86.91999816894531,85.94999694824219,86.80000305175781,539500
2006-11-29,70.01881408691406,87.62999725341797,88.08000183105469,86.51000213623047,86.76000213623047,741000
2006-11-30,70.8897705078125,88.72000122070312,89.19000244140625,87.87999725341797,87.87999725341797,1087500
2006-12-01,70.20262145996094,87.86000061035156,88.62999725341797,86.73999786376953,88.62999725341797,1105800
2006-12-04,71.15345001220703,89.05000305175781,89.31999969482422,87.43000030517578,87.43000030517578,814000
2006-12-05,71.51296997070312,89.5,89.51000213623047,88.61000061035156,88.9000015258789,908500
2006-12-06,72.16018676757812,90.30999755859375,90.80000305175781,89.41999816894531,89.51000213623047,654000
2006-12-07,72.23213195800781,90.4000015258789,90.58000183105469,89.13999938964844,90.3499984741211,800400
2006-12-08,72.51976776123047,90.76000213623047,91.05000305175781,89.93000030517578,90.5199966430664,570800
2006-12-11,72.89533233642578,91.2300033569336,91.83999633789062,90.83000183105469,90.86000061035156,716800
2006-12-12,72.04035949707031,90.16000366210938,91.23999786376953,89.58999633789062,91.23999786376953,994100
2006-12-13,72.87928771972656,91.20999908447266,91.69000244140625,90.61000061035156,90.94999694824219,611100
2006-12-14,72.83938598632812,91.16000366210938,92.0,90.9000015258789,91.4000015258789,478000
2006-12-15,72.55174255371094,90.80000305175781,91.79000091552734,90.23999786376953,91.68000030517578,750600
2006-12-18,72.65560150146484,90.93000030517578,91.7699966430664,90.7699966430664,91.04000091552734,444300
2006-12-19,73.11104583740234,91.5,91.88999938964844,89.95999908447266,90.94000244140625,351000
2006-12-20,72.15220642089844,90.30000305175781,91.79000091552734,90.12999725341797,91.25,568300
2006-12-21,71.48104095458984,89.45999908447266,90.87000274658203,89.44000244140625,90.48999786376953,563800
2006-12-22,70.68201446533203,88.45999908447266,89.41000366210938,88.33000183105469,89.33000183105469,274800
2006-12-26,71.59286499023438,89.5999984741211,89.7300033569336,88.5,88.5,214100
2006-12-27,72.67955017089844,90.95999908447266,91.04000091552734,89.62999725341797,89.62999725341797,210200
2006-12-28,72.39192962646484,90.5999984741211,91.58000183105469,90.33000183105469,90.63999938964844,188700
2006-12-29,71.80866241455078,89.87000274658203,91.0,89.80000305175781,90.52999877929688,211800
2007-01-03,71.87257385253906,89.94999694824219,91.8499984741211,89.16999816894531,90.2300033569336,550400
2007-01-04,71.6648178100586,89.69000244140625,90.62999725341797,89.19999694824219,90.04000091552734,383700
2007-01-05,70.52217102050781,88.26000213623047,89.38999938964844,87.69999694824219,89.3499984741211,680300
2007-01-08,71.00163269042969,88.86000061035156,88.94000244140625,87.2699966430664,88.26000213623047,734000
2007-01-09,71.71277618408203,89.75,90.0999984741211,88.8499984741211,88.88999938964844,488800
2007-01-10,71.96846771240234,90.06999969482422,90.2300033569336,88.58999633789062,89.5,418300
2007-01-11,73.23090362548828,91.6500015258789,92.12000274658203,90.05000305175781,90.31999969482422,511200
2007-01-12,74.40545654296875,93.12000274658203,93.12000274658203,91.0199966430664,91.3499984741211,516700
2007-01-16,75.60403442382812,94.62000274658203,94.62999725341797,92.75,93.05000305175781,615300
2007-01-17,76.51492309570312,95.76000213623047,95.87999725341797,94.11000061035156,94.62000274658203,808200
2007-01-18,76.35511779785156,95.55999755859375,96.38999938964844,94.9800033569336,95.80000305175781,735000
2007-01-19,77.33789825439453,96.79000091552734,97.12000274658203,95.5999984741211,96.0,1003700
2007-01-22,76.70665740966797,96.0,97.0999984741211,95.73999786376953,96.80000305175781,566200
2007-01-23,79.98268127441406,100.0999984741211,100.2300033569336,96.0,96.1500015258789,1087200
2007-01-24,81.30110168457031,101.75,102.83000183105469,99.30000305175781,100.0,1256900
2007-01-25,80.51006317138672,100.76000213623047,102.05999755859375,99.79000091552734,101.5,833100
2007-01-26,80.42216491699219,100.6500015258789,101.19000244140625,99.97000122070312,100.83000183105469,422200
2007-01-29,80.37421417236328,100.58999633789062,100.94999694824219,100.27999877929688,100.88999938964844,483700
2007-01-30,80.78973388671875,101.11000061035156,101.29000091552734,100.08999633789062,100.62000274658203,621100
2007-01-31,81.37298583984375,101.83999633789062,102.45999908447266,100.5,100.72000122070312,779700
2007-02-01,82.46764373779297,103.20999908447266,104.9000015258789,103.0,103.75,1279100
2007-02-02,82.32382202148438,103.02999877929688,103.79000091552734,102.33000183105469,103.20999908447266,707700
2007-02-05,84.24150085449219,105.43000030517578,106.20999908447266,103.19999694824219,103.55000305175781,1036500
2007-02-06,85.43207550048828,106.91999816894531,107.08999633789062,105.44999694824219,105.5999984741211,735700
2007-02-07,85.5759048461914,107.0999984741211,107.4000015258789,106.38999938964844,107.30000305175781,425000
2007-02-08,87.25384521484375,109.19999694824219,110.12999725341797,106.51000213623047,107.0999984741211,1083100
2007-02-09,87.24585723876953,109.19000244140625,110.97000122070312,108.45999908447266,109.25,1351900
2007-02-12,86.43085479736328,108.16999816894531,109.2300033569336,107.3499984741211,108.3499984741211,830600
2007-02-13,89.01972198486328,111.41000366210938,111.87000274658203,108.83000183105469,108.8499984741211,792300
2007-02-14,89.33133697509766,111.80000305175781,113.37999725341797,111.5,111.66000366210938,661900
2007-02-15,89.73881530761719,112.30999755859375,112.5,111.19999694824219,111.94999694824219,477800
2007-02-16,89.33930206298828,111.80999755859375,112.37999725341797,110.19000244140625,112.26000213623047,507300
2007-02-20,88.80394744873047,111.13999938964844,112.68000030517578,109.08999633789062,109.55000305175781,1925600
2007-02-21,97.8785400390625,121.98999786376953,125.79000091552734,109.7699966430664,110.68000030517578,5744300
2007-02-22,95.88068389892578,119.5,124.0,118.68000030517578,122.0,2748300
2007-02-23,96.15345764160156,119.83999633789062,120.20999908447266,118.80000305175781,119.5,1146300
2007-02-26,96.0732650756836,119.73999786376953,121.38999938964844,118.62999725341797,120.0199966430664,1311400
2007-02-27,91.86897277832031,114.5,118.77999877929688,103.55000305175781,116.41000366210938,3062300
2007-02-28,93.59397888183594,116.6500015258789,116.87000274658203,113.0,114.04000091552734,2271400
2007-03-01,94.86967468261719,118.23999786376953,119.80000305175781,110.0,114.80000305175781,1951200
2007-03-02,93.9469985961914,117.08999633789062,119.0999984741211,116.2699966430664,118.23999786376953,1185500
2007-03-05,91.03446197509766,113.45999908447266,116.5999984741211,113.29000091552734,116.5999984741211,1210300
2007-03-06,92.14173889160156,114.83999633789062,115.73999786376953,113.7699966430664,114.9000015258789,894700
2007-03-07,94.0031967163086,117.16000366210938,118.80999755859375,114.08999633789062,114.41999816894531,1134300
2007-03-08,96.2257080078125,119.93000030517578,120.44999694824219,118.5999984741211,119.37999725341797,832200
2007-03-09,95.18263244628906,118.62999725341797,120.52999877929688,118.16999816894531,120.20999908447266,1054600
2007-03-12,95.728271484375,119.30999755859375,120.19000244140625,118.44000244140625,118.7300033569336,1000000
2007-03-13,93.08045959472656,116.01000213623047,119.30999755859375,115.43000030517578,119.30999755859375,1460500
2007-03-14,92.5589828491211,115.36000061035156,117.58000183105469,114.08000183105469,116.55000305175781,1659900
2007-03-15,94.08342742919922,117.26000213623047,118.20999908447266,115.5199966430664,115.7699966430664,1096200
2007-03-16,92.2620849609375,114.98999786376953,118.16999816894531,114.5199966430664,118.16999816894531,1430300
2007-03-19,92.65525817871094,115.4800033569336,115.9000015258789,114.70999908447266,115.23999786376953,853200
2007-03-20,94.20377349853516,117.41000366210938,117.62999725341797,114.87999725341797,116.0,881600
2007-03-21,96.11337280273438,119.79000091552734,120.47000122070312,117.0199966430664,117.20999908447266,1279500
2007-03-22,95.9689712524414,119.61000061035156,121.26000213623047,118.31999969482422,120.58999633789062,597600
2007-03-23,95.55973052978516,119.0999984741211,120.7300033569336,118.5,119.86000061035156,456700
2007-03-26,95.05429077148438,118.47000122070312,119.3499984741211,116.68000030517578,119.22000122070312,542100
2007-03-27,93.86676025390625,116.98999786376953,118.5199966430664,115.8499984741211,117.77999877929688,529100
2007-03-28,93.11260223388672,116.05000305175781,117.41000366210938,115.05999755859375,116.98999786376953,916800
2007-03-29,93.7705078125,116.87000274658203,117.56999969482422,114.93000030517578,116.30000305175781,794000
2007-03-30,93.45758056640625,116.4800033569336,117.97000122070312,114.76000213623047,116.87999725341797,578200
2007-04-02,93.04036712646484,115.95999908447266,117.25,115.5,116.43000030517578,620200
2007-04-03,95.3350601196289,118.81999969482422,119.08999633789062,115.95999908447266,115.95999908447266,834600
2007-04-04,94.69322967529297,118.0199966430664,119.44999694824219,117.72000122070312,118.97000122070312,422200
2007-04-05,95.04622650146484,118.45999908447266,118.80000305175781,117.58000183105469,118.06999969482422,372500
2007-04-09,94.77345275878906,118.12000274658203,118.94999694824219,117.22000122070312,118.5,335900
2007-04-10,95.42334747314453,118.93000030517578,121.56999969482422,118.2300033569336,118.2300033569336,1051400
2007-04-11,93.184814453125,116.13999938964844,119.0,115.70999908447266,118.83999633789062,821200
2007-04-12,93.07244873046875,116.0,116.26000213623047,114.5999984741211,116.19999694824219,1215300
2007-04-13,91.73252868652344,114.33000183105469,116.08000183105469,113.54000091552734,116.0,846500
2007-04-16,93.78654479980469,116.88999938964844,117.30000305175781,112.62999725341797,112.62999725341797,1156300
2007-04-17,92.31822967529297,115.05999755859375,116.9000015258789,113.86000061035156,116.9000015258789,991400
2007-04-18,91.10675048828125,113.55000305175781,115.05999755859375,111.87000274658203,115.05999755859375,1293200
2007-04-19,91.26716613769531,113.75,115.25,111.80000305175781,115.25,1223900
2007-04-20,93.86676025390625,116.98999786376953,117.37000274658203,115.47000122070312,115.51000213623047,1183400
2007-04-23,94.50865173339844,117.79000091552734,118.27999877929688,116.55000305175781,116.98999786376953,612700
2007-04-24,94.24388885498047,117.45999908447266,117.83999633789062,115.08999633789062,117.79000091552734,959000
2007-04-25,96.09730529785156,119.7699966430664,120.13999938964844,117.5,118.22000122070312,888500
2007-04-26,97.51747131347656,121.54000091552734,121.75,119.06999969482422,119.5,979400
2007-04-27,98.01493072509766,122.16000366210938,122.94000244140625,120.0,121.5,1132200
2007-04-30,99.22645568847656,123.66999816894531,128.6199951171875,123.66999816894531,123.75,1971700
2007-05-01,92.48674774169922,115.2699966430664,121.7300033569336,114.77999877929688,116.0,4140100
2007-05-02,93.62609100341797,116.69000244140625,119.69999694824219,115.0,115.91999816894531,1487200
2007-05-03,95.16658782958984,118.61000061035156,119.83999633789062,116.0199966430664,117.16999816894531,1435500
2007-05-04,95.04622650146484,118.45999908447266,119.7699966430664,118.12999725341797,119.18000030517578,794900
2007-05-07,95.27091217041016,118.73999786376953,119.69000244140625,118.01000213623047,118.4000015258789,666300
2007-05-08,94.9018325805664,118.27999877929688,118.41000366210938,116.54000091552734,117.73999786376953,760900
2007-05-09,93.78654479980469,116.88999938964844,118.26000213623047,115.83999633789062,118.25,1056500
2007-05-10,91.3233413696289,113.81999969482422,116.75,113.62000274658203,116.08999633789062,1056000
2007-05-11,92.15776062011719,114.86000061035156,115.16999816894531,112.87999725341797,114.63999938964844,999500
2007-05-14,89.67050170898438,111.76000213623047,114.9000015258789,111.45999908447266,114.86000061035156,1385700
2007-05-15,90.13585662841797,112.33999633789062,113.19000244140625,111.51000213623047,112.0,1049600
2007-05-16,92.07754516601562,114.76000213623047,114.95999908447266,112.75,113.16999816894531,850600
2007-05-17,91.97325897216797,114.62999725341797,115.23999786376953,113.18000030517578,114.7699966430664,737700
2007-05-18,91.80474090576172,114.41999816894531,115.0199966430664,113.76000213623047,115.01000213623047,593000
2007-05-21,92.93604278564453,115.83000183105469,116.19000244140625,114.25,114.25,920500
2007-05-22,94.25190734863281,117.47000122070312,117.77999877929688,115.06999969482422,115.4000015258789,904100
2007-05-23,94.54190826416016,117.37000274658203,118.97000122070312,116.80000305175781,116.80999755859375,946100
2007-05-24,94.01024627685547,116.70999908447266,119.79000091552734,116.44000244140625,117.56999969482422,1426200
2007-05-25,94.50969696044922,117.33000183105469,118.47000122070312,116.23999786376953,117.5,412800
2007-05-29,95.12991333007812,118.0999984741211,118.97000122070312,116.68000030517578,117.5199966430664,508400
2007-05-30,96.83758544921875,120.22000122070312,120.48999786376953,116.47000122070312,117.62000274658203,1079800
2007-05-31,96.41069030761719,119.69000244140625,121.11000061035156,119.04000091552734,120.22000122070312,687400
2007-06-01,97.89277648925781,121.52999877929688,122.47000122070312,119.5999984741211,120.20999908447266,1290600
2007-06-04,97.7558822631836,121.36000061035156,122.26000213623047,119.51000213623047,121.27999877929688,590500
2007-06-05,96.84564971923828,120.2300033569336,120.81999969482422,118.88999938964844,120.81999969482422,743000
2007-06-06,94.74327850341797,117.62000274658203,120.25,116.98999786376953,120.25,606400
2007-06-07,91.63401794433594,113.76000213623047,117.62000274658203,113.2300033569336,117.08999633789062,1048200
2007-06-08,93.85721588134766,116.5199966430664,116.69999694824219,112.86000061035156,113.76000213623047,1099000
2007-06-11,94.12301635742188,116.8499984741211,117.81999969482422,114.69999694824219,116.5,761900
2007-06-12,92.6972885131836,115.08000183105469,116.83999633789062,114.37999725341797,116.83999633789062,969400
2007-06-13,94.91242980957031,117.83000183105469,117.83000183105469,115.3499984741211,115.8499984741211,905600
2007-06-14,95.86289978027344,119.01000213623047,119.3499984741211,117.58999633789062,118.18000030517578,521600
2007-06-15,97.48199462890625,121.0199966430664,121.3499984741211,119.80999755859375,120.5,941700
2007-06-18,97.44976806640625,120.9800033569336,122.25,120.43000030517578,120.8499984741211,542200
2007-06-19,95.84678649902344,118.98999786376953,121.0999984741211,118.20999908447266,120.7300033569336,762500
2007-06-20,94.2197036743164,116.97000122070312,119.9000015258789,116.80000305175781,119.52999877929688,850200
2007-06-21,96.25762939453125,119.5,119.69000244140625,115.9000015258789,116.8499984741211,874700
2007-06-22,95.1137924194336,118.08000183105469,120.88999938964844,117.95999908447266,119.3499984741211,1151800
2007-06-25,93.6316909790039,116.23999786376953,119.54000091552734,115.5199966430664,118.08999633789062,1097300
2007-06-26,91.66626739501953,113.80000305175781,117.0,113.55000305175781,116.4800033569336,990100
2007-06-27,93.4061279296875,115.95999908447266,116.12999725341797,112.11000061035156,113.1500015258789,827900
2007-06-28,92.56844329833984,114.91999816894531,116.62000274658203,114.7300033569336,115.95999908447266,765000
2007-06-29,92.26232147216797,114.54000091552734,116.62999725341797,113.7699966430664,115.54000091552734,669700
2007-07-02,92.85840606689453,115.27999877929688,115.5999984741211,114.62999725341797,115.16000366210938,587800
2007-07-03,92.63285827636719,115.0,116.5199966430664,114.80000305175781,115.5199966430664,294400
2007-07-05,91.65013885498047,113.77999877929688,115.83000183105469,112.94000244140625,115.55999755859375,1194500
2007-07-06,93.10807037353516,115.58999633789062,116.04000091552734,113.5199966430664,113.7300033569336,912600
2007-07-09,91.13461303710938,113.13999938964844,115.81999969482422,112.22000122070312,115.56999969482422,1104000
2007-07-10,88.4764404296875,109.83999633789062,112.25,109.55999755859375,112.23999786376953,1442800
2007-07-11,89.10472869873047,110.62000274658203,111.61000061035156,109.0,110.83000183105469,1381100
2007-07-12,92.6972885131836,115.08000183105469,116.30000305175781,110.62000274658203,111.48999786376953,1298800
2007-07-13,92.16566467285156,114.41999816894531,115.7699966430664,113.70999908447266,115.1500015258789,696200
2007-07-16,89.47532653808594,111.08000183105469,113.95999908447266,110.6500015258789,113.5999984741211,1252100
2007-07-17,89.62028503417969,111.26000213623047,112.30000305175781,110.51000213623047,111.31999969482422,1092200
2007-07-18,90.55465698242188,112.41999816894531,112.56999969482422,110.02999877929688,110.94000244140625,999900
2007-07-19,85.56861114501953,106.2300033569336,109.0,105.7699966430664,106.06999969482422,3056500
2007-07-20,83.10372924804688,103.16999816894531,106.3499984741211,102.3499984741211,105.7699966430664,1923200
2007-07-23,83.04733276367188,103.0999984741211,104.66000366210938,102.81999969482422,103.30999755859375,1630800
2007-07-24,81.42027282714844,101.08000183105469,103.9800033569336,100.87000274658203,102.4000015258789,1460800
2007-07-25,80.759765625,100.26000213623047,102.69000244140625,99.44000244140625,101.52999877929688,1574000
2007-07-26,77.80352020263672,96.58999633789062,100.19000244140625,94.08000183105469,98.43000030517578,4305300
2007-07-27,76.94972229003906,95.52999877929688,98.01000213623047,95.3499984741211,96.94000244140625,1873500
2007-07-30,76.61946868896484,95.12000274658203,96.30000305175781,93.29000091552734,95.4000015258789,2330500
2007-07-31,77.10272979736328,95.72000122070312,98.31999969482422,94.6500015258789,94.6500015258789,1856200
2007-08-01,77.81159973144531,96.5999984741211,96.88999938964844,90.33999633789062,95.33999633789062,2294400
2007-08-02,77.95660400390625,96.77999877929688,97.5,92.58999633789062,96.5999984741211,2091900
2007-08-03,75.52396392822266,93.76000213623047,97.61000061035156,93.66999816894531,96.44000244140625,1333700
2007-08-06,77.11884307861328,95.73999786376953,95.77999877929688,91.41999816894531,94.5,2214100
2007-08-07,76.91749572753906,95.48999786376953,96.69999694824219,92.83999633789062,95.0999984741211,2555600
2007-08-08,79.5998306274414,98.81999969482422,100.70999908447266,96.36000061035156,96.41999816894531,1930100
2007-08-09,78.6573715209961,97.6500015258789,99.1500015258789,95.12999725341797,96.87999725341797,1615900
2007-08-10,77.44912719726562,96.1500015258789,97.80000305175781,92.91000366210938,95.69000244140625,1665200
2007-08-13,76.50666809082031,94.9800033569336,98.16000366210938,92.95999908447266,96.95999908447266,1327400
2007-08-14,72.99468231201172,90.62000274658203,95.31999969482422,89.87999725341797,95.31999969482422,2216600
2007-08-15,71.30313110351562,88.5199966430664,91.6500015258789,86.44999694824219,90.63999938964844,2104000
2007-08-16,70.00627899169922,86.91000366210938,86.94999694824219,80.5,86.41000366210938,3659000
2007-08-17,71.2547836303711,88.45999908447266,91.3499984741211,85.19000244140625,88.95999908447266,1917500
2007-08-20,71.02119445800781,88.16999816894531,89.36000061035156,86.0199966430664,88.45999908447266,1753300
2007-08-21,70.21570587158203,87.16999816894531,88.0199966430664,86.33000183105469,87.11000061035156,1355800
2007-08-22,73.53575897216797,90.80999755859375,92.69000244140625,87.44000244140625,87.5,1287900
2007-08-23,71.9648208618164,88.87000274658203,92.4800033569336,88.58999633789062,91.36000061035156,900700
2007-08-24,74.16740417480469,91.58999633789062,91.77999877929688,88.94000244140625,89.19999694824219,622800
2007-08-27,73.6248779296875,90.91999816894531,92.80999755859375,90.38999938964844,91.61000061035156,833100
2007-08-28,70.73397827148438,87.3499984741211,90.87000274658203,86.80999755859375,90.5,3852600
2007-08-29,72.83125305175781,89.94000244140625,90.05000305175781,87.4000015258789,88.0999984741211,705800
2007-08-30,71.81903839111328,88.69000244140625,90.52999877929688,88.0,89.69999694824219,1067400
2007-08-31,72.88798522949219,90.01000213623047,90.9000015258789,88.9000015258789,89.9000015258789,666100
2007-09-04,72.61263275146484,89.66999816894531,90.79000091552734,87.81999969482422,89.51000213623047,821700
2007-09-05,70.77442932128906,87.4000015258789,90.05999755859375,87.11000061035156,89.05000305175781,1391600
2007-09-06,70.6934814453125,87.30000305175781,88.22000122070312,85.62000274658203,87.97000122070312,1122600
2007-09-07,68.54754638671875,84.6500015258789,86.6500015258789,84.12999725341797,86.41000366210938,1073000
2007-09-10,67.04137420654297,82.79000091552734,85.30000305175781,81.5,84.56999969482422,1350600
2007-09-11,69.33305358886719,85.62000274658203,86.45999908447266,82.79000091552734,83.05000305175781,1234200
2007-09-12,69.45454406738281,85.7699966430664,87.0199966430664,84.51000213623047,85.41000366210938,917900
2007-09-13,70.04563903808594,86.5,87.4800033569336,86.08999633789062,86.7300033569336,645100
2007-09-14,68.95247650146484,85.1500015258789,86.13999938964844,84.91999816894531,86.13999938964844,925900
2007-09-17,66.58788299560547,82.2300033569336,85.5,80.66000366210938,85.13999938964844,1656100
2007-09-18,69.51119232177734,85.83999633789062,85.97000122070312,82.2699966430664,82.55999755859375,1727800
2007-09-19,68.75810241699219,84.91000366210938,88.93000030517578,84.66999816894531,86.5,1942600
2007-09-20,67.99690246582031,83.97000122070312,85.93000030517578,83.27999877929688,85.11000061035156,1988500
2007-09-21,70.30477905273438,86.81999969482422,87.70999908447266,83.97000122070312,85.0,2334500
2007-09-24,69.65696716308594,86.0199966430664,87.51000213623047,85.63999938964844,87.12000274658203,1179700
2007-09-25,68.64471435546875,84.7699966430664,85.87000274658203,83.69000244140625,85.2699966430664,1537800
2007-09-26,68.8633804321289,85.04000091552734,85.44999694824219,83.47000122070312,84.66999816894531,1874100
2007-09-27,72.24823760986328,89.22000122070312,89.9000015258789,84.8499984741211,84.8499984741211,1701600
2007-09-28,72.1915512084961,89.1500015258789,89.31999969482422,87.05000305175781,89.31999969482422,1956300
2007-10-01,74.21599578857422,91.6500015258789,91.77999877929688,89.0999984741211,89.0999984741211,1203200
2007-10-02,76.72631072998047,94.75,95.22000122070312,91.61000061035156,91.80999755859375,1230000
2007-10-03,76.80733489990234,94.8499984741211,95.5,93.58999633789062,94.44999694824219,1019400
2007-10-04,75.86798095703125,93.69000244140625,95.05000305175781,92.83999633789062,94.9800033569336,889700
2007-10-05,76.95304107666016,95.02999877929688,95.5,93.83999633789062,94.3499984741211,1051200
2007-10-08,76.21611785888672,94.12000274658203,96.08999633789062,93.81999969482422,95.11000061035156,590600
2007-10-09,75.3092041015625,93.0,94.44999694824219,92.75,94.44999694824219,904800
2007-10-10,74.49943542480469,92.0,93.58999633789062,90.80000305175781,93.0999984741211,840700
2007-10-11,73.34950256347656,90.58000183105469,93.0,90.0,92.7300033569336,1075100
2007-10-12,74.7585678100586,92.31999969482422,92.3499984741211,90.25,91.0199966430664,1545000
2007-10-15,74.96098327636719,92.56999969482422,94.04000091552734,91.75,92.95999908447266,1769600
2007-10-16,72.94467163085938,90.08000183105469,91.9000015258789,89.73999786376953,91.75,2252100
2007-10-17,72.78267669677734,89.87999725341797,90.8499984741211,89.44000244140625,90.7699966430664,2247400
2007-10-18,70.6448745727539,87.23999786376953,90.08000183105469,86.80000305175781,89.77999877929688,1497300
2007-10-19,69.15489196777344,85.4000015258789,87.18000030517578,84.76000213623047,87.18000030517578,1807800
2007-10-22,69.30872344970703,85.58999633789062,86.16000366210938,83.47000122070312,84.87999725341797,2009200
2007-10-23,69.0658187866211,85.29000091552734,87.30000305175781,84.38999938964844,85.91000366210938,1437500
2007-10-24,69.86754608154297,86.27999877929688,86.61000061035156,84.52999877929688,85.18000030517578,1740000
2007-10-25,70.07805633544922,86.54000091552734,87.11000061035156,85.37000274658203,85.88999938964844,1648600
2007-10-26,71.43037414550781,88.20999908447266,88.8499984741211,86.98999786376953,87.69999694824219,1164700
2007-10-29,71.7137680053711,88.55999755859375,89.80999755859375,87.9000015258789,88.62999725341797,856700
2007-10-30,69.81892395019531,86.22000122070312,87.77999877929688,83.5,83.5,2728300
2007-10-31,69.24396514892578,85.51000213623047,86.80000305175781,84.45999908447266,86.55000305175781,1971600
2007-11-01,66.96040344238281,82.69000244140625,85.0,82.41000366210938,84.30000305175781,2101600
2007-11-02,67.06568145751953,82.81999969482422,83.01000213623047,80.54000091552734,82.80000305175781,1906100
2007-11-05,65.1950912475586,80.51000213623047,82.25,79.5,82.0,1534900
2007-11-06,68.63664245605469,84.76000213623047,85.29000091552734,80.51000213623047,80.97000122070312,2549600
2007-11-07,64.74972534179688,79.95999908447266,84.76000213623047,79.95999908447266,84.76000213623047,1950100
2007-11-08,64.40962982177734,79.54000091552734,82.16000366210938,77.36000061035156,81.01000213623047,2042100
2007-11-09,65.34895324707031,80.69999694824219,82.19999694824219,78.0,79.4000015258789,1709400
2007-11-12,65.57566833496094,80.9800033569336,83.61000061035156,80.30000305175781,80.4000015258789,2001400
2007-11-13,67.87545013427734,83.81999969482422,84.02999877929688,81.12999725341797,81.81999969482422,1477500
2007-11-14,67.44624328613281,83.29000091552734,86.08999633789062,83.04000091552734,84.5,1737600
2007-11-15,67.46247863769531,83.30999755859375,86.56999969482422,82.4800033569336,86.0,2215200
2007-11-16,67.02517700195312,82.7699966430664,84.30000305175781,81.55999755859375,84.04000091552734,3328800
2007-11-19,65.4380111694336,80.80999755859375,82.66000366210938,80.19000244140625,82.41000366210938,4255100
2007-11-20,66.32071685791016,81.9000015258789,82.6500015258789,80.54000091552734,81.0999984741211,2693300
2007-11-21,66.21484375,81.30999755859375,82.05999755859375,80.04000091552734,80.86000061035156,2512000
2007-11-23,66.54054260253906,81.70999908447266,82.13999938964844,81.18000030517578,81.63999938964844,877100
2007-11-26,65.53887176513672,80.4800033569336,82.77999877929688,80.30000305175781,82.12999725341797,1789900
2007-11-27,66.78485107421875,82.01000213623047,82.05999755859375,80.30000305175781,80.30000305175781,1635800
2007-11-28,70.449462890625,86.51000213623047,86.69000244140625,82.75,82.98999786376953,2890100
2007-11-29,71.06021881103516,87.26000213623047,87.9000015258789,85.58000183105469,86.05999755859375,1570100
2007-11-30,72.31428527832031,88.80000305175781,90.0,87.88999938964844,88.19999694824219,2102300
2007-12-03,71.37779235839844,87.6500015258789,89.31999969482422,87.55000305175781,89.06999969482422,1289800
2007-12-04,68.1041030883789,83.62999725341797,86.41999816894531,83.37999725341797,86.12000274658203,1589300
2007-12-05,68.56011962890625,84.19000244140625,86.33999633789062,83.66000366210938,84.56999969482422,1157300
2007-12-06,71.89083862304688,88.27999877929688,88.36000061035156,83.8499984741211,84.16000366210938,1584400
2007-12-07,71.62211608886719,87.94999694824219,89.8499984741211,87.58000183105469,88.2699966430664,1262400
2007-12-10,72.61560821533203,89.16999816894531,89.73999786376953,85.9000015258789,86.02999877929688,1237300
2007-12-11,69.08134460449219,84.83000183105469,90.55999755859375,84.54000091552734,89.48999786376953,1359900
2007-12-12,69.05692291259766,84.80000305175781,88.26000213623047,83.45999908447266,86.91000366210938,1255600
2007-12-13,68.75559997558594,84.43000030517578,84.9000015258789,83.23999786376953,84.33999633789062,1016800
2007-12-14,66.31253051757812,81.43000030517578,83.86000061035156,81.43000030517578,82.51000213623047,1132200
2007-12-17,65.2783203125,80.16000366210938,81.30999755859375,80.16000366210938,80.91000366210938,1592000
2007-12-18,66.2310791015625,81.33000183105469,81.5999984741211,80.01000213623047,80.58000183105469,1531900
2007-12-19,65.97866821289062,81.0199966430664,81.94000244140625,80.51000213623047,81.94000244140625,1592600
2007-12-20,65.53075408935547,80.47000122070312,81.77999877929688,79.58999633789062,81.77999877929688,2128400
2007-12-21,66.34510803222656,81.47000122070312,82.04000091552734,81.0,82.04000091552734,1609600
2007-12-24,66.19852447509766,81.29000091552734,82.27999877929688,80.66999816894531,82.27999877929688,1405200
2007-12-26,65.71805572509766,80.69999694824219,81.33999633789062,79.7699966430664,80.80999755859375,804400
2007-12-27,63.98350143432617,78.56999969482422,80.41999816894531,78.12000274658203,79.76000213623047,983100
2007-12-28,63.05513000488281,77.43000030517578,79.8499984741211,77.43000030517578,79.06999969482422,1606700
2007-12-31,64.40695190429688,79.08999633789062,79.86000061035156,77.04000091552734,77.43000030517578,1198900
2008-01-02,62.23263168334961,76.41999816894531,79.48999786376953,76.01000213623047,79.41000366210938,2301300
2008-01-03,60.52251052856445,74.31999969482422,77.27999877929688,74.02999877929688,76.88999938964844,1775000
2008-01-04,57.827022552490234,71.01000213623047,74.0,70.9800033569336,74.0,1899400
2008-01-07,57.827022552490234,71.01000213623047,73.63999938964844,69.44000244140625,71.72000122070312,2699400
2008-01-08,54.968631744384766,67.5,72.12000274658203,67.41999816894531,71.33000183105469,2060500
2008-01-09,55.67713165283203,68.37000274658203,68.4000015258789,65.94999694824219,67.44999694824219,2985800
2008-01-10,55.164085388183594,67.73999786376953,68.45999908447266,65.51000213623047,67.0,2503800
2008-01-11,55.888851165771484,68.62999725341797,69.87000274658203,65.98999786376953,67.48999786376953,2270400
2008-01-14,57.9898681640625,71.20999908447266,71.44999694824219,68.19999694824219,69.30999755859375,1964000
2008-01-15,56.898624420166016,69.87000274658203,72.13999938964844,69.80999755859375,70.58000183105469,2993100
2008-01-16,57.98173904418945,71.19999694824219,72.8499984741211,69.37999725341797,69.41000366210938,2411600
2008-01-17,54.39045333862305,66.79000091552734,71.58000183105469,66.5,71.27999877929688,2449800
2008-01-18,53.795982360839844,66.05999755859375,68.5,64.94999694824219,67.37999725341797,2621400
2008-01-22,53.88555908203125,66.16999816894531,66.66999816894531,61.33000183105469,62.75,3190200
2008-01-23,56.19017791748047,69.0,69.38999938964844,60.20000076293945,64.0999984741211,3689000
2008-01-24,57.818870544433594,71.0,71.91999816894531,69.4000015258789,69.52999877929688,3483000
2008-01-25,57.362815856933594,70.44000244140625,73.5199966430664,69.62999725341797,71.81999969482422,2065300
2008-01-28,59.92802810668945,73.58999633789062,73.72000122070312,70.0,70.5,2208800
2008-01-29,61.36131286621094,75.3499984741211,75.83999633789062,73.29000091552734,73.80000305175781,1545600
2008-01-30,60.367774963378906,74.12999725341797,77.13999938964844,73.68000030517578,75.83999633789062,3603300
2008-01-31,63.722900390625,78.25,79.75,71.0,72.91000366210938,5517100
2008-02-01,63.087738037109375,77.47000122070312,78.6500015258789,75.8499984741211,77.94000244140625,3300000
2008-02-04,61.434593200683594,75.44000244140625,77.69999694824219,75.4000015258789,76.98999786376953,2655900
2008-02-05,56.61361312866211,69.5199966430664,72.97000122070312,68.43000030517578,72.97000122070312,4602400
2008-02-06,56.89053726196289,69.86000061035156,71.52999877929688,69.19999694824219,70.12999725341797,2233800
2008-02-07,57.56639862060547,70.69000244140625,71.80999755859375,69.54000091552734,69.5999984741211,1670500
2008-02-08,57.134822845458984,70.16000366210938,71.62000274658203,69.8499984741211,70.25,1423000
2008-02-11,56.548492431640625,69.44000244140625,70.30000305175781,68.55999755859375,70.1500015258789,2498800
2008-02-12,55.668975830078125,68.36000061035156,70.36000061035156,67.70999908447266,69.76000213623047,2031900
2008-02-13,57.379112243652344,70.45999908447266,70.83999633789062,66.51000213623047,69.1500015258789,2772300
2008-02-14,54.594051361083984,67.04000091552734,69.97000122070312,66.43000030517578,68.9000015258789,3231000
2008-02-15,54.2682991027832,66.63999938964844,69.31999969482422,66.01000213623047,66.01000213623047,2195100
2008-02-19,54.154293060302734,66.5,68.2300033569336,66.20999908447266,67.54000091552734,1220500
2008-02-20,55.98657989501953,68.75,69.18000030517578,65.52999877929688,65.83999633789062,1595600
2008-02-21,55.87175750732422,68.12000274658203,69.41000366210938,67.13999938964844,69.12999725341797,3378900
2008-02-22,55.98659133911133,68.26000213623047,68.41000366210938,66.18000030517578,68.19999694824219,2136200
2008-02-25,57.29892349243164,69.86000061035156,69.98999786376953,67.0999984741211,68.0199966430664,1506300
2008-02-26,58.66861343383789,71.52999877929688,72.05999755859375,69.31999969482422,69.6500015258789,1945400
2008-02-27,58.561988830566406,71.4000015258789,71.80000305175781,70.33999633789062,70.95999908447266,1229200
2008-02-28,58.865447998046875,71.7699966430664,72.12000274658203,70.19000244140625,71.0199966430664,2159600
2008-02-29,57.4957275390625,70.0999984741211,71.06999969482422,69.5999984741211,70.83999633789062,1531900
2008-03-03,58.43896484375,71.25,71.83999633789062,69.73999786376953,70.05000305175781,2337000
2008-03-04,58.32413864135742,71.11000061035156,71.7300033569336,69.73999786376953,70.44999694824219,3074600
2008-03-05,57.823822021484375,70.5,72.63999938964844,70.13999938964844,71.58000183105469,2579100
2008-03-06,54.86292266845703,66.88999938964844,70.37000274658203,66.69999694824219,70.06999969482422,2970800
2008-03-07,53.69822311401367,65.47000122070312,67.81999969482422,64.97000122070312,66.2300033569336,1924800
2008-03-10,51.79538345336914,63.150001525878906,65.4000015258789,62.95000076293945,65.4000015258789,2373100
2008-03-11,54.001705169677734,65.83999633789062,65.83999633789062,62.90999984741211,64.69999694824219,2367200
2008-03-12,54.059120178222656,65.91000366210938,67.2699966430664,64.69999694824219,65.86000061035156,1284500
2008-03-13,54.059120178222656,65.91000366210938,66.16000366210938,61.869998931884766,65.0,2288400
2008-03-14,53.55058670043945,65.29000091552734,66.87999725341797,63.279998779296875,66.5199966430664,1674300
2008-03-17,52.67298889160156,64.22000122070312,65.4000015258789,62.220001220703125,64.11000061035156,1671600
2008-03-18,55.19096374511719,67.29000091552734,67.55999755859375,65.33000183105469,65.58000183105469,2247500
2008-03-19,52.84523010253906,64.43000030517578,69.70999908447266,64.43000030517578,68.16999816894531,1727900
2008-03-20,54.009910583496094,65.8499984741211,66.22000122070312,62.279998779296875,64.5,2848200
2008-03-24,57.76641845703125,70.43000030517578,71.5999984741211,65.73999786376953,66.0199966430664,1967900
2008-03-25,56.224449157714844,68.55000305175781,71.13999938964844,68.20999908447266,69.41000366210938,1980100
2008-03-26,54.698848724365234,66.69000244140625,68.33999633789062,66.47000122070312,68.23999786376953,1094200
2008-03-27,54.87932205200195,66.91000366210938,69.0999984741211,66.5199966430664,67.37000274658203,1230300
2008-03-28,54.28055953979492,66.18000030517578,68.02999877929688,65.93000030517578,67.44999694824219,827900
2008-03-31,54.46100997924805,66.4000015258789,66.80000305175781,65.1500015258789,65.58000183105469,1474200
2008-04-01,58.463565826416016,71.27999877929688,71.45999908447266,66.6500015258789,67.19999694824219,1641200
2008-04-02,57.184059143066406,69.72000122070312,71.9800033569336,69.19999694824219,71.87000274658203,1239300
2008-04-03,57.6269645690918,70.26000213623047,70.83000183105469,68.37999725341797,69.37999725341797,1186400
2008-04-04,57.938655853271484,70.63999938964844,71.2699966430664,70.13999938964844,70.58000183105469,1471600
2008-04-07,57.536746978759766,70.1500015258789,71.9000015258789,69.86000061035156,71.30999755859375,1527300
2008-04-08,57.758209228515625,70.41999816894531,70.83999633789062,69.16000366210938,69.86000061035156,1197900
2008-04-09,57.07745361328125,69.58999633789062,70.7300033569336,68.94999694824219,70.31999969482422,1482900
2008-04-10,57.85661697387695,70.54000091552734,70.6500015258789,68.88999938964844,69.5,977100
2008-04-11,58.04526901245117,70.7699966430664,71.22000122070312,69.5199966430664,69.94999694824219,2022500
2008-04-14,55.937355041503906,68.19999694824219,70.86000061035156,67.80999755859375,70.86000061035156,2091500
2008-04-15,56.58531951904297,68.98999786376953,69.4800033569336,67.44999694824219,68.69999694824219,1080400
2008-04-16,57.569557189941406,70.19000244140625,70.69999694824219,68.94000244140625,69.72000122070312,1600300
2008-04-17,58.79165267944336,71.68000030517578,72.37999725341797,69.80000305175781,70.18000030517578,2318200
2008-04-18,59.283756256103516,72.27999877929688,73.94000244140625,71.58000183105469,72.75,1526900
2008-04-21,58.70962142944336,71.58000183105469,72.77999877929688,70.47000122070312,72.27999877929688,1412400
2008-04-22,56.577110290527344,68.9800033569336,71.80000305175781,68.37999725341797,71.80000305175781,2661100
2008-04-23,54.64963912963867,66.62999725341797,69.25,66.05000305175781,69.23999786376953,2685400
2008-04-24,54.86292266845703,66.88999938964844,67.80000305175781,65.37000274658203,67.12000274658203,1683700
2008-04-25,55.24839401245117,67.36000061035156,67.52999877929688,65.13999938964844,67.4800033569336,1063100
2008-04-28,56.298248291015625,68.63999938964844,69.44000244140625,66.18000030517578,67.66000366210938,1791900
2008-04-29,56.23265075683594,68.55999755859375,68.98999786376953,67.5,68.63999938964844,1187500
2008-04-30,56.44586944580078,68.81999969482422,70.0,68.05999755859375,68.79000091552734,2008000
2008-05-01,56.05219268798828,68.33999633789062,68.98999786376953,67.22000122070312,68.97000122070312,2640600
2008-05-02,56.38846969604492,68.75,70.41999816894531,68.33000183105469,69.20999908447266,1887000
2008-05-05,55.35503005981445,67.48999786376953,69.9000015258789,66.94999694824219,68.75,2357700
2008-05-06,53.427555084228516,65.13999938964844,67.2699966430664,62.5,62.529998779296875,5189600
2008-05-07,53.115901947021484,64.76000213623047,65.87999725341797,64.43000030517578,65.13999938964844,2392300
2008-05-08,53.43576431274414,65.1500015258789,65.30999755859375,64.0,65.19999694824219,1589100
2008-05-09,54.378997802734375,66.30000305175781,66.44000244140625,64.55000305175781,64.58999633789062,1725600
2008-05-12,57.83201599121094,70.51000213623047,70.66000366210938,66.80000305175781,66.88999938964844,2656400
2008-05-13,59.17713165283203,72.1500015258789,72.20999908447266,68.98999786376953,70.45999908447266,1708300
2008-05-14,59.562625885009766,72.62000274658203,73.7699966430664,71.9000015258789,72.01000213623047,1958600
2008-05-15,61.41627502441406,74.87999725341797,75.30000305175781,72.22000122070312,72.51000213623047,1722000
2008-05-16,63.54059600830078,77.47000122070312,77.62000274658203,72.94000244140625,73.38999938964844,2530000
2008-05-19,68.06805419921875,82.98999786376953,84.7300033569336,77.55000305175781,77.55000305175781,4972000
2008-05-20,66.92797088623047,81.5999984741211,82.91999816894531,80.16000366210938,82.44000244140625,2814200
2008-05-21,63.96708297729492,77.98999786376953,82.48999786376953,77.80000305175781,81.2699966430664,2579900
2008-05-22,62.27504348754883,75.44999694824219,77.87999725341797,74.98999786376953,77.69999694824219,2799200
2008-05-23,61.36713409423828,74.3499984741211,75.47000122070312,73.23999786376953,75.30999755859375,2465800
2008-05-27,62.70423889160156,75.97000122070312,76.33000183105469,74.2699966430664,74.2699966430664,2298800
2008-05-28,63.28201675415039,76.66999816894531,77.08999633789062,74.27999877929688,76.9800033569336,2111400
2008-05-29,62.78679656982422,76.06999969482422,76.54000091552734,75.08999633789062,75.48999786376953,1953000
2008-05-30,63.496604919433594,76.93000030517578,77.62999725341797,75.91999816894531,76.3499984741211,1998900
2008-06-02,63.76072311401367,77.25,77.83000183105469,76.22000122070312,76.23999786376953,1850100
2008-06-03,61.02048110961914,73.93000030517578,77.80000305175781,73.23999786376953,77.80000305175781,2663800
2008-06-04,60.566505432128906,73.37999725341797,75.58999633789062,73.16999816894531,73.2300033569336,2282400
2008-06-05,61.490962982177734,74.5,74.76000213623047,73.20999908447266,73.8499984741211,2118600
2008-06-06,58.560813903808594,70.94999694824219,74.1500015258789,70.8499984741211,73.4000015258789,2356500
2008-06-09,58.890995025634766,71.3499984741211,72.16000366210938,70.0199966430664,71.01000213623047,2176500
2008-06-10,59.43574142456055,72.01000213623047,72.8499984741211,69.75,70.30000305175781,2183500
2008-06-11,56.654197692871094,68.63999938964844,71.7699966430664,68.5,71.5999984741211,3867900
2008-06-12,56.80274200439453,68.81999969482422,70.05999755859375,68.5,69.0999984741211,2683400
2008-06-13,57.256752014160156,69.37000274658203,69.9800033569336,68.69999694824219,69.25,1563600
2008-06-16,57.31452941894531,69.44000244140625,70.08000183105469,68.5999984741211,69.16999816894531,972600
2008-06-17,56.08468246459961,67.94999694824219,70.20999908447266,67.26000213623047,69.94000244140625,2028500
2008-06-18,54.80534362792969,66.4000015258789,67.94000244140625,65.81999969482422,67.94000244140625,1589900
2008-06-19,54.590736389160156,66.13999938964844,67.33999633789062,64.94000244140625,66.5,1695600
2008-06-20,52.758419036865234,63.91999816894531,66.0,63.0,65.80000305175781,2407900
2008-06-23,52.31270217895508,63.380001068115234,64.5,63.04999923706055,64.31999969482422,1569500
2008-06-24,51.84223175048828,62.810001373291016,64.51000213623047,62.650001525878906,63.029998779296875,1840000
2008-06-25,52.20539855957031,63.25,64.95999908447266,62.83000183105469,64.72000122070312,1490700
2008-06-26,49.93559265136719,60.5,63.41999816894531,60.36000061035156,62.65999984741211,2233700
2008-06-27,49.95209884643555,60.52000045776367,62.65999984741211,60.349998474121094,60.5099983215332,2496600
2008-06-30,49.3413200378418,59.779998779296875,60.86000061035156,59.2599983215332,60.40999984741211,2138700
2008-07-01,47.987693786621094,58.13999938964844,59.77000045776367,57.04999923706055,57.72999954223633,2029800
2008-07-02,46.54327392578125,56.38999938964844,59.65999984741211,56.08000183105469,57.939998626708984,2458700
2008-07-03,46.62581253051758,56.4900016784668,57.70000076293945,55.41999816894531,56.58000183105469,913100
2008-07-07,45.10710906982422,54.650001525878906,56.790000915527344,53.779998779296875,55.060001373291016,2244200
2008-07-08,46.914710998535156,56.84000015258789,56.84000015258789,54.06999969482422,54.91999816894531,2487000
2008-07-09,45.775672912597656,55.459999084472656,58.77000045776367,55.189998626708984,57.369998931884766,2042600
2008-07-10,43.629676818847656,52.86000061035156,56.130001068115234,52.40999984741211,55.59000015258789,2158000
2008-07-11,41.54972839355469,50.34000015258789,52.849998474121094,49.38999938964844,52.849998474121094,2804200
2008-07-14,42.21826934814453,51.150001525878906,51.86000061035156,49.970001220703125,51.470001220703125,1966200
2008-07-15,44.93378829956055,54.439998626708984,55.779998779296875,50.279998779296875,50.83000183105469,2752300
2008-07-16,49.52290725708008,60.0,60.5099983215332,52.52000045776367,54.619998931884766,2350600
2008-07-17,53.17934036254883,64.43000030517578,65.38999938964844,56.59000015258789,60.9900016784668,3784000
2008-07-18,51.94126892089844,62.93000030517578,64.94999694824219,61.06999969482422,64.43000030517578,1750500
2008-07-21,50.20797348022461,60.83000183105469,64.5199966430664,60.29999923706055,63.310001373291016,2163600
2008-07-22,52.436492919921875,63.529998779296875,63.88999938964844,59.81999969482422,60.220001220703125,2760000
2008-07-23,54.054256439208984,65.48999786376953,67.22000122070312,62.63999938964844,64.0,2209600
2008-07-24,50.79399490356445,61.540000915527344,65.37000274658203,61.540000915527344,65.12000274658203,1412500
2008-07-25,50.87653732299805,61.63999938964844,62.77000045776367,59.63999938964844,61.720001220703125,1579300
2008-07-28,49.366085052490234,59.810001373291016,62.970001220703125,59.439998626708984,62.970001220703125,1266400
2008-07-29,51.38001251220703,62.25,63.15999984741211,59.90999984741211,60.0099983215332,1428000
2008-07-30,54.06249237060547,65.5,65.83999633789062,62.43000030517578,62.43000030517578,1297400
2008-07-31,52.98126220703125,64.19000244140625,66.0,63.150001525878906,65.4800033569336,1231300
2008-08-01,52.923492431640625,64.12000274658203,65.61000061035156,62.54999923706055,65.48999786376953,1420400
2008-08-04,51.88348388671875,62.86000061035156,65.98999786376953,62.7400016784668,63.88999938964844,1294100
2008-08-05,56.53864288330078,68.5,68.5,62.720001220703125,62.720001220703125,2376700
2008-08-06,56.45612716674805,68.4000015258789,73.5,62.7599983215332,64.0999984741211,3611500
2008-08-07,56.29103088378906,68.19999694824219,69.69999694824219,65.7699966430664,67.44999694824219,2031700
2008-08-08,56.398345947265625,68.33000183105469,70.0,67.54000091552734,67.54000091552734,1419200
2008-08-11,56.79450988769531,68.80999755859375,70.05999755859375,67.56999969482422,67.79000091552734,1490300
2008-08-12,56.637699127197266,68.62000274658203,69.7699966430664,67.33999633789062,69.0,980000
2008-08-13,57.32276153564453,69.44999694824219,69.58000183105469,67.01000213623047,68.8499984741211,1018400
2008-08-14,61.0782585144043,74.0,74.18000030517578,69.04000091552734,69.44000244140625,2009800
2008-08-15,61.6560173034668,74.69999694824219,80.2699966430664,72.58000183105469,76.19999694824219,2910700
2008-08-18,59.955726623535156,72.63999938964844,74.66999816894531,71.18000030517578,74.44999694824219,1035800
2008-08-19,59.01477813720703,71.5,72.5999984741211,70.22000122070312,71.88999938964844,1239200
2008-08-20,61.40837860107422,74.4000015258789,74.8499984741211,70.04000091552734,72.23999786376953,1273600
2008-08-21,61.573463439941406,74.5999984741211,75.33000183105469,73.19999694824219,74.0,569300
2008-08-22,61.730308532714844,74.79000091552734,76.23999786376953,74.0,75.26000213623047,809900
2008-08-25,59.07163619995117,71.0999984741211,74.11000061035156,70.01000213623047,74.02999877929688,1514800
2008-08-26,59.44554138183594,71.55000305175781,72.44999694824219,70.77999877929688,71.5,1146800
2008-08-27,61.85493087768555,74.44999694824219,74.66000366210938,71.30999755859375,71.30999755859375,1222200
2008-08-28,63.79073715209961,76.77999877929688,76.94000244140625,74.36000061035156,74.55999755859375,803600
2008-08-29,62.178924560546875,74.83999633789062,76.75,74.63999938964844,76.68000030517578,612500
2008-09-02,62.611000061035156,75.36000061035156,77.27999877929688,74.70999908447266,76.30999755859375,808000
2008-09-03,63.9237174987793,76.94000244140625,81.3499984741211,75.44999694824219,76.25,1515400
2008-09-04,61.91304016113281,74.5199966430664,76.9000015258789,73.36000061035156,76.9000015258789,1161500
2008-09-05,62.48638153076172,75.20999908447266,75.58999633789062,71.45999908447266,72.0999984741211,891900
2008-09-08,64.80433654785156,78.0,80.0,76.2699966430664,79.12999725341797,2203100
2008-09-09,60.92437744140625,73.33000183105469,79.63999938964844,72.94999694824219,78.04000091552734,1591900
2008-09-10,60.76652145385742,73.13999938964844,74.06999969482422,70.20999908447266,73.4800033569336,918800
2008-09-11,61.22348403930664,73.69000244140625,74.02999877929688,71.3499984741211,72.87000274658203,1181200
2008-09-12,62.44481658935547,75.16000366210938,75.23999786376953,71.5199966430664,72.70999908447266,1250000
2008-09-15,60.79978561401367,73.18000030517578,76.93000030517578,71.29000091552734,71.29000091552734,1252600
2008-09-16,60.20992660522461,72.47000122070312,73.93000030517578,69.12000274658203,71.88999938964844,2090200
2008-09-17,60.63361358642578,72.9800033569336,74.9000015258789,68.83000183105469,70.1500015258789,2625700
2008-09-18,66.05057525634766,79.5,79.9000015258789,72.76000213623047,73.5999984741211,3618000
2008-09-19,68.95846557617188,83.0,83.0,75.01000213623047,83.0,3924400
2008-09-22,63.28392791748047,76.16999816894531,82.83999633789062,74.8499984741211,81.44999694824219,1114600
2008-09-23,66.46601104736328,80.0,80.4800033569336,74.80999755859375,75.95999908447266,750400
2008-09-24,65.5936279296875,78.94999694824219,81.94999694824219,77.26000213623047,80.3499984741211,1458900
2008-09-25,66.34139251708984,79.8499984741211,82.06999969482422,77.63999938964844,81.62000274658203,997200
2008-09-26,65.31946563720703,78.62000274658203,79.8499984741211,75.47000122070312,78.36000061035156,1318600
2008-09-29,61.27334213256836,73.75,78.0,72.20999908447266,77.33000183105469,1131400
2008-09-30,61.89649200439453,74.5,76.1500015258789,71.0199966430664,74.04000091552734,1051000
2008-10-01,59.15473937988281,71.19999694824219,74.06999969482422,70.5,73.75,1130100
2008-10-02,57.326927185058594,69.0,72.45999908447266,68.22000122070312,71.0,1413400
2008-10-03,53.50514602661133,64.4000015258789,71.41000366210938,63.54999923706055,69.9800033569336,1916500
2008-10-06,50.87141799926758,61.22999954223633,62.41999816894531,55.52000045776367,62.41999816894531,2171300
2008-10-07,49.70827102661133,59.83000183105469,62.81999969482422,59.5099983215332,62.119998931884766,2683700
2008-10-08,51.320091247558594,61.77000045776367,66.12000274658203,57.290000915527344,57.650001525878906,2289200
2008-10-09,46.750545501708984,56.27000045776367,65.02999877929688,56.08000183105469,62.380001068115234,1999600
2008-10-10,45.27995681762695,54.5,57.95000076293945,52.90999984741211,54.90999984741211,2072000
2008-10-13,47.23241424560547,56.849998474121094,58.84000015258789,55.02000045776367,58.63999938964844,1956500
2008-10-14,46.21881103515625,55.630001068115234,59.0,53.88999938964844,58.68000030517578,1821000
2008-10-15,42.75425720214844,51.459999084472656,56.400001525878906,50.0,54.58000183105469,1677800
2008-10-16,43.25275421142578,52.060001373291016,52.36000061035156,48.5,51.439998626708984,1769500
2008-10-17,46.27696228027344,55.70000076293945,58.13999938964844,51.2599983215332,51.279998779296875,1999600
2008-10-20,46.79207229614258,56.31999969482422,58.40999984741211,54.40999984741211,54.93000030517578,1123700
2008-10-21,44.40760803222656,53.45000076293945,56.970001220703125,53.15999984741211,56.20000076293945,701200
2008-10-22,41.69910430908203,50.189998626708984,54.90999984741211,48.7599983215332,52.5,977100
2008-10-23,42.08129119873047,50.650001525878906,51.869998931884766,46.369998931884766,50.27000045776367,1346600
2008-10-24,40.27839660644531,48.47999954223633,50.0,46.33000183105469,47.0,1247900
2008-10-27,36.7806282043457,44.27000045776367,50.310001373291016,44.130001068115234,47.689998626708984,1741400
2008-10-28,39.47249984741211,47.5099983215332,47.5099983215332,41.560001373291016,45.5,2134000
2008-10-29,40.34485626220703,48.560001373291016,50.68000030517578,46.040000915527344,46.939998626708984,3470300
2008-10-30,41.41663360595703,49.849998474121094,51.83000183105469,47.18000030517578,51.83000183105469,1659200
2008-10-31,45.0971794128418,54.279998779296875,55.099998474121094,48.90999984741211,50.0,1583400
2008-11-03,45.62891387939453,54.91999816894531,56.41999816894531,53.13999938964844,54.0,1075500
2008-11-04,49.0269889831543,59.0099983215332,59.439998626708984,55.439998626708984,57.0,2076200
2008-11-05,46.77544021606445,56.29999923706055,60.0,55.369998931884766,58.150001525878906,1881400
2008-11-06,45.42120361328125,54.66999816894531,57.06999969482422,50.2400016784668,52.68000030517578,2661800
2008-11-07,47.772430419921875,57.5,57.720001220703125,53.630001068115234,55.5,1141300
2008-11-10,48.246009826660156,58.06999969482422,60.0,57.290000915527344,58.88999938964844,1423900
2008-11-11,44.98917770385742,54.150001525878906,58.11000061035156,52.5099983215332,57.310001373291016,1552900
2008-11-12,44.11679458618164,53.099998474121094,56.63999938964844,52.40999984741211,52.86000061035156,1420300
2008-11-13,47.365325927734375,57.0099983215332,57.0099983215332,49.65999984741211,53.849998474121094,1591300
2008-11-14,44.24142837524414,53.25,58.0,53.150001525878906,56.34000015258789,993700
2008-11-17,41.96499252319336,50.5099983215332,53.25,49.720001220703125,52.5,1770800
2008-11-18,41.97327423095703,50.52000045776367,51.41999816894531,48.84000015258789,50.38999938964844,2074300
2008-11-19,37.536678314208984,45.18000030517578,50.68000030517578,45.0099983215332,50.68000030517578,2238000
2008-11-20,34.113677978515625,41.060001373291016,45.52000045776367,40.72999954223633,45.099998474121094,2454700
2008-11-21,33.69826126098633,40.560001373291016,43.150001525878906,39.52000045776367,41.720001220703125,3115500
2008-11-24,39.904720306396484,47.45000076293945,48.0099983215332,41.33000183105469,42.09000015258789,3194600
2008-11-25,45.556156158447266,54.16999816894531,54.29999923706055,48.72999954223633,48.72999954223633,3521200
2008-11-26,51.75419998168945,61.540000915527344,63.970001220703125,52.81999969482422,53.0,3258200
2008-11-28,50.44227600097656,59.97999954223633,62.279998779296875,58.61000061035156,61.0099983215332,711600
2008-12-01,47.692256927490234,56.709999084472656,59.400001525878906,55.689998626708984,58.939998626708984,1500500
2008-12-02,51.745792388916016,61.529998779296875,62.869998931884766,56.130001068115234,57.5,1776500
2008-12-03,53.47822570800781,63.59000015258789,65.11000061035156,59.380001068115234,61.0,1808700
2008-12-04,54.008052825927734,64.22000122070312,67.20999908447266,62.5,62.65999984741211,2046500
2008-12-05,56.1357536315918,66.75,66.9800033569336,63.2599983215332,63.959999084472656,2076500
2008-12-08,62.232887268066406,74.0,74.9000015258789,69.4800033569336,70.0,3281600
2008-12-09,58.59983444213867,69.68000030517578,77.94999694824219,68.55999755859375,73.20999908447266,3586800
2008-12-10,58.810054779052734,69.93000030517578,72.37000274658203,67.62000274658203,70.4800033569336,1809000
2008-12-11,54.17623519897461,64.41999816894531,69.9000015258789,62.18000030517578,69.88999938964844,1863800
2008-12-12,57.060821533203125,67.8499984741211,68.0,62.0,62.0,1138500
2008-12-15,55.25270462036133,65.69999694824219,69.8499984741211,64.80000305175781,68.68000030517578,1215500
2008-12-16,59.58379364013672,70.8499984741211,70.8499984741211,65.31999969482422,66.25,1389600
2008-12-17,57.01035690307617,67.79000091552734,71.51000213623047,67.41000366210938,70.44999694824219,3250200
2008-12-18,55.841392517089844,66.4000015258789,70.0,65.63999938964844,68.0999984741211,1353400
2008-12-19,56.48894500732422,67.16999816894531,68.9800033569336,66.58999633789062,68.41999816894531,2417800
2008-12-22,56.682395935058594,67.4000015258789,68.05000305175781,66.12999725341797,66.55000305175781,1217400
2008-12-23,55.975948333740234,66.55999755859375,68.88999938964844,65.77999877929688,68.16999816894531,842900
2008-12-24,55.36205291748047,65.83000183105469,67.80000305175781,65.44999694824219,66.83000183105469,237100
2008-12-26,56.892608642578125,67.6500015258789,67.70999908447266,66.30000305175781,66.30000305175781,280100
2008-12-29,56.62350845336914,67.33000183105469,67.88999938964844,65.69000244140625,67.1500015258789,767500
2008-12-30,58.43162155151367,69.4800033569336,69.9000015258789,67.30000305175781,67.5199966430664,1132900
2008-12-31,58.5157356262207,69.58000183105469,70.30000305175781,67.80000305175781,67.80000305175781,1071900
2009-01-02,58.65026092529297,69.73999786376953,71.26000213623047,67.20999908447266,71.26000213623047,1375700
2009-01-05,58.826900482177734,69.94999694824219,71.0199966430664,69.11000061035156,69.38999938964844,2119200
2009-01-06,56.404850006103516,67.06999969482422,71.0,66.55000305175781,70.97000122070312,2029900
2009-01-07,53.823028564453125,64.0,67.05000305175781,63.31999969482422,66.80000305175781,1603100
2009-01-08,52.982059478759766,63.0,63.36000061035156,61.0,63.36000061035156,1942400
2009-01-09,51.459877014160156,61.189998626708984,63.0099983215332,60.779998779296875,63.0099983215332,1343600
2009-01-12,48.079097747802734,57.16999816894531,61.63999938964844,56.869998931884766,61.459999084472656,1741500
2009-01-13,48.92849349975586,58.18000030517578,58.70000076293945,56.93000030517578,58.40999984741211,1620300
2009-01-14,46.92695236206055,55.79999923706055,56.619998931884766,55.0099983215332,55.9900016784668,1481000
2009-01-15,47.70907974243164,56.72999954223633,58.36000061035156,53.33000183105469,55.5,2202500
2009-01-16,49.34058380126953,58.66999816894531,60.63999938964844,57.09000015258789,57.61000061035156,2088200
2009-01-20,45.27021026611328,53.83000183105469,57.290000915527344,52.849998474121094,57.13999938964844,2263800
2009-01-21,45.18611526489258,53.72999954223633,54.97999954223633,51.779998779296875,54.5,1585100
2009-01-22,44.00874328613281,52.33000183105469,53.13999938964844,51.02000045776367,52.720001220703125,1657300
2009-01-23,44.72358703613281,53.18000030517578,53.97999954223633,50.58000183105469,51.0,1490700
2009-01-26,42.53701400756836,50.58000183105469,54.209999084472656,50.11000061035156,53.54999923706055,2552200
2009-01-27,44.202178955078125,52.560001373291016,53.13999938964844,50.529998779296875,51.2400016784668,1488100
2009-01-28,44.959049224853516,53.459999084472656,56.2400016784668,52.810001373291016,54.45000076293945,1469100
2009-01-29,42.772499084472656,50.86000061035156,53.09000015258789,50.65999984741211,53.0099983215332,1805700
2009-01-30,41.59510803222656,49.459999084472656,51.939998626708984,49.029998779296875,51.38999938964844,1792200
2009-02-02,40.58592987060547,48.2599983215332,49.22999954223633,47.54999923706055,48.68000030517578,1788700
2009-02-03,42.73884201049805,50.81999969482422,51.58000183105469,48.66999816894531,49.0,1898600
2009-02-04,43.260257720947266,51.439998626708984,55.25,50.81999969482422,50.81999969482422,2036100
2009-02-05,42.94908905029297,51.06999969482422,52.689998626708984,50.06999969482422,50.43000030517578,1473100
2009-02-06,43.28550720214844,51.470001220703125,52.619998931884766,51.0,51.810001373291016,1588500
2009-02-09,41.4521598815918,49.290000915527344,51.16999816894531,48.529998779296875,51.16999816894531,1966500
2009-02-10,39.812217712402344,47.34000015258789,53.79999923706055,46.77000045776367,49.20000076293945,4105800
2009-02-11,37.793861389160156,44.939998626708984,47.33000183105469,44.0,46.939998626708984,2291000
2009-02-12,39.92156982421875,47.470001220703125,47.56999969482422,43.900001525878906,45.0,2494100
2009-02-13,38.458229064941406,45.72999954223633,47.5,45.25,47.20000076293945,1162900
2009-02-17,37.104248046875,44.119998931884766,45.59000015258789,43.93000030517578,45.56999969482422,2010200
2009-02-18,36.00255584716797,42.810001373291016,44.88999938964844,41.0,44.88999938964844,2404400
2009-02-19,34.270137786865234,40.75,44.0,40.380001068115234,43.20000076293945,1663000
2009-02-20,34.01784133911133,40.45000076293945,41.869998931884766,39.29999923706055,40.13999938964844,2833300
2009-02-23,33.336639404296875,39.63999938964844,41.810001373291016,38.75,40.9900016784668,1948200
2009-02-24,35.26249694824219,41.93000030517578,42.58000183105469,38.900001525878906,39.66999816894531,1753000
2009-02-25,35.98577117919922,42.290000915527344,43.52000045776367,40.34000015258789,42.689998626708984,2318500
2009-02-26,36.666534423828125,43.09000015258789,44.900001525878906,41.72999954223633,42.86000061035156,1719600
2009-02-27,35.236976623535156,41.40999984741211,43.400001525878906,41.189998626708984,42.09000015258789,2111300
2009-03-02,34.573238372802734,40.630001068115234,42.369998931884766,40.13999938964844,40.5099983215332,1735100
2009-03-03,33.60319137573242,39.4900016784668,41.599998474121094,39.119998931884766,41.15999984741211,1814900
2009-03-04,33.62871551513672,39.52000045776367,40.75,39.09000015258789,40.22999954223633,1898700
2009-03-05,31.45884895324707,36.970001220703125,39.20000076293945,36.470001220703125,38.459999084472656,1630000
2009-03-06,30.48027229309082,35.81999969482422,37.650001525878906,35.02000045776367,37.290000915527344,1611000
2009-03-09,29.399593353271484,34.54999923706055,36.29999923706055,34.29999923706055,35.02000045776367,1282300
2009-03-10,30.931249618530273,36.349998474121094,36.41999816894531,34.83000183105469,35.18000030517578,2688000
2009-03-11,31.416301727294922,36.91999816894531,37.5,36.2599983215332,36.349998474121094,1309400
2009-03-12,31.697107315063477,37.25,37.38999938964844,35.91999816894531,36.91999816894531,3012500
2009-03-13,33.713809967041016,39.619998931884766,39.63999938964844,37.52000045776367,37.619998931884766,2098500
2009-03-16,33.9265251159668,39.869998931884766,40.65999984741211,39.630001068115234,40.04999923706055,2349700
2009-03-17,35.01571273803711,41.150001525878906,41.15999984741211,39.540000915527344,39.88999938964844,1341100
2009-03-18,34.55622100830078,40.61000061035156,40.91999816894531,39.880001068115234,40.90999984741211,2161600
2009-03-19,33.84144592285156,39.77000045776367,42.09000015258789,39.63999938964844,42.09000015258789,1632600
2009-03-20,32.93095016479492,38.70000076293945,40.220001220703125,38.22999954223633,39.83000183105469,1888600
2009-03-23,34.615787506103516,40.68000030517578,40.68000030517578,38.72999954223633,39.400001525878906,1753900
2009-03-24,35.007198333740234,41.13999938964844,41.970001220703125,40.380001068115234,40.40999984741211,1353600
2009-03-25,37.211116790771484,43.72999954223633,43.95000076293945,41.4900016784668,41.650001525878906,2380000
2009-03-26,39.19377517700195,46.060001373291016,46.18000030517578,43.83000183105469,44.08000183105469,2094500
2009-03-27,37.77273941040039,44.38999938964844,46.040000915527344,43.880001068115234,45.5,1393300
2009-03-30,37.73868942260742,44.349998474121094,44.45000076293945,42.709999084472656,43.209999084472656,1426800
2009-03-31,37.68762969970703,44.290000915527344,45.119998931884766,43.95000076293945,44.47999954223633,1236900
2009-04-01,39.108699798583984,45.959999084472656,46.400001525878906,43.08000183105469,43.560001373291016,1069800
2009-04-02,40.342533111572266,47.40999984741211,48.900001525878906,47.0099983215332,47.02000045776367,1880600
2009-04-03,41.09987258911133,48.29999923706055,48.349998474121094,46.68000030517578,47.560001373291016,845700
2009-04-06,39.57670211791992,46.5099983215332,47.7599983215332,45.0,47.0,1284600
2009-04-07,37.16005325317383,43.66999816894531,45.790000915527344,43.29999923706055,45.63999938964844,842000
2009-04-08,37.44938278198242,44.0099983215332,44.540000915527344,43.34000015258789,44.31999969482422,760000
2009-04-09,40.04471969604492,47.060001373291016,47.20000076293945,45.029998779296875,46.5,1378200
2009-04-13,40.27445983886719,47.33000183105469,47.779998779296875,45.310001373291016,46.4900016784668,1300500
2009-04-14,39.97663497924805,46.97999954223633,47.75,46.54999923706055,46.97999954223633,1354200
2009-04-15,41.39769744873047,48.650001525878906,48.689998626708984,46.560001373291016,46.81999969482422,1070000
2009-04-16,44.784393310546875,52.630001068115234,53.939998626708984,48.439998626708984,49.08000183105469,3195400
2009-04-17,44.529109954833984,52.33000183105469,53.939998626708984,51.970001220703125,52.68000030517578,1413600
2009-04-20,41.64446258544922,48.939998626708984,51.470001220703125,48.599998474121094,51.2599983215332,989100
2009-04-21,41.78910446166992,49.11000061035156,49.720001220703125,47.88999938964844,48.47999954223633,921900
2009-04-22,41.89122772216797,49.22999954223633,50.869998931884766,48.40999984741211,48.81999969482422,1424000
2009-04-23,42.25713348388672,49.65999984741211,49.79999923706055,47.81999969482422,49.369998931884766,889100
2009-04-24,43.81431198120117,51.4900016784668,51.939998626708984,49.66999816894531,49.66999816894531,1191000
2009-04-27,42.95488739013672,50.47999954223633,51.9900016784668,50.0,51.220001220703125,1152800
2009-04-28,43.13359069824219,50.689998626708984,51.36000061035156,49.40999984741211,49.7400016784668,722600
2009-04-29,42.70811080932617,50.189998626708984,51.81999969482422,49.619998931884766,51.20000076293945,1035200
2009-04-30,40.461669921875,47.54999923706055,50.459999084472656,47.5,50.0,1528100
2009-05-01,38.513038635253906,45.2599983215332,47.5,45.20000076293945,47.5,1813000
2009-05-04,42.971923828125,50.5,50.900001525878906,45.29999923706055,46.41999816894531,3517500
2009-05-05,41.11688232421875,48.31999969482422,52.470001220703125,47.099998474121094,47.9900016784668,3094600
2009-05-06,42.33372497558594,49.75,49.869998931884766,47.81999969482422,49.369998931884766,1951600
2009-05-07,40.18085479736328,47.220001220703125,51.97999954223633,46.86000061035156,50.189998626708984,1378700
2009-05-08,40.54677200317383,47.650001525878906,48.459999084472656,46.150001525878906,47.709999084472656,1224100
2009-05-11,39.593727111816406,46.529998779296875,48.04999923706055,45.83000183105469,47.09000015258789,1255100
2009-05-12,39.15122985839844,46.0099983215332,47.66999816894531,45.31999969482422,46.88999938964844,869500
2009-05-13,36.06237030029297,42.380001068115234,45.59000015258789,42.31999969482422,45.52000045776367,1991800
2009-05-14,35.29653549194336,41.47999954223633,43.58000183105469,41.209999084472656,42.7599983215332,1815000
2009-05-15,35.2114372253418,41.380001068115234,43.189998626708984,41.09000015258789,42.0,1648800
2009-05-18,36.98138427734375,43.459999084472656,43.470001220703125,41.54999923706055,41.93000030517578,1380800
2009-05-19,36.61545944213867,43.029998779296875,44.060001373291016,42.90999984741211,43.61000061035156,1456200
2009-05-20,36.045345306396484,42.36000061035156,44.45000076293945,42.029998779296875,43.91999816894531,1537000
2009-05-21,34.89175796508789,40.529998779296875,41.540000915527344,39.650001525878906,41.06999969482422,1691100
2009-05-22,34.659324645996094,40.2599983215332,41.16999816894531,39.77000045776367,40.86000061035156,1123800
2009-05-26,36.09700393676758,41.93000030517578,42.65999984741211,39.90999984741211,39.90999984741211,1295900
2009-05-27,35.14141845703125,40.81999969482422,42.959999084472656,40.75,41.84000015258789,1397300
2009-05-28,36.16587448120117,42.0099983215332,42.189998626708984,40.25,41.619998931884766,1746500
2009-05-29,38.128692626953125,44.290000915527344,44.40999984741211,43.2400016784668,43.310001373291016,1788200
2009-06-01,41.133182525634766,47.779998779296875,48.08000183105469,45.02000045776367,45.43000030517578,1746600
2009-06-02,41.57223892211914,48.290000915527344,49.66999816894531,47.2599983215332,48.33000183105469,1736500
2009-06-03,39.82463836669922,46.2599983215332,48.08000183105469,45.400001525878906,47.90999984741211,1376900
2009-06-04,39.82463836669922,46.2599983215332,46.91999816894531,45.0,46.47999954223633,1116000
2009-06-05,39.67831039428711,46.09000015258789,47.9900016784668,45.7599983215332,47.18000030517578,1279600
2009-06-08,38.44721984863281,44.65999984741211,46.220001220703125,44.04999923706055,45.939998626708984,1190000
2009-06-09,38.41279983520508,44.619998931884766,45.470001220703125,44.0099983215332,44.93000030517578,1174400
2009-06-10,37.853206634521484,43.970001220703125,45.20000076293945,43.13999938964844,45.119998931884766,1040600
2009-06-11,36.759883880615234,42.70000076293945,43.31999969482422,41.0099983215332,41.06999969482422,5160100
2009-06-12,40.633880615234375,47.20000076293945,47.209999084472656,42.93000030517578,42.93000030517578,13891000
2009-06-15,39.600799560546875,46.0,46.869998931884766,45.04999923706055,46.869998931884766,3619900
2009-06-16,38.9981803894043,45.29999923706055,46.599998474121094,44.9900016784668,46.38999938964844,2655200
2009-06-17,38.033992767333984,44.18000030517578,45.349998474121094,43.91999816894531,45.16999816894531,2661300
2009-06-18,37.45719909667969,43.5099983215332,44.709999084472656,43.2599983215332,44.2400016784668,1233200
2009-06-19,37.508872985839844,43.56999969482422,44.15999984741211,42.81999969482422,43.959999084472656,2116100
2009-06-22,37.00093460083008,42.97999954223633,44.619998931884766,42.790000915527344,43.54999923706055,2155200
2009-06-23,37.32808303833008,43.36000061035156,43.86000061035156,42.939998626708984,43.15999984741211,1243700
2009-06-24,37.594947814941406,43.66999816894531,45.29999923706055,43.29999923706055,43.720001220703125,1330300
2009-06-25,38.76575469970703,45.029998779296875,45.2400016784668,43.290000915527344,43.529998779296875,1537500
2009-06-26,38.300880432128906,44.4900016784668,45.0099983215332,44.040000915527344,44.970001220703125,1133900
2009-06-29,37.319461822509766,43.349998474121094,45.290000915527344,43.08000183105469,45.029998779296875,1848200
2009-06-30,37.104244232177734,43.099998474121094,44.0,42.9900016784668,43.43000030517578,1929600
2009-07-01,36.87179946899414,42.83000183105469,43.720001220703125,42.709999084472656,43.650001525878906,1282600
2009-07-02,37.08702850341797,43.08000183105469,43.11000061035156,41.790000915527344,42.2599983215332,1504600
2009-07-06,37.67241668701172,43.7599983215332,43.7599983215332,41.91999816894531,42.34000015258789,1872800
2009-07-07,35.29637145996094,41.0,43.709999084472656,40.970001220703125,43.709999084472656,2446800
2009-07-08,35.985084533691406,41.79999923706055,42.130001068115234,41.0,41.349998474121094,2199400
2009-07-09,36.75127029418945,42.689998626708984,43.16999816894531,41.650001525878906,42.130001068115234,1477700
2009-07-10,34.952022552490234,40.599998474121094,42.650001525878906,39.650001525878906,42.290000915527344,3034300
2009-07-13,35.597686767578125,41.349998474121094,41.40999984741211,39.13999938964844,41.0,2158100
2009-07-14,35.37384796142578,41.09000015258789,41.540000915527344,40.16999816894531,40.81999969482422,2901300
2009-07-15,36.26055908203125,42.119998931884766,42.5099983215332,41.470001220703125,41.75,1367100
2009-07-16,36.35525894165039,42.22999954223633,42.88999938964844,41.810001373291016,42.119998931884766,1332000
2009-07-17,36.312217712402344,42.18000030517578,42.5099983215332,41.56999969482422,42.20000076293945,1723500
2009-07-20,37.233375549316406,43.25,43.369998931884766,42.2599983215332,42.470001220703125,1309800
2009-07-21,36.613521575927734,42.529998779296875,44.41999816894531,41.939998626708984,43.86000061035156,1876000
2009-07-22,38.3525276184082,44.54999923706055,45.060001373291016,42.2599983215332,42.2599983215332,1829600
2009-07-23,40.263710021972656,46.77000045776367,47.040000915527344,44.36000061035156,44.720001220703125,1965600
2009-07-24,40.892154693603516,47.5,47.900001525878906,46.540000915527344,46.54999923706055,1127400
2009-07-27,40.92658233642578,47.540000915527344,47.86000061035156,46.83000183105469,47.52000045776367,911400
2009-07-28,41.67555236816406,48.40999984741211,48.68000030517578,46.849998474121094,47.290000915527344,1125900
2009-07-29,39.86769485473633,46.310001373291016,48.22999954223633,45.90999984741211,48.22999954223633,1241400
2009-07-30,40.80605697631836,47.400001525878906,47.720001220703125,46.540000915527344,46.540000915527344,1203000
2009-07-31,40.87491989135742,47.47999954223633,48.150001525878906,47.22999954223633,47.41999816894531,974700
2009-08-03,41.15039825439453,47.79999923706055,48.7400016784668,47.45000076293945,47.7400016784668,1521600
2009-08-04,42.67417907714844,49.56999969482422,50.20000076293945,45.0099983215332,46.119998931884766,3559400
2009-08-05,42.725852966308594,49.630001068115234,49.869998931884766,48.13999938964844,48.439998626708984,1942900
2009-08-06,41.9510383605957,48.72999954223633,49.630001068115234,48.2599983215332,49.58000183105469,832300
2009-08-07,43.38871765136719,50.400001525878906,51.22999954223633,48.970001220703125,49.279998779296875,1075300
2009-08-10,42.40730667114258,49.2599983215332,50.31999969482422,48.31999969482422,49.900001525878906,1218800
2009-08-11,41.57223892211914,48.290000915527344,49.0,47.560001373291016,48.93000030517578,706300
2009-08-12,42.312618255615234,49.150001525878906,49.72999954223633,47.95000076293945,48.18000030517578,1116100
2009-08-13,42.390079498291016,49.2400016784668,49.439998626708984,48.54999923706055,49.439998626708984,719500
2009-08-14,41.357017517089844,48.040000915527344,49.2400016784668,47.61000061035156,49.130001068115234,744400
2009-08-17,39.69550323486328,46.11000061035156,47.4900016784668,45.75,47.150001525878906,809600
2009-08-18,40.582218170166016,47.13999938964844,47.349998474121094,46.040000915527344,46.36000061035156,730000
2009-08-19,41.34841537475586,48.029998779296875,48.31999969482422,46.380001068115234,46.709999084472656,882500
2009-08-20,41.52922058105469,48.2400016784668,48.849998474121094,47.9900016784668,48.380001068115234,639000
2009-08-21,42.794708251953125,49.709999084472656,49.970001220703125,48.56999969482422,48.869998931884766,795200
2009-08-24,42.059242248535156,48.61000061035156,50.29999923706055,48.209999084472656,49.7599983215332,767400
2009-08-25,42.40534591674805,49.0099983215332,50.25,48.7400016784668,48.880001068115234,844600
2009-08-26,42.535133361816406,49.15999984741211,49.75,48.279998779296875,48.900001525878906,852200
2009-08-27,42.88124084472656,49.560001373291016,50.0,48.06999969482422,49.16999816894531,912400
2009-08-28,44.10121536254883,50.970001220703125,51.11000061035156,49.34000015258789,50.099998474121094,1518200
2009-08-31,43.29652786254883,50.040000915527344,50.91999816894531,49.58000183105469,50.290000915527344,2270700
2009-09-01,42.40534591674805,49.0099983215332,51.59000015258789,48.869998931884766,50.0,1370000
2009-09-02,41.851600646972656,48.369998931884766,50.47999954223633,48.13999938964844,50.459999084472656,1333800
2009-09-03,42.01598358154297,48.560001373291016,48.970001220703125,47.439998626708984,48.77000045776367,908900
2009-09-04,42.57839584350586,49.209999084472656,49.220001220703125,47.84000015258789,48.5,727900
2009-09-08,44.3348388671875,51.2400016784668,51.70000076293945,49.599998474121094,49.79999923706055,1261500
2009-09-09,45.200069427490234,52.2400016784668,52.45000076293945,50.720001220703125,51.349998474121094,1360000
2009-09-10,45.866310119628906,53.0099983215332,53.11000061035156,51.31999969482422,52.34000015258789,1187400
2009-09-11,47.73522186279297,55.16999816894531,55.4900016784668,52.5,52.90999984741211,2000700
2009-09-14,47.397762298583984,54.779998779296875,55.0,54.029998779296875,54.849998474121094,1034300
2009-09-15,48.74755096435547,56.34000015258789,56.4900016784668,54.52000045776367,54.720001220703125,1218900
2009-09-16,52.476722717285156,60.650001525878906,60.65999984741211,56.029998779296875,56.560001373291016,3969700
2009-09-17,51.827789306640625,59.900001525878906,62.0,59.709999084472656,60.43000030517578,2804400
2009-09-18,49.682010650634766,57.41999816894531,60.75,57.2400016784668,60.09000015258789,2598300
2009-09-21,49.084983825683594,56.72999954223633,57.16999816894531,55.630001068115234,56.93000030517578,1246600
2009-09-22,49.050384521484375,56.689998626708984,56.83000183105469,54.7599983215332,55.47999954223633,1384400
2009-09-23,48.05536651611328,55.540000915527344,57.4900016784668,55.470001220703125,56.88999938964844,1183100
2009-09-24,46.63636779785156,53.900001525878906,56.45000076293945,53.43000030517578,55.810001373291016,1210400
2009-09-25,45.883602142333984,53.029998779296875,54.52000045776367,52.75,53.63999938964844,874800
2009-09-28,47.242027282714844,54.599998474121094,54.959999084472656,52.93000030517578,53.5,749600
2009-09-29,47.268001556396484,54.630001068115234,55.38999938964844,54.11000061035156,54.630001068115234,790600
2009-09-30,46.783447265625,54.06999969482422,55.0099983215332,53.29999923706055,54.970001220703125,1259200
2009-10-01,43.651302337646484,50.45000076293945,54.150001525878906,50.41999816894531,53.75,2029100
2009-10-02,43.31385040283203,50.060001373291016,50.900001525878906,49.33000183105469,49.880001068115234,1501000
2009-10-05,43.64265060424805,50.439998626708984,51.0,49.79999923706055,50.619998931884766,891000
2009-10-06,44.88857650756836,51.880001068115234,52.27000045776367,51.029998779296875,51.08000183105469,1020600
2009-10-07,44.3261833190918,51.22999954223633,52.060001373291016,50.77000045776367,51.720001220703125,545000
2009-10-08,45.45964431762695,52.540000915527344,52.939998626708984,51.560001373291016,51.779998779296875,991000
2009-10-09,44.82802200317383,51.810001373291016,52.63999938964844,51.369998931884766,52.630001068115234,718600
2009-10-12,44.7761116027832,51.75,52.4900016784668,51.36000061035156,52.34000015258789,478800
2009-10-13,44.603050231933594,51.54999923706055,51.9900016784668,50.95000076293945,51.5,627000
2009-10-14,44.438663482666016,51.36000061035156,52.459999084472656,50.779998779296875,52.459999084472656,967500
2009-10-15,46.2902717590332,53.5,53.79999923706055,50.95000076293945,50.95000076293945,1697300
2009-10-16,45.40772247314453,52.47999954223633,53.470001220703125,51.65999984741211,53.279998779296875,753700
2009-10-19,46.02204895019531,53.189998626708984,53.36000061035156,51.689998626708984,52.52000045776367,1407700
2009-10-20,46.46330261230469,53.70000076293945,53.97999954223633,52.630001068115234,53.27000045776367,1094300
2009-10-21,45.26064682006836,52.310001373291016,54.369998931884766,52.220001220703125,53.689998626708984,985400
2009-10-22,45.39908981323242,52.470001220703125,53.060001373291016,51.459999084472656,52.41999816894531,1009600
2009-10-23,43.893558502197266,50.72999954223633,53.29999923706055,50.33000183105469,52.779998779296875,1230500
2009-10-26,42.587066650390625,49.220001220703125,51.86000061035156,49.130001068115234,50.79999923706055,1259900
2009-10-27,41.81698989868164,48.33000183105469,49.650001525878906,47.52000045776367,49.060001373291016,1735100
2009-10-28,40.36338806152344,46.650001525878906,48.349998474121094,46.45000076293945,48.290000915527344,1016600
2009-10-29,41.3583984375,47.79999923706055,48.150001525878906,46.970001220703125,47.150001525878906,1022200
2009-10-30,39.82692337036133,46.029998779296875,47.720001220703125,44.83000183105469,47.720001220703125,1751000
2009-11-02,40.77003860473633,47.119998931884766,47.7599983215332,45.5,46.27000045776367,1937200
2009-11-03,38.98765563964844,45.060001373291016,46.7599983215332,44.70000076293945,45.97999954223633,2418400
2009-11-04,39.49814224243164,45.650001525878906,47.22999954223633,45.38999938964844,45.90999984741211,2064400
2009-11-05,40.66621780395508,47.0,47.029998779296875,45.970001220703125,45.970001220703125,1529300
2009-11-06,41.49684143066406,47.959999084472656,48.220001220703125,46.36000061035156,46.68000030517578,1690900
2009-11-09,42.1630859375,48.72999954223633,49.15999984741211,48.45000076293945,48.56999969482422,1076800
2009-11-10,41.73046112060547,48.22999954223633,48.849998474121094,47.380001068115234,48.529998779296875,1100500
2009-11-11,42.093868255615234,48.650001525878906,49.83000183105469,48.52000045776367,48.7400016784668,823700
2009-11-12,41.23727798461914,47.65999984741211,49.029998779296875,47.45000076293945,48.630001068115234,734100
2009-11-13,41.782386779785156,48.290000915527344,48.52000045776367,47.16999816894531,47.810001373291016,1040800
2009-11-16,43.426334381103516,50.189998626708984,50.90999984741211,48.70000076293945,48.7400016784668,1256900
2009-11-17,43.625328063964844,50.41999816894531,50.75,49.54999923706055,49.959999084472656,1196100
2009-11-18,43.46958923339844,50.2400016784668,51.060001373291016,50.029998779296875,50.31999969482422,2142400
2009-11-19,42.82930374145508,49.5,50.16999816894531,48.59000015258789,50.0,1619500
2009-11-20,43.06294250488281,49.77000045776367,50.70000076293945,49.18000030517578,50.70000076293945,1392000
2009-11-23,43.92384719848633,50.5099983215332,51.310001373291016,50.22999954223633,50.22999954223633,1383700
2009-11-24,43.39337158203125,49.900001525878906,50.59000015258789,49.540000915527344,50.540000915527344,960300
2009-11-25,43.50642776489258,50.029998779296875,50.38999938964844,49.70000076293945,49.9900016784668,840200
2009-11-27,42.34115219116211,48.689998626708984,49.349998474121094,47.2599983215332,47.959999084472656,549500
2009-11-30,42.15854263305664,48.47999954223633,48.90999984741211,47.720001220703125,48.599998474121094,1362700
2009-12-01,42.24550247192383,48.58000183105469,49.189998626708984,48.290000915527344,48.58000183105469,788400
2009-12-02,42.98466873168945,49.43000030517578,49.83000183105469,48.599998474121094,48.709999084472656,1123500
2009-12-03,42.17594528198242,48.5,49.77000045776367,48.41999816894531,49.689998626708984,582000
2009-12-04,42.63681411743164,49.029998779296875,50.310001373291016,48.0,49.45000076293945,1036100
2009-12-07,42.19331741333008,48.52000045776367,49.349998474121094,48.15999984741211,48.34000015258789,984600
2009-12-08,41.775909423828125,48.040000915527344,49.33000183105469,47.349998474121094,48.25,874200
2009-12-09,41.4715576171875,47.689998626708984,48.68000030517578,47.189998626708984,48.279998779296875,1218300
2009-12-10,41.39327621459961,47.599998474121094,48.13999938964844,47.400001525878906,47.88999938964844,899200
2009-12-11,41.63676071166992,47.880001068115234,47.88999938964844,46.97999954223633,47.88999938964844,919500
2009-12-14,42.17594528198242,48.5,48.689998626708984,47.84000015258789,48.130001068115234,870500
2009-12-15,41.854183197021484,48.130001068115234,48.75,47.93000030517578,48.22999954223633,580400
2009-12-16,42.497684478759766,48.869998931884766,49.25,48.33000183105469,48.36000061035156,791600
2009-12-17,42.462913513183594,48.83000183105469,49.220001220703125,48.0099983215332,48.7599983215332,660400
2009-12-18,43.28901672363281,49.779998779296875,49.779998779296875,48.79999923706055,49.0,1409500
2009-12-21,44.558650970458984,51.2400016784668,51.630001068115234,49.68000030517578,49.68000030517578,1605800
2009-12-22,45.99349594116211,52.88999938964844,53.02000045776367,51.29999923706055,51.29999923706055,1024200
2009-12-23,45.88916015625,52.77000045776367,53.5,52.77000045776367,53.0,1088000
2009-12-24,46.550048828125,53.529998779296875,53.66999816894531,52.939998626708984,53.2599983215332,354500
2009-12-28,46.3239631652832,53.27000045776367,53.630001068115234,52.91999816894531,53.5099983215332,476800
2009-12-29,46.56743240356445,53.54999923706055,53.77000045776367,53.220001220703125,53.22999954223633,394800
2009-12-30,46.58483123779297,53.56999969482422,53.88999938964844,53.0099983215332,53.25,653500
2009-12-31,45.80219268798828,52.66999816894531,53.720001220703125,52.66999816894531,53.61000061035156,547000
2010-01-04,45.85436248779297,52.72999954223633,53.40999984741211,52.16999816894531,53.40999984741211,1128000
2010-01-05,46.028282165527344,52.93000030517578,52.93000030517578,52.0,52.849998474121094,830300
2010-01-06,46.828311920166016,53.849998474121094,54.36000061035156,52.9900016784668,52.9900016784668,1082900
2010-01-07,46.23698425292969,53.16999816894531,54.040000915527344,52.689998626708984,54.040000915527344,1126900
2010-01-08,45.78480529785156,52.650001525878906,53.349998474121094,52.290000915527344,53.11000061035156,702000
2010-01-11,45.3760871887207,52.18000030517578,53.119998931884766,51.70000076293945,53.09000015258789,973600
2010-01-12,45.28913116455078,52.08000183105469,52.41999816894531,51.59000015258789,51.709999084472656,894800
2010-01-13,45.90652847290039,52.790000915527344,52.810001373291016,51.61000061035156,52.16999816894531,680100
2010-01-14,45.78480529785156,52.650001525878906,52.869998931884766,52.06999969482422,52.66999816894531,482600
2010-01-15,44.489078521728516,51.15999984741211,52.810001373291016,51.0,52.66999816894531,1117100
2010-01-19,45.02824020385742,51.779998779296875,51.88999938964844,50.70000076293945,51.150001525878906,718500
2010-01-20,44.31516647338867,50.959999084472656,51.2599983215332,50.4900016784668,51.25,724400
2010-01-21,42.123748779296875,48.439998626708984,50.959999084472656,48.40999984741211,50.959999084472656,1477100
2010-01-22,40.9237060546875,47.060001373291016,48.709999084472656,46.959999084472656,48.02000045776367,1644600
2010-01-25,40.671512603759766,46.77000045776367,47.70000076293945,46.25,47.619998931884766,1594600
2010-01-26,40.81934356689453,46.939998626708984,47.529998779296875,46.08000183105469,46.5,1020500
2010-01-27,40.19322967529297,46.220001220703125,46.59000015258789,45.150001525878906,46.59000015258789,1506100
2010-01-28,39.280128479003906,45.16999816894531,46.45000076293945,44.70000076293945,46.45000076293945,995700
2010-01-29,38.42794418334961,44.189998626708984,45.880001068115234,44.029998779296875,45.38999938964844,1654800
2010-02-01,39.08882522583008,44.95000076293945,44.95000076293945,44.11000061035156,44.540000915527344,858500
2010-02-02,39.86278533935547,45.84000015258789,46.040000915527344,44.900001525878906,45.27000045776367,931200
2010-02-03,39.23664474487305,45.119998931884766,46.04999923706055,44.84000015258789,45.7599983215332,812400
2010-02-04,37.65398406982422,43.29999923706055,44.88999938964844,42.97999954223633,44.58000183105469,1976200
2010-02-05,37.96703338623047,43.65999984741211,43.810001373291016,42.59000015258789,43.290000915527344,1577200
2010-02-08,37.8278923034668,43.5,44.279998779296875,43.25,43.7400016784668,1544500
2010-02-09,37.07135009765625,42.630001068115234,43.29999923706055,41.79999923706055,42.97999954223633,3844900
2010-02-10,37.245262145996094,42.83000183105469,43.709999084472656,41.900001525878906,43.689998626708984,2004300
2010-02-11,37.43657302856445,43.04999923706055,43.06999969482422,42.15999984741211,42.79999923706055,1215500
2010-02-12,37.340919494628906,42.939998626708984,42.9900016784668,41.9900016784668,42.290000915527344,1457400
2010-02-16,38.68009567260742,44.47999954223633,44.619998931884766,43.02000045776367,43.209999084472656,1312600
2010-02-17,38.567073822021484,44.349998474121094,45.0,43.970001220703125,44.63999938964844,1008500
2010-02-18,38.65403366088867,44.45000076293945,44.599998474121094,43.93000030517578,44.16999816894531,620600
2010-02-19,39.567115783691406,45.5,45.61000061035156,44.040000915527344,44.220001220703125,1372600
2010-02-22,39.845375061035156,45.81999969482422,46.41999816894531,45.380001068115234,45.709999084472656,1215900
2010-02-23,39.288818359375,45.18000030517578,46.060001373291016,44.810001373291016,45.900001525878906,1340500
2010-02-24,39.2451057434082,44.880001068115234,45.209999084472656,44.31999969482422,45.119998931884766,697600
2010-02-25,38.9565544128418,44.54999923706055,44.59000015258789,43.720001220703125,44.36000061035156,757400
2010-02-26,37.95968246459961,43.40999984741211,44.68000030517578,43.209999084472656,44.56999969482422,1617500
2010-03-01,37.60989761352539,43.0099983215332,43.59000015258789,42.52000045776367,43.59000015258789,1574300
2010-03-02,37.32133483886719,42.68000030517578,43.540000915527344,42.630001068115234,43.20000076293945,1302700
2010-03-03,38.37942123413086,43.88999938964844,44.040000915527344,42.7400016784668,42.849998474121094,1242700
2010-03-04,38.274478912353516,43.77000045776367,44.349998474121094,43.34000015258789,43.880001068115234,1286500
2010-03-05,39.428749084472656,45.09000015258789,45.13999938964844,44.150001525878906,44.209999084472656,867300
2010-03-08,40.18077850341797,45.95000076293945,46.0099983215332,44.88999938964844,45.119998931884766,984100
2010-03-09,39.953407287597656,45.689998626708984,46.119998931884766,45.189998626708984,45.810001373291016,1400200
2010-03-10,39.708580017089844,45.40999984741211,46.060001373291016,45.25,45.75,948900
2010-03-11,39.90968322753906,45.63999938964844,45.650001525878906,44.720001220703125,45.04999923706055,685700
2010-03-12,39.5774040222168,45.2599983215332,46.0,45.06999969482422,45.93000030517578,935200
2010-03-15,39.76979064941406,45.47999954223633,45.59000015258789,44.900001525878906,45.209999084472656,835800
2010-03-16,40.65297317504883,46.4900016784668,46.619998931884766,45.29999923706055,45.689998626708984,2481200
2010-03-17,43.416229248046875,49.650001525878906,50.400001525878906,46.75,46.84000015258789,4235700
2010-03-18,42.314414978027344,48.38999938964844,49.650001525878906,47.54999923706055,49.650001525878906,1943300
2010-03-19,42.471824645996094,48.56999969482422,48.849998474121094,47.849998474121094,48.56999969482422,1772000
2010-03-22,43.32876968383789,49.54999923706055,50.29999923706055,47.939998626708984,48.0099983215332,2105600
2010-03-23,43.879669189453125,50.18000030517578,50.279998779296875,49.130001068115234,49.70000076293945,1488800
2010-03-24,43.486175537109375,49.72999954223633,50.72999954223633,49.68000030517578,49.900001525878906,1451600
2010-03-25,42.20073699951172,48.2599983215332,50.40999984741211,48.13999938964844,50.130001068115234,2447100
2010-03-26,41.781005859375,47.779998779296875,48.79999923706055,47.130001068115234,48.36000061035156,1451200
2010-03-29,42.16576385498047,48.220001220703125,48.43000030517578,47.869998931884766,47.970001220703125,819500
2010-03-30,41.69356155395508,47.68000030517578,48.58000183105469,47.279998779296875,48.29999923706055,866100
2010-03-31,41.30881118774414,47.2400016784668,47.939998626708984,47.04999923706055,47.61000061035156,723000
2010-04-01,42.92654037475586,49.09000015258789,49.27000045776367,47.459999084472656,47.459999084472656,1512100
2010-04-05,43.215091705322266,49.41999816894531,49.95000076293945,48.90999984741211,49.119998931884766,843600
2010-04-06,42.73414611816406,48.869998931884766,49.459999084472656,48.5,49.099998474121094,1071300
2010-04-07,41.91218566894531,47.93000030517578,48.939998626708984,47.619998931884766,48.650001525878906,1324000
2010-04-08,42.043338775634766,48.08000183105469,48.31999969482422,47.20000076293945,47.88999938964844,941300
2010-04-09,42.34064483642578,48.41999816894531,48.849998474121094,47.7599983215332,48.11000061035156,879100
2010-04-12,43.092674255371094,49.279998779296875,49.400001525878906,48.25,48.290000915527344,1140200
2010-04-13,43.52115249633789,49.77000045776367,50.04999923706055,49.310001373291016,49.33000183105469,1405600
2010-04-14,44.990211486816406,51.45000076293945,51.56999969482422,49.810001373291016,49.939998626708984,1915200
2010-04-15,46.590450286865234,53.279998779296875,54.119998931884766,50.97999954223633,51.279998779296875,2851600
2010-04-16,46.2581672668457,52.900001525878906,54.9900016784668,51.689998626708984,53.2599983215332,1903400
2010-04-19,46.266902923583984,52.90999984741211,52.939998626708984,51.810001373291016,52.349998474121094,1018600
2010-04-20,47.080142974853516,53.84000015258789,54.119998931884766,52.83000183105469,53.189998626708984,1045800
2010-04-21,47.59606170654297,54.43000030517578,54.869998931884766,53.66999816894531,54.02000045776367,1367900
2010-04-22,48.92521286010742,55.95000076293945,56.0,53.25,53.9900016784668,1305800
2010-04-23,50.079498291015625,57.27000045776367,57.29999923706055,55.04999923706055,55.7599983215332,1859300
2010-04-26,50.577938079833984,57.84000015258789,58.77000045776367,57.189998626708984,57.56999969482422,1983000
2010-04-27,48.40930938720703,55.36000061035156,57.68000030517578,55.0,57.61000061035156,1995700
2010-04-28,49.02142333984375,56.060001373291016,56.380001068115234,54.91999816894531,55.599998474121094,1546700
2010-04-29,50.92769241333008,58.2400016784668,58.61000061035156,56.22999954223633,56.40999984741211,1750400
2010-04-30,50.08823776245117,57.279998779296875,59.33000183105469,57.0,58.34000015258789,1951500
2010-05-03,51.49608612060547,58.88999938964844,59.900001525878906,55.689998626708984,56.20000076293945,3965600
2010-05-04,48.531715393066406,55.5,57.11000061035156,54.75,57.040000915527344,3237300
2010-05-05,47.237548828125,54.02000045776367,55.72999954223633,52.93000030517578,54.70000076293945,2114400
2010-05-06,45.252567291259766,51.75,55.04999923706055,48.720001220703125,53.75,2158300
2010-05-07,44.66667175292969,51.08000183105469,52.529998779296875,49.75,51.650001525878906,2271600
2010-05-10,48.138214111328125,55.04999923706055,55.310001373291016,51.38999938964844,51.959999084472656,2137400
2010-05-11,47.666019439697266,54.5099983215332,55.7599983215332,53.529998779296875,54.220001220703125,2070700
2010-05-12,47.84091567993164,54.709999084472656,55.47999954223633,54.06999969482422,54.810001373291016,2644300
2010-05-13,47.11512756347656,53.880001068115234,54.810001373291016,53.72999954223633,54.43000030517578,849000
2010-05-14,46.24067306518555,52.880001068115234,53.5099983215332,52.279998779296875,53.27000045776367,1035400
2010-05-17,46.59919738769531,53.290000915527344,53.7599983215332,51.68000030517578,53.060001373291016,1095200
2010-05-18,45.85592269897461,52.439998626708984,54.43000030517578,52.25,53.86000061035156,1521000
2010-05-19,45.418697357177734,51.939998626708984,52.81999969482422,50.959999084472656,52.13999938964844,1640200
2010-05-20,42.75164031982422,48.88999938964844,50.54999923706055,48.7599983215332,50.34000015258789,1869500
2010-05-21,43.50366973876953,49.75,50.04999923706055,47.650001525878906,47.650001525878906,1755100
2010-05-24,43.08393478393555,49.27000045776367,50.08000183105469,49.16999816894531,49.380001068115234,1017900
2010-05-25,43.15386962890625,49.349998474121094,49.349998474121094,47.41999816894531,47.959999084472656,1470000
2010-05-26,43.85700225830078,49.900001525878906,51.06999969482422,49.47999954223633,49.970001220703125,1530700
2010-05-27,45.65874481201172,51.95000076293945,52.0,50.54999923706055,51.36000061035156,1108200
2010-05-28,44.36674880981445,50.47999954223633,52.0,50.40999984741211,52.0,1220200
2010-06-01,43.76032638549805,49.790000915527344,51.18000030517578,49.65999984741211,49.689998626708984,1230100
2010-06-02,44.85893630981445,51.040000915527344,51.06999969482422,49.59000015258789,50.209999084472656,1497600
2010-06-03,45.20172119140625,51.43000030517578,51.619998931884766,50.349998474121094,51.279998779296875,1151600
2010-06-04,42.14313888549805,47.95000076293945,50.25,47.79999923706055,50.060001373291016,1756000
2010-06-07,40.3062629699707,45.86000061035156,48.310001373291016,45.849998474121094,48.310001373291016,2996400
2010-06-08,40.54356002807617,46.130001068115234,46.689998626708984,45.369998931884766,46.06999969482422,2737600
2010-06-09,39.89316177368164,45.38999938964844,46.939998626708984,45.15999984741211,46.47999954223633,1970900
2010-06-10,41.10606002807617,46.77000045776367,47.290000915527344,46.290000915527344,46.68000030517578,1522000
2010-06-11,41.31698226928711,47.0099983215332,47.099998474121094,46.13999938964844,46.31999969482422,1037500
2010-06-14,41.22031784057617,46.900001525878906,47.97999954223633,46.77000045776367,47.43000030517578,992500
2010-06-15,42.04646682739258,47.84000015258789,47.939998626708984,46.97999954223633,47.41999816894531,2475600
2010-06-16,41.958580017089844,47.7400016784668,48.220001220703125,47.0099983215332,47.310001373291016,1794600
2010-06-17,41.58943557739258,47.31999969482422,47.9900016784668,46.470001220703125,47.900001525878906,864200
2010-06-18,41.77401351928711,47.529998779296875,47.619998931884766,47.060001373291016,47.380001068115234,1255700
2010-06-21,42.819923400878906,48.720001220703125,49.709999084472656,48.33000183105469,49.16999816894531,1954400
2010-06-22,41.16758346557617,46.84000015258789,48.970001220703125,46.70000076293945,48.68000030517578,1392200
2010-06-23,41.31698226928711,47.0099983215332,47.540000915527344,45.900001525878906,46.86000061035156,987000
2010-06-24,40.53474807739258,46.119998931884766,47.439998626708984,45.97999954223633,46.59000015258789,1433500
2010-06-25,40.49081802368164,46.06999969482422,46.779998779296875,45.400001525878906,46.689998626708984,1245300
2010-06-28,40.22715759277344,45.77000045776367,46.349998474121094,45.59000015258789,46.04999923706055,843400
2010-06-29,38.88243865966797,44.2400016784668,44.959999084472656,43.599998474121094,44.939998626708984,1747600
2010-06-30,38.522098541259766,43.83000183105469,44.709999084472656,43.72999954223633,44.22999954223633,1019000
2010-07-01,38.3726806640625,43.65999984741211,44.0,42.54999923706055,43.86000061035156,1893400
2010-07-02,38.1265983581543,43.380001068115234,44.41999816894531,43.18000030517578,43.97999954223633,923200
2010-07-06,38.943965911865234,44.310001373291016,44.7400016784668,43.779998779296875,44.310001373291016,1423500
2010-07-07,38.4429931640625,43.7400016784668,44.209999084472656,43.33000183105469,44.189998626708984,2220900
2010-07-08,38.574832916259766,43.88999938964844,44.33000183105469,43.2599983215332,44.18000030517578,1403100
2010-07-09,39.08458709716797,44.470001220703125,44.5099983215332,43.790000915527344,43.869998931884766,722500
2010-07-12,38.574832916259766,43.88999938964844,44.5,43.41999816894531,44.45000076293945,665200
2010-07-13,39.7613410949707,45.2400016784668,45.470001220703125,44.40999984741211,44.470001220703125,816600
2010-07-14,39.6119270324707,45.06999969482422,45.08000183105469,44.209999084472656,44.970001220703125,824500
2010-07-15,39.08458709716797,44.470001220703125,45.060001373291016,43.650001525878906,45.0,1021700
2010-07-16,38.003536224365234,43.2400016784668,44.15999984741211,42.970001220703125,44.09000015258789,1492900
2010-07-19,37.968406677246094,43.20000076293945,43.58000183105469,42.560001373291016,43.43000030517578,1564800
2010-07-20,39.374637603759766,44.79999923706055,44.810001373291016,42.650001525878906,42.79999923706055,1082400
2010-07-21,38.8033447265625,44.150001525878906,45.439998626708984,43.86000061035156,45.439998626708984,903800
2010-07-22,39.69981002807617,45.16999816894531,45.66999816894531,44.79999923706055,44.79999923706055,896300
2010-07-23,40.61387252807617,46.209999084472656,46.290000915527344,44.869998931884766,44.869998931884766,682200
2010-07-26,41.64217758178711,47.380001068115234,47.41999816894531,46.09000015258789,46.09000015258789,709400
2010-07-27,41.2115364074707,46.88999938964844,48.040000915527344,46.70000076293945,48.040000915527344,966200
2010-07-28,40.429283142089844,46.0,46.79999923706055,45.83000183105469,46.75,850700
2010-07-29,39.5679817199707,45.02000045776367,46.16999816894531,44.560001373291016,46.02000045776367,1055100
2010-07-30,39.7613410949707,45.2400016784668,45.54999923706055,44.150001525878906,44.52000045776367,1010300
2010-08-02,41.176361083984375,46.849998474121094,47.22999954223633,45.779998779296875,45.779998779296875,1147300
2010-08-03,37.4058952331543,42.560001373291016,44.939998626708984,42.400001525878906,44.06999969482422,4253400
2010-08-04,37.14222717285156,42.2599983215332,43.25,40.869998931884766,42.790000915527344,2777500
2010-08-05,36.562137603759766,41.599998474121094,41.970001220703125,41.31999969482422,41.45000076293945,2001700
2010-08-06,36.579734802246094,41.619998931884766,41.720001220703125,41.0099983215332,41.25,1508800
2010-08-09,36.562137603759766,41.599998474121094,41.91999816894531,41.33000183105469,41.91999816894531,1088600
2010-08-10,35.68324661254883,40.599998474121094,41.279998779296875,40.189998626708984,41.25,1812100
2010-08-11,34.92741012573242,39.7400016784668,40.2599983215332,39.70000076293945,40.02000045776367,1631500
2010-08-12,34.00456237792969,38.689998626708984,39.369998931884766,38.43000030517578,39.310001373291016,1993600
2010-08-13,33.679359436035156,38.31999969482422,38.88999938964844,38.31999969482422,38.599998474121094,1510800
2010-08-16,33.61783218383789,38.25,38.29999923706055,37.68000030517578,38.04999923706055,1669000
2010-08-17,33.934234619140625,38.61000061035156,39.08000183105469,38.2599983215332,38.72999954223633,2656200
2010-08-18,34.452796936035156,39.20000076293945,39.560001373291016,38.310001373291016,38.56999969482422,1440300
2010-08-19,33.81120681762695,38.470001220703125,38.83000183105469,38.0,38.83000183105469,1799900
2010-08-20,34.18914031982422,38.900001525878906,38.90999984741211,38.02000045776367,38.02000045776367,1653600
2010-08-23,33.670589447021484,38.310001373291016,39.25,38.220001220703125,39.029998779296875,1335700
2010-08-24,32.732818603515625,37.0,37.38999938964844,36.41999816894531,37.380001068115234,4303600
2010-08-25,33.26362609863281,37.599998474121094,37.72999954223633,36.36000061035156,36.689998626708984,2097900
2010-08-26,33.35210037231445,37.70000076293945,38.130001068115234,37.36000061035156,37.75,1380900
2010-08-27,34.04214096069336,38.47999954223633,38.5099983215332,37.38999938964844,38.0099983215332,1792100
2010-08-30,33.13092803955078,37.45000076293945,38.29999923706055,37.40999984741211,38.27000045776367,1595900
2010-08-31,32.520503997802734,36.7599983215332,37.47999954223633,36.650001525878906,37.11000061035156,1742500
2010-09-01,33.316715240478516,37.65999984741211,37.72999954223633,37.189998626708984,37.25,1564800
2010-09-02,33.96250534057617,38.38999938964844,38.70000076293945,37.5099983215332,37.7599983215332,1338600
2010-09-03,34.10407638549805,38.54999923706055,39.369998931884766,38.29999923706055,38.650001525878906,1757500
2010-09-07,33.847503662109375,38.2599983215332,39.75,38.2599983215332,38.7599983215332,2855500
2010-09-08,33.838645935058594,38.25,38.470001220703125,37.7599983215332,38.2599983215332,1662700
2010-09-09,33.714820861816406,38.11000061035156,38.869998931884766,37.720001220703125,38.84000015258789,975100
2010-09-10,34.024436950683594,38.459999084472656,38.70000076293945,37.9900016784668,38.22999954223633,1151500
2010-09-13,34.04214096069336,38.47999954223633,39.0,38.0,38.81999969482422,1451200
2010-09-14,33.50248336791992,37.869998931884766,38.63999938964844,37.689998626708984,38.36000061035156,853600
2010-09-15,33.45826721191406,37.81999969482422,37.95000076293945,37.52000045776367,37.7400016784668,798200
2010-09-16,32.8743782043457,37.15999984741211,37.900001525878906,37.0,37.72999954223633,1707600
2010-09-17,32.40549087524414,36.630001068115234,37.060001373291016,36.54999923706055,36.880001068115234,2008700
2010-09-20,32.40549087524414,36.630001068115234,36.86000061035156,36.5,36.619998931884766,2120300
2010-09-21,33.422874450683594,37.779998779296875,38.2400016784668,37.130001068115234,37.130001068115234,3795900
2010-09-22,32.555904388427734,36.79999923706055,37.88999938964844,36.59000015258789,37.84000015258789,1895500
2010-09-23,31.5827579498291,35.70000076293945,36.630001068115234,35.66999816894531,36.5,1471200
2010-09-24,32.255096435546875,36.459999084472656,36.54999923706055,35.91999816894531,36.11000061035156,2809600
2010-09-27,32.03392791748047,36.209999084472656,36.650001525878906,36.029998779296875,36.650001525878906,954000
2010-09-28,32.50281524658203,36.7400016784668,36.83000183105469,35.61000061035156,36.310001373291016,1730500
2010-09-29,32.71512222290039,36.97999954223633,36.97999954223633,36.369998931884766,36.56999969482422,1643200
2010-09-30,32.66204071044922,36.91999816894531,37.59000015258789,36.65999984741211,37.279998779296875,1918900
2010-10-01,33.175167083740234,37.5,37.88999938964844,37.15999984741211,37.279998779296875,2140800
2010-10-04,32.635494232177734,36.88999938964844,37.5,36.81999969482422,37.5,1442200
2010-10-05,33.290164947509766,37.630001068115234,37.84000015258789,36.95000076293945,37.34000015258789,1152100
2010-10-06,33.60865783691406,37.9900016784668,38.16999816894531,37.34000015258789,37.529998779296875,1356700
2010-10-07,32.82129669189453,37.099998474121094,38.209999084472656,36.970001220703125,38.209999084472656,1326600
2010-10-08,32.54704284667969,36.790000915527344,37.279998779296875,36.45000076293945,37.099998474121094,2541300
2010-10-11,32.2993278503418,36.5099983215332,36.849998474121094,36.310001373291016,36.779998779296875,1358100
2010-10-12,31.85700035095215,36.0099983215332,36.349998474121094,35.869998931884766,36.33000183105469,1653400
2010-10-13,32.2993278503418,36.5099983215332,36.59000015258789,36.02000045776367,36.290000915527344,1387600
2010-10-14,32.22856521606445,36.43000030517578,36.650001525878906,36.18000030517578,36.540000915527344,1484500
2010-10-15,32.31703567504883,36.529998779296875,36.81999969482422,36.11000061035156,36.7400016784668,1278100
2010-10-18,32.2993278503418,36.5099983215332,36.529998779296875,36.18000030517578,36.529998779296875,851800
2010-10-19,31.750829696655273,35.88999938964844,36.189998626708984,35.400001525878906,35.84000015258789,2367700
2010-10-20,32.016258239746094,36.189998626708984,36.349998474121094,35.720001220703125,35.93000030517578,1322500
2010-10-21,32.175479888916016,36.369998931884766,37.11000061035156,36.09000015258789,36.33000183105469,1953200
2010-10-22,32.467430114746094,36.70000076293945,36.709999084472656,36.20000076293945,36.470001220703125,881000
2010-10-25,32.679752349853516,36.939998626708984,37.470001220703125,36.7400016784668,37.0099983215332,1036200
2010-10-26,32.511661529541016,36.75,37.0,36.52000045776367,36.70000076293945,863200
2010-10-27,32.05162811279297,36.22999954223633,36.439998626708984,35.79999923706055,36.34000015258789,1101900
2010-10-28,32.07815933227539,36.2599983215332,36.599998474121094,35.959999084472656,36.54999923706055,911900
2010-10-29,32.2993278503418,36.5099983215332,36.630001068115234,35.849998474121094,36.2400016784668,987100
2010-11-01,32.025081634521484,36.20000076293945,36.86000061035156,35.939998626708984,36.66999816894531,2042200
2010-11-02,35.00043487548828,39.290000915527344,39.70000076293945,35.650001525878906,35.650001525878906,5084300
2010-11-03,34.63520812988281,38.880001068115234,39.66999816894531,38.08000183105469,39.470001220703125,2015300
2010-11-04,36.82664108276367,41.34000015258789,41.349998474121094,39.2599983215332,39.34000015258789,2723600
2010-11-05,37.76198959350586,42.38999938964844,43.4900016784668,41.18000030517578,41.36000061035156,3053100
2010-11-08,38.68844223022461,43.43000030517578,43.5,42.099998474121094,42.2599983215332,2016300
2010-11-09,37.52146911621094,42.119998931884766,43.47999954223633,41.869998931884766,43.47999954223633,1320200
2010-11-10,37.245304107666016,41.810001373291016,42.220001220703125,40.81999969482422,42.099998474121094,1488400
2010-11-11,37.084964752197266,41.630001068115234,41.79999923706055,41.0099983215332,41.310001373291016,1149500
2010-11-12,36.220863342285156,40.65999984741211,41.810001373291016,40.540000915527344,41.20000076293945,1271500
2010-11-15,35.28551483154297,39.61000061035156,40.95000076293945,39.560001373291016,40.810001373291016,1184000
2010-11-16,34.87572479248047,39.150001525878906,39.81999969482422,38.709999084472656,39.45000076293945,1323200
2010-11-17,34.688636779785156,38.939998626708984,39.349998474121094,38.66999816894531,39.08000183105469,719800
2010-11-18,35.29439163208008,39.619998931884766,40.209999084472656,39.310001373291016,39.540000915527344,806100
2010-11-19,35.232051849365234,39.54999923706055,39.709999084472656,39.16999816894531,39.630001068115234,841200
2010-11-22,35.63292694091797,40.0,40.029998779296875,39.0,39.31999969482422,843600
2010-11-23,34.920257568359375,39.20000076293945,39.619998931884766,39.04999923706055,39.369998931884766,677800
2010-11-24,35.5438346862793,39.900001525878906,40.0,39.47999954223633,39.58000183105469,542600
2010-11-26,34.528297424316406,38.7599983215332,39.68000030517578,38.70000076293945,39.68000030517578,513200
2010-11-29,35.151885986328125,39.459999084472656,39.619998931884766,38.4900016784668,38.4900016784668,889900
2010-11-30,35.73982238769531,40.119998931884766,40.459999084472656,38.79999923706055,39.04999923706055,1459100
2010-12-01,37.36109924316406,41.939998626708984,42.310001373291016,40.630001068115234,40.95000076293945,1262000
2010-12-02,37.726348876953125,42.349998474121094,42.689998626708984,41.63999938964844,42.0,1546800
2010-12-03,37.41456604003906,42.0,42.29999923706055,41.720001220703125,42.060001373291016,1909700
2010-12-06,37.120601654052734,41.66999816894531,42.060001373291016,41.45000076293945,41.95000076293945,910100
2010-12-07,37.663997650146484,42.279998779296875,42.70000076293945,42.130001068115234,42.470001220703125,2103500
2010-12-08,37.67290115356445,42.290000915527344,42.630001068115234,41.66999816894531,42.40999984741211,611100
2010-12-09,37.8778076171875,42.52000045776367,42.58000183105469,41.880001068115234,42.43000030517578,943800
2010-12-10,38.55481719970703,43.279998779296875,43.47999954223633,42.5,42.5,968400
2010-12-13,39.891056060791016,44.779998779296875,45.06999969482422,43.400001525878906,43.439998626708984,1560600
2010-12-14,42.19827651977539,47.369998931884766,47.56999969482422,44.81999969482422,44.88999938964844,3244400
2010-12-15,41.32528305053711,46.38999938964844,48.2599983215332,46.15999984741211,47.279998779296875,2328300
2010-12-16,42.162654876708984,47.33000183105469,47.34000015258789,46.18000030517578,46.41999816894531,986700
2010-12-17,41.03131103515625,46.060001373291016,47.33000183105469,45.9900016784668,47.099998474121094,2131100
2010-12-20,40.53245162963867,45.5,46.470001220703125,45.279998779296875,46.09000015258789,1541900
2010-12-21,40.54135513305664,45.5099983215332,45.900001525878906,45.380001068115234,45.54999923706055,1217000
2010-12-22,40.28301239013672,45.220001220703125,45.709999084472656,45.029998779296875,45.63999938964844,1164200
2010-12-23,39.926692962646484,44.81999969482422,45.56999969482422,44.689998626708984,45.09000015258789,1034500
2010-12-27,39.57927322387695,44.43000030517578,44.79999923706055,44.119998931884766,44.709999084472656,823800
2010-12-28,39.49018096923828,44.33000183105469,44.63999938964844,44.08000183105469,44.63999938964844,634900
2010-12-29,40.23847579956055,45.16999816894531,45.33000183105469,44.45000076293945,44.4900016784668,938100
2010-12-30,39.93559646606445,44.83000183105469,45.150001525878906,44.709999084472656,45.02000045776367,867300
2010-12-31,39.51691436767578,44.36000061035156,44.90999984741211,44.189998626708984,44.70000076293945,866900
2011-01-03,39.60599136352539,44.459999084472656,45.220001220703125,44.36000061035156,44.90999984741211,1527200
2011-01-04,37.53928756713867,42.13999938964844,43.63999938964844,41.779998779296875,43.40999984741211,2475200
2011-01-05,36.755367279052734,41.2599983215332,42.119998931884766,40.52000045776367,41.720001220703125,3242200
2011-01-06,36.069427490234375,40.4900016784668,41.369998931884766,40.290000915527344,41.22999954223633,1942300
2011-01-07,36.078338623046875,40.5,40.9900016784668,39.95000076293945,40.5,1498600
2011-01-10,35.9625358581543,40.369998931884766,40.849998474121094,39.77000045776367,40.33000183105469,1508600
2011-01-11,36.078338623046875,40.5,40.970001220703125,40.279998779296875,40.63999938964844,1063800
2011-01-12,36.2653923034668,40.709999084472656,41.72999954223633,40.54999923706055,40.86000061035156,1290000
2011-01-13,36.08723068237305,40.5099983215332,41.2400016784668,40.369998931884766,40.77000045776367,1099200
2011-01-14,36.57720184326172,41.060001373291016,41.09000015258789,40.060001373291016,40.220001220703125,1003800
2011-01-18,36.16740417480469,40.599998474121094,41.25,40.380001068115234,41.040000915527344,967500
2011-01-19,35.9625358581543,40.369998931884766,40.91999816894531,40.189998626708984,40.720001220703125,1084300
2011-01-20,36.21195602416992,40.650001525878906,41.08000183105469,40.04999923706055,40.22999954223633,1024100
2011-01-21,36.08723068237305,40.5099983215332,41.220001220703125,40.290000915527344,40.93000030517578,1199900
2011-01-24,37.4323844909668,42.02000045776367,42.72999954223633,40.43000030517578,40.43000030517578,1312400
2011-01-25,37.61945343017578,42.22999954223633,42.41999816894531,41.58000183105469,41.959999084472656,1513800
2011-01-26,38.34102249145508,43.040000915527344,43.13999938964844,41.86000061035156,42.29999923706055,1545100
2011-01-27,38.447933197021484,43.15999984741211,43.25,42.540000915527344,43.09000015258789,1025700
2011-01-28,37.16514587402344,41.720001220703125,43.5,41.470001220703125,43.25,1524900
2011-01-31,37.913421630859375,42.560001373291016,42.75,41.540000915527344,41.95000076293945,1081000
2011-02-01,38.41228103637695,43.119998931884766,43.81999969482422,42.810001373291016,43.09000015258789,1523100
2011-02-02,38.17177200317383,42.849998474121094,43.31999969482422,42.4900016784668,42.9900016784668,1329400
2011-02-03,38.6349983215332,43.369998931884766,45.11000061035156,39.939998626708984,41.63999938964844,5535700
2011-02-04,38.260841369628906,42.95000076293945,43.83000183105469,42.43000030517578,43.59000015258789,1604100
2011-02-07,39.739620208740234,44.61000061035156,44.63999938964844,43.0099983215332,43.0099983215332,1514400
2011-02-08,39.873233795166016,44.7599983215332,45.75,44.36000061035156,44.779998779296875,1516100
2011-02-09,39.267478942871094,44.08000183105469,44.65999984741211,43.900001525878906,44.52000045776367,847100
2011-02-10,39.2852897644043,44.099998474121094,44.58000183105469,43.810001373291016,43.93000030517578,737500
2011-02-11,39.61490249633789,44.470001220703125,44.54999923706055,43.619998931884766,43.849998474121094,1113200
2011-02-14,39.60599136352539,44.459999084472656,44.66999816894531,44.209999084472656,44.4900016784668,1092100
2011-02-15,38.9824104309082,43.7599983215332,44.59000015258789,43.72999954223633,44.34000015258789,702500
2011-02-16,40.461181640625,45.41999816894531,45.459999084472656,43.93000030517578,43.93000030517578,894600
2011-02-17,41.85085678100586,46.97999954223633,47.18000030517578,45.099998474121094,45.2599983215332,1536400
2011-02-18,41.628173828125,46.72999954223633,47.16999816894531,46.41999816894531,47.16999816894531,1016200
2011-02-22,39.38328170776367,44.209999084472656,46.04999923706055,43.959999084472656,45.5099983215332,1457000
2011-02-23,38.89052963256836,43.40999984741211,44.380001068115234,42.41999816894531,44.380001068115234,1824000
2011-02-24,38.7919921875,43.29999923706055,44.290000915527344,42.72999954223633,43.369998931884766,967100
2011-02-25,40.28813171386719,44.970001220703125,45.029998779296875,43.459999084472656,43.63999938964844,793300
2011-02-28,41.07651901245117,45.849998474121094,45.88999938964844,44.97999954223633,45.13999938964844,827800
2011-03-01,39.0876350402832,43.630001068115234,45.9900016784668,43.56999969482422,45.91999816894531,1294000
2011-03-02,39.311614990234375,43.880001068115234,44.849998474121094,43.470001220703125,43.4900016784668,957100
2011-03-03,39.732688903808594,44.349998474121094,44.939998626708984,43.7599983215332,44.4900016784668,1233900
2011-03-04,39.12346649169922,43.66999816894531,44.529998779296875,43.150001525878906,44.2599983215332,1041300
2011-03-07,38.46051025390625,42.93000030517578,44.20000076293945,42.869998931884766,43.79999923706055,1141600
2011-03-08,39.41911697387695,44.0,44.470001220703125,42.68000030517578,42.91999816894531,858000
2011-03-09,39.36536407470703,43.939998626708984,44.25,43.34000015258789,43.72999954223633,606300
2011-03-10,37.93195343017578,42.34000015258789,43.36000061035156,42.2599983215332,43.20000076293945,1337400
2011-03-11,37.752769470214844,42.13999938964844,43.08000183105469,41.88999938964844,42.16999816894531,1380800
2011-03-14,38.182796478271484,42.619998931884766,43.040000915527344,41.75,41.970001220703125,1001000
2011-03-15,38.52323532104492,43.0,43.33000183105469,41.0,41.150001525878906,915300
2011-03-16,37.609413146972656,41.97999954223633,42.880001068115234,41.630001068115234,42.79999923706055,1122500
2011-03-17,38.03049087524414,42.45000076293945,43.18000030517578,42.099998474121094,42.9900016784668,580300
2011-03-18,38.541141510009766,43.02000045776367,43.369998931884766,42.63999938964844,43.310001373291016,981000
2011-03-21,39.0876350402832,43.630001068115234,43.79999923706055,43.119998931884766,43.43000030517578,549000
2011-03-22,38.45157241821289,42.91999816894531,43.720001220703125,42.72999954223633,43.56999969482422,892200
2011-03-23,38.57698440551758,43.060001373291016,43.20000076293945,42.70000076293945,42.790000915527344,625200
2011-03-24,40.07311248779297,44.72999954223633,44.79999923706055,43.290000915527344,43.380001068115234,1027300
2011-03-25,40.57481384277344,45.290000915527344,45.83000183105469,44.68000030517578,44.75,1514800
2011-03-28,40.15375518798828,44.81999969482422,45.47999954223633,44.779998779296875,45.34000015258789,775600
2011-03-29,40.350852966308594,45.040000915527344,45.189998626708984,44.650001525878906,44.7400016784668,701700
2011-03-30,40.87045669555664,45.619998931884766,45.7400016784668,44.90999984741211,45.459999084472656,551000
2011-03-31,40.8525505065918,45.599998474121094,45.72999954223633,45.0099983215332,45.529998779296875,694800
2011-04-01,41.461753845214844,46.279998779296875,46.650001525878906,45.79999923706055,46.0,794700
2011-04-04,41.07651901245117,45.849998474121094,46.630001068115234,45.63999938964844,46.31999969482422,797500
2011-04-05,41.255699157714844,46.04999923706055,46.33000183105469,45.09000015258789,45.619998931884766,547000
2011-04-06,41.31840515136719,46.119998931884766,46.77000045776367,45.79999923706055,46.41999816894531,582900
2011-04-07,41.02275085449219,45.790000915527344,46.79999923706055,45.65999984741211,46.0,575800
2011-04-08,40.31501388549805,45.0,46.54999923706055,44.790000915527344,46.18000030517578,688900
2011-04-11,39.92081832885742,44.560001373291016,45.150001525878906,44.2599983215332,45.0,969700
2011-04-12,39.37432098388672,43.95000076293945,44.43000030517578,43.7400016784668,44.130001068115234,917300
2011-04-13,39.1324348449707,43.68000030517578,44.4900016784668,43.060001373291016,44.279998779296875,1225300
2011-04-14,38.92638397216797,43.45000076293945,43.779998779296875,42.63999938964844,43.34000015258789,1019800
2011-04-15,39.07868576049805,43.619998931884766,44.0,43.22999954223633,43.61000061035156,1004400
2011-04-18,38.120079040527344,42.54999923706055,43.040000915527344,42.20000076293945,42.869998931884766,1269600
2011-04-19,37.91402816772461,42.31999969482422,42.91999816894531,42.150001525878906,42.58000183105469,829200
2011-04-20,38.3082160949707,42.7599983215332,43.290000915527344,42.349998474121094,43.099998474121094,1060600
2011-04-21,39.114532470703125,43.65999984741211,43.7599983215332,42.79999923706055,43.09000015258789,760800
2011-04-25,39.27577590942383,43.84000015258789,44.040000915527344,43.439998626708984,43.599998474121094,755900
2011-04-26,39.40120315551758,43.97999954223633,44.25,43.66999816894531,44.189998626708984,1102900
2011-04-27,39.6162223815918,44.220001220703125,44.36000061035156,43.790000915527344,44.119998931884766,1491600
2011-04-28,39.72372055053711,44.34000015258789,44.439998626708984,43.849998474121094,44.040000915527344,867400
2011-04-29,40.49418258666992,45.20000076293945,45.310001373291016,44.40999984741211,44.43000030517578,1138500
2011-05-02,40.71817398071289,45.45000076293945,45.84000015258789,45.20000076293945,45.41999816894531,956200
2011-05-03,40.422508239746094,45.119998931884766,45.88999938964844,44.630001068115234,45.380001068115234,1544900
2011-05-04,39.59831237792969,44.20000076293945,45.02000045776367,43.130001068115234,44.849998474121094,1580100
2011-05-05,37.071903228759766,41.380001068115234,43.75,41.27000045776367,43.459999084472656,3179900
2011-05-06,36.6597785949707,40.91999816894531,42.529998779296875,40.779998779296875,42.040000915527344,1422500
2011-05-09,36.310394287109375,40.529998779296875,41.060001373291016,40.31999969482422,41.029998779296875,1001600
2011-05-10,37.41233825683594,41.7599983215332,41.90999984741211,40.540000915527344,40.779998779296875,1451100
2011-05-11,36.677703857421875,40.939998626708984,41.599998474121094,40.400001525878906,41.599998474121094,1225700
2011-05-12,36.35517120361328,40.58000183105469,41.130001068115234,40.0,40.869998931884766,903000
2011-05-13,35.81766128540039,39.97999954223633,40.77000045776367,39.869998931884766,40.540000915527344,1229700
2011-05-16,36.12226104736328,40.31999969482422,40.97999954223633,39.619998931884766,39.7599983215332,1246600
2011-05-17,36.34622573852539,40.56999969482422,40.70000076293945,39.869998931884766,40.119998931884766,1520900
2011-05-18,36.46268081665039,40.70000076293945,40.84000015258789,40.29999923706055,40.40999984741211,901800
2011-05-19,36.39099884033203,40.619998931884766,41.099998474121094,40.43000030517578,40.83000183105469,718800
2011-05-20,36.06850051879883,40.2599983215332,40.58000183105469,39.689998626708984,40.47999954223633,1025100
2011-05-23,35.22636032104492,39.31999969482422,39.959999084472656,39.310001373291016,39.810001373291016,837000
2011-05-24,35.59366989135742,39.72999954223633,39.970001220703125,39.400001525878906,39.41999816894531,684700
2011-05-25,34.97158432006836,38.790000915527344,39.630001068115234,38.630001068115234,39.209999084472656,2038900
2011-05-26,35.25107955932617,39.099998474121094,39.16999816894531,38.25,38.720001220703125,1067300
2011-05-27,35.63876724243164,39.529998779296875,39.900001525878906,39.25,39.31999969482422,673700
2011-05-31,36.504249572753906,40.4900016784668,40.529998779296875,39.970001220703125,40.25,1337500
2011-06-01,35.178958892822266,39.02000045776367,40.279998779296875,38.9900016784668,40.220001220703125,1252200
2011-06-02,35.07977294921875,38.90999984741211,39.33000183105469,38.75,39.15999984741211,1019500
2011-06-03,34.06100845336914,37.779998779296875,38.38999938964844,37.709999084472656,38.369998931884766,1138500
2011-06-06,33.92578125,37.630001068115234,37.709999084472656,37.029998779296875,37.619998931884766,1672300
2011-06-07,33.92578125,37.630001068115234,38.04999923706055,37.470001220703125,37.95000076293945,1016000
2011-06-08,33.601234436035156,37.27000045776367,37.540000915527344,36.93000030517578,37.540000915527344,1505400
2011-06-09,33.745479583740234,37.43000030517578,37.709999084472656,37.16999816894531,37.290000915527344,1068000
2011-06-10,33.33074951171875,36.970001220703125,37.279998779296875,36.5099983215332,37.130001068115234,1283500
2011-06-13,33.871681213378906,37.56999969482422,37.79999923706055,37.08000183105469,37.08000183105469,1727600
2011-06-14,34.91750717163086,38.72999954223633,39.220001220703125,37.900001525878906,38.0099983215332,1437600
2011-06-15,34.06100845336914,37.779998779296875,38.52000045776367,37.36000061035156,38.25,1417000
2011-06-16,34.259368896484375,38.0,38.369998931884766,37.709999084472656,37.779998779296875,1417600
2011-06-17,35.04372787475586,38.869998931884766,39.08000183105469,38.38999938964844,38.41999816894531,1710400
2011-06-20,35.187957763671875,39.029998779296875,39.189998626708984,38.31999969482422,38.63999938964844,1061100
2011-06-21,35.69285202026367,39.59000015258789,39.90999984741211,39.220001220703125,39.2599983215332,980500
2011-06-22,35.233062744140625,39.08000183105469,39.66999816894531,38.91999816894531,39.29999923706055,705500
2011-06-23,34.84538650512695,38.650001525878906,38.65999984741211,37.68000030517578,38.40999984741211,1987600
2011-06-24,34.556880950927734,38.33000183105469,38.849998474121094,38.02000045776367,38.75,1045000
2011-06-27,34.48474884033203,38.25,38.5,38.0,38.43000030517578,1024800
2011-06-28,34.68310546875,38.470001220703125,38.849998474121094,38.27000045776367,38.38999938964844,1129000
2011-06-29,34.7371940612793,38.529998779296875,38.81999969482422,38.20000076293945,38.75,1483400
2011-06-30,34.7371940612793,38.529998779296875,39.0,38.40999984741211,38.70000076293945,2162600
2011-07-01,35.81005096435547,39.720001220703125,39.900001525878906,38.20000076293945,38.650001525878906,1266100
2011-07-05,35.66579818725586,39.560001373291016,39.869998931884766,38.81999969482422,39.7400016784668,1335700
2011-07-06,35.45842742919922,39.33000183105469,39.709999084472656,39.04999923706055,39.43000030517578,887500
2011-07-07,35.782997131347656,39.689998626708984,39.9900016784668,38.88999938964844,39.790000915527344,1866500
2011-07-08,34.28639602661133,38.029998779296875,39.25,37.880001068115234,39.150001525878906,1875100
2011-07-11,33.42090606689453,37.06999969482422,37.58000183105469,36.880001068115234,37.47999954223633,2112100
2011-07-12,33.27666091918945,36.90999984741211,37.650001525878906,36.88999938964844,37.0099983215332,1670400
2011-07-13,33.29469299316406,36.93000030517578,37.59000015258789,36.83000183105469,37.04999923706055,1068200
2011-07-14,32.384117126464844,35.91999816894531,36.9900016784668,35.849998474121094,36.83000183105469,1777300
2011-07-15,32.15872573852539,35.66999816894531,36.16999816894531,35.150001525878906,36.029998779296875,1799900
2011-07-18,31.4915771484375,34.93000030517578,35.63999938964844,34.709999084472656,35.41999816894531,1244200
2011-07-19,31.88825035095215,35.369998931884766,35.70000076293945,35.029998779296875,35.06999969482422,1040100
2011-07-20,31.915313720703125,35.400001525878906,35.869998931884766,35.33000183105469,35.400001525878906,997700
2011-07-21,32.573448181152344,36.130001068115234,36.36000061035156,35.52000045776367,35.650001525878906,1399100
2011-07-22,32.32099151611328,35.849998474121094,36.11000061035156,35.099998474121094,36.08000183105469,1050000
2011-07-25,32.212806701660156,35.72999954223633,36.31999969482422,35.279998779296875,35.4900016784668,1000500
2011-07-26,32.01447677612305,35.5099983215332,36.0,35.2599983215332,35.970001220703125,1326000
2011-07-27,31.05881118774414,34.45000076293945,35.34000015258789,34.36000061035156,35.20000076293945,1932400
2011-07-28,30.499841690063477,33.83000183105469,34.720001220703125,33.810001373291016,34.5,1525100
2011-07-29,30.914562225341797,34.290000915527344,34.5099983215332,33.27000045776367,33.540000915527344,2365600
2011-08-01,30.238399505615234,33.540000915527344,34.75,33.13999938964844,34.72999954223633,1896500
2011-08-02,28.345115661621094,31.440000534057617,32.939998626708984,31.440000534057617,32.86000061035156,3885800
2011-08-03,29.751544952392578,33.0,33.11000061035156,30.81999969482422,31.649999618530273,4351400
2011-08-04,30.238399505615234,33.540000915527344,34.540000915527344,32.470001220703125,32.650001525878906,6708300
2011-08-05,30.42771339416504,33.75,34.400001525878906,33.189998626708984,34.189998626708984,6151200
2011-08-08,29.34584617614746,32.54999923706055,33.650001525878906,32.13999938964844,32.83000183105469,9031300
2011-08-09,29.129470825195312,32.310001373291016,33.40999984741211,28.889999389648438,33.13999938964844,8224900
2011-08-10,27.20914649963379,30.18000030517578,31.760000228881836,29.93000030517578,31.540000915527344,5283100
2011-08-11,27.659929275512695,30.68000030517578,31.190000534057617,29.600000381469727,30.260000228881836,3995800
2011-08-12,27.27225685119629,30.25,31.469999313354492,30.0,30.8799991607666,2641300
2011-08-15,29.59827995300293,32.83000183105469,32.86000061035156,30.6200008392334,30.950000762939453,2381300
2011-08-16,29.88678741455078,33.150001525878906,33.43000030517578,31.850000381469727,31.850000381469727,3020900
2011-08-17,29.228639602661133,32.41999816894531,33.72999954223633,32.2599983215332,33.310001373291016,2434600
2011-08-18,27.019821166992188,29.969999313354492,31.559999465942383,29.68000030517578,31.559999465942383,2899000
2011-08-19,26.650178909301758,29.559999465942383,30.350000381469727,29.239999771118164,29.950000762939453,2257800
2011-08-22,27.064899444580078,30.020000457763672,30.329999923706055,29.299999237060547,29.899999618530273,2107800
2011-08-23,28.759830474853516,31.899999618530273,31.899999618530273,29.670000076293945,30.1200008392334,2001500
2011-08-24,30.53175926208496,33.599998474121094,33.72999954223633,31.540000915527344,31.639999389648438,2253800
2011-08-25,30.504505157470703,33.56999969482422,34.0,32.84000015258789,33.79999923706055,1473000
2011-08-26,31.340496063232422,34.4900016784668,34.72999954223633,33.2400016784668,33.5,1534400
2011-08-29,31.985654830932617,35.20000076293945,35.97999954223633,34.560001373291016,35.150001525878906,1697000
2011-08-30,31.813003540039062,35.0099983215332,35.27000045776367,34.0,35.09000015258789,2186400
2011-08-31,31.8311824798584,35.029998779296875,36.08000183105469,34.880001068115234,35.459999084472656,1790200
2011-09-01,31.10422134399414,34.22999954223633,35.83000183105469,34.15999984741211,35.150001525878906,2028200
2011-09-02,29.50495147705078,32.470001220703125,34.31999969482422,32.38999938964844,34.31999969482422,1820500
2011-09-06,31.694881439208984,34.880001068115234,36.70000076293945,30.68000030517578,30.68000030517578,4405400
2011-09-07,32.34005355834961,35.59000015258789,35.880001068115234,34.34000015258789,35.290000915527344,3091800
2011-09-08,31.3768253326416,34.529998779296875,35.150001525878906,34.279998779296875,34.869998931884766,1924500
2011-09-09,28.90521812438965,31.809999465942383,34.220001220703125,31.670000076293945,34.220001220703125,3392100
2011-09-12,29.37773895263672,32.33000183105469,32.4900016784668,31.200000762939453,31.559999465942383,1686800
2011-09-13,29.95929718017578,32.970001220703125,33.45000076293945,31.950000762939453,32.349998474121094,1847200
2011-09-14,30.168292999267578,33.20000076293945,33.7599983215332,32.29999923706055,33.29999923706055,1875100
2011-09-15,30.222814559936523,33.2599983215332,33.880001068115234,33.150001525878906,33.65999984741211,1122000
2011-09-16,30.150108337402344,33.18000030517578,34.220001220703125,32.70000076293945,33.45000076293945,1624300
2011-09-19,28.496320724487305,31.360000610351562,32.560001373291016,30.899999618530273,32.5,1405300
2011-09-20,27.960187911987305,30.770000457763672,32.11000061035156,30.719999313354492,31.5,1264100
2011-09-21,27.187808990478516,29.920000076293945,31.229999542236328,29.920000076293945,30.6299991607666,2059000
2011-09-22,26.042871475219727,28.65999984741211,29.40999984741211,28.200000762939453,29.040000915527344,2670700
2011-09-23,26.242786407470703,28.8799991607666,30.219999313354492,28.350000381469727,28.530000686645508,1938600
2011-09-26,27.078763961791992,29.799999237060547,29.860000610351562,28.450000762939453,29.25,1604100
2011-09-27,27.442243576049805,30.200000762939453,31.760000228881836,29.979999542236328,31.040000915527344,1712000
2011-09-28,26.73346519470215,29.420000076293945,30.440000534057617,29.34000015258789,30.3799991607666,1297000
2011-09-29,26.306386947631836,28.950000762939453,29.989999771118164,28.1299991607666,29.760000228881836,2005600
2011-09-30,25.043312072753906,27.559999465942383,28.68000030517578,27.440000534057617,28.469999313354492,1673300
2011-10-03,23.798419952392578,26.190000534057617,27.579999923706055,25.959999084472656,27.579999923706055,3081700
2011-10-04,24.916101455688477,27.420000076293945,27.510000228881836,25.059999465942383,25.84000015258789,2400000
2011-10-05,25.81570816040039,28.40999984741211,28.75,27.239999771118164,27.309999465942383,1571900
2011-10-06,26.41542625427246,29.06999969482422,29.239999771118164,27.81999969482422,28.350000381469727,827200
2011-10-07,25.4794864654541,28.040000915527344,29.6299991607666,27.530000686645508,29.40999984741211,988900
2011-10-10,27.205978393554688,29.940000534057617,29.959999084472656,28.649999618530273,28.649999618530273,1187500
2011-10-11,28.196441650390625,31.030000686645508,31.209999084472656,29.440000534057617,29.59000015258789,2064800
2011-10-12,28.587181091308594,31.459999084472656,31.81999969482422,30.860000610351562,31.239999771118164,1255800
2011-10-13,28.541746139526367,31.40999984741211,31.559999465942383,30.190000534057617,31.1200008392334,1148600
2011-10-14,29.18691062927246,32.119998931884766,32.2400016784668,31.110000610351562,31.920000076293945,725100
2011-10-17,27.38771629333496,30.139999389648438,32.099998474121094,29.889999389648438,31.93000030517578,2394100
2011-10-18,28.04197120666504,30.860000610351562,31.030000686645508,29.6200008392334,30.209999084472656,2118000
2011-10-19,27.442243576049805,30.200000762939453,31.200000762939453,29.969999313354492,30.8799991607666,1507000
2011-10-20,27.496768951416016,30.260000228881836,30.5,29.579999923706055,30.059999465942383,1303400
2011-10-21,28.051061630249023,30.8700008392334,30.950000762939453,30.239999771118164,30.549999237060547,1306800
2011-10-24,29.150564193725586,32.08000183105469,32.11000061035156,30.899999618530273,30.940000534057617,1603200
2011-10-25,28.014713287353516,30.829999923706055,32.040000915527344,30.760000228881836,31.729999542236328,1320500
2011-10-26,28.668964385986328,31.549999237060547,31.790000915527344,30.670000076293945,31.469999313354492,1637300
2011-10-27,31.467716217041016,34.630001068115234,34.90999984741211,32.36000061035156,33.4900016784668,2387200
2011-10-28,30.1773681640625,33.209999084472656,34.599998474121094,32.79999923706055,34.56999969482422,1598500
2011-10-31,28.432706832885742,31.290000915527344,33.13999938964844,31.25,33.099998474121094,1507000
2011-11-01,27.460412979125977,30.219999313354492,30.979999542236328,29.100000381469727,29.940000534057617,2421300
2011-11-02,28.069232940673828,30.889999389648438,31.950000762939453,30.479999542236328,30.969999313354492,1429700
2011-11-03,28.341838836669922,31.190000534057617,31.299999237060547,29.059999465942383,29.709999084472656,1889300
2011-11-04,27.805713653564453,30.600000381469727,31.170000076293945,29.969999313354492,30.760000228881836,1144200
2011-11-07,27.54220199584961,30.309999465942383,31.020000457763672,29.59000015258789,30.59000015258789,1463200
2011-11-08,28.487228393554688,31.350000381469727,31.469999313354492,30.25,30.649999618530273,1266400
2011-11-09,26.397262573242188,29.049999237060547,30.299999237060547,28.809999465942383,30.110000610351562,2250300
2011-11-10,27.069677352905273,29.790000915527344,30.299999237060547,29.25,30.0,1573100
2011-11-11,27.723939895629883,30.510000228881836,30.940000534057617,30.15999984741211,30.260000228881836,1124400
2011-11-14,27.769376754760742,30.559999465942383,30.93000030517578,30.170000076293945,30.209999084472656,1358900
2011-11-15,29.28687286376953,32.22999954223633,32.4900016784668,30.350000381469727,30.350000381469727,2238600
2011-11-16,28.668964385986328,31.549999237060547,32.369998931884766,31.43000030517578,31.760000228881836,1474400
2011-11-17,28.35093116760254,31.200000762939453,32.75,30.969999313354492,31.649999618530273,2377900
2011-11-18,29.241437911987305,32.18000030517578,32.439998626708984,31.239999771118164,31.5,1907900
2011-11-21,28.577882766723633,31.440000534057617,31.8700008392334,30.959999084472656,31.31999969482422,1791800
2011-11-22,28.096132278442383,30.90999984741211,31.979999542236328,30.790000915527344,31.5,1143400
2011-11-23,27.259899139404297,29.989999771118164,30.6200008392334,29.90999984741211,30.479999542236328,1266000
2011-11-25,26.741779327392578,29.420000076293945,30.40999984741211,29.350000381469727,29.81999969482422,488500
2011-11-28,27.15081024169922,29.8700008392334,30.75,29.59000015258789,30.43000030517578,1172000
2011-11-29,27.714372634887695,30.489999771118164,30.950000762939453,29.84000015258789,29.979999542236328,1038100
2011-11-30,29.486865997314453,32.439998626708984,32.4900016784668,30.139999389648438,30.719999313354492,2717200
2011-12-01,29.34142303466797,32.279998779296875,33.040000915527344,32.04999923706055,32.279998779296875,1585000
2011-12-02,29.68683433532715,32.65999984741211,34.11000061035156,32.58000183105469,32.779998779296875,1387800
2011-12-05,29.94133949279785,32.939998626708984,34.0,32.56999969482422,33.380001068115234,1154100
2011-12-06,30.813955307006836,33.900001525878906,35.099998474121094,32.61000061035156,32.810001373291016,4092400
2011-12-07,31.104816436767578,34.220001220703125,34.70000076293945,33.310001373291016,33.59000015258789,1591400
2011-12-08,29.54138946533203,32.5,34.08000183105469,32.38999938964844,33.689998626708984,1515300
2011-12-09,30.495813369750977,33.54999923706055,34.40999984741211,32.59000015258789,32.599998474121094,1120900
2011-12-12,35.17697525024414,38.70000076293945,45.0,31.8700008392334,33.0099983215332,11567800
2011-12-13,35.17697525024414,38.70000076293945,39.900001525878906,38.43000030517578,38.72999954223633,5834600
2011-12-14,34.513450622558594,37.970001220703125,38.619998931884766,37.470001220703125,38.400001525878906,2537700
2011-12-15,35.1588020324707,38.68000030517578,39.59000015258789,38.29999923706055,38.720001220703125,1861900
2011-12-16,35.24969482421875,38.779998779296875,40.209999084472656,38.59000015258789,39.119998931884766,2211800
2011-12-19,34.658878326416016,38.130001068115234,39.93000030517578,37.90999984741211,39.040000915527344,1627800
2011-12-20,34.81339645385742,38.29999923706055,39.150001525878906,38.27000045776367,38.619998931884766,1487800
2011-12-21,35.34059524536133,38.880001068115234,39.77000045776367,38.279998779296875,38.349998474121094,1236200
2011-12-22,35.649635314941406,39.220001220703125,39.439998626708984,38.349998474121094,39.0099983215332,1085400
2011-12-23,35.96780014038086,39.56999969482422,39.58000183105469,39.0,39.119998931884766,609500
2011-12-27,35.98597717285156,39.59000015258789,39.849998474121094,39.2599983215332,39.5,599700
2011-12-28,35.11336135864258,38.630001068115234,39.65999984741211,38.43000030517578,39.380001068115234,650300
2011-12-29,35.57693099975586,39.13999938964844,39.529998779296875,38.79999923706055,38.9900016784668,788800
2011-12-30,35.7678108215332,39.349998474121094,39.54999923706055,38.90999984741211,38.93000030517578,509300
2012-01-03,36.067779541015625,39.68000030517578,40.529998779296875,39.58000183105469,40.2599983215332,1133600
2012-01-04,35.72237014770508,39.29999923706055,39.900001525878906,39.0,39.900001525878906,712900
2012-01-05,36.01322555541992,39.619998931884766,39.939998626708984,38.779998779296875,38.93000030517578,826900
2012-01-06,35.71327209472656,39.290000915527344,39.97999954223633,39.16999816894531,39.56999969482422,739600
2012-01-09,35.90415573120117,39.5,40.0,39.2400016784668,39.9900016784668,674400
2012-01-10,36.0859489440918,39.70000076293945,40.25,39.470001220703125,39.939998626708984,698600
2012-01-11,36.72221755981445,40.400001525878906,40.59000015258789,39.25,39.529998779296875,1355400
2012-01-12,36.81311798095703,40.5,40.61000061035156,39.65999984741211,40.369998931884766,852100
2012-01-13,36.95855712890625,40.65999984741211,40.720001220703125,39.75,40.25,892600
2012-01-17,37.18579864501953,40.90999984741211,41.439998626708984,40.41999816894531,41.380001068115234,800800
2012-01-18,37.51301956176758,41.27000045776367,41.83000183105469,40.560001373291016,40.709999084472656,844100
2012-01-19,37.849342346191406,41.63999938964844,41.849998474121094,41.119998931884766,41.470001220703125,899000
2012-01-20,38.83102798461914,42.720001220703125,43.119998931884766,41.2400016784668,41.72999954223633,2153000
2012-01-23,38.30381393432617,42.13999938964844,42.65999984741211,41.7599983215332,42.439998626708984,920100
2012-01-24,38.37654495239258,42.220001220703125,42.380001068115234,41.75,41.95000076293945,853100
2012-01-25,39.330955505371094,43.27000045776367,43.5,41.939998626708984,42.119998931884766,1172500
2012-01-26,39.31278610229492,43.25,43.650001525878906,42.689998626708984,43.310001373291016,627800
2012-01-27,39.49458694458008,43.45000076293945,43.689998626708984,42.83000183105469,42.970001220703125,506000
2012-01-30,39.803619384765625,43.790000915527344,43.900001525878906,42.75,43.029998779296875,732700
2012-01-31,39.867252349853516,43.86000061035156,44.189998626708984,43.33000183105469,44.189998626708984,787000
2012-02-01,40.00358963012695,44.0099983215332,44.77000045776367,43.79999923706055,44.09000015258789,1397500
2012-02-02,39.949066162109375,43.95000076293945,44.709999084472656,43.75,44.16999816894531,587300
2012-02-03,40.712589263916016,44.790000915527344,45.279998779296875,43.59000015258789,44.68000030517578,1197900
2012-02-06,41.08525848388672,45.20000076293945,45.2400016784668,44.27000045776367,44.380001068115234,1014100
2012-02-07,41.56702423095703,45.72999954223633,46.25,44.66999816894531,44.900001525878906,1593600
2012-02-08,41.676090240478516,45.849998474121094,46.13999938964844,44.650001525878906,45.7400016784668,672200
2012-02-09,43.08497619628906,47.400001525878906,47.540000915527344,45.869998931884766,46.04999923706055,1640200
2012-02-10,42.666839599609375,46.939998626708984,47.349998474121094,46.43000030517578,47.0,926900
2012-02-13,42.82139587402344,47.11000061035156,47.619998931884766,47.08000183105469,47.2599983215332,1209600
2012-02-14,42.848663330078125,47.13999938964844,47.2400016784668,46.65999984741211,46.900001525878906,625300
2012-02-15,42.98500061035156,47.290000915527344,47.43000030517578,46.59000015258789,47.189998626708984,774400
2012-02-16,43.203155517578125,47.529998779296875,47.7599983215332,46.56999969482422,47.09000015258789,1469400
2012-02-17,43.33950424194336,47.68000030517578,48.06999969482422,47.58000183105469,48.0,960700
2012-02-21,42.5486946105957,46.810001373291016,48.09000015258789,46.709999084472656,47.849998474121094,475700
2012-02-22,41.930606842041016,46.130001068115234,46.77000045776367,46.02000045776367,46.599998474121094,355200
2012-02-23,42.18517303466797,46.400001525878906,46.77000045776367,45.61000061035156,46.02000045776367,723600
2012-02-24,41.97605895996094,46.16999816894531,46.79999923706055,46.13999938964844,46.45000076293945,442300
2012-02-27,41.79423141479492,45.970001220703125,46.349998474121094,45.16999816894531,45.689998626708984,1204800
2012-02-28,41.2396354675293,45.36000061035156,46.0,44.869998931884766,45.91999816894531,642400
2012-02-29,40.512306213378906,44.560001373291016,45.630001068115234,44.560001373291016,45.369998931884766,1026900
2012-03-01,40.13045120239258,44.13999938964844,45.220001220703125,43.959999084472656,44.5099983215332,1356800
2012-03-02,39.66679000854492,43.630001068115234,44.220001220703125,43.25,44.0099983215332,754700
2012-03-05,39.83042907714844,43.810001373291016,43.95000076293945,42.849998474121094,43.90999984741211,1249100
2012-03-06,39.49404525756836,43.439998626708984,43.5,42.959999084472656,43.25,612200
2012-03-07,39.83952331542969,43.81999969482422,44.0,43.34000015258789,43.63999938964844,367900
2012-03-08,40.83051681518555,44.90999984741211,45.04999923706055,43.93000030517578,44.130001068115234,498100
2012-03-09,41.81241226196289,45.9900016784668,46.310001373291016,44.83000183105469,45.150001525878906,742200
2012-03-12,41.16691207885742,45.279998779296875,46.25,45.2400016784668,46.06999969482422,645800
2012-03-13,42.012413024902344,46.209999084472656,46.209999084472656,45.5,45.540000915527344,729600
2012-03-14,41.421470642089844,45.560001373291016,46.29999923706055,45.369998931884766,46.2400016784668,443200
2012-03-15,41.81241226196289,45.9900016784668,46.15999984741211,45.099998474121094,45.45000076293945,512100
2012-03-16,41.56693649291992,45.720001220703125,46.189998626708984,45.150001525878906,46.18000030517578,1065600
2012-03-19,41.64876937866211,45.810001373291016,46.209999084472656,45.2400016784668,45.38999938964844,355900
2012-03-20,41.194183349609375,45.310001373291016,45.560001373291016,44.72999954223633,45.47999954223633,275300
2012-03-21,41.021446228027344,45.119998931884766,45.869998931884766,45.09000015258789,45.43000030517578,336100
2012-03-22,40.166831970214844,44.18000030517578,44.790000915527344,43.869998931884766,44.790000915527344,327300
2012-03-23,40.14863586425781,44.15999984741211,44.400001525878906,43.5,44.20000076293945,398100
2012-03-26,40.2668342590332,44.290000915527344,44.77000045776367,44.04999923706055,44.61000061035156,406100
2012-03-27,40.112274169921875,44.119998931884766,44.70000076293945,44.040000915527344,44.400001525878906,892100
2012-03-28,38.866722106933594,42.75,44.369998931884766,42.720001220703125,44.0,1045300
2012-03-29,38.55760192871094,42.40999984741211,42.540000915527344,41.5,42.34000015258789,639200
2012-03-30,38.84853744506836,42.72999954223633,43.08000183105469,42.47999954223633,42.84000015258789,458600
2012-04-02,39.26675796508789,43.189998626708984,43.29999923706055,42.290000915527344,42.5,713900
2012-04-03,39.09401321411133,43.0,43.16999816894531,42.68000030517578,43.04999923706055,454400
2012-04-04,38.639427185058594,42.5,42.83000183105469,42.38999938964844,42.52000045776367,240900
2012-04-05,38.639427185058594,42.5,43.060001373291016,42.27000045776367,42.36000061035156,739400
2012-04-09,38.20303726196289,42.02000045776367,42.29999923706055,41.65999984741211,41.79999923706055,966800
2012-04-10,37.49388122558594,41.2400016784668,42.15999984741211,41.209999084472656,41.939998626708984,629600
2012-04-11,37.930274963378906,41.720001220703125,42.029998779296875,41.33000183105469,41.709999084472656,648200
2012-04-12,38.28485107421875,42.11000061035156,42.900001525878906,41.529998779296875,41.66999816894531,774500
2012-04-13,37.84846878051758,41.630001068115234,41.970001220703125,41.310001373291016,41.970001220703125,602000
2012-04-16,37.75753402709961,41.529998779296875,42.15999984741211,41.47999954223633,41.650001525878906,722900
2012-04-17,38.484867095947266,42.33000183105469,42.869998931884766,41.849998474121094,41.97999954223633,540900
2012-04-18,37.593902587890625,41.349998474121094,42.099998474121094,41.220001220703125,42.099998474121094,633700
2012-04-19,37.29387283325195,41.02000045776367,41.400001525878906,40.70000076293945,41.380001068115234,604700
2012-04-20,37.439334869384766,41.18000030517578,41.63999938964844,41.0,41.15999984741211,456000
2012-04-23,37.13931655883789,40.849998474121094,40.97999954223633,40.27000045776367,40.47999954223633,356800
2012-04-24,37.375694274902344,41.11000061035156,41.220001220703125,40.66999816894531,40.90999984741211,179800
2012-04-25,37.97575759887695,41.77000045776367,42.310001373291016,41.459999084472656,41.459999084472656,361400
2012-04-26,38.121192932128906,41.93000030517578,42.150001525878906,41.20000076293945,41.970001220703125,329100
2012-04-27,38.51214599609375,42.36000061035156,42.439998626708984,41.68000030517578,42.13999938964844,511800
2012-04-30,38.9212646484375,42.810001373291016,42.970001220703125,42.060001373291016,42.22999954223633,513400
2012-05-01,39.10309982299805,43.0099983215332,43.90999984741211,42.349998474121094,42.70000076293945,779800
2012-05-02,38.85764694213867,42.7400016784668,43.040000915527344,42.2599983215332,42.66999816894531,363100
2012-05-03,38.821266174316406,42.70000076293945,42.81999969482422,41.939998626708984,42.72999954223633,701400
2012-05-04,37.612083435058594,41.369998931884766,42.63999938964844,41.25,42.36000061035156,531200
2012-05-07,37.702999114990234,41.470001220703125,41.689998626708984,39.61000061035156,40.779998779296875,1836000
2012-05-08,37.16657638549805,40.880001068115234,41.279998779296875,40.150001525878906,41.15999984741211,460800
2012-05-09,36.375606536865234,40.0099983215332,40.720001220703125,39.779998779296875,39.779998779296875,960400
2012-05-10,36.35744094848633,39.9900016784668,41.060001373291016,39.849998474121094,41.060001373291016,609000
2012-05-11,36.384700775146484,40.02000045776367,40.560001373291016,39.709999084472656,39.84000015258789,965300
2012-05-14,35.484642028808594,39.029998779296875,39.90999984741211,38.93000030517578,39.810001373291016,644100
2012-05-15,34.88458251953125,38.369998931884766,39.27000045776367,38.189998626708984,39.060001373291016,510200
2012-05-16,32.057098388671875,35.2599983215332,39.0099983215332,34.61000061035156,38.720001220703125,2618800
2012-05-17,30.82063865661621,33.900001525878906,35.65999984741211,33.869998931884766,35.5,1969000
2012-05-18,31.447961807250977,34.59000015258789,35.47999954223633,34.0,34.13999938964844,1698200
2012-05-21,33.048065185546875,36.349998474121094,36.58000183105469,34.25,34.70000076293945,956700
2012-05-22,32.00254821777344,35.20000076293945,36.720001220703125,34.849998474121094,36.459999084472656,767300
2012-05-23,31.429771423339844,34.56999969482422,34.9900016784668,33.689998626708984,34.93000030517578,747000
2012-05-24,31.847963333129883,35.029998779296875,35.029998779296875,34.27000045776367,34.7400016784668,351400
2012-05-25,32.51167678833008,35.7599983215332,35.88999938964844,34.65999984741211,35.04999923706055,684200
2012-05-29,32.81168746948242,36.09000015258789,36.439998626708984,35.45000076293945,36.13999938964844,385500
2012-05-30,31.838899612426758,35.02000045776367,35.63999938964844,34.869998931884766,35.560001373291016,381700
2012-05-31,31.50250244140625,34.650001525878906,35.220001220703125,33.970001220703125,34.959999084472656,553600
2012-06-01,29.975109100341797,32.970001220703125,34.11000061035156,32.93000030517578,33.75,577600
2012-06-04,29.6114444732666,32.56999969482422,33.38999938964844,32.40999984741211,33.31999969482422,685500
2012-06-05,29.929636001586914,32.91999816894531,33.150001525878906,32.310001373291016,32.439998626708984,496300
2012-06-06,30.30240821838379,33.33000183105469,33.849998474121094,32.9900016784668,33.220001220703125,659900
2012-06-07,30.720746994018555,33.779998779296875,34.400001525878906,33.470001220703125,34.369998931884766,433700
2012-06-08,31.129987716674805,34.22999954223633,34.33000183105469,33.22999954223633,33.58000183105469,345000
2012-06-11,30.238754272460938,33.25,34.58000183105469,33.209999084472656,34.47999954223633,410200
2012-06-12,30.875350952148438,33.95000076293945,33.95000076293945,32.9900016784668,33.209999084472656,469000
2012-06-13,29.984106063842773,32.970001220703125,34.119998931884766,32.810001373291016,33.25,397000
2012-06-14,30.42063331604004,33.45000076293945,33.470001220703125,32.849998474121094,32.95000076293945,291100
2012-06-15,31.239120483398438,34.349998474121094,34.38999938964844,33.5,33.720001220703125,667800
2012-06-18,31.53924560546875,34.68000030517578,34.83000183105469,33.869998931884766,34.209999084472656,370200
2012-06-19,31.74842071533203,34.90999984741211,35.20000076293945,34.5,34.84000015258789,434000
2012-06-20,31.348257064819336,34.470001220703125,34.959999084472656,34.16999816894531,34.959999084472656,279400
2012-06-21,31.211841583251953,34.31999969482422,35.189998626708984,34.099998474121094,34.79999923706055,690300
2012-06-22,32.084903717041016,35.279998779296875,35.459999084472656,34.29999923706055,34.650001525878906,466500
2012-06-25,31.548337936401367,34.689998626708984,35.22999954223633,34.400001525878906,34.77000045776367,493400
2012-06-26,32.24858856201172,35.459999084472656,35.66999816894531,34.38999938964844,34.720001220703125,564000
2012-06-27,33.940147399902344,37.31999969482422,37.529998779296875,35.52000045776367,35.619998931884766,798300
2012-06-28,34.29483413696289,37.709999084472656,38.630001068115234,36.66999816894531,36.970001220703125,1060600
2012-06-29,36.113704681396484,39.709999084472656,40.040000915527344,38.38999938964844,38.709999084472656,1637600
2012-07-02,36.27741241455078,39.88999938964844,39.959999084472656,38.86000061035156,39.86000061035156,1073600
2012-07-03,37.032230377197266,40.720001220703125,40.720001220703125,39.630001068115234,39.88999938964844,373800
2012-07-05,37.405094146728516,41.130001068115234,41.279998779296875,40.2400016784668,40.630001068115234,524300
2012-07-06,37.39600372314453,41.119998931884766,41.22999954223633,40.540000915527344,40.709999084472656,342200
2012-07-09,37.541507720947266,41.279998779296875,41.84000015258789,40.619998931884766,41.119998931884766,543200
2012-07-10,36.832157135009766,40.5,41.650001525878906,40.06999969482422,41.540000915527344,653100
2012-07-11,37.37782287597656,41.099998474121094,41.119998931884766,40.209999084472656,40.66999816894531,621400
2012-07-12,37.90528106689453,41.68000030517578,41.970001220703125,40.61000061035156,40.83000183105469,565100
2012-07-13,39.223968505859375,43.130001068115234,43.16999816894531,41.47999954223633,41.599998474121094,666000
2012-07-16,39.32402420043945,43.2400016784668,43.5,42.79999923706055,42.95000076293945,434100
2012-07-17,39.86967468261719,43.84000015258789,43.90999984741211,42.790000915527344,43.400001525878906,559200
2012-07-18,40.05155563354492,44.040000915527344,44.25,43.59000015258789,43.7400016784668,641400
2012-07-19,40.12431335449219,44.119998931884766,44.36000061035156,43.84000015258789,44.2599983215332,437800
2012-07-20,40.08794021606445,44.08000183105469,44.709999084472656,43.630001068115234,43.7400016784668,723200
2012-07-23,39.978797912597656,43.959999084472656,44.220001220703125,42.81999969482422,43.130001068115234,961600
2012-07-24,38.86019515991211,42.72999954223633,44.34000015258789,42.400001525878906,44.08000183105469,640300
2012-07-25,38.36001205444336,42.18000030517578,43.27000045776367,41.560001373291016,43.040000915527344,816200
2012-07-26,34.40396499633789,37.83000183105469,42.29999923706055,36.7599983215332,42.27000045776367,2043400
2012-07-27,36.18644332885742,39.790000915527344,39.97999954223633,37.25,37.77000045776367,930600
2012-07-30,35.27701187133789,38.790000915527344,39.720001220703125,38.470001220703125,39.599998474121094,528900
2012-07-31,35.23154830932617,38.7400016784668,39.08000183105469,38.06999969482422,38.41999816894531,746600
2012-08-01,34.076576232910156,37.470001220703125,38.939998626708984,37.45000076293945,38.939998626708984,664400
2012-08-02,33.55818557739258,36.900001525878906,37.5,35.689998626708984,36.95000076293945,818300
2012-08-03,34.93144226074219,38.40999984741211,38.630001068115234,37.20000076293945,37.68000030517578,514900
2012-08-06,35.15880584716797,38.65999984741211,38.97999954223633,38.220001220703125,38.5,346600
2012-08-07,35.95909881591797,39.540000915527344,39.619998931884766,38.70000076293945,38.84000015258789,484000
2012-08-08,35.6135139465332,39.15999984741211,39.709999084472656,38.61000061035156,39.36000061035156,328400
2012-08-09,36.27741241455078,39.88999938964844,40.0,38.869998931884766,39.029998779296875,589300
2012-08-10,36.1773567199707,39.779998779296875,40.209999084472656,39.15999984741211,40.08000183105469,417300
2012-08-13,35.849971771240234,39.41999816894531,39.97999954223633,39.099998474121094,39.7599983215332,255100
2012-08-14,35.586238861083984,39.130001068115234,39.7400016784668,38.93000030517578,39.66999816894531,523700
2012-08-15,35.59535217285156,39.13999938964844,39.220001220703125,38.38999938964844,39.130001068115234,410400
2012-08-16,36.2137336730957,39.81999969482422,40.0,39.13999938964844,39.18000030517578,344100
2012-08-17,36.74121856689453,40.400001525878906,41.20000076293945,39.97999954223633,40.02000045776367,631500
2012-08-20,36.74121856689453,40.400001525878906,40.56999969482422,39.599998474121094,40.27000045776367,432700
2012-08-21,36.45018005371094,40.08000183105469,40.790000915527344,39.869998931884766,40.45000076293945,415100
2012-08-22,36.66845703125,40.31999969482422,40.40999984741211,39.279998779296875,39.959999084472656,683000
2012-08-23,36.01350784301758,39.59000015258789,40.369998931884766,39.58000183105469,40.2599983215332,346000
2012-08-24,37.35979461669922,41.06999969482422,41.119998931884766,39.380001068115234,39.4900016784668,598100
2012-08-27,36.62297821044922,40.2599983215332,41.38999938964844,40.040000915527344,41.25,356000
2012-08-28,36.704833984375,40.349998474121094,40.709999084472656,39.93000030517578,40.099998474121094,220200
2012-08-29,36.37738037109375,39.9900016784668,40.619998931884766,39.599998474121094,40.45000076293945,269900
2012-08-30,35.021976470947266,38.5,39.959999084472656,38.470001220703125,39.75,626100
2012-08-31,35.404029846191406,38.91999816894531,39.56999969482422,38.099998474121094,38.7400016784668,510900
2012-09-04,34.29423522949219,37.70000076293945,39.20000076293945,37.70000076293945,38.90999984741211,675300
2012-09-05,34.5125732421875,37.939998626708984,38.22999954223633,37.25,37.79999923706055,562100
2012-09-06,35.01287078857422,38.4900016784668,38.9900016784668,38.150001525878906,38.2599983215332,593400
2012-09-07,36.704833984375,40.349998474121094,40.470001220703125,38.689998626708984,38.689998626708984,495200
2012-09-10,37.696372985839844,41.439998626708984,42.540000915527344,40.560001373291016,40.56999969482422,782000
2012-09-11,38.17850112915039,41.970001220703125,42.310001373291016,41.4900016784668,41.4900016784668,620200
2012-09-12,42.26287078857422,46.459999084472656,46.849998474121094,42.16999816894531,42.290000915527344,2182400
2012-09-13,42.71770095825195,46.959999084472656,47.27000045776367,45.279998779296875,46.459999084472656,1750500
2012-09-14,44.72806167602539,49.16999816894531,49.9900016784668,47.040000915527344,47.040000915527344,1929200
2012-09-17,42.044559478759766,46.220001220703125,48.95000076293945,44.959999084472656,48.95000076293945,1460500
2012-09-18,42.03545379638672,46.209999084472656,46.93000030517578,45.90999984741211,46.060001373291016,646400
2012-09-19,43.27260208129883,47.56999969482422,48.11000061035156,46.22999954223633,46.290000915527344,867900
2012-09-20,43.463645935058594,47.779998779296875,47.84000015258789,46.279998779296875,47.189998626708984,1308700
2012-09-21,44.10948944091797,48.4900016784668,49.0,47.939998626708984,48.0,1196300
2012-09-24,43.90937805175781,48.27000045776367,48.61000061035156,47.52000045776367,48.2599983215332,570000
2012-09-25,41.944496154785156,46.11000061035156,47.93000030517578,46.040000915527344,47.029998779296875,799300
2012-09-26,41.6260986328125,45.7599983215332,46.59000015258789,45.2599983215332,46.22999954223633,697200
2012-09-27,43.600067138671875,47.93000030517578,47.95000076293945,45.9900016784668,45.9900016784668,669600
2012-09-28,43.027000427246094,47.29999923706055,47.790000915527344,46.689998626708984,47.72999954223633,580000
2012-10-01,42.835960388183594,47.09000015258789,48.099998474121094,46.77000045776367,47.29999923706055,843000
2012-10-02,43.47272491455078,47.790000915527344,48.0,47.209999084472656,47.47999954223633,415000
2012-10-03,42.89054489135742,47.150001525878906,47.95000076293945,47.099998474121094,47.70000076293945,482900
2012-10-04,43.62737274169922,47.959999084472656,48.59000015258789,47.22999954223633,47.560001373291016,586900
2012-10-05,43.85478591918945,48.209999084472656,49.599998474121094,48.0,48.380001068115234,513800
2012-10-08,43.27260208129883,47.56999969482422,48.04999923706055,47.20000076293945,47.880001068115234,237100
2012-10-09,41.46237564086914,45.58000183105469,47.56999969482422,45.540000915527344,47.38999938964844,456000
2012-10-10,41.78986740112305,45.939998626708984,46.7400016784668,45.5,45.66999816894531,364700
2012-10-11,42.490291595458984,46.709999084472656,47.150001525878906,46.18000030517578,46.380001068115234,391900
2012-10-12,41.9717903137207,46.13999938964844,47.099998474121094,45.95000076293945,46.79999923706055,257200
2012-10-15,42.36294937133789,46.56999969482422,46.66999816894531,45.61000061035156,46.59000015258789,319100
2012-10-16,43.463645935058594,47.779998779296875,47.810001373291016,46.810001373291016,46.900001525878906,274300
2012-10-17,44.919090270996094,49.380001068115234,49.880001068115234,48.0,48.18000030517578,821000
2012-10-18,44.391483306884766,48.79999923706055,49.779998779296875,48.5099983215332,49.06999969482422,433300
2012-10-19,42.344757080078125,46.54999923706055,48.72999954223633,46.11000061035156,48.560001373291016,816600
2012-10-22,42.69950485229492,46.939998626708984,47.349998474121094,46.310001373291016,46.47999954223633,337200
2012-10-23,42.0081787109375,46.18000030517578,46.529998779296875,45.349998474121094,45.93000030517578,483400
2012-10-24,42.17192459106445,46.36000061035156,46.939998626708984,46.02000045776367,46.529998779296875,220600
2012-10-25,42.65403366088867,46.88999938964844,47.20000076293945,46.31999969482422,46.880001068115234,275600
2012-10-26,42.2901496887207,46.4900016784668,47.20000076293945,45.97999954223633,46.779998779296875,292700
2012-10-31,41.81714630126953,45.970001220703125,47.939998626708984,45.650001525878906,47.15999984741211,637000
2012-11-01,43.181640625,47.470001220703125,47.47999954223633,44.61000061035156,45.27000045776367,627900
2012-11-02,42.16281509399414,46.349998474121094,48.349998474121094,46.34000015258789,48.0,277300
2012-11-05,42.39022445678711,46.599998474121094,46.880001068115234,45.779998779296875,46.04999923706055,399400
2012-11-06,44.10039520263672,48.47999954223633,48.75,46.91999816894531,46.91999816894531,1366200
2012-11-07,41.908111572265625,46.06999969482422,47.810001373291016,44.5,44.83000183105469,703000
2012-11-08,41.853538513183594,46.0099983215332,46.40999984741211,44.619998931884766,45.0099983215332,1115500
2012-11-09,42.15371322631836,46.34000015258789,46.939998626708984,45.47999954223633,45.4900016784668,729400
2012-11-12,42.781394958496094,47.029998779296875,47.2400016784668,45.810001373291016,46.2400016784668,538500
2012-11-13,43.11796188354492,47.400001525878906,47.939998626708984,46.369998931884766,46.58000183105469,642100
2012-11-14,42.88144302368164,47.13999938964844,47.75,44.189998626708984,47.5099983215332,757100
2012-11-15,42.25377655029297,46.45000076293945,47.33000183105469,46.06999969482422,47.0099983215332,878000
2012-11-16,42.344757080078125,46.54999923706055,46.900001525878906,45.70000076293945,45.93000030517578,645900
2012-11-19,43.89116668701172,48.25,48.599998474121094,46.93000030517578,47.31999969482422,582600
2012-11-20,43.87297058105469,48.22999954223633,48.540000915527344,47.810001373291016,48.11000061035156,483500
2012-11-21,44.14592361450195,48.52000045776367,48.91999816894531,47.810001373291016,48.41999816894531,540500
2012-11-23,44.8010139465332,49.2400016784668,49.2400016784668,48.400001525878906,48.81999969482422,133100
2012-11-26,45.03759002685547,49.5,49.689998626708984,48.72999954223633,48.779998779296875,568300
2012-11-27,44.3915901184082,48.790000915527344,49.83000183105469,48.45000076293945,49.65999984741211,455200
2012-11-28,45.21045684814453,49.689998626708984,49.88999938964844,47.939998626708984,48.459999084472656,763900
2012-11-29,46.684410095214844,51.310001373291016,51.75,49.84000015258789,49.970001220703125,1496100
2012-11-30,48.07648849487305,52.84000015258789,53.099998474121094,51.369998931884766,51.5,1157300
2012-12-03,47.594268798828125,52.310001373291016,53.849998474121094,52.2599983215332,53.400001525878906,938600
2012-12-04,48.00371170043945,52.7599983215332,53.380001068115234,52.119998931884766,52.380001068115234,1350500
2012-12-05,46.511558532714844,51.119998931884766,53.02000045776367,51.02000045776367,52.779998779296875,2516000
2012-12-06,47.33041000366211,52.02000045776367,52.060001373291016,51.0,51.189998626708984,647300
2012-12-07,47.31220626831055,52.0,52.5,51.41999816894531,52.5,1012900
2012-12-10,47.39410400390625,52.09000015258789,52.29999923706055,51.790000915527344,52.09000015258789,535000
2012-12-11,47.539669036865234,52.25,52.709999084472656,51.939998626708984,52.540000915527344,741700
2012-12-12,46.6753044128418,51.29999923706055,52.709999084472656,50.9900016784668,52.5099983215332,1116200
2012-12-13,47.02105712890625,51.68000030517578,51.97999954223633,51.189998626708984,51.40999984741211,803800
2012-12-14,46.94827651977539,51.599998474121094,51.79999923706055,51.02000045776367,51.66999816894531,681800
2012-12-17,47.95820236206055,52.709999084472656,52.84000015258789,51.40999984741211,51.7400016784668,888200
2012-12-18,48.39491653442383,53.189998626708984,53.22999954223633,52.66999816894531,52.709999084472656,1148800
2012-12-19,48.313053131103516,53.099998474121094,53.369998931884766,52.34000015258789,53.189998626708984,711600
2012-12-20,48.44952392578125,53.25,53.25,52.7599983215332,53.02000045776367,811800
2012-12-21,47.54878616333008,52.2599983215332,53.15999984741211,51.790000915527344,53.040000915527344,1254400
2012-12-24,48.194766998291016,52.970001220703125,53.099998474121094,52.18000030517578,52.18000030517578,264300
2012-12-26,48.04917907714844,52.810001373291016,53.290000915527344,52.349998474121094,52.970001220703125,479700
2012-12-27,47.039283752441406,51.70000076293945,53.09000015258789,51.36000061035156,52.97999954223633,527700
2012-12-28,46.5843391418457,51.20000076293945,51.52000045776367,50.68000030517578,51.290000915527344,399200
2012-12-31,47.35771179199219,52.04999923706055,52.04999923706055,50.93000030517578,51.0,713200
2013-01-02,49.022735595703125,53.880001068115234,54.29999923706055,53.130001068115234,53.29999923706055,860000
2013-01-03,48.67699432373047,53.5,54.220001220703125,53.310001373291016,53.90999984741211,590900
2013-01-04,48.99543380737305,53.849998474121094,53.88999938964844,53.150001525878906,53.720001220703125,430200
2013-01-07,48.88625717163086,53.72999954223633,53.880001068115234,53.099998474121094,53.31999969482422,369000
2013-01-08,48.91354751586914,53.7599983215332,53.849998474121094,52.68000030517578,53.56999969482422,523500
2013-01-09,48.90442657470703,53.75,54.0099983215332,53.400001525878906,53.88999938964844,470400
2013-01-10,49.313899993896484,54.20000076293945,54.25,53.439998626708984,53.900001525878906,614800
2013-01-11,49.65962600708008,54.58000183105469,54.599998474121094,53.95000076293945,54.08000183105469,469600
2013-01-14,49.01361846923828,53.869998931884766,54.7400016784668,53.540000915527344,54.560001373291016,420900
2013-01-15,49.468544006347656,54.369998931884766,54.41999816894531,53.369998931884766,53.380001068115234,423300
2013-01-16,49.241111755371094,54.119998931884766,54.33000183105469,53.650001525878906,54.06999969482422,336300
2013-01-17,50.16913986206055,55.13999938964844,55.400001525878906,54.34000015258789,54.5,879600
2013-01-18,51.579410552978516,56.689998626708984,56.720001220703125,55.150001525878906,55.459999084472656,1018100
2013-01-22,53.28992462158203,58.56999969482422,59.47999954223633,56.630001068115234,56.810001373291016,1301700
2013-01-23,52.30729675292969,57.4900016784668,58.56999969482422,57.41999816894531,58.43000030517578,812800
2013-01-24,52.3163948059082,57.5,58.40999984741211,56.959999084472656,57.779998779296875,790300
2013-01-25,52.043434143066406,57.20000076293945,57.970001220703125,56.90999984741211,57.900001525878906,915100
2013-01-28,51.706783294677734,56.83000183105469,57.45000076293945,56.310001373291016,57.25,497100
2013-01-29,53.444602966308594,58.7400016784668,59.0,56.54999923706055,56.83000183105469,1345400
2013-01-30,51.706783294677734,56.83000183105469,58.790000915527344,56.36000061035156,58.72999954223633,869300
2013-01-31,51.46112823486328,56.560001373291016,57.060001373291016,56.040000915527344,56.70000076293945,826300
2013-02-01,51.752288818359375,56.880001068115234,57.27000045776367,56.540000915527344,57.22999954223633,679500
2013-02-04,51.20637512207031,56.279998779296875,57.029998779296875,56.20000076293945,56.29999923706055,453900
2013-02-05,51.27916717529297,56.36000061035156,56.939998626708984,56.20000076293945,56.599998474121094,416300
2013-02-06,51.15177536010742,56.220001220703125,56.52000045776367,55.77000045776367,56.119998931884766,967600
2013-02-07,50.414794921875,55.40999984741211,56.380001068115234,54.869998931884766,56.27000045776367,463400
2013-02-08,51.0244026184082,56.08000183105469,56.150001525878906,55.5099983215332,55.5099983215332,394700
2013-02-11,50.63315200805664,55.650001525878906,56.290000915527344,55.63999938964844,55.970001220703125,214100
2013-02-12,51.060794830322266,56.119998931884766,56.650001525878906,55.54999923706055,55.56999969482422,732300
2013-02-13,50.82423782348633,55.86000061035156,56.470001220703125,55.75,56.290000915527344,751100
2013-02-14,49.9234733581543,54.869998931884766,55.5,52.790000915527344,55.459999084472656,1673800
2013-02-15,50.06904602050781,55.029998779296875,55.279998779296875,54.5,54.849998474121094,1055100
2013-02-19,49.868900299072266,54.810001373291016,55.33000183105469,54.5099983215332,55.02000045776367,623600
2013-02-20,47.60335922241211,52.31999969482422,54.7599983215332,52.2599983215332,54.630001068115234,690900
2013-02-21,47.31214904785156,51.9900016784668,52.38999938964844,51.5,51.810001373291016,783800
2013-02-22,47.284854888916016,51.959999084472656,52.77000045776367,51.75,52.369998931884766,829200
2013-02-25,45.02799606323242,49.47999954223633,52.689998626708984,49.349998474121094,52.400001525878906,961300
2013-02-26,46.029022216796875,50.58000183105469,50.709999084472656,49.349998474121094,49.9900016784668,725400
2013-02-27,46.50223159790039,51.099998474121094,51.41999816894531,50.47999954223633,50.52000045776367,699000
2013-02-28,46.347530364990234,50.93000030517578,51.41999816894531,50.58000183105469,51.099998474121094,1480400
2013-03-01,47.31214904785156,51.9900016784668,52.25,49.95000076293945,50.54999923706055,761800
2013-03-04,47.412254333496094,52.099998474121094,52.33000183105469,51.40999984741211,51.619998931884766,584200
2013-03-05,48.85920333862305,53.689998626708984,54.349998474121094,52.13999938964844,52.47999954223633,868000
2013-03-06,48.68629837036133,53.5,54.11000061035156,53.380001068115234,53.790000915527344,496000
2013-03-07,49.12310791015625,53.97999954223633,54.040000915527344,53.18000030517578,53.56999969482422,498800
2013-03-08,49.79652786254883,54.720001220703125,54.90999984741211,54.150001525878906,54.150001525878906,488600
2013-03-11,49.723724365234375,54.63999938964844,54.790000915527344,54.13999938964844,54.540000915527344,427300
2013-03-12,49.3961067199707,54.279998779296875,54.88999938964844,54.150001525878906,54.540000915527344,323900
2013-03-13,49.55082702636719,54.45000076293945,54.65999984741211,54.0,54.290000915527344,297100
2013-03-14,49.87842559814453,54.810001373291016,55.369998931884766,54.4900016784668,54.4900016784668,547100
2013-03-15,49.65093231201172,54.560001373291016,54.88999938964844,53.939998626708984,54.56999969482422,660900
2013-03-18,49.2323112487793,54.099998474121094,54.72999954223633,53.779998779296875,53.79999923706055,374300
2013-03-19,48.267696380615234,53.040000915527344,54.47999954223633,52.84000015258789,54.33000183105469,400100
2013-03-20,48.904701232910156,53.7400016784668,53.97999954223633,53.189998626708984,53.58000183105469,295500
2013-03-21,47.54875183105469,52.25,53.709999084472656,52.16999816894531,53.709999084472656,397800
2013-03-22,46.80254364013672,51.43000030517578,52.5,51.150001525878906,52.15999984741211,479800
2013-03-25,46.866241455078125,51.5,52.31999969482422,51.47999954223633,51.709999084472656,659500
2013-03-26,46.866241455078125,51.5,52.04999923706055,50.959999084472656,51.709999084472656,317200
2013-03-27,46.49313735961914,51.09000015258789,51.20000076293945,50.52000045776367,50.88999938964844,271800
2013-03-28,47.04827117919922,51.70000076293945,51.84000015258789,50.38999938964844,51.13999938964844,723300
2013-04-01,45.719627380371094,50.2400016784668,51.70000076293945,50.029998779296875,51.70000076293945,294800
2013-04-02,44.51838302612305,48.91999816894531,50.599998474121094,48.779998779296875,50.560001373291016,514800
2013-04-03,43.87227249145508,48.209999084472656,49.27000045776367,47.58000183105469,49.04999923706055,704100
2013-04-04,44.10887145996094,48.470001220703125,48.88999938964844,48.13999938964844,48.2400016784668,431800
2013-04-05,44.43648147583008,48.83000183105469,48.91999816894531,47.540000915527344,47.560001373291016,526800
2013-04-08,44.52748489379883,48.93000030517578,49.369998931884766,48.33000183105469,48.939998626708984,515600
2013-04-09,45.18271255493164,49.650001525878906,49.709999084472656,48.2599983215332,48.939998626708984,516700
2013-04-10,45.392005920410156,49.880001068115234,49.90999984741211,48.650001525878906,49.630001068115234,472700
2013-04-11,46.21101760864258,50.779998779296875,51.0099983215332,49.43000030517578,49.849998474121094,550300
2013-04-12,44.48198318481445,48.880001068115234,50.560001373291016,48.709999084472656,50.290000915527344,466700
2013-04-15,41.487998962402344,45.59000015258789,48.349998474121094,45.41999816894531,48.27000045776367,1309000
2013-04-16,44.30906677246094,48.689998626708984,48.70000076293945,46.66999816894531,46.66999816894531,1209600
2013-04-17,43.43544387817383,47.72999954223633,48.52000045776367,47.34000015258789,48.31999969482422,675300
2013-04-18,41.8884162902832,46.029998779296875,47.849998474121094,45.68000030517578,47.81999969482422,463600
2013-04-19,41.90660858154297,46.04999923706055,46.380001068115234,45.45000076293945,46.2400016784668,1037200
2013-04-22,42.47081756591797,46.66999816894531,46.900001525878906,45.52000045776367,46.25,864700
2013-04-23,42.75294494628906,46.97999954223633,47.5099983215332,46.04999923706055,47.06999969482422,634600
2013-04-24,43.462745666503906,47.7599983215332,48.029998779296875,46.599998474121094,47.099998474121094,940700
2013-04-25,43.15334701538086,47.41999816894531,48.2400016784668,47.33000183105469,48.13999938964844,703400
2013-04-26,42.334327697753906,46.52000045776367,47.36000061035156,45.86000061035156,47.36000061035156,1051100
2013-04-29,44.354583740234375,48.7400016784668,48.95000076293945,46.58000183105469,46.91999816894531,1091500
2013-04-30,45.392005920410156,49.880001068115234,50.04999923706055,48.099998474121094,48.279998779296875,912200
2013-05-01,44.02696990966797,48.380001068115234,49.65999984741211,48.0,49.58000183105469,743900
2013-05-02,46.39302444458008,50.97999954223633,51.290000915527344,48.529998779296875,49.0,982000
2013-05-03,48.66810607910156,53.47999954223633,54.08000183105469,51.29999923706055,51.59000015258789,1309100
2013-05-06,48.886505126953125,53.720001220703125,54.20000076293945,52.619998931884766,53.060001373291016,814200
2013-05-07,49.56901168823242,54.470001220703125,54.52000045776367,53.369998931884766,53.7400016784668,593900
2013-05-08,49.94213104248047,54.880001068115234,54.880001068115234,53.79999923706055,54.380001068115234,688400
2013-05-09,49.69641876220703,54.61000061035156,55.099998474121094,54.27000045776367,54.75,905000
2013-05-10,49.66002655029297,54.56999969482422,54.68000030517578,54.0,54.45000076293945,528100
2013-05-13,49.214107513427734,54.08000183105469,54.83000183105469,53.869998931884766,54.45000076293945,490000
2013-05-14,49.80563735961914,54.72999954223633,54.849998474121094,53.86000061035156,53.88999938964844,555300
2013-05-15,49.98762893676758,54.93000030517578,55.16999816894531,54.25,54.5099983215332,486400
2013-05-16,49.58721923828125,54.4900016784668,55.13999938964844,54.40999984741211,54.650001525878906,383500
2013-05-17,50.105934143066406,55.060001373291016,55.08000183105469,54.279998779296875,54.77000045776367,571500
2013-05-20,50.12413024902344,55.08000183105469,55.7400016784668,54.560001373291016,55.02000045776367,533600
2013-05-21,50.024044036865234,54.970001220703125,55.29999923706055,54.689998626708984,55.040000915527344,368300
2013-05-22,49.04120635986328,53.88999938964844,55.33000183105469,53.310001373291016,54.86000061035156,759400
2013-05-23,48.704437255859375,53.5099983215332,53.75,52.25,52.25,813400
2013-05-24,48.92287063598633,53.75,54.11000061035156,52.540000915527344,53.029998779296875,341900
2013-05-28,49.79665756225586,54.709999084472656,55.27000045776367,54.5,54.689998626708984,479900
2013-05-29,49.37797546386719,54.25,54.540000915527344,53.38999938964844,54.16999816894531,303700
2013-05-30,49.751163482666016,54.65999984741211,54.880001068115234,54.25,54.380001068115234,877300
2013-05-31,48.768150329589844,53.58000183105469,54.59000015258789,53.560001373291016,54.31999969482422,495200
2013-06-03,48.431373596191406,53.209999084472656,53.77000045776367,51.86000061035156,53.77000045776367,690300
2013-06-04,47.411956787109375,52.09000015258789,54.220001220703125,51.91999816894531,53.20000076293945,450900
2013-06-05,46.40163803100586,50.97999954223633,52.209999084472656,50.86000061035156,51.790000915527344,429000
2013-06-06,47.06607437133789,51.709999084472656,51.720001220703125,50.189998626708984,50.84000015258789,811900
2013-06-07,47.50297164916992,52.189998626708984,52.529998779296875,51.25,52.11000061035156,368800
2013-06-10,48.65892028808594,53.459999084472656,53.790000915527344,51.810001373291016,52.400001525878906,501200
2013-06-11,48.0308837890625,52.77000045776367,53.93000030517578,52.310001373291016,52.439998626708984,534200
2013-06-12,48.3221549987793,53.09000015258789,53.59000015258789,52.650001525878906,53.34000015258789,600300
2013-06-13,49.59642791748047,54.4900016784668,54.56999969482422,52.7400016784668,53.060001373291016,515900
2013-06-14,48.86825942993164,53.689998626708984,54.43000030517578,53.61000061035156,54.36000061035156,433000
2013-06-17,49.62373352050781,54.52000045776367,54.709999084472656,53.83000183105469,54.18000030517578,406600
2013-06-18,49.28695297241211,54.150001525878906,54.65999984741211,53.880001068115234,54.56999969482422,512100
2013-06-19,48.66804504394531,53.470001220703125,54.63999938964844,53.43000030517578,53.959999084472656,376000
2013-06-20,46.92045211791992,51.54999923706055,52.95000076293945,51.36000061035156,52.70000076293945,632500
2013-06-21,45.69169235229492,50.20000076293945,52.02000045776367,49.720001220703125,52.02000045776367,1211200
2013-06-24,43.70746612548828,48.02000045776367,49.83000183105469,47.65999984741211,49.38999938964844,968900
2013-06-25,44.25358581542969,48.619998931884766,48.95000076293945,48.220001220703125,48.630001068115234,796600
2013-06-26,44.67228698730469,49.08000183105469,49.9900016784668,48.880001068115234,49.31999969482422,563000
2013-06-27,45.737205505371094,50.25,50.310001373291016,49.029998779296875,49.540000915527344,629500
2013-06-28,44.06243896484375,48.40999984741211,50.34000015258789,48.36000061035156,50.0,666900
2013-07-01,44.408321380615234,48.790000915527344,49.970001220703125,48.599998474121094,48.86000061035156,541000
2013-07-02,43.49813461303711,47.790000915527344,49.369998931884766,47.720001220703125,48.65999984741211,655800
2013-07-03,43.19776153564453,47.459999084472656,47.900001525878906,47.27000045776367,47.59000015258789,282500
2013-07-05,42.724456787109375,46.939998626708984,48.11000061035156,46.209999084472656,47.880001068115234,723000
2013-07-08,42.69716262817383,46.90999984741211,48.040000915527344,46.279998779296875,47.220001220703125,661200
2013-07-09,44.49932861328125,48.88999938964844,49.27000045776367,47.119998931884766,47.2400016784668,761400
2013-07-10,44.899818420410156,49.33000183105469,49.540000915527344,48.560001373291016,48.880001068115234,407300
2013-07-11,46.1558952331543,50.709999084472656,50.810001373291016,49.66999816894531,50.08000183105469,717600
2013-07-12,46.12858581542969,50.68000030517578,50.81999969482422,49.88999938964844,50.54999923706055,399300
2013-07-15,45.74630355834961,50.2599983215332,50.9900016784668,49.9900016784668,50.59000015258789,267500
2013-07-16,44.817909240722656,49.2400016784668,50.56999969482422,49.029998779296875,50.41999816894531,368500
2013-07-17,45.49146270751953,49.97999954223633,50.290000915527344,49.22999954223633,49.439998626708984,382000
2013-07-18,45.70990753173828,50.220001220703125,50.83000183105469,49.9900016784668,50.09000015258789,334800
2013-07-19,45.94655990600586,50.47999954223633,50.90999984741211,50.13999938964844,50.290000915527344,607000
2013-07-22,45.7190055847168,50.22999954223633,50.83000183105469,50.150001525878906,50.560001373291016,279500
2013-07-23,45.20927429199219,49.66999816894531,50.599998474121094,49.54999923706055,50.45000076293945,271500
2013-07-24,44.5357551574707,48.93000030517578,49.849998474121094,48.4900016784668,49.66999816894531,403300
2013-07-25,43.76209259033203,48.08000183105469,49.02000045776367,47.650001525878906,48.75,534200
2013-07-26,44.56305694580078,48.959999084472656,48.970001220703125,47.689998626708984,47.70000076293945,910700
2013-07-29,43.62556457519531,47.93000030517578,48.83000183105469,47.59000015258789,48.779998779296875,450800
2013-07-30,43.03392791748047,47.279998779296875,48.15999984741211,46.5,47.9900016784668,1326700
2013-07-31,42.94289779663086,47.18000030517578,47.97999954223633,46.970001220703125,47.38999938964844,596800
2013-08-01,45.21840286254883,49.68000030517578,50.779998779296875,47.95000076293945,47.95000076293945,989200
2013-08-02,44.808815002441406,49.22999954223633,49.959999084472656,48.93000030517578,49.36000061035156,403200
2013-08-05,44.99083709716797,49.43000030517578,49.5,48.68000030517578,49.0,377100
2013-08-06,43.42531204223633,47.709999084472656,49.400001525878906,47.59000015258789,49.13999938964844,769200
2013-08-07,42.96110916137695,47.20000076293945,47.7599983215332,46.900001525878906,47.650001525878906,823200
2013-08-08,43.87131118774414,48.20000076293945,48.43000030517578,47.09000015258789,47.56999969482422,491200
2013-08-09,44.03513717651367,48.380001068115234,48.619998931884766,47.54999923706055,47.72999954223633,354100
2013-08-12,43.88040542602539,48.209999084472656,48.70000076293945,47.79999923706055,47.970001220703125,522000
2013-08-13,43.96232223510742,48.29999923706055,48.47999954223633,47.90999984741211,48.27000045776367,1290100
2013-08-14,44.089759826660156,48.439998626708984,48.630001068115234,47.959999084472656,48.220001220703125,403800
2013-08-15,43.06122589111328,47.310001373291016,47.720001220703125,46.779998779296875,47.720001220703125,847800
2013-08-16,43.552730560302734,47.849998474121094,47.95000076293945,47.040000915527344,47.349998474121094,970500
2013-08-19,43.45262145996094,47.7400016784668,48.099998474121094,47.400001525878906,47.689998626708984,593100
2013-08-20,45.17288589477539,49.630001068115234,49.65999984741211,47.540000915527344,47.7400016784668,867000
2013-08-21,44.572147369384766,48.970001220703125,49.79999923706055,48.34000015258789,49.380001068115234,766700
2013-08-22,45.24568176269531,49.709999084472656,50.08000183105469,48.970001220703125,48.970001220703125,752800
2013-08-23,43.898616790771484,48.22999954223633,49.9900016784668,48.0,49.630001068115234,408400
2013-08-26,43.72564697265625,48.029998779296875,48.65999984741211,47.279998779296875,48.08000183105469,661400
2013-08-27,43.498046875,47.779998779296875,48.34000015258789,47.2400016784668,47.31999969482422,823900
2013-08-28,43.57087707519531,47.86000061035156,48.5099983215332,47.70000076293945,47.70000076293945,497800
2013-08-29,43.379695892333984,47.650001525878906,48.349998474121094,47.150001525878906,47.599998474121094,789800
2013-08-30,43.51625442504883,47.79999923706055,48.040000915527344,47.20000076293945,47.689998626708984,623700
2013-09-03,44.1444091796875,48.4900016784668,48.9900016784668,48.029998779296875,48.38999938964844,843500
2013-09-04,44.43574142456055,48.810001373291016,48.88999938964844,48.0,48.369998931884766,667100
2013-09-05,44.7907829284668,49.20000076293945,49.220001220703125,48.599998474121094,48.75,456600
2013-09-06,44.73617172241211,49.13999938964844,49.880001068115234,48.810001373291016,49.56999969482422,742000
2013-09-09,45.72848892211914,50.22999954223633,50.33000183105469,49.06999969482422,49.119998931884766,535600
2013-09-10,46.88467025756836,51.5,51.720001220703125,50.349998474121094,50.83000183105469,755500
2013-09-11,47.71311569213867,52.40999984741211,52.4900016784668,51.2599983215332,51.529998779296875,727600
2013-09-12,47.06674575805664,51.70000076293945,52.400001525878906,51.36000061035156,52.029998779296875,354900
2013-09-13,47.85877990722656,52.56999969482422,52.7400016784668,51.16999816894531,51.810001373291016,532600
2013-09-16,47.65849685668945,52.349998474121094,54.369998931884766,52.099998474121094,53.86000061035156,791600
2013-09-17,47.26702880859375,51.91999816894531,52.720001220703125,51.560001373291016,52.22999954223633,686500
2013-09-18,48.596187591552734,53.380001068115234,53.40999984741211,51.38999938964844,51.70000076293945,862100
2013-09-19,48.1865119934082,52.93000030517578,54.16999816894531,52.86000061035156,53.63999938964844,652400
2013-09-20,47.33075714111328,51.9900016784668,53.38999938964844,51.9900016784668,52.970001220703125,935900
2013-09-23,46.529605865478516,51.11000061035156,51.900001525878906,50.9900016784668,51.63999938964844,432700
2013-09-24,46.93017578125,51.54999923706055,52.18000030517578,50.619998931884766,51.25,434300
2013-09-25,47.503726959228516,52.18000030517578,52.869998931884766,51.279998779296875,51.720001220703125,537600
2013-09-26,47.41269302368164,52.08000183105469,52.709999084472656,51.38999938964844,52.27000045776367,398800
2013-09-27,46.70259094238281,51.29999923706055,51.72999954223633,51.04999923706055,51.72999954223633,357600
2013-09-30,47.16688919067383,51.810001373291016,52.36000061035156,50.70000076293945,50.70000076293945,695200
2013-10-01,47.968017578125,52.689998626708984,52.779998779296875,51.849998474121094,51.880001068115234,433100
2013-10-02,48.86931228637695,53.68000030517578,53.720001220703125,52.290000915527344,52.459999084472656,747600
2013-10-03,47.94070816040039,52.65999984741211,53.900001525878906,51.869998931884766,53.540000915527344,543000
2013-10-04,48.077266693115234,52.810001373291016,52.880001068115234,52.0,52.58000183105469,424300
2013-10-07,47.80414962768555,52.5099983215332,52.779998779296875,52.0,52.25,269300
2013-10-08,46.7572021484375,51.36000061035156,52.959999084472656,51.060001373291016,52.40999984741211,444000
2013-10-09,46.20187759399414,50.75,51.400001525878906,50.31999969482422,51.400001525878906,441800
2013-10-10,47.65849685668945,52.349998474121094,52.400001525878906,51.33000183105469,51.459999084472656,460500
2013-10-11,48.095455169677734,52.83000183105469,53.15999984741211,51.959999084472656,52.11000061035156,592600
2013-10-14,48.1865119934082,52.93000030517578,53.15999984741211,51.31999969482422,52.2400016784668,439600
2013-10-15,46.957496643066406,51.58000183105469,52.90999984741211,51.279998779296875,52.650001525878906,454300
2013-10-16,47.13047409057617,51.77000045776367,52.38999938964844,51.599998474121094,52.04999923706055,391500
2013-10-17,47.33985137939453,52.0,52.08000183105469,51.09000015258789,51.630001068115234,812600
2013-10-18,47.41269302368164,52.08000183105469,52.2599983215332,51.81999969482422,51.9900016784668,398300
2013-10-21,47.24881362915039,51.900001525878906,52.20000076293945,51.060001373291016,52.029998779296875,832400
2013-10-22,49.28806686401367,54.13999938964844,54.369998931884766,52.099998474121094,52.220001220703125,770200
2013-10-23,48.73271560668945,53.529998779296875,54.369998931884766,53.22999954223633,53.709999084472656,406800
2013-10-24,49.934452056884766,54.849998474121094,54.939998626708984,53.59000015258789,53.72999954223633,542100
2013-10-25,49.925331115722656,54.84000015258789,54.86000061035156,54.290000915527344,54.72999954223633,308400
2013-10-28,49.91624450683594,54.83000183105469,54.939998626708984,54.279998779296875,54.63999938964844,461900
2013-10-29,49.57938003540039,54.459999084472656,55.0,54.150001525878906,54.95000076293945,349800
2013-10-30,49.151512145996094,53.9900016784668,54.689998626708984,53.18000030517578,54.43000030517578,337000
2013-10-31,48.750953674316406,53.54999923706055,54.09000015258789,53.16999816894531,53.86000061035156,402800
2013-11-01,48.86019515991211,53.66999816894531,54.869998931884766,52.7599983215332,53.70000076293945,1040300
2013-11-04,52.60187530517578,57.779998779296875,60.13999938964844,54.06999969482422,54.349998474121094,3650300
2013-11-05,51.381961822509766,56.439998626708984,58.439998626708984,56.029998779296875,57.79999923706055,1541000
2013-11-06,51.14524841308594,56.18000030517578,56.70000076293945,55.869998931884766,56.650001525878906,699900
2013-11-07,50.38963317871094,55.349998474121094,57.34000015258789,55.18000030517578,56.630001068115234,750300
2013-11-08,51.527591705322266,56.599998474121094,56.630001068115234,54.599998474121094,55.2599983215332,672600
2013-11-11,51.23628616333008,56.279998779296875,56.689998626708984,55.810001373291016,56.4900016784668,364800
2013-11-12,50.83571243286133,55.84000015258789,56.279998779296875,55.439998626708984,56.099998474121094,582000
2013-11-13,51.036014556884766,56.060001373291016,56.33000183105469,55.22999954223633,55.310001373291016,620700
2013-11-14,50.94496536254883,55.959999084472656,56.43000030517578,55.45000076293945,56.2599983215332,534700
2013-11-15,51.70970916748047,56.79999923706055,56.84000015258789,55.849998474121094,55.93000030517578,639200
2013-11-18,50.38052749633789,55.34000015258789,57.41999816894531,55.099998474121094,57.0099983215332,639100
2013-11-19,50.699161529541016,55.689998626708984,56.4900016784668,55.27000045776367,55.400001525878906,612000
2013-11-20,50.73558807373047,55.72999954223633,55.939998626708984,55.20000076293945,55.58000183105469,644000
2013-11-21,51.30921936035156,56.349998474121094,56.75,55.68000030517578,55.68000030517578,999500
2013-11-22,51.709869384765625,56.790000915527344,57.29999923706055,56.31999969482422,56.5,896200
2013-11-25,52.29261779785156,57.43000030517578,57.869998931884766,56.599998474121094,56.66999816894531,824900
2013-11-26,52.19245147705078,57.31999969482422,57.79999923706055,57.099998474121094,57.22999954223633,494500
2013-11-27,52.001251220703125,57.11000061035156,57.790000915527344,56.939998626708984,57.439998626708984,340800
2013-11-29,51.32743453979492,56.369998931884766,57.099998474121094,56.279998779296875,57.099998474121094,341100
2013-12-02,51.50043869018555,56.560001373291016,56.91999816894531,55.77000045776367,56.560001373291016,500200
2013-12-03,50.54438400268555,55.5099983215332,56.56999969482422,54.72999954223633,56.209999084472656,426600
2013-12-04,49.579193115234375,54.45000076293945,55.40999984741211,53.54999923706055,54.91999816894531,707500
2013-12-05,49.73398208618164,54.619998931884766,54.790000915527344,53.939998626708984,54.2400016784668,588600
2013-12-06,50.917694091796875,55.91999816894531,56.869998931884766,55.119998931884766,55.119998931884766,808900
2013-12-09,50.63542175292969,55.61000061035156,56.560001373291016,55.2599983215332,55.97999954223633,591900
2013-12-10,50.043556213378906,54.959999084472656,56.09000015258789,54.900001525878906,55.470001220703125,484300
2013-12-11,49.07838439941406,53.900001525878906,55.0,53.689998626708984,54.970001220703125,662200
2013-12-12,49.542781829833984,54.40999984741211,54.54999923706055,53.650001525878906,53.869998931884766,533700
2013-12-13,51.1088981628418,56.130001068115234,56.75,55.29999923706055,56.75,864600
2013-12-16,51.637027740478516,56.709999084472656,56.97999954223633,56.13999938964844,56.36000061035156,743000
2013-12-17,51.43669891357422,56.4900016784668,56.66999816894531,55.9900016784668,56.41999816894531,496100
2013-12-18,52.57489013671875,57.7400016784668,58.06999969482422,56.150001525878906,56.459999084472656,698500
2013-12-19,52.046756744384766,57.15999984741211,57.59000015258789,56.59000015258789,57.4900016784668,447900
2013-12-20,52.210655212402344,57.34000015258789,57.9900016784668,57.29999923706055,57.70000076293945,1114400
2013-12-23,52.529361724853516,57.689998626708984,58.060001373291016,57.41999816894531,57.65999984741211,549400
2013-12-24,52.80251693725586,57.9900016784668,58.36000061035156,57.45000076293945,57.65999984741211,322500
2013-12-26,53.05746841430664,58.27000045776367,58.5099983215332,57.849998474121094,58.439998626708984,441900
2013-12-27,53.394371032714844,58.63999938964844,58.650001525878906,58.06999969482422,58.650001525878906,360100
2013-12-30,54.16834259033203,59.4900016784668,59.5,58.52000045776367,58.540000915527344,940900
2013-12-31,54.10459518432617,59.41999816894531,59.70000076293945,58.849998474121094,59.400001525878906,513500
2014-01-02,53.43079376220703,58.68000030517578,59.40999984741211,58.5099983215332,59.34000015258789,497000
2014-01-03,53.348838806152344,58.59000015258789,59.650001525878906,58.54999923706055,58.7400016784668,436800
2014-01-06,52.866249084472656,58.060001373291016,58.79999923706055,57.54999923706055,58.7599983215332,615500
2014-01-07,53.57648468017578,58.84000015258789,59.040000915527344,58.25,58.27000045776367,901200
2014-01-08,54.040863037109375,59.349998474121094,59.59000015258789,58.59000015258789,58.709999084472656,702000
2014-01-09,54.468814849853516,59.81999969482422,59.93000030517578,58.79999923706055,59.560001373291016,716300
2014-01-10,54.10459518432617,59.41999816894531,60.060001373291016,59.099998474121094,60.0,1119600
2014-01-13,53.412559509277344,58.65999984741211,59.970001220703125,58.380001068115234,59.189998626708984,902000
2014-01-14,53.91337966918945,59.209999084472656,59.31999969482422,58.68000030517578,58.959999084472656,1538700
2014-01-15,54.34133529663086,59.68000030517578,59.68000030517578,58.810001373291016,59.18000030517578,2008500
2014-01-16,54.55076217651367,59.90999984741211,60.27000045776367,59.31999969482422,59.599998474121094,1272500
2014-01-17,54.314022064208984,59.650001525878906,59.97999954223633,59.29999923706055,59.93000030517578,841500
2014-01-21,54.614498138427734,59.97999954223633,60.150001525878906,59.34000015258789,59.959999084472656,1088400
2014-01-22,54.26850891113281,59.599998474121094,60.16999816894531,59.4900016784668,60.099998474121094,459100
2014-01-23,55.82551956176758,61.310001373291016,62.400001525878906,60.119998931884766,60.779998779296875,1835700
2014-01-24,54.241172790527344,59.56999969482422,61.34000015258789,58.79999923706055,60.88999938964844,1886700
2014-01-27,52.848060607910156,58.040000915527344,60.13999938964844,57.86000061035156,60.13999938964844,1467800
2014-01-28,56.071380615234375,61.58000183105469,63.04999923706055,59.20000076293945,59.27000045776367,2675000
2014-01-29,56.69054412841797,62.2599983215332,62.90999984741211,60.41999816894531,60.66999816894531,1283800
2014-01-30,56.16243362426758,61.68000030517578,62.810001373291016,61.31999969482422,62.650001525878906,1080100
2014-01-31,56.20796203613281,61.72999954223633,62.72999954223633,60.2400016784668,60.400001525878906,866200
2014-02-03,53.76769256591797,59.04999923706055,62.310001373291016,58.68000030517578,61.68000030517578,1302300
2014-02-04,54.52342987060547,59.880001068115234,60.41999816894531,58.93000030517578,59.099998474121094,1149600
2014-02-05,54.80572509765625,60.189998626708984,61.38999938964844,59.45000076293945,59.880001068115234,1774900
2014-02-06,59.786376953125,65.66000366210938,67.97000122070312,61.58000183105469,61.58000183105469,4067700
2014-02-07,58.9669189453125,64.76000213623047,66.3499984741211,63.84000015258789,66.0,2058800
2014-02-10,59.349334716796875,65.18000030517578,66.37999725341797,64.70999908447266,65.45999908447266,1145900
2014-02-11,59.6771354675293,65.54000091552734,66.08999633789062,64.55000305175781,65.11000061035156,1238300
2014-02-12,59.53144073486328,65.37999725341797,66.25,65.06999969482422,65.94999694824219,719400
2014-02-13,60.09598922729492,66.0,66.19999694824219,64.41000366210938,64.98999786376953,1055300
2014-02-14,60.396453857421875,66.33000183105469,66.80000305175781,65.47000122070312,66.05000305175781,743500
2014-02-18,60.49660873413086,66.44000244140625,67.37999725341797,65.97000122070312,66.52999877929688,869900
2014-02-19,59.112579345703125,64.91999816894531,67.1500015258789,64.68000030517578,66.02999877929688,957300
2014-02-20,59.504425048828125,65.30000305175781,65.45999908447266,64.2300033569336,64.93000030517578,662700
2014-02-21,59.89625930786133,65.7300033569336,66.19000244140625,65.41000366210938,65.41000366210938,706900
2014-02-24,59.258384704589844,65.02999877929688,66.4800033569336,65.0,65.88999938964844,592600
2014-02-25,59.73225021362305,65.55000305175781,65.98999786376953,64.56999969482422,65.01000213623047,563800
2014-02-26,61.01709747314453,66.95999908447266,68.11000061035156,65.5199966430664,65.77999877929688,1209100
2014-02-27,61.9010124206543,67.93000030517578,68.44999694824219,66.94999694824219,66.94999694824219,802500
2014-02-28,61.9010124206543,67.93000030517578,68.58999633789062,67.27999877929688,67.87999725341797,811300
2014-03-03,62.29283905029297,68.36000061035156,68.55000305175781,67.33999633789062,67.54000091552734,974500
2014-03-04,62.88517379760742,69.01000213623047,69.5,68.45999908447266,69.30999755859375,840300
2014-03-05,62.14704132080078,68.19999694824219,69.22000122070312,67.93000030517578,68.87999725341797,768500
2014-03-06,61.95566940307617,67.98999786376953,68.86000061035156,67.72000122070312,68.36000061035156,726200
2014-03-07,62.73935317993164,68.8499984741211,69.18000030517578,68.13999938964844,68.41999816894531,830800
2014-03-10,62.09236526489258,68.13999938964844,68.75,67.23999786376953,68.58000183105469,624700
2014-03-11,61.4909553527832,67.4800033569336,68.7699966430664,67.19999694824219,68.48999786376953,682800
2014-03-12,60.9897575378418,66.93000030517578,67.37000274658203,66.87999725341797,66.94999694824219,809700
2014-03-13,59.95094299316406,65.79000091552734,67.3499984741211,65.61000061035156,67.3499984741211,652300
2014-03-14,60.35188293457031,66.2300033569336,66.69999694824219,65.61000061035156,65.72000122070312,606000
2014-03-17,60.807498931884766,66.7300033569336,67.29000091552734,66.22000122070312,66.48999786376953,707300
2014-03-18,61.41804885864258,67.4000015258789,67.54000091552734,66.66999816894531,66.80000305175781,927100
2014-03-19,61.23580551147461,67.19999694824219,68.30999755859375,66.66000366210938,67.69000244140625,673000
2014-03-20,61.062660217285156,67.01000213623047,67.18000030517578,66.0999984741211,66.93000030517578,672700
2014-03-21,60.242549896240234,66.11000061035156,67.44000244140625,66.08000183105469,67.44000244140625,1293300
2014-03-24,59.34041976928711,65.12000274658203,66.5999984741211,64.80000305175781,66.2699966430664,658300
2014-03-25,60.0602912902832,65.91000366210938,66.08999633789062,65.37999725341797,65.55999755859375,487200
2014-03-26,58.875675201416016,64.61000061035156,66.45999908447266,64.55999755859375,66.16999816894531,660900
2014-03-27,59.331302642822266,65.11000061035156,65.22000122070312,63.83000183105469,64.55999755859375,656400
2014-03-28,60.497684478759766,66.38999938964844,66.97000122070312,65.26000213623047,65.5199966430664,702900
2014-03-31,60.552364349365234,66.44999694824219,67.54000091552734,66.16999816894531,66.86000061035156,1018800
2014-04-01,60.579708099365234,66.4800033569336,66.87000274658203,65.87000274658203,66.87000274658203,763100
2014-04-02,59.88715744018555,65.72000122070312,66.58999633789062,65.51000213623047,66.31999969482422,781900
2014-04-03,60.4521369934082,66.33999633789062,67.0,65.5999984741211,66.05000305175781,890700
2014-04-04,60.44300842285156,66.33000183105469,68.29000091552734,65.66999816894531,66.80000305175781,1419900
2014-04-07,58.38359451293945,64.06999969482422,66.91999816894531,63.81999969482422,66.47000122070312,1055900
2014-04-08,58.283363342285156,63.959999084472656,64.56999969482422,63.18000030517578,64.04000091552734,969500
2014-04-09,59.331302642822266,65.11000061035156,65.41000366210938,63.79999923706055,64.33000183105469,872200
2014-04-10,59.067047119140625,64.81999969482422,66.44000244140625,64.48999786376953,65.19999694824219,1276500
2014-04-11,58.064659118652344,63.720001220703125,64.8499984741211,63.630001068115234,64.77999877929688,871800
2014-04-14,57.91886520385742,63.560001373291016,64.62999725341797,62.95000076293945,64.16000366210938,606700
2014-04-15,58.00087356567383,63.650001525878906,63.88999938964844,62.220001220703125,63.61000061035156,900000
2014-04-16,59.1217155456543,64.87999725341797,64.94999694824219,63.70000076293945,63.97999954223633,617700
2014-04-17,59.00325012207031,64.75,65.04000091552734,62.97999954223633,64.56999969482422,1915200
2014-04-21,59.43153381347656,65.22000122070312,65.56999969482422,64.44000244140625,64.77999877929688,714700
2014-04-22,58.875675201416016,64.61000061035156,65.80000305175781,64.55000305175781,65.22000122070312,1277400
2014-04-23,58.69342803955078,64.41000366210938,65.0199966430664,63.970001220703125,64.58000183105469,772900
2014-04-24,59.458885192871094,65.25,65.2699966430664,63.540000915527344,65.0,979500
2014-04-25,58.38359451293945,64.06999969482422,65.0,63.540000915527344,64.98999786376953,767900
2014-04-28,56.39708709716797,61.88999938964844,64.36000061035156,61.380001068115234,64.1500015258789,1580800
2014-04-29,58.31980895996094,64.0,64.19999694824219,61.779998779296875,62.06999969482422,1546700
2014-04-30,58.80276107788086,64.52999877929688,64.80999755859375,63.189998626708984,63.97999954223633,1181000
2014-05-01,59.030574798583984,64.77999877929688,66.13999938964844,64.37999725341797,64.55999755859375,2268100
2014-05-02,59.36774826049805,65.1500015258789,65.66999816894531,64.73999786376953,65.25,933600
2014-05-05,59.240169525146484,65.01000213623047,65.08999633789062,63.869998931884766,64.88999938964844,1235800
2014-05-06,57.70017623901367,63.31999969482422,65.97000122070312,63.290000915527344,63.5,1328500
2014-05-07,56.7069091796875,62.22999954223633,64.0999984741211,62.029998779296875,63.400001525878906,1627400
2014-05-08,55.677181243896484,61.099998474121094,63.2599983215332,60.90999984741211,62.25,1332400
2014-05-09,54.60192108154297,59.91999816894531,61.2599983215332,59.52000045776367,61.119998931884766,1367000
2014-05-12,56.62489700317383,62.13999938964844,62.33000183105469,60.52000045776367,60.58000183105469,1056200
2014-05-13,56.18748474121094,61.65999984741211,62.86000061035156,61.40999984741211,62.040000915527344,979600
2014-05-14,55.47671890258789,60.880001068115234,61.54999923706055,60.880001068115234,61.54999923706055,682300
2014-05-15,54.43790054321289,59.7400016784668,60.56999969482422,58.939998626708984,60.560001373291016,1196300
2014-05-16,55.066650390625,60.43000030517578,60.650001525878906,59.540000915527344,59.68000030517578,957700
2014-05-19,55.203338623046875,60.58000183105469,60.630001068115234,59.86000061035156,60.5,986200
2014-05-20,54.28298568725586,59.56999969482422,60.599998474121094,59.22999954223633,60.400001525878906,482400
2014-05-21,53.91848373413086,59.16999816894531,60.33000183105469,58.959999084472656,59.70000076293945,917600
2014-05-22,54.63897705078125,59.90999984741211,60.02000045776367,58.880001068115234,59.279998779296875,995200
2014-05-23,55.806358337402344,61.189998626708984,61.349998474121094,59.619998931884766,59.95000076293945,740100
2014-05-27,55.95229721069336,61.349998474121094,61.720001220703125,61.040000915527344,61.400001525878906,756500
2014-05-28,56.00701904296875,61.40999984741211,61.970001220703125,61.25,61.470001220703125,891200
2014-05-29,55.569252014160156,60.93000030517578,62.099998474121094,60.13999938964844,61.83000183105469,601400
2014-05-30,55.60572814941406,60.970001220703125,61.02000045776367,60.369998931884766,60.84000015258789,508800
2014-06-02,55.87931442260742,61.27000045776367,61.41999816894531,60.470001220703125,60.93000030517578,695500
2014-06-03,55.62397003173828,60.9900016784668,61.369998931884766,60.56999969482422,60.90999984741211,674800
2014-06-04,55.88844680786133,61.279998779296875,61.38999938964844,60.59000015258789,60.779998779296875,432500
2014-06-05,57.274715423583984,62.79999923706055,63.099998474121094,61.150001525878906,61.22999954223633,1072900
2014-06-06,57.940486907958984,63.529998779296875,63.79999923706055,63.0099983215332,63.02000045776367,543400
2014-06-09,57.821922302246094,63.400001525878906,64.2699966430664,63.20000076293945,63.369998931884766,529200
2014-06-10,59.19906234741211,64.91000366210938,65.05000305175781,63.349998474121094,63.349998474121094,788600
2014-06-11,58.45121765136719,64.08999633789062,64.91000366210938,63.630001068115234,64.69000244140625,562600
2014-06-12,58.314414978027344,63.939998626708984,64.44000244140625,63.529998779296875,64.19999694824219,845800
2014-06-13,59.05315017700195,64.75,64.79000091552734,63.54999923706055,63.779998779296875,708600
2014-06-16,58.86162567138672,64.54000091552734,65.18000030517578,64.26000213623047,64.55000305175781,668200
2014-06-17,58.232330322265625,63.849998474121094,64.80000305175781,63.59000015258789,63.7400016784668,638000
2014-06-18,59.45443344116211,65.19000244140625,65.4000015258789,63.34000015258789,63.83000183105469,818500
2014-06-19,59.29026794433594,65.01000213623047,65.41999816894531,64.5,65.16000366210938,551900
2014-06-20,59.50001907348633,65.23999786376953,65.33000183105469,64.58000183105469,65.05999755859375,1253800
2014-06-23,59.281150817871094,65.0,66.16999816894531,64.83999633789062,65.19000244140625,719800
2014-06-24,58.24143981933594,63.86000061035156,65.05000305175781,63.619998931884766,64.68000030517578,519700
2014-06-25,57.913124084472656,63.5,63.959999084472656,63.13999938964844,63.45000076293945,654000
2014-06-26,57.48447036743164,63.029998779296875,63.599998474121094,62.5099983215332,63.599998474121094,717100
2014-06-27,58.277931213378906,63.900001525878906,64.13999938964844,62.66999816894531,62.66999816894531,823500
2014-06-30,58.14113235473633,63.75,64.22000122070312,63.2599983215332,64.05000305175781,593400
2014-07-01,58.6518669128418,64.30999755859375,64.94000244140625,64.22000122070312,64.23999786376953,786600
2014-07-02,57.940486907958984,63.529998779296875,64.13999938964844,63.130001068115234,64.05000305175781,1105200
2014-07-03,58.69746780395508,64.36000061035156,64.44999694824219,63.599998474121094,63.599998474121094,544600
2014-07-07,58.13201141357422,63.7400016784668,64.16000366210938,63.47999954223633,64.01000213623047,679000
2014-07-08,58.642730712890625,64.30000305175781,64.83999633789062,63.220001220703125,63.540000915527344,924600
2014-07-09,59.20817947387695,64.91999816894531,64.94999694824219,64.27999877929688,64.4800033569336,548500
2014-07-10,58.825130462646484,64.5,64.7300033569336,63.36000061035156,63.709999084472656,836700
2014-07-11,59.42707824707031,65.16000366210938,65.19000244140625,63.86000061035156,64.37999725341797,547200
2014-07-14,58.70658493041992,64.37000274658203,64.80999755859375,63.959999084472656,64.68000030517578,852200
2014-07-15,58.55153274536133,64.19999694824219,64.70999908447266,64.06999969482422,64.30000305175781,706900
2014-07-16,58.743072509765625,64.41000366210938,64.72000122070312,63.59000015258789,64.47000122070312,438200
2014-07-17,57.447994232177734,62.9900016784668,63.970001220703125,62.81999969482422,63.779998779296875,726600
2014-07-18,58.41473388671875,64.05000305175781,64.2699966430664,62.970001220703125,63.119998931884766,583300
2014-07-21,57.96784973144531,63.560001373291016,64.05999755859375,63.08000183105469,63.810001373291016,382100
2014-07-22,58.88896942138672,64.56999969482422,64.62000274658203,63.97999954223633,64.05000305175781,485600
2014-07-23,60.0472412109375,65.83999633789062,66.08000183105469,64.04000091552734,65.55999755859375,965400
2014-07-24,60.14757537841797,65.94999694824219,66.01000213623047,64.55000305175781,65.22000122070312,1219700
2014-07-25,59.463558197021484,65.19999694824219,65.69000244140625,65.08999633789062,65.69000244140625,522800
2014-07-28,58.81602096557617,64.48999786376953,65.18000030517578,64.19999694824219,65.06999969482422,536300
2014-07-29,59.6915397644043,65.44999694824219,66.55000305175781,64.61000061035156,64.7699966430664,1254900
2014-07-30,59.59123992919922,65.33999633789062,66.0999984741211,64.91999816894531,65.75,888600
2014-07-31,57.57568359375,63.130001068115234,64.9000015258789,63.02000045776367,64.55999755859375,1049800
2014-08-01,57.76719665527344,63.34000015258789,63.869998931884766,62.5099983215332,63.0,865300
2014-08-04,57.70335006713867,63.27000045776367,63.7599983215332,62.97999954223633,63.40999984741211,1221400
2014-08-05,56.773101806640625,62.25,64.26000213623047,61.599998474121094,62.599998474121094,1487700
2014-08-06,56.91901779174805,62.40999984741211,62.5099983215332,61.31999969482422,62.130001068115234,1402200
2014-08-07,56.08909225463867,61.5,62.779998779296875,60.779998779296875,62.59000015258789,1356900
2014-08-08,56.517730712890625,61.970001220703125,62.20000076293945,61.150001525878906,61.75,729800
2014-08-11,56.262367248535156,61.689998626708984,62.52000045776367,61.650001525878906,62.08000183105469,921300
2014-08-12,56.435665130615234,61.880001068115234,61.939998626708984,61.16999816894531,61.63999938964844,793400
2014-08-13,56.57246398925781,62.029998779296875,62.84000015258789,61.939998626708984,62.18000030517578,889700
2014-08-14,56.581581115722656,62.040000915527344,62.349998474121094,61.95000076293945,62.130001068115234,525400
2014-08-15,56.06173324584961,61.470001220703125,62.68000030517578,61.349998474121094,62.43000030517578,871200
2014-08-18,57.42976379394531,62.970001220703125,63.02000045776367,61.380001068115234,61.81999969482422,939800
2014-08-19,57.457122802734375,63.0,63.83000183105469,62.95000076293945,63.220001220703125,564400
2014-08-20,57.21998596191406,62.7400016784668,62.88999938964844,62.2599983215332,62.720001220703125,417000
2014-08-21,57.530067443847656,63.08000183105469,63.18000030517578,62.27000045776367,63.119998931884766,612100
2014-08-22,57.15615463256836,62.66999816894531,63.220001220703125,62.470001220703125,62.93000030517578,697800
2014-08-25,57.037471771240234,62.47999954223633,63.18000030517578,62.310001373291016,62.900001525878906,608500
2014-08-26,58.132938385009766,63.68000030517578,63.869998931884766,62.36000061035156,62.68000030517578,1005200
2014-08-27,57.89558792114258,63.41999816894531,64.18000030517578,63.220001220703125,64.05999755859375,599200
2014-08-28,57.71302032470703,63.220001220703125,63.31999969482422,62.77000045776367,63.209999084472656,528400
2014-08-29,57.85906982421875,63.380001068115234,63.68000030517578,62.869998931884766,63.41999816894531,406000
2014-09-02,57.283966064453125,62.75,63.83000183105469,62.40999984741211,63.63999938964844,771200
2014-09-03,56.644927978515625,62.04999923706055,63.20000076293945,61.70000076293945,63.06999969482422,980700
2014-09-04,56.626678466796875,62.029998779296875,63.11000061035156,61.7599983215332,62.06999969482422,811300
2014-09-05,57.25657272338867,62.720001220703125,62.81999969482422,61.70000076293945,62.060001373291016,788700
2014-09-08,56.991825103759766,62.43000030517578,62.849998474121094,62.13999938964844,62.540000915527344,338300
2014-09-09,56.32542419433594,61.70000076293945,62.65999984741211,61.43000030517578,62.43000030517578,566900
2014-09-10,56.66318893432617,62.06999969482422,62.15999984741211,61.290000915527344,61.75,723200
2014-09-11,57.65823745727539,63.15999984741211,63.189998626708984,61.779998779296875,61.90999984741211,756800
2014-09-12,57.165279388427734,62.619998931884766,63.18000030517578,62.2400016784668,63.18000030517578,872100
2014-09-15,56.89141082763672,62.31999969482422,62.810001373291016,61.91999816894531,62.52000045776367,861600
2014-09-16,57.24742889404297,62.709999084472656,62.959999084472656,61.650001525878906,62.029998779296875,640500
2014-09-17,57.786041259765625,63.29999923706055,64.1500015258789,62.63999938964844,62.869998931884766,1139700
2014-09-18,57.00096130371094,62.439998626708984,63.560001373291016,62.34000015258789,63.47999954223633,869200
2014-09-19,56.82750701904297,62.25,62.560001373291016,61.84000015258789,62.439998626708984,1266200
2014-09-22,56.343685150146484,61.720001220703125,62.290000915527344,61.54999923706055,62.189998626708984,530200
2014-09-23,56.3162841796875,61.689998626708984,62.220001220703125,61.349998474121094,61.540000915527344,880600
2014-09-24,57.17439651489258,62.630001068115234,62.709999084472656,61.13999938964844,61.529998779296875,930200
2014-09-25,55.99677276611328,61.34000015258789,62.939998626708984,60.95000076293945,62.599998474121094,1123400
2014-09-26,55.98764419555664,61.33000183105469,61.63999938964844,61.06999969482422,61.349998474121094,1062700
2014-09-29,55.33949279785156,60.619998931884766,61.099998474121094,60.290000915527344,60.7400016784668,1024300
2014-09-30,54.983463287353516,60.22999954223633,62.369998931884766,60.20000076293945,62.2400016784668,884500
2014-10-01,53.76932907104492,58.900001525878906,60.56999969482422,58.81999969482422,60.310001373291016,1493600
2014-10-02,53.6597900390625,58.779998779296875,59.5099983215332,58.0,58.79999923706055,1972900
2014-10-03,54.00667190551758,59.15999984741211,59.470001220703125,59.06999969482422,59.099998474121094,851700
2014-10-06,53.41329574584961,58.5099983215332,59.61000061035156,58.04999923706055,59.61000061035156,1061500
2014-10-07,52.290428161621094,57.279998779296875,58.40999984741211,57.279998779296875,58.0,1038000
2014-10-08,52.93858337402344,57.9900016784668,58.09000015258789,55.810001373291016,57.209999084472656,1967800
2014-10-09,52.336082458496094,57.33000183105469,59.2400016784668,56.900001525878906,58.66999816894531,2008800
2014-10-10,51.59663009643555,56.52000045776367,58.22999954223633,56.380001068115234,57.52000045776367,1736000
2014-10-13,50.46464920043945,55.279998779296875,57.34000015258789,55.220001220703125,56.630001068115234,1218000
2014-10-14,50.875450134277344,55.72999954223633,56.45000076293945,55.04999923706055,55.650001525878906,1086700
2014-10-15,51.377532958984375,56.279998779296875,56.68000030517578,54.099998474121094,55.220001220703125,1739700
2014-10-16,51.82485580444336,56.77000045776367,57.31999969482422,55.15999984741211,55.86000061035156,2142500
2014-10-17,53.942771911621094,59.09000015258789,59.45000076293945,57.439998626708984,57.5,2916300
2014-10-20,54.280540466308594,59.459999084472656,59.61000061035156,58.650001525878906,58.93000030517578,765900
2014-10-21,55.00172424316406,60.25,60.58000183105469,59.63999938964844,59.779998779296875,781700
2014-10-22,54.18012619018555,59.349998474121094,60.88999938964844,59.31999969482422,60.41999816894531,942600
2014-10-23,54.992576599121094,60.2400016784668,60.939998626708984,59.349998474121094,59.91999816894531,1195300
2014-10-24,55.914608001708984,61.25,61.439998626708984,60.25,61.04999923706055,1163300
2014-10-27,54.563533782958984,59.77000045776367,60.939998626708984,59.43000030517578,60.75,965800
2014-10-28,55.248199462890625,60.52000045776367,60.630001068115234,58.959999084472656,59.810001373291016,1392300
2014-10-29,54.22576141357422,59.400001525878906,60.7599983215332,58.709999084472656,60.40999984741211,1878300
2014-10-30,55.03824234008789,60.290000915527344,60.75,58.91999816894531,59.0099983215332,1202500
2014-10-31,56.33454513549805,61.709999084472656,62.029998779296875,60.400001525878906,61.5,1507800
2014-11-03,56.96443176269531,62.400001525878906,62.790000915527344,61.27000045776367,61.63999938964844,2139900
2014-11-04,57.96862030029297,63.5,64.70999908447266,61.220001220703125,62.720001220703125,2691100
2014-11-05,58.58026885986328,64.16999816894531,65.5,63.810001373291016,64.25,1596200
2014-11-06,59.12799072265625,64.7699966430664,64.8499984741211,63.5099983215332,64.19000244140625,1039000
2014-11-07,59.43838119506836,65.11000061035156,65.7699966430664,64.7300033569336,64.76000213623047,1237500
2014-11-10,59.721370697021484,65.41999816894531,65.7699966430664,64.95999908447266,65.05000305175781,1063700
2014-11-11,59.657474517822266,65.3499984741211,65.87999725341797,65.18000030517578,65.27999877929688,598300
2014-11-12,59.75788879394531,65.45999908447266,65.72000122070312,64.80999755859375,65.52999877929688,889700
2014-11-13,59.86744689941406,65.58000183105469,65.9000015258789,64.91999816894531,65.41999816894531,842500
2014-11-14,60.53386688232422,66.30999755859375,66.37000274658203,65.12000274658203,65.5,830800
2014-11-17,60.250850677490234,66.0,66.19999694824219,65.73999786376953,66.16000366210938,896800
2014-11-18,61.255043029785156,67.0999984741211,67.20999908447266,65.93000030517578,65.93000030517578,1369400
2014-11-19,61.77537536621094,67.66999816894531,67.83999633789062,66.4800033569336,67.08000183105469,1200200
2014-11-20,62.08576965332031,68.01000213623047,68.23999786376953,66.80000305175781,67.08999633789062,1064500
2014-11-21,62.633506774902344,68.61000061035156,69.0999984741211,68.23999786376953,68.62999725341797,1541200
2014-11-24,62.68832778930664,68.61000061035156,68.9800033569336,68.55999755859375,68.80999755859375,1596200
2014-11-25,61.75635528564453,67.58999633789062,68.91999816894531,67.27999877929688,68.66999816894531,811900
2014-11-26,61.326927185058594,67.12000274658203,67.79000091552734,66.7300033569336,67.76000213623047,670600
2014-11-28,60.394962310791016,66.0999984741211,67.04000091552734,66.01000213623047,67.0199966430664,533400
2014-12-01,58.933040618896484,64.5,66.0999984741211,64.19999694824219,65.9800033569336,1336300
2014-12-02,59.764522552490234,65.41000366210938,65.4800033569336,64.43000030517578,64.62999725341797,1226700
2014-12-03,61.281246185302734,67.06999969482422,67.11000061035156,65.45999908447266,65.62999725341797,1175400
2014-12-04,61.60104751586914,67.41999816894531,67.70999908447266,66.5999984741211,66.81999969482422,1063600
2014-12-05,60.915771484375,66.66999816894531,67.48999786376953,66.47000122070312,67.22000122070312,693900
2014-12-08,59.61833190917969,65.25,66.47000122070312,64.98999786376953,66.36000061035156,619400
2014-12-09,60.33100128173828,66.02999877929688,66.05000305175781,64.4000015258789,64.54000091552734,723400
2014-12-10,57.70869827270508,63.15999984741211,65.91000366210938,62.63999938964844,65.86000061035156,1760800
2014-12-11,57.608192443847656,63.04999923706055,64.01000213623047,62.900001525878906,63.349998474121094,976100
2014-12-12,57.005157470703125,62.38999938964844,63.540000915527344,62.36000061035156,63.540000915527344,1214900
2014-12-15,56.20109939575195,61.5099983215332,63.29999923706055,61.45000076293945,62.4900016784668,1214100
2014-12-16,56.75846862792969,62.119998931884766,63.7599983215332,61.4900016784668,61.630001068115234,1062900
2014-12-17,58.467079162597656,63.9900016784668,64.12999725341797,61.79999923706055,62.20000076293945,1060500
2014-12-18,59.78279495239258,65.43000030517578,65.5999984741211,63.79999923706055,65.08999633789062,1025800
2014-12-19,61.01625442504883,66.77999877929688,66.97000122070312,65.30999755859375,65.80999755859375,1532000
2014-12-22,60.38580322265625,66.08999633789062,66.73999786376953,65.4000015258789,66.68000030517578,1237500
2014-12-23,60.568546295166016,66.29000091552734,66.80000305175781,65.94000244140625,66.16999816894531,776800
2014-12-24,60.55028533935547,66.2699966430664,66.5999984741211,65.95999908447266,66.13999938964844,329000
2014-12-26,60.62338638305664,66.3499984741211,66.88999938964844,66.27999877929688,66.62000274658203,375800
2014-12-29,61.08021926879883,66.8499984741211,66.91999816894531,65.9800033569336,65.9800033569336,461700
2014-12-30,60.678192138671875,66.41000366210938,67.11000061035156,66.33999633789062,66.62000274658203,484500
2014-12-31,60.056880950927734,65.7300033569336,67.41999816894531,65.63999938964844,66.5199966430664,680200
2015-01-02,61.199012756347656,66.9800033569336,67.91000366210938,66.18000030517578,66.38999938964844,978500
2015-01-05,59.5086669921875,65.12999725341797,66.38999938964844,64.81999969482422,66.29000091552734,897200
2015-01-06,59.37163543701172,64.9800033569336,66.12999725341797,64.27999877929688,65.0199966430664,686300
2015-01-07,60.4954719543457,66.20999908447266,66.33000183105469,65.05999755859375,65.30000305175781,532400
2015-01-08,62.38679122924805,68.27999877929688,68.63999938964844,66.80999755859375,66.86000061035156,1380500
2015-01-09,62.39595031738281,68.29000091552734,68.58000183105469,67.61000061035156,68.4000015258789,845700
2015-01-12,62.3593864440918,68.25,68.44000244140625,67.27999877929688,68.08000183105469,1132900
2015-01-13,61.546207427978516,67.36000061035156,69.08999633789062,66.31999969482422,69.0199966430664,972500
2015-01-14,61.89341354370117,67.73999786376953,67.88999938964844,65.37000274658203,66.3499984741211,808600
2015-01-15,60.50459671020508,66.22000122070312,68.27999877929688,65.94000244140625,68.13999938964844,1019000
2015-01-16,61.116756439208984,66.88999938964844,67.33999633789062,66.16999816894531,66.26000213623047,1486800
2015-01-20,61.20816421508789,66.98999786376953,67.45999908447266,66.12000274658203,67.19000244140625,1023500
2015-01-21,62.11271286010742,67.9800033569336,68.04000091552734,66.3499984741211,66.70999908447266,857100
2015-01-22,63.88525390625,69.91999816894531,70.0,67.75,68.75,1791600
2015-01-23,63.72081756591797,69.73999786376953,70.37000274658203,69.18000030517578,69.87000274658203,1107400
2015-01-26,64.4334716796875,70.5199966430664,70.56999969482422,69.05000305175781,69.83000183105469,826900
2015-01-27,64.16846466064453,70.2300033569336,70.43000030517578,68.94000244140625,69.41000366210938,1172900
2015-01-28,63.98577117919922,70.02999877929688,70.94999694824219,69.98999786376953,70.91999816894531,1372600
2015-01-29,65.18270111083984,71.33999633789062,71.55999755859375,69.52999877929688,69.98999786376953,1328700
2015-01-30,64.42432403564453,70.51000213623047,71.75,69.8499984741211,70.68000030517578,1148200
2015-02-02,65.27406311035156,71.44000244140625,71.88999938964844,70.0999984741211,71.16999816894531,1308200
2015-02-03,65.62125396728516,71.81999969482422,72.0,71.19000244140625,72.0,1256400
2015-02-04,65.3014907836914,71.47000122070312,72.91999816894531,71.08000183105469,71.25,1541600
2015-02-05,67.62225341796875,74.01000213623047,75.36000061035156,73.11000061035156,73.37000274658203,2129900
2015-02-06,68.73695373535156,75.2300033569336,76.98999786376953,74.30000305175781,74.52999877929688,2654900
2015-02-09,69.59583282470703,76.16999816894531,76.80999755859375,75.16000366210938,75.20999908447266,1603000
2015-02-10,71.04861450195312,77.76000213623047,78.1500015258789,76.81999969482422,76.91000366210938,1778100
2015-02-11,71.26789093017578,78.0,79.30999755859375,77.48999786376953,77.5199966430664,1740100
2015-02-12,72.5561752319336,79.41000366210938,79.87999725341797,78.26000213623047,78.4800033569336,1256100
2015-02-13,72.97647857666016,79.87000274658203,79.98999786376953,79.0,79.66000366210938,1095800
2015-02-17,73.78966522216797,80.76000213623047,80.88999938964844,79.66999816894531,79.9000015258789,910600
2015-02-18,74.07290649414062,81.06999969482422,81.19999694824219,80.33000183105469,80.63999938964844,575800
2015-02-19,74.24651336669922,81.26000213623047,82.23999786376953,80.68000030517578,80.9800033569336,850100
2015-02-20,73.99065399169922,80.9800033569336,81.41000366210938,79.91999816894531,81.25,998600
2015-02-23,73.29625701904297,80.22000122070312,81.19000244140625,79.87999725341797,81.01000213623047,1051900
2015-02-24,73.76226806640625,80.7300033569336,81.0999984741211,80.06999969482422,80.37000274658203,966600
2015-02-25,75.3631820678711,82.37999725341797,82.58999633789062,80.52999877929688,80.77999877929688,1801600
2015-02-26,75.3723373413086,82.38999938964844,83.48999786376953,82.2300033569336,83.0,1291900
2015-02-27,75.93036651611328,83.0,83.19000244140625,82.20999908447266,82.38999938964844,852700
2015-03-02,77.30262756347656,84.5,84.54000091552734,82.76000213623047,83.5199966430664,1185900
2015-03-03,77.54962921142578,84.7699966430664,84.80000305175781,83.44999694824219,84.0999984741211,1344700
2015-03-04,77.39411163330078,84.5999984741211,84.98999786376953,84.0,84.27999877929688,1835400
2015-03-05,77.73258972167969,84.97000122070312,85.36000061035156,84.44999694824219,84.73999786376953,1161200
2015-03-06,77.53132629394531,84.75,85.80000305175781,84.33999633789062,84.5199966430664,1669400
2015-03-09,77.16534423828125,84.3499984741211,85.06999969482422,84.12000274658203,85.06999969482422,1791900
2015-03-10,75.408935546875,82.43000030517578,83.77999877929688,82.41000366210938,83.62999725341797,1082300
2015-03-11,76.14994812011719,83.23999786376953,83.43000030517578,82.2699966430664,82.58000183105469,887100
2015-03-12,77.85152435302734,85.0999984741211,85.30000305175781,83.62999725341797,83.7300033569336,1141600
2015-03-13,77.40326690673828,84.61000061035156,84.94999694824219,83.8499984741211,84.91999816894531,914100
2015-03-16,77.86065673828125,85.11000061035156,85.36000061035156,84.62000274658203,84.62000274658203,716800
2015-03-17,77.85152435302734,85.0999984741211,85.5999984741211,84.5199966430664,84.55999755859375,727400
2015-03-18,78.46443939208984,85.7699966430664,86.25,84.0,84.62000274658203,761600
2015-03-19,77.02816009521484,84.19999694824219,85.87999725341797,83.95999908447266,85.56999969482422,930100
2015-03-20,76.89093780517578,84.05000305175781,85.25,84.01000213623047,84.62000274658203,1257900
2015-03-23,77.12882995605469,84.30999755859375,85.23999786376953,83.94000244140625,84.05000305175781,1084300
2015-03-24,77.88810729980469,85.13999938964844,85.51000213623047,84.19999694824219,84.4800033569336,1431800
2015-03-25,76.79032135009766,83.94000244140625,86.0199966430664,83.94000244140625,85.4800033569336,1116900
2015-03-26,76.8543701171875,84.01000213623047,84.31999969482422,83.0199966430664,83.45999908447266,738400
2015-03-27,77.00072479248047,84.16999816894531,84.62999725341797,83.79000091552734,83.79000091552734,565500
2015-03-30,78.11678314208984,85.38999938964844,85.63999938964844,84.5,84.58000183105469,601400
2015-03-31,77.11966705322266,84.30000305175781,85.47000122070312,84.30000305175781,85.0,847400
2015-04-01,77.04649353027344,84.22000122070312,84.45999908447266,83.45999908447266,84.36000061035156,1149700
2015-04-02,77.12882995605469,84.30999755859375,85.01000213623047,83.66000366210938,84.0,870800
2015-04-06,77.2751693725586,84.47000122070312,85.05000305175781,84.05000305175781,84.05999755859375,601600
2015-04-07,76.1407699584961,83.2300033569336,84.81999969482422,83.12000274658203,84.5,1109500
2015-04-08,76.11337280273438,83.19999694824219,83.2300033569336,81.7300033569336,82.97000122070312,1469700
2015-04-09,75.73826599121094,82.79000091552734,83.61000061035156,82.30999755859375,82.83000183105469,767300
2015-04-10,76.24141693115234,83.33999633789062,83.66000366210938,82.54000091552734,83.08999633789062,785700
2015-04-13,75.95784759521484,83.02999877929688,83.56999969482422,82.11000061035156,83.0,855400
2015-04-14,76.15908813476562,83.25,84.37000274658203,82.5199966430664,84.26000213623047,1092200
2015-04-15,76.6713638305664,83.80999755859375,84.73999786376953,83.16000366210938,83.5,829800
2015-04-16,75.70166015625,82.75,83.73999786376953,82.36000061035156,83.69999694824219,1148200
2015-04-17,74.9515380859375,81.93000030517578,82.5999984741211,81.29000091552734,82.0199966430664,999500
2015-04-20,74.80513763427734,81.7699966430664,82.47000122070312,81.52999877929688,82.26000213623047,651800
2015-04-21,74.43922424316406,81.37000274658203,82.13999938964844,81.19999694824219,81.88999938964844,625600
2015-04-22,74.01841735839844,80.91000366210938,81.66000366210938,80.58000183105469,81.45999908447266,806200
2015-04-23,75.31745147705078,82.33000183105469,82.5999984741211,80.66000366210938,80.87999725341797,1050900
2015-04-24,76.3603515625,83.47000122070312,83.48999786376953,82.12000274658203,82.44999694824219,1106000
2015-04-27,76.04016876220703,83.12000274658203,84.02999877929688,82.91999816894531,83.95999908447266,689400
2015-04-28,76.01270294189453,83.08999633789062,83.13999938964844,81.81999969482422,82.77999877929688,867600
2015-04-29,75.99443054199219,83.06999969482422,83.37999725341797,81.77999877929688,82.43000030517578,724000
2015-04-30,78.23572540283203,85.5199966430664,86.2300033569336,83.08000183105469,83.08000183105469,1937500
2015-05-01,80.80643463134766,88.33000183105469,88.56999969482422,85.69000244140625,86.12000274658203,1859600
2015-05-04,80.5959701538086,88.0999984741211,89.56999969482422,87.97000122070312,88.23999786376953,1862100
2015-05-05,78.21745300292969,85.5,87.5199966430664,84.72000122070312,85.54000091552734,1773400
2015-05-06,79.90989685058594,87.3499984741211,88.0,85.16000366210938,86.4800033569336,997300
2015-05-07,81.87673950195312,89.5,89.93000030517578,86.83999633789062,86.94999694824219,1422100
2015-05-08,82.76412200927734,90.47000122070312,91.0999984741211,89.66999816894531,90.0,947100
2015-05-11,83.5142822265625,91.29000091552734,91.79000091552734,89.9800033569336,90.12999725341797,977800
2015-05-12,82.54454803466797,90.2300033569336,91.19000244140625,90.1500015258789,90.6500015258789,1042500
2015-05-13,83.13003540039062,90.87000274658203,91.52999877929688,90.12000274658203,90.56999969482422,1094900
2015-05-14,84.82247924804688,92.72000122070312,92.8499984741211,90.77999877929688,91.56999969482422,1105900
2015-05-15,84.15465545654297,91.98999786376953,93.06999969482422,91.44000244140625,92.81999969482422,860700
2015-05-18,84.32845306396484,92.18000030517578,92.54000091552734,91.55000305175781,91.55000305175781,896800
2015-05-19,84.47484588623047,92.33999633789062,92.73999786376953,91.88999938964844,92.19999694824219,849600
2015-05-20,84.1089096069336,91.94000244140625,92.38999938964844,91.5999984741211,92.38999938964844,515000
2015-05-21,84.11808013916016,91.8499984741211,92.23999786376953,91.33999633789062,91.86000061035156,546000
2015-05-22,83.87079620361328,91.58000183105469,92.70999908447266,91.52999877929688,92.0999984741211,583400
2015-05-26,82.68019104003906,90.27999877929688,91.58999633789062,89.91999816894531,91.11000061035156,1147700
2015-05-27,83.31214141845703,90.97000122070312,91.19000244140625,90.11000061035156,90.63999938964844,1059800
2015-05-28,82.88170623779297,90.5,90.77999877929688,89.79000091552734,90.4800033569336,513900
2015-05-29,82.35970306396484,89.93000030517578,91.0199966430664,89.45999908447266,90.5999984741211,1290700
2015-06-01,82.0300064086914,89.56999969482422,90.12999725341797,89.13999938964844,90.0,940700
2015-06-02,82.60694885253906,90.19999694824219,90.7300033569336,89.33999633789062,89.33999633789062,688400
2015-06-03,81.63618469238281,89.13999938964844,90.75,88.63999938964844,90.62000274658203,1236500
2015-06-04,81.15995788574219,88.62000274658203,88.9800033569336,87.63999938964844,88.38999938964844,1242100
2015-06-05,81.61788940429688,89.12000274658203,89.94000244140625,88.12999725341797,88.33999633789062,656800
2015-06-08,81.09585571289062,88.55000305175781,89.44999694824219,88.5,88.94000244140625,754600
2015-06-09,80.6654281616211,88.08000183105469,89.08999633789062,87.95999908447266,88.66000366210938,866700
2015-06-10,82.07577514648438,89.62000274658203,90.0,88.31999969482422,88.76000213623047,896900
2015-06-11,81.92924499511719,89.45999908447266,90.25,89.22000122070312,89.80000305175781,563100
2015-06-12,81.4072265625,88.88999938964844,89.44000244140625,88.44000244140625,89.11000061035156,642100
2015-06-15,80.39067077636719,87.77999877929688,88.41000366210938,87.52999877929688,88.3499984741211,726200
2015-06-16,80.39984130859375,87.79000091552734,87.94999694824219,86.88999938964844,87.5199966430664,931600
2015-06-17,80.10679626464844,87.47000122070312,88.13999938964844,86.63999938964844,87.94999694824219,616900
2015-06-18,81.3980941772461,88.87999725341797,89.0199966430664,87.5199966430664,87.86000061035156,647500
2015-06-19,81.7735595703125,89.29000091552734,89.66999816894531,88.79000091552734,88.79000091552734,870300
2015-06-22,82.27727508544922,89.83999633789062,90.1500015258789,89.16999816894531,89.75,431700
2015-06-23,81.66365814208984,89.16999816894531,90.19000244140625,88.9000015258789,89.66999816894531,380000
2015-06-24,80.35404968261719,87.73999786376953,89.33000183105469,87.20999908447266,89.23999786376953,599400
2015-06-25,79.29168701171875,86.58000183105469,88.02999877929688,86.37999725341797,88.02999877929688,624900
2015-06-26,79.20011901855469,86.4800033569336,87.37000274658203,86.12999725341797,86.88999938964844,814500
2015-06-29,77.06626892089844,84.1500015258789,86.43000030517578,84.12000274658203,85.77999877929688,645000
2015-06-30,76.86478424072266,83.93000030517578,85.0,83.91000366210938,84.83999633789062,714000
2015-07-01,78.13774871826172,85.31999969482422,85.72000122070312,84.30999755859375,84.73999786376953,924200
2015-07-02,78.18354034423828,85.37000274658203,85.97000122070312,84.76000213623047,85.7699966430664,528500
2015-07-06,78.62313842773438,85.8499984741211,86.38999938964844,84.0999984741211,84.44000244140625,709400
2015-07-07,79.1726303100586,86.44999694824219,86.47000122070312,84.1500015258789,85.79000091552734,1156100
2015-07-08,78.20185852050781,85.38999938964844,87.66000366210938,85.11000061035156,85.87999725341797,883400
2015-07-09,78.687255859375,85.91999816894531,87.01000213623047,85.77999877929688,86.4800033569336,891500
2015-07-10,82.75348663330078,90.36000061035156,90.62000274658203,86.98999786376953,87.08999633789062,1149300
2015-07-13,82.81761169433594,90.43000030517578,91.0,90.05000305175781,90.62999725341797,732700
2015-07-14,82.41464233398438,89.98999786376953,90.52999877929688,89.83000183105469,90.18000030517578,750000
2015-07-15,81.53544616699219,89.02999877929688,89.97000122070312,88.51000213623047,89.9000015258789,624100
2015-07-16,83.0648422241211,90.69999694824219,91.0199966430664,88.95999908447266,89.45999908447266,1117800
2015-07-17,83.95321655273438,91.66999816894531,91.75,90.4800033569336,90.5999984741211,651800
2015-07-20,86.11456298828125,94.02999877929688,94.12000274658203,91.12999725341797,91.77999877929688,1223200
2015-07-21,85.62916564941406,93.5,94.06999969482422,92.73999786376953,93.87000274658203,764500
2015-07-22,85.986328125,93.88999938964844,95.2300033569336,92.87999725341797,93.3499984741211,1065500
2015-07-23,84.1546859741211,91.88999938964844,94.22000122070312,91.51000213623047,94.12000274658203,1004400
2015-07-24,82.23151397705078,89.79000091552734,91.98999786376953,88.9800033569336,91.83999633789062,1105000
2015-07-27,80.81198120117188,88.23999786376953,89.93000030517578,87.94999694824219,89.4000015258789,1122800
2015-07-28,81.64534759521484,89.1500015258789,89.62999725341797,87.68000030517578,88.62000274658203,891800
2015-07-29,83.44953918457031,91.12000274658203,91.4800033569336,89.04000091552734,89.04000091552734,844600
2015-07-30,83.79753875732422,91.5,91.55000305175781,90.19000244140625,90.73999786376953,624500
2015-07-31,83.35794830322266,91.0199966430664,92.16000366210938,90.83000183105469,91.30999755859375,661600
2015-08-03,82.1124038696289,89.66000366210938,91.06999969482422,89.5,91.06999969482422,1208500
2015-08-04,87.96451568603516,96.05000305175781,97.23999786376953,90.19000244140625,90.19000244140625,2840700
2015-08-05,89.22834777832031,97.43000030517578,98.0,96.01000213623047,96.9800033569336,1482500
2015-08-06,87.27766418457031,95.30000305175781,97.75,94.47000122070312,97.75,1276700
2015-08-07,86.55413818359375,94.51000213623047,95.44999694824219,93.69000244140625,94.80999755859375,893700
2015-08-10,87.90040588378906,95.9800033569336,96.80000305175781,95.22000122070312,95.56999969482422,1180100
2015-08-11,88.1293716430664,96.2300033569336,96.79000091552734,94.80999755859375,95.5,1262200
2015-08-12,89.07266235351562,97.26000213623047,97.33999633789062,95.1500015258789,95.75,1153600
2015-08-13,88.73379516601562,96.88999938964844,97.75,96.19000244140625,97.56999969482422,517300
2015-08-14,89.53971862792969,97.7699966430664,98.19999694824219,96.76000213623047,96.87999725341797,658300
2015-08-17,90.49220275878906,98.80999755859375,99.04000091552734,97.2699966430664,98.62000274658203,857400
2015-08-18,90.71197509765625,99.05000305175781,99.41000366210938,98.3499984741211,98.79000091552734,712800
2015-08-19,88.65137481689453,96.80000305175781,98.86000061035156,96.23999786376953,98.38999938964844,698300
2015-08-20,85.5284194946289,93.38999938964844,96.37999725341797,93.16999816894531,95.9000015258789,1268000
2015-08-21,84.03404998779297,91.66000366210938,93.05000305175781,90.80000305175781,92.5,1316700
2015-08-24,80.99026489257812,88.33999633789062,91.91999816894531,86.58999633789062,87.05999755859375,2603600
2015-08-25,78.8541030883789,86.01000213623047,91.25,85.93000030517578,91.25,1686500
2015-08-26,80.15596771240234,87.43000030517578,88.12000274658203,85.11000061035156,88.0,1773700
2015-08-27,83.98819732666016,91.61000061035156,92.08000183105469,88.12999725341797,88.44000244140625,2617400
2015-08-28,84.7308120727539,92.41999816894531,92.58999633789062,90.55000305175781,91.18000030517578,1412700
2015-08-31,85.83097076416016,93.62000274658203,95.33000183105469,91.6500015258789,92.0,1464600
2015-09-01,84.27241516113281,91.91999816894531,93.0,91.0,91.19999694824219,1516600
2015-09-02,87.6462173461914,95.5999984741211,95.61000061035156,92.12000274658203,92.79000091552734,1350100
2015-09-03,89.32398986816406,97.43000030517578,99.19999694824219,95.26000213623047,96.5199966430664,2390600
2015-09-04,87.38037109375,95.30999755859375,96.51000213623047,94.02999877929688,96.22000122070312,1319700
2015-09-08,90.31414794921875,98.51000213623047,98.56999969482422,96.08999633789062,96.80000305175781,863300
2015-09-09,90.43331909179688,98.63999938964844,101.0,98.47000122070312,99.41000366210938,1376500
2015-09-10,90.07575225830078,98.25,99.72000122070312,97.88999938964844,98.66999816894531,1275600
2015-09-11,90.882568359375,99.12999725341797,99.18000030517578,97.56999969482422,97.87999725341797,700700
2015-09-14,91.53348541259766,99.83999633789062,99.94000244140625,98.37000274658203,99.13999938964844,1124200
2015-09-15,91.76266479492188,100.08999633789062,100.48999786376953,99.66000366210938,100.36000061035156,1096900
2015-09-16,92.85366821289062,101.27999877929688,101.72000122070312,99.86000061035156,100.0199966430664,900900
2015-09-17,92.78034210205078,101.19999694824219,102.6500015258789,100.5,101.27999877929688,822500
2015-09-18,90.717529296875,98.94999694824219,101.16999816894531,98.37000274658203,100.18000030517578,1910400
2015-09-21,91.5243148803711,99.83000183105469,100.45999908447266,99.11000061035156,99.72000122070312,819300
2015-09-22,89.16814422607422,97.26000213623047,98.75,96.30000305175781,98.19000244140625,1157500
2015-09-23,85.91348266601562,93.70999908447266,97.48999786376953,92.0,97.48999786376953,2306500
2015-09-24,84.6482925415039,92.33000183105469,92.95999908447266,89.31999969482422,92.5,2265400
2015-09-25,84.36410522460938,92.0199966430664,93.80999755859375,91.01000213623047,93.19999694824219,1358800
2015-09-28,79.45004272460938,86.66000366210938,91.5999984741211,85.86000061035156,91.58000183105469,2178000
2015-09-29,78.0656509399414,85.1500015258789,88.80999755859375,84.37000274658203,87.04000091552734,2072200
2015-09-30,81.77870178222656,89.19999694824219,89.33000183105469,86.30999755859375,86.30999755859375,1730400
2015-10-01,85.19834899902344,92.93000030517578,93.16000366210938,89.37000274658203,89.56999969482422,1977700
2015-10-02,87.65540313720703,95.61000061035156,95.61000061035156,90.97000122070312,91.4800033569336,1724100
2015-10-05,87.48121643066406,95.41999816894531,97.98999786376953,94.29000091552734,96.66000366210938,1608000
2015-10-06,85.22589874267578,92.95999908447266,95.69999694824219,91.48999786376953,95.25,1560400
2015-10-07,86.59191131591797,94.44999694824219,95.06999969482422,93.2300033569336,93.73999786376953,1476600
2015-10-08,87.54541778564453,95.48999786376953,96.05000305175781,93.22000122070312,93.95999908447266,1000000
2015-10-09,87.00448608398438,94.9000015258789,96.0,94.66999816894531,95.66000366210938,1049100
2015-10-12,86.36273193359375,94.19999694824219,95.55999755859375,94.16999816894531,94.91999816894531,781300
2015-10-13,83.43811798095703,91.01000213623047,94.4800033569336,90.9000015258789,93.56999969482422,1224500
2015-10-14,82.41128540039062,89.88999938964844,91.5199966430664,88.87999725341797,90.95999908447266,2230500
2015-10-15,83.87818145751953,91.48999786376953,92.25,89.69999694824219,90.79000091552734,1972900
2015-10-16,83.81403350830078,91.41999816894531,92.37000274658203,90.83999633789062,91.97000122070312,852400
2015-10-19,81.9803695678711,89.41999816894531,92.0999984741211,88.69000244140625,91.08999633789062,1176500
2015-10-20,81.7603759765625,89.18000030517578,90.20999908447266,88.7300033569336,89.2300033569336,990200
2015-10-21,80.77023315429688,88.0999984741211,90.27999877929688,87.4000015258789,90.05999755859375,1180600
2015-10-22,85.54679107666016,93.30999755859375,93.55000305175781,87.83999633789062,88.62999725341797,1858900
2015-10-23,86.63774871826172,94.5,95.0199966430664,93.30000305175781,93.91000366210938,1304600
2015-10-26,84.34574890136719,92.0,94.73999786376953,91.45999908447266,94.22000122070312,1314200
2015-10-27,83.97904968261719,91.5999984741211,91.72000122070312,89.8499984741211,91.0,956100
2015-10-28,86.87615203857422,94.76000213623047,95.58000183105469,91.55999755859375,92.13999938964844,842600
2015-10-29,86.94947052001953,94.83999633789062,95.0199966430664,93.68000030517578,94.22000122070312,649300
2015-10-30,88.54470825195312,96.58000183105469,97.58999633789062,94.8499984741211,94.86000061035156,1381700
2015-11-02,88.63639831542969,96.68000030517578,97.58000183105469,95.22000122070312,96.58000183105469,1564000
2015-11-03,86.90364837646484,94.79000091552734,97.76000213623047,90.41000366210938,97.18000030517578,3929200
2015-11-04,88.9664535522461,97.04000091552734,97.19000244140625,92.5,94.91000366210938,2275400
2015-11-05,93.13789367675781,101.58999633789062,102.20999908447266,96.79000091552734,97.22000122070312,2373600
2015-11-06,93.65129089355469,102.1500015258789,103.44000244140625,100.66999816894531,101.36000061035156,1579500
2015-11-09,92.25775146484375,100.62999725341797,102.48999786376953,99.27999877929688,102.33999633789062,1069900
2015-11-10,91.76266479492188,100.08999633789062,101.80999755859375,99.66000366210938,100.19000244140625,1184900
2015-11-11,93.13789367675781,101.58999633789062,103.0,100.55999755859375,100.69000244140625,868500
2015-11-12,90.78170776367188,99.0199966430664,101.77999877929688,98.88999938964844,100.83000183105469,787800
2015-11-13,90.92837524414062,99.18000030517578,101.33999633789062,98.0,98.80999755859375,636600
2015-11-16,93.21121978759766,101.66999816894531,101.72000122070312,98.61000061035156,99.26000213623047,1143800
2015-11-17,93.11956024169922,101.56999969482422,102.98999786376953,101.0,102.0,699500
2015-11-18,94.51309204101562,103.08999633789062,103.36000061035156,99.62000274658203,101.4000015258789,950300
2015-11-19,96.03497314453125,104.75,105.7699966430664,103.16999816894531,103.6500015258789,917800
2015-11-20,96.99853515625,105.69999694824219,106.0,104.75,105.08000183105469,840800
2015-11-23,96.8333511352539,105.5199966430664,106.83999633789062,104.63999938964844,105.77999877929688,731000
2015-11-24,96.10839080810547,104.7300033569336,105.72000122070312,103.72000122070312,104.58999633789062,901500
2015-11-25,94.86949920654297,103.37999725341797,105.0199966430664,102.94000244140625,104.55000305175781,644700
2015-11-27,95.42930603027344,103.98999786376953,104.4000015258789,103.22000122070312,103.72000122070312,265300
2015-11-30,94.2179946899414,102.66999816894531,104.44000244140625,102.13999938964844,104.0,1079900
2015-12-01,95.1815414428711,103.72000122070312,103.81999969482422,101.7699966430664,103.08999633789062,1408700
2015-12-02,94.57588958740234,103.05999755859375,104.75,102.62999725341797,103.80999755859375,1141900
2015-12-03,90.49221801757812,98.61000061035156,103.13999938964844,97.86000061035156,103.06999969482422,1531600
2015-12-04,91.34564208984375,99.54000091552734,100.43000030517578,98.2300033569336,99.13999938964844,1204600
2015-12-07,89.86817932128906,97.93000030517578,99.55000305175781,96.44999694824219,99.55000305175781,1465900
2015-12-08,90.20772552490234,98.30000305175781,98.66000366210938,96.33999633789062,96.8499984741211,862700
2015-12-09,86.92242431640625,94.72000122070312,98.69999694824219,94.0199966430664,98.0199966430664,1374500
2015-12-10,87.7575454711914,95.62999725341797,96.81999969482422,92.86000061035156,94.45999908447266,1618300
2015-12-11,86.51866149902344,94.27999877929688,95.80000305175781,93.87999725341797,94.45999908447266,1254900
2015-12-14,86.89488983154297,94.69000244140625,95.3499984741211,93.55000305175781,94.5,939100
2015-12-15,87.68411254882812,95.55000305175781,97.13999938964844,95.30000305175781,95.30000305175781,853200
2015-12-16,89.51947021484375,97.55000305175781,98.02999877929688,95.04000091552734,95.76000213623047,1031600
2015-12-17,86.90408325195312,94.69999694824219,97.66000366210938,94.66000366210938,97.61000061035156,737000
2015-12-18,86.1148910522461,93.83999633789062,95.19999694824219,93.01000213623047,94.08000183105469,2172900
2015-12-21,87.53727722167969,95.38999938964844,95.5999984741211,93.97000122070312,94.37999725341797,972000
2015-12-22,87.62904357910156,95.48999786376953,95.81999969482422,94.66000366210938,95.58000183105469,693000
2015-12-23,88.8770751953125,96.8499984741211,97.45999908447266,95.97000122070312,96.13999938964844,790500
2015-12-24,88.84956359863281,96.81999969482422,97.55000305175781,96.55000305175781,96.86000061035156,261500
2015-12-28,87.93190002441406,95.81999969482422,96.5999984741211,94.69000244140625,96.2300033569336,511000
2015-12-29,88.61096954345703,96.55999755859375,97.4000015258789,95.87000274658203,96.93000030517578,576600
2015-12-30,87.72080993652344,95.58999633789062,96.86000061035156,95.23999786376953,96.20999908447266,455500
2015-12-31,87.15185546875,94.97000122070312,96.06999969482422,94.5199966430664,95.12000274658203,689000
2016-01-04,84.81178283691406,92.41999816894531,93.5,89.91000366210938,93.5,1571600
2016-01-05,84.93107604980469,92.55000305175781,93.23999786376953,92.01000213623047,92.75,745000
2016-01-06,82.95806884765625,90.4000015258789,92.5199966430664,89.75,91.0199966430664,1063300
2016-01-07,81.03093719482422,88.30000305175781,90.41000366210938,87.75,88.52999877929688,1953200
2016-01-08,79.14971923828125,86.25,89.29000091552734,85.91999816894531,88.44999694824219,1276200
2016-01-11,78.79179382324219,85.86000061035156,87.52999877929688,84.68000030517578,86.9800033569336,2340500
2016-01-12,79.57186126708984,86.70999908447266,88.18000030517578,85.66000366210938,86.7300033569336,2116300
2016-01-13,76.67195892333984,83.55000305175781,87.23999786376953,82.9000015258789,86.88999938964844,1659100
2016-01-14,78.28710174560547,85.30999755859375,85.87000274658203,82.55999755859375,83.66999816894531,2195300
2016-01-15,76.9380874633789,83.83999633789062,84.4000015258789,81.87999725341797,82.5,1109100
2016-01-19,75.72679138183594,82.5199966430664,85.47000122070312,81.5,85.0999984741211,1301600
2016-01-20,74.88249206542969,81.5999984741211,83.1500015258789,78.83000183105469,80.91000366210938,1545400
2016-01-21,75.46983337402344,82.23999786376953,83.38999938964844,80.33999633789062,82.08999633789062,1004000
2016-01-22,78.34217834472656,85.37000274658203,88.06999969482422,83.70999908447266,83.7300033569336,1289100
2016-01-25,76.06626892089844,82.88999938964844,85.61000061035156,82.52999877929688,84.6500015258789,937400
2016-01-26,77.29597473144531,84.2300033569336,84.27999877929688,82.63999938964844,83.08999633789062,773900
2016-01-27,76.77293395996094,83.66000366210938,85.66999816894531,83.12999725341797,84.33000183105469,815500
2016-01-28,76.38750457763672,83.23999786376953,85.55999755859375,82.9800033569336,84.66000366210938,578900
2016-01-29,80.93917083740234,88.19999694824219,88.97000122070312,83.08999633789062,83.37000274658203,1897600
2016-02-01,79.90220642089844,87.06999969482422,88.29000091552734,86.83999633789062,87.54000091552734,1710900
2016-02-02,79.77375030517578,86.93000030517578,87.83999633789062,85.69000244140625,86.63999938964844,1965400
2016-02-03,80.77398681640625,88.0199966430664,88.6500015258789,85.19999694824219,88.11000061035156,2036400
2016-02-04,86.05066680908203,93.7699966430664,95.44000244140625,91.5,92.26000213623047,2703300
2016-02-05,85.93133544921875,93.63999938964844,94.4800033569336,90.4000015258789,93.9000015258789,1663100
2016-02-08,81.87523651123047,89.22000122070312,92.18000030517578,87.16999816894531,91.98999786376953,1785500
2016-02-09,83.5178451538086,91.01000213623047,94.73999786376953,87.37999725341797,88.19999694824219,1856100
2016-02-10,85.41743469238281,93.08000183105469,94.25,91.37000274658203,91.8499984741211,1757800
2016-02-11,82.58179473876953,89.98999786376953,91.93000030517578,88.83000183105469,91.41999816894531,1559900
2016-02-12,84.4447021484375,92.0199966430664,92.4800033569336,89.5,91.61000061035156,1530200
2016-02-16,85.58261108398438,93.26000213623047,94.08000183105469,91.80000305175781,93.86000061035156,1067300
2016-02-17,87.49140167236328,95.33999633789062,97.04000091552734,93.80000305175781,94.38999938964844,1319000
2016-02-18,86.3718490600586,94.12000274658203,95.51000213623047,93.70999908447266,94.66999816894531,956000
2016-02-19,87.06928253173828,94.87999725341797,95.95999908447266,92.26000213623047,93.77999877929688,924200
2016-02-22,88.32913208007812,96.05000305175781,96.81999969482422,94.68000030517578,94.68000030517578,872200
2016-02-23,86.88534545898438,94.4800033569336,96.26000213623047,93.94999694824219,95.23999786376953,947700
2016-02-24,89.52465057373047,97.3499984741211,97.83999633789062,93.23999786376953,93.66999816894531,1514600
2016-02-25,90.1039810180664,97.9800033569336,98.8499984741211,96.05999755859375,97.30000305175781,655000
2016-02-26,90.79373931884766,98.7300033569336,99.69999694824219,98.45999908447266,99.2699966430664,1049600
2016-02-29,90.60981750488281,98.52999877929688,99.56999969482422,98.51000213623047,98.9800033569336,970200
2016-03-01,93.451416015625,101.62000274658203,102.26000213623047,98.27999877929688,99.76000213623047,1036900
2016-03-02,94.02157592773438,102.23999786376953,102.48999786376953,100.30000305175781,101.16999816894531,1177200
2016-03-03,94.45377349853516,102.70999908447266,103.16999816894531,101.2300033569336,102.5,1095500
2016-03-04,93.58014678955078,101.76000213623047,103.37000274658203,101.27999877929688,102.87999725341797,1255600
2016-03-07,94.73885345458984,103.0199966430664,103.16999816894531,100.87999725341797,101.31999969482422,1123800
2016-03-08,93.92042541503906,102.12999725341797,103.05000305175781,100.61000061035156,101.83999633789062,1248500
2016-03-09,94.31584930419922,102.55999755859375,103.26000213623047,101.58000183105469,103.2300033569336,1156200
2016-03-10,94.92278289794922,103.22000122070312,103.75,101.91000366210938,103.0,931600
2016-03-11,95.75963592529297,104.12999725341797,104.66999816894531,102.94000244140625,104.19999694824219,736200
2016-03-14,95.41018676757812,103.75,104.36000061035156,102.69000244140625,103.9800033569336,1030100
2016-03-15,95.19866943359375,103.5199966430664,104.26000213623047,102.30000305175781,102.83000183105469,799500
2016-03-16,95.25386810302734,103.58000183105469,103.73999786376953,102.45999908447266,103.30999755859375,1001500
2016-03-17,96.2746353149414,104.69000244140625,105.2699966430664,103.04000091552734,103.22000122070312,1090000
2016-03-18,96.94593811035156,105.41999816894531,105.69000244140625,104.56999969482422,104.91999816894531,1328200
2016-03-21,96.47693634033203,104.91000366210938,105.45999908447266,104.37999725341797,105.41999816894531,674700
2016-03-22,96.51371765136719,104.94999694824219,105.37000274658203,104.18000030517578,104.4800033569336,848000
2016-03-23,96.1918716430664,104.5999984741211,105.58999633789062,104.08000183105469,104.29000091552734,756000
2016-03-24,96.66088104248047,105.11000061035156,105.1500015258789,104.04000091552734,104.4000015258789,534300
2016-03-28,97.10226440429688,105.58999633789062,106.22000122070312,105.19000244140625,105.19000244140625,617300
2016-03-29,97.41497039794922,105.93000030517578,106.76000213623047,105.01000213623047,105.22000122070312,678000
2016-03-30,97.01030731201172,105.48999786376953,106.45999908447266,104.6500015258789,106.04000091552734,664100
2016-03-31,97.0838851928711,105.56999969482422,106.77999877929688,104.33000183105469,105.68000030517578,1162600
2016-04-01,98.59207153320312,107.20999908447266,107.77999877929688,104.9800033569336,105.25,1155800
2016-04-04,97.4793472290039,106.0,107.04000091552734,105.13999938964844,107.04000091552734,784500
2016-04-05,97.07469177246094,105.55999755859375,105.83000183105469,104.61000061035156,104.8499984741211,894900
2016-04-06,98.08627319335938,106.66000366210938,107.58000183105469,105.47000122070312,105.55000305175781,1212700
2016-04-07,97.34137725830078,105.8499984741211,106.18000030517578,105.08000183105469,105.95999908447266,788400
2016-04-08,99.31855010986328,108.0,109.0,106.91999816894531,106.91999816894531,1216600
2016-04-11,97.97592163085938,106.54000091552734,109.62999725341797,106.47000122070312,109.08000183105469,1094300
2016-04-12,97.97592163085938,106.54000091552734,106.9000015258789,105.7699966430664,106.4800033569336,1101300
2016-04-13,98.1966323852539,106.77999877929688,107.56999969482422,105.05000305175781,107.44000244140625,1410500
2016-04-14,98.0126953125,106.58000183105469,107.0,106.12000274658203,107.0,824300
2016-04-15,98.39895629882812,107.0,107.11000061035156,106.2699966430664,106.63999938964844,548400
2016-04-18,99.39213562011719,108.08000183105469,108.33999633789062,106.48999786376953,106.7699966430664,412000
2016-04-19,99.1438217163086,107.80999755859375,108.91999816894531,107.22000122070312,108.30999755859375,641700
2016-04-20,99.97150421142578,108.70999908447266,109.5999984741211,107.12000274658203,107.55000305175781,852200
2016-04-21,99.28177642822266,107.95999908447266,109.5999984741211,107.87999725341797,109.23999786376953,642700
2016-04-22,100.13700866699219,108.88999938964844,109.43000030517578,107.88999938964844,108.23999786376953,622400
2016-04-25,100.29336547851562,109.05999755859375,109.16000366210938,108.33000183105469,108.83999633789062,505300
2016-04-26,100.43128967285156,109.20999908447266,109.94000244140625,108.29000091552734,109.55000305175781,702300
2016-04-27,101.9302749633789,110.83999633789062,111.1500015258789,109.26000213623047,109.43000030517578,669000
2016-04-28,99.94390106201172,108.68000030517578,110.95999908447266,108.55000305175781,109.87999725341797,1003600
2016-04-29,98.9782943725586,107.62999725341797,108.43000030517578,106.47000122070312,108.19000244140625,1006400
2016-05-02,100.29336547851562,109.05999755859375,109.4800033569336,107.55999755859375,108.26000213623047,975200
2016-05-03,104.58798217773438,113.7300033569336,114.20999908447266,109.36000061035156,111.69999694824219,2746700
2016-05-04,103.23613739013672,112.26000213623047,114.11000061035156,109.62000274658203,113.4000015258789,2293700
2016-05-05,105.29605865478516,114.5,114.5199966430664,112.19999694824219,113.27999877929688,1441300
2016-05-06,105.231689453125,114.43000030517578,114.8499984741211,112.51000213623047,114.25,970900
2016-05-09,106.2800521850586,115.56999969482422,115.93000030517578,114.0999984741211,114.25,760000
2016-05-10,108.13766479492188,117.58999633789062,117.69000244140625,115.30999755859375,115.98999786376953,1024400
2016-05-11,105.96739959716797,115.2300033569336,118.0,115.1500015258789,117.29000091552734,840100
2016-05-12,106.78582763671875,116.12000274658203,117.12000274658203,114.91999816894531,116.0199966430664,841900
2016-05-13,106.34441375732422,115.63999938964844,116.56999969482422,115.16000366210938,115.75,594300
2016-05-16,106.80421447753906,116.13999938964844,117.56999969482422,116.08000183105469,116.43000030517578,846200
2016-05-17,106.35360717773438,115.6500015258789,116.4800033569336,114.83000183105469,115.87999725341797,734800
2016-05-18,106.22488403320312,115.51000213623047,116.55999755859375,114.87000274658203,115.19999694824219,495200
2016-05-19,104.73509979248047,113.88999938964844,114.87000274658203,113.3499984741211,114.62999725341797,951200
2016-05-20,106.44558715820312,115.75,116.18000030517578,114.62999725341797,114.6500015258789,1134400
2016-05-23,108.11927032470703,117.56999969482422,118.0999984741211,115.80000305175781,115.80000305175781,800500
2016-05-24,109.74054718017578,119.12999725341797,120.0999984741211,117.55999755859375,118.47000122070312,941400
2016-05-25,110.60646057128906,120.06999969482422,120.30999755859375,119.30999755859375,119.30999755859375,664700
2016-05-26,109.86032104492188,119.26000213623047,120.4000015258789,118.79000091552734,120.06999969482422,974000
2016-05-27,108.8102035522461,118.12000274658203,119.31999969482422,117.75,119.19999694824219,1020800
2016-05-31,107.54814910888672,116.75,118.45999908447266,115.88999938964844,118.1500015258789,883300
2016-06-01,107.79686737060547,117.0199966430664,117.68000030517578,115.7300033569336,116.01000213623047,847300
2016-06-02,106.40589141845703,115.51000213623047,116.61000061035156,114.66999816894531,116.25,1202400
2016-06-03,106.58091735839844,115.69999694824219,116.02999877929688,114.25,115.51000213623047,723400
2016-06-06,107.21649169921875,116.38999938964844,116.87000274658203,115.25,115.91999816894531,507200
2016-06-07,107.8428955078125,117.06999969482422,117.8499984741211,116.3499984741211,116.3499984741211,498400
2016-06-08,109.0312728881836,118.36000061035156,118.63999938964844,116.77999877929688,117.48999786376953,694300
2016-06-09,107.62184143066406,116.83000183105469,118.0,116.61000061035156,117.52999877929688,472900
2016-06-10,106.387451171875,115.48999786376953,116.12000274658203,114.62999725341797,116.0199966430664,476200
2016-06-13,105.27283477783203,114.27999877929688,116.12999725341797,114.23999786376953,115.05000305175781,826600
2016-06-14,105.17149353027344,114.16999816894531,114.45999908447266,112.8499984741211,114.01000213623047,704600
2016-06-15,104.62798309326172,113.58000183105469,115.38999938964844,113.54000091552734,114.4800033569336,827600
2016-06-16,105.08859252929688,114.08000183105469,114.4800033569336,112.16000366210938,112.8499984741211,831700
2016-06-17,105.00569915771484,113.98999786376953,114.2300033569336,113.08000183105469,113.86000061035156,1002200
2016-06-20,106.13876342773438,115.22000122070312,116.31999969482422,114.7300033569336,115.68000030517578,1020900
2016-06-21,107.03230285644531,116.19000244140625,116.52999877929688,115.2300033569336,115.37000274658203,898200
2016-06-22,106.663818359375,115.79000091552734,116.56999969482422,115.41000366210938,116.23999786376953,575400
2016-06-23,109.65767669677734,119.04000091552734,119.08000183105469,116.86000061035156,117.0,634500
2016-06-24,109.25233459472656,118.5999984741211,121.22000122070312,114.44999694824219,114.47000122070312,3085300
2016-06-27,104.86750793457031,113.83999633789062,117.94999694824219,113.26000213623047,117.30999755859375,1319900
2016-06-28,106.48880767822266,115.5999984741211,115.80000305175781,114.47000122070312,114.9000015258789,856900
2016-06-29,109.29837799072266,118.6500015258789,118.91999816894531,116.33000183105469,116.58999633789062,558100
2016-06-30,110.87360382080078,120.36000061035156,120.83000183105469,118.37000274658203,118.94999694824219,1123200
2016-07-01,110.43144226074219,119.87999725341797,121.2300033569336,119.04000091552734,120.56999969482422,1037200
2016-07-05,110.2287826538086,119.66000366210938,119.93000030517578,118.37000274658203,118.86000061035156,647900
2016-07-06,112.0343017578125,121.62000274658203,121.83000183105469,119.0,119.0,912000
2016-07-07,112.2093276977539,121.80999755859375,122.25,120.95999908447266,122.25,426400
2016-07-08,113.86744689941406,123.61000061035156,124.27999877929688,122.13999938964844,123.02999877929688,1323800
2016-07-11,114.20829010009766,123.9800033569336,127.16999816894531,123.5999984741211,125.72000122070312,764000
2016-07-12,115.76509094238281,125.66999816894531,126.16000366210938,124.25,125.04000091552734,825400
2016-07-13,115.90325164794922,125.81999969482422,126.4800033569336,125.52999877929688,126.2699966430664,714700
2016-07-14,114.89920043945312,124.7300033569336,126.8499984741211,124.08000183105469,126.43000030517578,849400
2016-07-15,114.96368408203125,124.80000305175781,125.61000061035156,124.33999633789062,125.13999938964844,646900
2016-07-18,115.13871002197266,124.98999786376953,125.41999816894531,123.88999938964844,124.87999725341797,655700
2016-07-19,114.7886734008789,124.61000061035156,125.02999877929688,123.77999877929688,124.37000274658203,765700
2016-07-20,115.5992660522461,125.48999786376953,126.23999786376953,123.94000244140625,124.75,649800
2016-07-21,115.53479766845703,125.41999816894531,125.63999938964844,124.0,125.16999816894531,917200
2016-07-22,116.43757629394531,126.4000015258789,126.68000030517578,125.48999786376953,125.70999908447266,548700
2016-07-25,115.2584457397461,125.12000274658203,126.94000244140625,124.9800033569336,126.01000213623047,885400
2016-07-26,114.55836486816406,124.36000061035156,124.94000244140625,123.44000244140625,124.55999755859375,1120700
2016-07-27,115.75588989257812,125.66000366210938,126.19000244140625,124.4000015258789,124.4000015258789,880800
2016-07-28,116.93501281738281,126.94000244140625,127.19999694824219,125.25,125.45999908447266,549500
2016-07-29,114.20829010009766,123.9800033569336,126.77999877929688,123.5,126.77999877929688,1602700
2016-08-01,107.14280700683594,116.30999755859375,121.86000061035156,115.6500015258789,121.11000061035156,4172700
2016-08-02,107.37310791015625,116.55999755859375,118.02999877929688,115.08999633789062,116.01000213623047,2045300
2016-08-03,108.34034729003906,117.61000061035156,118.76000213623047,115.91999816894531,116.80000305175781,1214900
2016-08-04,108.42326354980469,117.69999694824219,118.41999816894531,116.94999694824219,117.61000061035156,807600
2016-08-05,109.60240936279297,118.9800033569336,119.41999816894531,117.98999786376953,118.08000183105469,954000
2016-08-08,110.76309204101562,120.23999786376953,121.58999633789062,119.04000091552734,119.12000274658203,1422000
2016-08-09,110.14590454101562,119.56999969482422,121.19999694824219,119.19999694824219,120.37999725341797,741600
2016-08-10,111.96062469482422,121.54000091552734,121.87999725341797,119.87999725341797,120.2699966430664,1111000
2016-08-11,111.5552978515625,121.0999984741211,122.47000122070312,120.72000122070312,121.76000213623047,1017200
2016-08-12,109.54713439941406,118.91999816894531,121.69999694824219,118.58000183105469,121.19999694824219,890700
2016-08-15,110.33012390136719,119.7699966430664,120.87000274658203,118.94000244140625,119.41000366210938,892200
2016-08-16,108.71805572509766,118.0199966430664,119.70999908447266,117.56999969482422,119.70999908447266,841500
2016-08-17,108.34034729003906,117.61000061035156,117.87000274658203,114.54000091552734,117.87000274658203,1349100
2016-08-18,108.79175567626953,118.0999984741211,118.66999816894531,116.80000305175781,117.06999969482422,629800
2016-08-19,107.50211334228516,116.69999694824219,118.0999984741211,115.98999786376953,117.55999755859375,1216700
2016-08-22,109.72596740722656,118.91000366210938,119.13999938964844,115.11000061035156,116.12999725341797,858600
2016-08-23,110.22427368164062,119.44999694824219,119.73999786376953,118.77999877929688,119.20999908447266,765700
2016-08-24,110.94402313232422,120.2300033569336,120.38999938964844,118.80999755859375,119.11000061035156,1013500
2016-08-25,108.48021697998047,117.55999755859375,120.20999908447266,117.0199966430664,120.20999908447266,1234000
2016-08-26,107.11454772949219,116.08000183105469,118.43000030517578,115.45999908447266,117.83000183105469,849000
2016-08-29,107.8250503540039,116.8499984741211,117.55999755859375,115.55999755859375,116.0,575900
2016-08-30,107.25294494628906,116.2300033569336,116.98999786376953,115.79000091552734,116.98999786376953,599300
2016-08-31,105.07523345947266,113.87000274658203,116.0999984741211,113.43000030517578,116.0999984741211,1037200
2016-09-01,103.70027923583984,112.37999725341797,113.31999969482422,110.68000030517578,113.31999969482422,1918800
2016-09-02,105.63813018798828,114.4800033569336,114.5999984741211,112.73999786376953,113.44000244140625,909100
2016-09-06,104.23550415039062,112.95999908447266,115.12000274658203,112.16000366210938,114.88999938964844,895700
2016-09-07,104.2262954711914,112.94999694824219,114.4000015258789,112.45999908447266,112.95999908447266,874900
2016-09-08,102.78673553466797,111.38999938964844,113.41999816894531,111.18000030517578,112.97000122070312,1248200
2016-09-09,99.53863525390625,107.87000274658203,110.37999725341797,107.06999969482422,110.37999725341797,1509200
2016-09-12,103.451171875,112.11000061035156,112.44999694824219,107.08999633789062,107.36000061035156,1691300
2016-09-13,101.4026107788086,109.88999938964844,111.6500015258789,109.30999755859375,111.0999984741211,890500
2016-09-14,100.67362213134766,109.0999984741211,110.62999725341797,108.88999938964844,109.5,1231600
2016-09-15,101.27345275878906,109.75,110.27999877929688,108.18000030517578,109.33999633789062,1125400
2016-09-16,99.97233581542969,108.33999633789062,110.13999938964844,108.19000244140625,109.7699966430664,1823600
2016-09-19,99.24337005615234,107.55000305175781,109.66000366210938,107.18000030517578,109.12999725341797,1089600
2016-09-20,98.82809448242188,107.0999984741211,107.95999908447266,106.41999816894531,107.95999908447266,921300
2016-09-21,101.46720886230469,109.95999908447266,110.29000091552734,106.81999969482422,107.9000015258789,1197000
2016-09-22,104.14322662353516,112.86000061035156,113.01000213623047,110.94000244140625,111.3499984741211,1561000
2016-09-23,103.39579010009766,112.05000305175781,112.98999786376953,111.52999877929688,112.4800033569336,1054900
2016-09-26,104.6784439086914,113.44000244140625,114.66000366210938,110.66999816894531,111.2300033569336,1640900
2016-09-27,105.30590057373047,114.12000274658203,114.69000244140625,112.83000183105469,113.62000274658203,1624300
2016-09-28,106.63468933105469,115.55999755859375,119.31999969482422,114.29000091552734,115.11000061035156,1938300
2016-09-29,106.01643371582031,114.88999938964844,116.20999908447266,111.94999694824219,113.58000183105469,2405600
2016-09-30,104.94602966308594,113.7300033569336,115.44999694824219,113.62999725341797,115.05000305175781,1647100
2016-10-03,102.1500473022461,110.69999694824219,113.62000274658203,109.70999908447266,113.31999969482422,1491700
2016-10-04,102.27926635742188,110.83999633789062,111.11000061035156,109.3499984741211,110.83999633789062,1387400
2016-10-05,100.90431213378906,109.3499984741211,111.94000244140625,108.9000015258789,111.56999969482422,1447800
2016-10-06,102.68522644042969,111.27999877929688,111.5999984741211,108.95999908447266,109.30999755859375,1420500
2016-10-07,98.24676513671875,106.47000122070312,111.23999786376953,106.13999938964844,111.01000213623047,2746300
2016-10-10,98.94805908203125,107.2300033569336,108.76000213623047,107.0999984741211,107.72000122070312,1180600
2016-10-11,98.46821594238281,106.70999908447266,107.55999755859375,106.0199966430664,106.9800033569336,1017300
2016-10-12,99.11417388916016,107.41000366210938,107.58999633789062,106.0,106.72000122070312,1130600
2016-10-13,100.3691177368164,108.7699966430664,108.87999725341797,105.70999908447266,105.9800033569336,989500
2016-10-14,101.29188537597656,109.7699966430664,110.22000122070312,109.2699966430664,109.66000366210938,1082300
2016-10-17,103.89407348632812,112.58999633789062,113.27999877929688,109.5999984741211,110.0999984741211,1840600
2016-10-18,102.99900817871094,111.62000274658203,114.2699966430664,111.55000305175781,114.05999755859375,931000
2016-10-19,101.9009017944336,110.43000030517578,112.11000061035156,109.19000244140625,112.11000061035156,945900
2016-10-20,101.63330841064453,110.13999938964844,110.9000015258789,108.37000274658203,110.33999633789062,727000
2016-10-21,102.91593170166016,111.52999877929688,111.69000244140625,109.01000213623047,109.18000030517578,777900
2016-10-24,103.7833480834961,112.47000122070312,112.87999725341797,111.38999938964844,112.06999969482422,442700
2016-10-25,102.27002716064453,110.83000183105469,112.7300033569336,110.76000213623047,112.55999755859375,686200
2016-10-26,103.53419494628906,112.19999694824219,112.94000244140625,110.2300033569336,111.93000030517578,1060000
2016-10-27,103.20201110839844,111.83999633789062,112.38999938964844,110.62000274658203,112.19999694824219,681000
2016-10-28,103.8756332397461,112.56999969482422,114.55000305175781,111.70999908447266,112.06999969482422,1137300
2016-10-31,104.45695495605469,113.19999694824219,114.37000274658203,112.80000305175781,113.22000122070312,1010500
2016-11-01,106.6716079711914,115.5999984741211,117.19999694824219,113.80000305175781,113.80000305175781,1618000
2016-11-02,103.86638641357422,112.55999755859375,116.13999938964844,112.30999755859375,115.63999938964844,1552400
2016-11-03,105.30590057373047,114.12000274658203,114.73999786376953,111.05999755859375,112.97000122070312,1647500
2016-11-04,107.73278045654297,116.75,118.55000305175781,114.33999633789062,114.68000030517578,1605600
2016-11-07,109.25537109375,118.4000015258789,119.58999633789062,117.68000030517578,118.62999725341797,1473600
2016-11-08,110.48259735107422,119.7300033569336,120.11000061035156,118.05999755859375,118.48999786376953,1384800
2016-11-09,121.38972473144531,131.5500030517578,136.8000030517578,128.05999755859375,128.3300018310547,5374700
2016-11-10,125.53292083740234,136.0399932861328,138.17999267578125,131.8300018310547,132.4499969482422,2618000
2016-11-11,123.81656646728516,134.17999267578125,135.88999938964844,132.77999877929688,135.44000244140625,2286500
2016-11-14,124.38867950439453,134.8000030517578,135.47999572753906,132.4600067138672,135.08999633789062,3274600
2016-11-15,124.25948333740234,134.66000366210938,136.1199951171875,133.66000366210938,134.22000122070312,1772700
2016-11-16,120.22700500488281,130.2899932861328,131.89999389648438,129.72000122070312,131.67999267578125,2448400
2016-11-17,119.84870147705078,129.8800048828125,130.38999938964844,127.19999694824219,129.66000366210938,1685500
2016-11-18,118.29841613769531,128.1999969482422,130.22999572753906,128.07000732421875,129.22000122070312,1415800
2016-11-21,118.37236785888672,128.0800018310547,130.00999450683594,127.69000244140625,128.77000427246094,1208600
2016-11-22,118.29842376708984,128.0,129.1999969482422,127.22000122070312,128.99000549316406,1143600
2016-11-23,119.83263397216797,129.66000366210938,129.7899932861328,126.3499984741211,127.83000183105469,1331100
2016-11-25,122.0599594116211,132.07000732421875,132.10000610351562,130.0,130.0,690400
2016-11-28,115.1468734741211,124.58999633789062,132.17999267578125,124.44000244140625,132.17999267578125,3326300
2016-11-29,116.57013702392578,126.12999725341797,126.70999908447266,124.44999694824219,124.66000366210938,1509800
2016-11-30,116.12655639648438,125.6500015258789,128.0800018310547,125.62999725341797,127.1500015258789,1333200
2016-12-01,115.98793029785156,125.5,127.08000183105469,124.6500015258789,125.87000274658203,1590600
2016-12-02,117.42969512939453,127.05999755859375,127.58999633789062,125.0,125.31999969482422,1028800
2016-12-05,117.83636474609375,127.5,128.33999633789062,125.91999816894531,126.94999694824219,1219000
2016-12-06,118.69583129882812,128.42999267578125,128.75999450683594,127.08999633789062,127.9000015258789,746500
2016-12-07,120.0728988647461,129.9199981689453,130.33999633789062,127.69000244140625,128.5500030517578,1260900
2016-12-08,119.31509399414062,129.10000610351562,130.75,127.95999908447266,130.39999389648438,1420800
2016-12-09,118.769775390625,128.50999450683594,129.42999267578125,126.79000091552734,128.97000122070312,1054100
2016-12-12,115.57203674316406,125.05000305175781,128.61000061035156,124.77999877929688,128.25999450683594,1340400
2016-12-13,115.9232177734375,125.43000030517578,127.44000244140625,124.80000305175781,125.7300033569336,1355400
2016-12-14,115.26702880859375,124.72000122070312,126.95999908447266,123.66999816894531,125.4000015258789,1348600
2016-12-15,114.53692626953125,123.93000030517578,125.91999816894531,123.36000061035156,125.18000030517578,898500
2016-12-16,114.09329223632812,123.44999694824219,124.88999938964844,122.91999816894531,124.02999877929688,1356800
2016-12-19,114.76797485351562,124.18000030517578,124.33999633789062,121.83999633789062,123.45999908447266,1234500
2016-12-20,116.40380096435547,125.94999694824219,126.91000366210938,123.12999725341797,124.0999984741211,1011200
2016-12-21,116.62561798095703,126.19000244140625,126.80999755859375,125.79000091552734,126.05000305175781,792200
2016-12-22,115.81232452392578,125.30999755859375,126.5199966430664,124.98999786376953,125.81999969482422,552100
2016-12-23,116.07110595703125,125.58999633789062,126.1500015258789,123.87000274658203,125.62999725341797,507000
2016-12-27,117.87330627441406,127.54000091552734,128.10000610351562,125.66000366210938,125.80000305175781,403600
2016-12-28,117.23560333251953,126.8499984741211,129.7100067138672,126.52999877929688,128.64999389648438,799100
2016-12-29,117.60527038574219,127.25,128.99000549316406,126.8499984741211,127.05000305175781,781900
2016-12-30,115.66444396972656,125.1500015258789,128.3699951171875,124.7699966430664,127.7300033569336,716100
2017-01-03,115.19309997558594,124.63999938964844,127.05999755859375,123.4800033569336,126.04000091552734,1015100
2017-01-04,118.10435485839844,127.79000091552734,127.97000122070312,124.05999755859375,124.44999694824219,840500
2017-01-05,117.78089141845703,127.44000244140625,128.64999389648438,126.30999755859375,127.43000030517578,789700
2017-01-06,114.41677856445312,123.80000305175781,127.11000061035156,123.37000274658203,126.5,1104300
2017-01-09,113.41863250732422,122.72000122070312,123.80000305175781,122.56999969482422,123.58000183105469,892400
2017-01-10,114.24115753173828,123.61000061035156,123.80000305175781,122.38999938964844,123.02999877929688,687500
2017-01-11,114.12103271484375,123.4800033569336,123.75,122.5,123.75,489400
2017-01-12,113.25225830078125,122.54000091552734,123.4800033569336,120.79000091552734,123.38999938964844,833100
2017-01-13,114.97129821777344,124.4000015258789,124.5,122.69000244140625,122.72000122070312,898300
2017-01-17,114.28739166259766,123.66000366210938,124.37000274658203,121.52999877929688,124.37000274658203,750700
2017-01-18,117.65147399902344,127.30000305175781,127.62000274658203,122.80999755859375,123.7699966430664,1572200
2017-01-19,116.72727966308594,126.30000305175781,128.38999938964844,125.18000030517578,127.52999877929688,1315100
2017-01-20,120.02670288085938,129.8699951171875,130.32000732421875,126.83000183105469,126.83000183105469,1304200
2017-01-23,119.71248626708984,129.52999877929688,130.52000427246094,128.1199951171875,130.05999755859375,1107000
2017-01-24,122.31877136230469,132.35000610351562,133.35000610351562,129.7100067138672,130.35000610351562,1146700
2017-01-25,125.02666473388672,135.27999877929688,136.24000549316406,134.1300048828125,134.27999877929688,1574200
2017-01-26,124.99893188476562,135.25,136.82000732421875,134.35000610351562,135.94000244140625,955100
2017-01-27,124.17636108398438,134.36000061035156,136.0,133.91000366210938,135.8800048828125,507700
2017-01-30,120.821533203125,130.72999572753906,133.89999389648438,129.72999572753906,133.89999389648438,1739200
2017-01-31,118.60342407226562,128.3300018310547,131.60000610351562,126.83000183105469,130.77000427246094,1485900
2017-02-01,118.59419250488281,128.32000732421875,129.77000427246094,127.48999786376953,128.97000122070312,1247200
2017-02-02,118.30767059326172,128.00999450683594,130.14999389648438,127.55999755859375,128.5,1221100
2017-02-03,119.11174011230469,128.8800048828125,129.89999389648438,128.11000061035156,128.97000122070312,841800
2017-02-06,118.37236785888672,128.0800018310547,129.1199951171875,126.69000244140625,128.72999572753906,1271200
2017-02-07,112.56835174560547,121.80000305175781,125.0,120.5999984741211,120.73999786376953,4259000
2017-02-08,111.17279052734375,120.29000091552734,122.9800033569336,118.56999969482422,121.4000015258789,2892000
2017-02-09,111.36691284179688,120.5,121.38999938964844,119.77999877929688,120.29000091552734,2188500
2017-02-10,113.3077163696289,122.5999984741211,124.41000366210938,121.2699966430664,121.4800033569336,2229200
2017-02-13,113.1783218383789,122.45999908447266,129.25,122.37000274658203,124.47000122070312,2054000
2017-02-14,113.43708801269531,122.73999786376953,122.77999877929688,120.5,121.98999786376953,1606900
2017-02-15,113.77906799316406,123.11000061035156,123.97000122070312,122.3499984741211,122.77999877929688,1331600
2017-02-16,111.27446746826172,120.4000015258789,123.5199966430664,119.80000305175781,123.20999908447266,1563500
2017-02-17,110.28557586669922,119.33000183105469,120.56999969482422,118.2699966430664,120.25,1471700
2017-02-21,112.12474822998047,121.31999969482422,122.41999816894531,119.80000305175781,119.95999908447266,1572400
2017-02-22,111.26343536376953,120.13999938964844,122.16999816894531,120.0,121.30000305175781,1144800
2017-02-23,107.75347900390625,116.3499984741211,120.76000213623047,114.80000305175781,120.33000183105469,3562500
2017-02-24,109.11486053466797,117.81999969482422,118.41999816894531,114.0999984741211,114.77999877929688,1792300
2017-02-27,111.68946838378906,120.5999984741211,122.7699966430664,116.81999969482422,117.2699966430664,1894100
2017-02-28,111.69873809814453,120.61000061035156,121.87000274658203,119.80000305175781,120.97000122070312,1590000
2017-03-01,115.190185546875,124.37999725341797,125.30000305175781,122.54000091552734,123.16999816894531,2631800
2017-03-02,112.35626983642578,121.31999969482422,124.2699966430664,121.0,124.25,1597200
2017-03-03,112.49518585205078,121.47000122070312,122.33999633789062,120.56999969482422,121.55000305175781,1441000
2017-03-06,111.3375473022461,120.22000122070312,121.5,119.70999908447266,120.55000305175781,998700
2017-03-07,109.62423706054688,118.37000274658203,120.23999786376953,117.66000366210938,120.0,1313900
2017-03-08,110.30956268310547,119.11000061035156,120.33000183105469,118.37000274658203,118.62999725341797,894000
2017-03-09,108.26285552978516,116.9000015258789,119.94999694824219,115.4800033569336,118.91999816894531,1837400
2017-03-10,109.97615051269531,118.75,120.26000213623047,116.9000015258789,118.16999816894531,1656500
2017-03-13,110.75408935546875,119.58999633789062,119.7300033569336,118.18000030517578,118.87000274658203,1255700
2017-03-14,109.22599792480469,117.94000244140625,119.54000091552734,117.6500015258789,118.55999755859375,803200
2017-03-15,110.05025482177734,118.83000183105469,119.26000213623047,116.9000015258789,118.13999938964844,2084700
2017-03-16,107.79051971435547,116.38999938964844,119.58000183105469,115.83000183105469,119.51000213623047,1955700
2017-03-17,107.8646011352539,116.47000122070312,117.62000274658203,116.33999633789062,116.55000305175781,1759800
2017-03-20,106.54952239990234,115.05000305175781,116.95999908447266,114.58999633789062,116.81999969482422,1370200
2017-03-21,105.66971588134766,114.0999984741211,116.16000366210938,113.69999694824219,115.8499984741211,1298000
2017-03-22,106.78105163574219,115.30000305175781,115.56999969482422,113.33999633789062,114.0,1231300
2017-03-23,106.86441040039062,115.38999938964844,116.30000305175781,114.37000274658203,115.27999877929688,1193200
2017-03-24,104.41020202636719,112.73999786376953,115.2300033569336,111.52999877929688,114.94999694824219,1661700
2017-03-27,104.18792724609375,112.5,113.05000305175781,108.94999694824219,110.0,1899700
2017-03-28,106.13275909423828,114.5999984741211,115.44000244140625,112.13999938964844,112.25,1699500
2017-03-29,109.42973327636719,118.16000366210938,118.77999877929688,114.91999816894531,115.30000305175781,2030400
2017-03-30,108.99449920654297,117.69000244140625,121.5999984741211,116.86000061035156,120.51000213623047,2099900
2017-03-31,111.57830810546875,120.4800033569336,121.04000091552734,117.25,117.33999633789062,1676700
2017-04-03,110.54109954833984,119.36000061035156,120.69000244140625,117.87999725341797,120.12999725341797,1269000
2017-04-04,110.439208984375,119.25,119.94999694824219,118.36000061035156,119.33000183105469,1149100
2017-04-05,109.48530578613281,118.22000122070312,121.16999816894531,118.0,119.7699966430664,1513500
2017-04-06,110.5318374633789,119.3499984741211,120.26000213623047,118.4000015258789,118.5,1012600
2017-04-07,114.82898712158203,123.98999786376953,124.29000091552734,120.94999694824219,120.94999694824219,2923900
2017-04-10,112.37479400634766,121.33999633789062,123.76000213623047,121.0,123.76000213623047,1480800
2017-04-11,112.23585510253906,121.19000244140625,121.6500015258789,118.88999938964844,120.87999725341797,893000
2017-04-12,109.22599792480469,117.94000244140625,120.91999816894531,117.30000305175781,120.91999816894531,1217000
2017-04-13,108.6147689819336,117.27999877929688,118.11000061035156,116.26000213623047,117.3499984741211,1263000
2017-04-17,109.4575424194336,118.19000244140625,118.62000274658203,117.29000091552734,117.45999908447266,728700
2017-04-18,108.26285552978516,116.9000015258789,118.33999633789062,116.37000274658203,117.58000183105469,753000
2017-04-19,108.73514556884766,117.41000366210938,118.9000015258789,116.93000030517578,117.76000213623047,841400
2017-04-20,110.97636413574219,119.83000183105469,120.5199966430664,117.76000213623047,117.9800033569336,793800
2017-04-21,112.03214263916016,120.97000122070312,121.3499984741211,119.27999877929688,119.91999816894531,1192800
2017-04-24,113.00454711914062,122.0199966430664,122.7699966430664,121.44999694824219,122.12000274658203,974400
2017-04-25,112.4766616821289,121.44999694824219,123.44000244140625,121.18000030517578,122.75,1128600
2017-04-26,111.80988311767578,120.7300033569336,121.51000213623047,120.25,121.51000213623047,898500
2017-04-27,113.7269287109375,122.80000305175781,122.9800033569336,119.91999816894531,120.8499984741211,711700
2017-04-28,111.94880676269531,120.87999725341797,122.69000244140625,120.76000213623047,122.62999725341797,758600
2017-05-01,114.23627471923828,123.3499984741211,125.19999694824219,120.93000030517578,121.26000213623047,1513100
2017-05-02,118.95948028564453,128.4499969482422,129.33999633789062,125.94999694824219,126.06999969482422,2596400
2017-05-03,118.1629867553711,127.58999633789062,129.32000732421875,126.87000274658203,127.55999755859375,1160100
2017-05-04,118.85759735107422,128.33999633789062,129.33999633789062,126.91000366210938,127.68000030517578,1095400
2017-05-05,118.30191802978516,127.73999786376953,128.8699951171875,127.30999755859375,128.33999633789062,922200
2017-05-08,117.31097412109375,126.66999816894531,127.4000015258789,124.97000122070312,127.4000015258789,967500
2017-05-09,116.79237365722656,126.11000061035156,127.11000061035156,125.48999786376953,127.0,1376600
2017-05-10,120.97840881347656,130.6300048828125,133.7899932861328,129.41000366210938,129.77000427246094,2414700
2017-05-11,119.50587463378906,129.0399932861328,130.0,126.81999969482422,129.5500030517578,1576700
2017-05-12,118.7742691040039,128.25,129.0,127.26000213623047,129.0,942300
2017-05-15,121.05248260498047,130.7100067138672,130.8300018310547,126.80000305175781,128.4199981689453,1176300
2017-05-16,118.84834289550781,128.3300018310547,130.7100067138672,128.30999755859375,130.7100067138672,766800
2017-05-17,115.67176055908203,124.9000015258789,128.3300018310547,122.88999938964844,128.3300018310547,1652400
2017-05-18,116.74605560302734,126.05999755859375,126.9800033569336,123.38999938964844,124.38999938964844,932200
2017-05-19,116.64418029785156,125.94999694824219,127.86000061035156,125.54000091552734,126.77999877929688,774000
2017-05-22,117.78556823730469,126.93000030517578,127.43000030517578,125.75,126.18000030517578,587800
2017-05-23,117.52574157714844,126.6500015258789,128.4499969482422,126.23999786376953,127.05999755859375,769600
2017-05-24,116.1059799194336,125.12000274658203,126.41999816894531,123.3499984741211,126.19999694824219,1491200
2017-05-25,118.54650115966797,127.75,130.10000610351562,125.52999877929688,125.73999786376953,1984400
2017-05-26,117.32159423828125,126.43000030517578,127.47000122070312,125.19999694824219,127.05999755859375,996800
2017-05-30,116.041015625,125.05000305175781,125.97000122070312,124.29000091552734,125.61000061035156,897400
2017-05-31,115.66984558105469,124.6500015258789,125.37999725341797,123.86000061035156,125.04000091552734,1158200
2017-06-01,117.69277954101562,126.83000183105469,127.41999816894531,124.4000015258789,125.0999984741211,1128800
2017-06-02,117.16384887695312,126.26000213623047,126.83000183105469,126.01000213623047,126.66999816894531,727000
2017-06-05,116.83908081054688,125.91000366210938,126.87000274658203,125.5,125.86000061035156,773300
2017-06-06,116.14308166503906,125.16000366210938,126.06999969482422,124.47000122070312,125.30999755859375,833100
2017-06-07,117.5813980102539,126.70999908447266,128.07000732421875,125.47000122070312,125.75,855600
2017-06-08,119.0939712524414,128.33999633789062,129.89999389648438,126.37999725341797,126.70999908447266,1214800
2017-06-09,120.94058990478516,130.3300018310547,131.69000244140625,128.39999389648438,128.75,1050400
2017-06-12,120.55084991455078,129.91000366210938,130.80999755859375,128.0,129.58999633789062,1027300
2017-06-13,122.73155975341797,132.25999450683594,132.5399932861328,130.17999267578125,130.36000061035156,769900
2017-06-14,119.90132141113281,129.2100067138672,132.11000061035156,128.8000030517578,132.0,1001900
2017-06-15,119.37234497070312,128.63999938964844,128.97000122070312,126.58000183105469,127.56999969482422,656700
2017-06-16,120.05906677246094,129.3800048828125,130.3800048828125,128.4199981689453,128.63999938964844,904900
2017-06-19,120.85711669921875,130.24000549316406,130.97999572753906,129.3699951171875,130.0399932861328,534400
2017-06-20,120.20752716064453,129.5399932861328,130.24000549316406,128.58999633789062,129.72999572753906,895900
2017-06-21,118.93623352050781,128.1699981689453,130.30999755859375,127.80000305175781,129.55999755859375,821300
2017-06-22,120.02195739746094,129.33999633789062,130.22000122070312,127.5999984741211,128.16000366210938,733800
2017-06-23,122.70375061035156,132.22999572753906,132.61000061035156,129.1300048828125,129.3800048828125,1218100
2017-06-26,123.86371612548828,133.47999572753906,134.9199981689453,132.25,133.38999938964844,1457600
2017-06-27,121.91495513916016,131.3800048828125,132.94000244140625,131.0500030517578,132.8000030517578,1148000
2017-06-28,120.81998443603516,130.1999969482422,132.66000366210938,130.11000061035156,132.27999877929688,1098200
2017-06-29,117.85978698730469,127.01000213623047,129.9600067138672,126.0199966430664,129.9600067138672,1268400
2017-06-30,117.5535659790039,126.68000030517578,128.47000122070312,125.66999816894531,127.44999694824219,1273700
2017-07-03,117.98043060302734,127.13999938964844,127.91999816894531,125.55000305175781,127.2300033569336,701500
2017-07-05,120.63439178466797,130.0,130.0,127.27999877929688,127.41000366210938,1538700
2017-07-06,120.12400817871094,129.4499969482422,130.1199951171875,128.1699981689453,129.25,1434100
2017-07-07,118.93623352050781,128.1699981689453,129.47000122070312,127.47000122070312,129.4199981689453,1064600
2017-07-10,116.84830474853516,125.91999816894531,127.5999984741211,125.61000061035156,127.5999984741211,1055100
2017-07-11,116.07813262939453,125.08999633789062,126.38999938964844,123.58999633789062,126.38999938964844,1044400
2017-07-12,117.071044921875,126.16000366210938,126.9800033569336,125.12999725341797,126.9800033569336,951900
2017-07-13,116.30084228515625,125.33000183105469,127.27999877929688,124.61000061035156,126.0,1048700
2017-07-14,115.95748901367188,124.95999908447266,126.25,124.6500015258789,125.66999816894531,566400
2017-07-17,115.6976547241211,124.68000030517578,125.73999786376953,124.05000305175781,124.55000305175781,794600
2017-07-18,114.16655731201172,123.02999877929688,124.4000015258789,122.54000091552734,123.80000305175781,836100
2017-07-19,116.4307632446289,125.47000122070312,125.54000091552734,122.87999725341797,123.2699966430664,990100
2017-07-20,116.2729721069336,125.30000305175781,126.06999969482422,124.11000061035156,125.29000091552734,585500
2017-07-21,117.098876953125,126.19000244140625,126.19000244140625,124.69999694824219,124.83000183105469,608900
2017-07-24,117.38655090332031,126.5,126.87999725341797,125.06999969482422,126.0199966430664,871000
2017-07-25,117.94332885742188,127.0999984741211,128.25999450683594,126.43000030517578,127.29000091552734,876100
2017-07-26,116.59777069091797,125.6500015258789,127.02999877929688,124.6500015258789,126.88999938964844,1086800
2017-07-27,115.1037826538086,124.04000091552734,125.97000122070312,123.6500015258789,125.36000061035156,1000700
2017-07-28,115.06665802001953,124.0,124.3499984741211,121.9000015258789,123.93000030517578,1667400
2017-07-31,114.25005340576172,123.12000274658203,124.54000091552734,123.01000213623047,124.38999938964844,1245000
2017-08-01,110.61244201660156,119.19999694824219,124.54000091552734,116.27999877929688,123.80000305175781,3276900
2017-08-02,114.25005340576172,123.12000274658203,123.5,114.51000213623047,120.01000213623047,4817400
2017-08-03,111.49401092529297,120.1500015258789,124.25,119.6500015258789,123.1500015258789,1941100
2017-08-04,113.0622787475586,121.83999633789062,122.69000244140625,119.69000244140625,120.33000183105469,1168200
2017-08-07,112.11576843261719,120.81999969482422,123.11000061035156,120.80000305175781,121.58999633789062,1132000
2017-08-08,109.86080169677734,118.38999938964844,120.55000305175781,118.23999786376953,120.55000305175781,1134800
2017-08-09,109.38755798339844,117.87999725341797,118.37000274658203,116.69999694824219,118.1500015258789,1244900
2017-08-10,106.4459457397461,114.70999908447266,117.62999725341797,114.66999816894531,117.5,1334700
2017-08-11,105.97266387939453,114.19999694824219,115.19000244140625,113.94000244140625,114.81999969482422,1072800
2017-08-14,106.8727798461914,115.16999816894531,115.47000122070312,113.87999725341797,114.9000015258789,1565100
2017-08-15,108.20903778076172,116.61000061035156,117.43000030517578,115.37999725341797,115.37999725341797,1274800
2017-08-16,107.72650909423828,116.08999633789062,117.55999755859375,115.41000366210938,117.1500015258789,876400
2017-08-17,105.88915252685547,114.11000061035156,116.01000213623047,114.05000305175781,115.41000366210938,766300
2017-08-18,105.75924682617188,113.97000122070312,114.55000305175781,112.12000274658203,113.91999816894531,922600
2017-08-21,104.68977355957031,112.56999969482422,113.98999786376953,111.7699966430664,113.98999786376953,1021600
2017-08-22,107.09843444824219,115.16000366210938,115.41000366210938,112.8499984741211,112.94999694824219,1227100
2017-08-23,106.60552978515625,114.62999725341797,114.87000274658203,113.30999755859375,114.05999755859375,1265500
2017-08-24,106.33585357666016,114.33999633789062,115.38999938964844,113.76000213623047,115.12000274658203,1029900
2017-08-25,105.21051788330078,113.12999725341797,114.69000244140625,111.8499984741211,114.69000244140625,1383000
2017-08-28,107.8238296508789,115.94000244140625,115.94999694824219,112.0999984741211,113.45999908447266,1655100
2017-08-29,108.34464263916016,116.5,117.12999725341797,114.86000061035156,115.44000244140625,1777800
2017-08-30,113.32942199707031,121.86000061035156,122.11000061035156,116.5999984741211,116.5999984741211,2265000
2017-08-31,112.77143096923828,121.26000213623047,123.31999969482422,119.7300033569336,122.81999969482422,2081100
2017-09-01,112.7155990600586,121.19999694824219,121.91999816894531,119.2300033569336,121.91999816894531,1253800
2017-09-05,109.86980438232422,118.13999938964844,120.91000366210938,117.66000366210938,120.19999694824219,1503200
2017-09-06,110.71614074707031,119.05000305175781,119.69999694824219,117.16999816894531,118.13999938964844,1489500
2017-09-07,111.34849548339844,119.7300033569336,120.1500015258789,118.33999633789062,119.54000091552734,1154700
2017-09-08,113.01321411132812,121.5199966430664,121.5999984741211,118.9800033569336,119.87999725341797,1071900
2017-09-11,108.80962371826172,117.0,121.38999938964844,116.88999938964844,121.0,1459600
2017-09-12,109.7396240234375,118.0,118.54000091552734,117.12000274658203,117.52999877929688,927200
2017-09-13,108.82823181152344,117.0199966430664,117.62999725341797,115.0199966430664,117.55000305175781,1063800
2017-09-14,106.52183532714844,114.54000091552734,116.51000213623047,114.29000091552734,116.33999633789062,1368000
2017-09-15,105.28495025634766,113.20999908447266,114.61000061035156,112.83000183105469,114.11000061035156,1933200
2017-09-18,107.49832916259766,115.58999633789062,116.87000274658203,113.80000305175781,113.80000305175781,1613600
2017-09-19,107.11705017089844,115.18000030517578,115.95999908447266,113.88999938964844,115.66999816894531,1122300
2017-09-20,109.92562866210938,118.19999694824219,118.20999908447266,115.33999633789062,115.72000122070312,1488300
2017-09-21,108.80962371826172,117.0,118.80999755859375,116.4000015258789,118.52999877929688,905300
2017-09-22,108.50272369384766,116.66999816894531,117.36000061035156,116.1500015258789,117.0,609100
2017-09-25,107.62854766845703,115.7300033569336,116.93000030517578,114.81999969482422,116.5199966430664,947700
2017-09-26,107.77734375,115.88999938964844,116.48999786376953,114.5999984741211,115.87999725341797,626100
2017-09-27,110.51155853271484,118.83000183105469,120.0999984741211,116.05999755859375,116.30999755859375,1027600
2017-09-28,110.78124237060547,119.12000274658203,120.36000061035156,118.9000015258789,118.95999908447266,1114900
2017-09-29,111.22763061523438,119.5999984741211,120.01000213623047,118.33000183105469,119.19000244140625,955700
2017-10-02,110.60453033447266,118.93000030517578,120.33000183105469,118.16000366210938,119.58000183105469,1042200
2017-10-03,111.32991790771484,119.70999908447266,119.9000015258789,117.87999725341797,119.37000274658203,996500
2017-10-04,110.2883529663086,118.58999633789062,119.66999816894531,117.80000305175781,119.66999816894531,570700
2017-10-05,112.41802978515625,120.87999725341797,120.93000030517578,118.08999633789062,118.55999755859375,1111700
2017-10-06,111.83213806152344,120.25,120.87999725341797,119.25,119.9000015258789,1220600
2017-10-09,111.77632904052734,120.19000244140625,121.18000030517578,119.43000030517578,120.3499984741211,732700
2017-10-10,110.67893981933594,119.01000213623047,120.48999786376953,118.08999633789062,120.48999786376953,886000
2017-10-11,109.07003784179688,117.27999877929688,119.3499984741211,116.83999633789062,119.11000061035156,1002900
2017-10-12,109.54431915283203,117.79000091552734,118.37999725341797,116.58000183105469,116.76000213623047,1010900
2017-10-13,108.14002227783203,116.27999877929688,118.66999816894531,116.08000183105469,118.66999816894531,939500
2017-10-16,109.11654663085938,117.33000183105469,117.44999694824219,115.01000213623047,116.63999938964844,785700
2017-10-17,108.81893157958984,117.01000213623047,117.81999969482422,116.62999725341797,116.88999938964844,613400
2017-10-18,108.75383758544922,116.94000244140625,117.5999984741211,116.88999938964844,117.5199966430664,567000
2017-10-19,111.6368408203125,120.04000091552734,120.33000183105469,116.1500015258789,116.31999969482422,1419200
2017-10-20,113.09693145751953,121.61000061035156,122.54000091552734,120.08000183105469,120.58000183105469,1107000
2017-10-23,112.6040267944336,121.08000183105469,122.0,120.19000244140625,121.5999984741211,954600
2017-10-24,115.09642028808594,123.76000213623047,123.8499984741211,121.16999816894531,121.16999816894531,1045900
2017-10-25,113.76654052734375,122.33000183105469,123.5,121.33999633789062,123.25,1439300
2017-10-26,114.39892578125,123.01000213623047,123.94000244140625,120.91000366210938,123.0,1339700
2017-10-27,113.87812805175781,122.44999694824219,123.08999633789062,121.30999755859375,122.55000305175781,887100
2017-10-30,113.43172454833984,121.97000122070312,123.16999816894531,121.27999877929688,122.19000244140625,1348500
2017-10-31,113.22712707519531,121.75,123.01000213623047,121.68000030517578,122.5,961500
2017-11-01,112.54824829101562,121.0199966430664,122.69999694824219,120.08000183105469,122.55000305175781,1788500
2017-11-02,115.57071685791016,124.2699966430664,128.77000427246094,122.2699966430664,122.86000061035156,3874700
2017-11-03,117.57952117919922,126.43000030517578,126.45999908447266,123.08999633789062,123.80000305175781,1557900
2017-11-06,115.88691711425781,124.61000061035156,126.43000030517578,123.6500015258789,126.19999694824219,1006500
2017-11-07,114.07341003417969,122.66000366210938,125.0,121.62999725341797,124.30000305175781,1283300
2017-11-08,115.22662353515625,123.9000015258789,124.18000030517578,122.06999969482422,122.95999908447266,870300
2017-11-09,115.95198822021484,124.68000030517578,124.87000274658203,122.51000213623047,123.44999694824219,1024400
2017-11-10,115.4032974243164,124.08999633789062,124.51000213623047,122.37000274658203,124.0999984741211,991100
2017-11-13,115.31031799316406,123.98999786376953,124.5,123.26000213623047,123.33000183105469,726200
2017-11-14,115.2452163696289,123.91999816894531,124.18000030517578,122.58000183105469,123.9000015258789,828800
2017-11-15,113.05042266845703,121.55999755859375,123.70999908447266,121.26000213623047,123.61000061035156,1005500
2017-11-16,115.18011474609375,123.8499984741211,125.7300033569336,121.37000274658203,122.1500015258789,1051000
2017-11-17,114.42681884765625,123.04000091552734,124.98999786376953,122.91000366210938,123.26000213623047,957400
2017-11-20,115.19871520996094,123.87000274658203,125.37999725341797,122.72000122070312,122.94999694824219,783400
2017-11-21,114.37866973876953,122.73999786376953,123.87000274658203,122.04000091552734,123.87000274658203,837200
2017-11-22,114.48116302490234,122.8499984741211,123.63999938964844,122.0199966430664,122.88999938964844,609800
2017-11-24,113.98725891113281,122.31999969482422,122.97000122070312,121.76000213623047,122.61000061035156,287600
2017-11-27,111.48052978515625,119.62999725341797,122.55999755859375,118.58999633789062,122.25,1466200
2017-11-28,113.37222290039062,121.66000366210938,121.75,119.72000122070312,119.9800033569336,832500
2017-11-29,116.3542251586914,124.86000061035156,125.54000091552734,121.3499984741211,121.9800033569336,1157300
2017-11-30,117.0904312133789,125.6500015258789,126.61000061035156,123.5,124.5999984741211,1540500
2017-12-01,112.9529037475586,121.20999908447266,125.8499984741211,120.47000122070312,125.7300033569336,1911000
2017-12-04,116.71766662597656,125.25,126.77999877929688,122.0999984741211,122.69000244140625,1860500
2017-12-05,114.35070037841797,122.70999908447266,126.2699966430664,121.5999984741211,123.88999938964844,1025800
2017-12-06,112.85971069335938,121.11000061035156,122.7699966430664,121.04000091552734,122.25,1238600
2017-12-07,116.3729019165039,124.87999725341797,125.80000305175781,120.58000183105469,121.29000091552734,1688500
2017-12-08,117.30476379394531,125.87999725341797,127.62000274658203,125.05000305175781,125.54000091552734,1359300
2017-12-11,114.5464096069336,122.91999816894531,125.62000274658203,122.3499984741211,125.01000213623047,1187800
2017-12-12,113.23246002197266,121.51000213623047,124.87000274658203,120.91000366210938,123.08999633789062,1225800
2017-12-13,114.72348022460938,123.11000061035156,123.97000122070312,121.38999938964844,122.16999816894531,1472600
2017-12-14,112.04896545410156,120.23999786376953,123.11000061035156,119.3499984741211,123.05999755859375,1229100
2017-12-15,112.5894546508789,120.81999969482422,122.58999633789062,120.56999969482422,121.44999694824219,1448900
2017-12-18,113.97795867919922,122.30999755859375,123.5,120.0,121.5,1160700
2017-12-19,111.1357192993164,119.26000213623047,122.86000061035156,118.8499984741211,122.48999786376953,1433000
2017-12-20,110.87480163574219,118.9800033569336,120.37000274658203,117.73999786376953,120.22000122070312,1398700
2017-12-21,114.48116302490234,122.8499984741211,122.91999816894531,118.69000244140625,119.87000274658203,1344200
2017-12-22,115.76717376708984,124.2300033569336,125.68000030517578,119.98999786376953,122.55999755859375,1158200
2017-12-26,118.08755493164062,126.72000122070312,127.8499984741211,124.0,124.0199966430664,958100
2017-12-27,118.79573822021484,127.4800033569336,127.88999938964844,125.88999938964844,127.1500015258789,801300
2017-12-28,118.90758514404297,127.5999984741211,127.97000122070312,126.55999755859375,127.5,745700
2017-12-29,119.6251449584961,128.3699951171875,129.6300048828125,127.02999877929688,128.47999572753906,967600
2018-01-02,122.88671875,131.8699951171875,132.32000732421875,128.9600067138672,129.75,1869700
2018-01-03,125.14183044433594,134.2899932861328,135.0,132.22999572753906,132.58999633789062,2600900
2018-01-04,124.29386901855469,133.3800048828125,135.4499969482422,132.5500030517578,135.0800018310547,1325900
2018-01-05,122.9146499633789,131.89999389648438,134.0,130.86000061035156,133.4499969482422,1285300
2018-01-08,124.815673828125,133.94000244140625,134.0800018310547,129.8000030517578,131.89999389648438,993300
2018-01-09,125.0020751953125,134.13999938964844,135.60000610351562,133.49000549316406,133.83999633789062,1229000
2018-01-10,123.38058471679688,132.39999389648438,133.72999572753906,131.4600067138672,133.24000549316406,1330800
2018-01-11,125.97122955322266,135.17999267578125,135.88999938964844,132.66000366210938,133.3699951171875,916300
2018-01-12,124.84366607666016,133.97000122070312,135.35000610351562,133.61000061035156,135.27000427246094,915900
2018-01-16,124.5827407836914,133.69000244140625,136.32000732421875,132.94000244140625,134.35000610351562,1602800
2018-01-17,125.412109375,134.5800018310547,135.4499969482422,133.7100067138672,134.55999755859375,698100
2018-01-18,125.95257568359375,135.16000366210938,136.49000549316406,134.17999267578125,134.85000610351562,1371700
2018-01-19,125.83145904541016,135.02999877929688,137.64999389648438,134.42999267578125,135.88999938964844,1428300
2018-01-22,123.93975067138672,133.0,135.1999969482422,132.02000427246094,135.1999969482422,1443600
2018-01-23,125.6916732788086,134.8800048828125,135.22000122070312,131.8000030517578,132.75999450683594,1118200
2018-01-24,126.26009368896484,135.49000549316406,136.9600067138672,133.32000732421875,134.6999969482422,1297900
2018-01-25,129.10227966308594,138.5399932861328,139.19000244140625,135.24000549316406,136.11000061035156,1094000
2018-01-26,131.4972381591797,141.11000061035156,141.1999969482422,138.5399932861328,139.02000427246094,1570800
2018-01-29,129.45645141601562,138.9199981689453,141.0,138.17999267578125,141.0,1400900
2018-01-30,130.30445861816406,139.8300018310547,140.80999755859375,137.52000427246094,138.22999572753906,1782800
2018-01-31,126.17623138427734,135.39999389648438,140.49000549316406,132.75,140.49000549316406,2190500
2018-02-01,125.0859146118164,134.22999572753906,136.94000244140625,133.9199981689453,134.61000061035156,2100200
2018-02-02,122.07596588134766,131.0,133.85000610351562,129.99000549316406,132.89999389648438,1861500
2018-02-05,116.67110443115234,125.19999694824219,131.2899932861328,123.06999969482422,130.1300048828125,2381000
2018-02-06,118.14348602294922,126.77999877929688,128.66000366210938,122.73999786376953,123.12999725341797,1746600
2018-02-07,119.5040054321289,128.24000549316406,131.27000427246094,125.62999725341797,125.91999816894531,1551700
2018-02-08,113.19517517089844,121.47000122070312,128.6199951171875,121.4000015258789,128.47999572753906,1734200
2018-02-09,116.48470306396484,125.0,126.12000274658203,119.33999633789062,122.30999755859375,1390400
2018-02-12,118.49756622314453,127.16000366210938,128.41000366210938,125.37999725341797,126.4000015258789,1613800
2018-02-13,120.55702209472656,129.3699951171875,132.02999877929688,128.0,128.1999969482422,1688200
2018-02-14,120.78998565673828,129.6199951171875,130.05999755859375,126.4800033569336,128.07000732421875,1333200
2018-02-15,124.3777084350586,133.47000122070312,134.44000244140625,130.1699981689453,130.97999572753906,1867300
2018-02-16,117.94776916503906,126.56999969482422,131.5399932861328,125.5,128.0,3235500
2018-02-20,115.99081420898438,124.47000122070312,126.66999816894531,122.51000213623047,125.66999816894531,1881900
2018-02-21,113.72636413574219,122.04000091552734,125.94999694824219,121.87999725341797,124.62999725341797,1667600
2018-02-22,114.06259155273438,122.12000274658203,123.62000274658203,120.66999816894531,122.18000030517578,1404000
2018-02-23,113.66094970703125,121.69000244140625,123.16999816894531,121.11000061035156,122.9800033569336,1279500
2018-02-26,113.71701049804688,121.75,122.30000305175781,119.62000274658203,121.69000244140625,1311600
2018-02-27,111.02701568603516,118.87000274658203,121.98999786376953,118.30000305175781,121.4000015258789,2051300
2018-02-28,109.9622573852539,117.7300033569336,120.02999877929688,117.66000366210938,119.33000183105469,1359200
2018-03-01,109.34577941894531,117.06999969482422,119.66000366210938,115.83999633789062,118.36000061035156,1327800
2018-03-02,109.9715576171875,117.73999786376953,118.36000061035156,114.2300033569336,116.02999877929688,1806900
2018-03-05,109.9622573852539,117.7300033569336,118.5,115.58999633789062,117.63999938964844,1561000
2018-03-06,111.53138732910156,119.41000366210938,120.3499984741211,117.77999877929688,118.3499984741211,1155500
2018-03-07,111.23250579833984,119.08999633789062,119.51000213623047,117.08000183105469,117.91000366210938,891300
2018-03-08,111.31657409667969,119.18000030517578,121.19999694824219,117.4000015258789,119.30000305175781,1699500
2018-03-09,113.20326232910156,121.19999694824219,121.52999877929688,119.80999755859375,120.1500015258789,947800
2018-03-12,113.00714874267578,120.98999786376953,121.68000030517578,120.08000183105469,121.58999633789062,739800
2018-03-13,113.64226531982422,121.66999816894531,123.44999694824219,121.41999816894531,121.79000091552734,1058200
2018-03-14,112.48410034179688,120.43000030517578,122.0,119.12000274658203,122.0,888900
2018-03-15,110.13968658447266,117.91999816894531,120.91000366210938,117.63999938964844,120.5199966430664,1009400
2018-03-16,109.39250946044922,117.12000274658203,118.26000213623047,115.62999725341797,116.19999694824219,1871400
2018-03-19,107.31896209716797,114.9000015258789,116.52999877929688,113.58999633789062,116.4000015258789,1391500
2018-03-20,106.6091079711914,114.13999938964844,116.0,112.97000122070312,115.12000274658203,1116000
2018-03-21,107.23489379882812,114.80999755859375,116.31999969482422,113.83999633789062,114.55000305175781,1043400
2018-03-22,106.104736328125,113.5999984741211,115.56999969482422,113.5199966430664,113.9000015258789,1334300
2018-03-23,107.97276306152344,115.5999984741211,117.37999725341797,113.9800033569336,114.2699966430664,1688700
2018-03-26,109.00020599365234,116.69999694824219,118.06999969482422,114.88999938964844,117.87999725341797,1618000
2018-03-27,107.16018676757812,114.7300033569336,117.25,114.05999755859375,116.69999694824219,1418600
2018-03-28,103.95648956298828,111.30000305175781,114.61000061035156,110.2300033569336,114.43000030517578,1648800
2018-03-29,106.63713836669922,114.16999816894531,114.91000366210938,111.4000015258789,112.2300033569336,1600500
2018-04-02,104.83447265625,112.23999786376953,114.38999938964844,109.95999908447266,113.83000183105469,1836000
2018-04-03,105.27346801757812,112.70999908447266,113.18000030517578,111.16000366210938,112.29000091552734,1440700
2018-04-04,106.8613052368164,114.41000366210938,114.5199966430664,110.01000213623047,110.52999877929688,937100
2018-04-05,109.27107238769531,116.98999786376953,117.37999725341797,114.55999755859375,114.88999938964844,1570500
2018-04-06,106.06737518310547,113.55999755859375,116.05000305175781,112.81999969482422,116.05000305175781,1409500
2018-04-09,105.46024322509766,112.91000366210938,114.80999755859375,112.29000091552734,113.72000122070312,1748400
2018-04-10,108.43978118896484,116.0999984741211,116.43000030517578,113.79000091552734,114.2300033569336,1140100
2018-04-11,107.4123764038086,115.0,115.51000213623047,114.27999877929688,115.01000213623047,879600
2018-04-12,107.30962371826172,114.88999938964844,115.72000122070312,114.55000305175781,115.36000061035156,885100
2018-04-13,105.36686706542969,112.80999755859375,115.70999908447266,112.08000183105469,114.9800033569336,1470900
2018-04-16,107.16951751708984,114.73999786376953,115.47000122070312,112.69000244140625,113.94000244140625,1188800
2018-04-17,109.99960327148438,117.7699966430664,118.27999877929688,114.25,115.37999725341797,1905000
2018-04-18,110.5693359375,118.37999725341797,118.86000061035156,117.26000213623047,117.76000213623047,2103000
2018-04-19,107.7206039428711,115.33000183105469,118.80000305175781,114.9000015258789,118.45999908447266,1338600
2018-04-20,106.24484252929688,113.75,116.13999938964844,113.22000122070312,115.87000274658203,1111500
2018-04-23,106.29153442382812,113.80000305175781,114.69999694824219,113.19000244140625,113.86000061035156,795700
2018-04-24,104.01254272460938,111.36000061035156,115.33999633789062,110.0,114.66999816894531,1006800
2018-04-25,104.72237396240234,112.12000274658203,112.4000015258789,109.69000244140625,111.1500015258789,1122300
2018-04-26,103.6015396118164,110.91999816894531,112.91999816894531,110.31999969482422,112.91999816894531,1560200
2018-04-27,104.9839096069336,112.4000015258789,112.58000183105469,110.31999969482422,111.0,1748100
2018-04-30,104.32078552246094,111.69000244140625,114.86000061035156,111.66000366210938,112.51000213623047,1278900
2018-05-01,104.39545440673828,111.7699966430664,112.0199966430664,108.16999816894531,111.9000015258789,1559600
2018-05-02,106.16075897216797,113.66000366210938,115.61000061035156,112.5,113.8499984741211,1592600
2018-05-03,114.13731384277344,122.19999694824219,123.86000061035156,115.94000244140625,119.88999938964844,4538800
2018-05-04,114.60430908203125,122.69999694824219,124.22000122070312,119.80999755859375,121.3499984741211,1975700
2018-05-07,115.28617095947266,123.43000030517578,124.58000183105469,122.06999969482422,122.9000015258789,1387800
2018-05-08,118.36841583251953,126.7300033569336,127.68000030517578,123.12000274658203,123.7300033569336,2048800
2018-05-09,118.67665100097656,127.05999755859375,127.5999984741211,124.7300033569336,126.7300033569336,1335200
2018-05-10,117.39704132080078,125.69000244140625,127.54000091552734,125.48999786376953,127.38999938964844,1210200
2018-05-11,118.9661865234375,127.37000274658203,127.88999938964844,125.54000091552734,126.08000183105469,1165200
2018-05-14,118.47116088867188,126.83999633789062,127.91999816894531,126.44000244140625,127.9000015258789,901400
2018-05-15,118.93818664550781,127.33999633789062,127.5,125.54000091552734,125.69000244140625,1201400
2018-05-16,119.7601318359375,128.22000122070312,129.33999633789062,127.16999816894531,127.5,1116300
2018-05-17,117.72395324707031,126.04000091552734,128.13999938964844,125.44000244140625,127.5999984741211,1081100
2018-05-18,120.67546081542969,129.1999969482422,129.4199981689453,125.80000305175781,126.04000091552734,1660400
2018-05-21,120.99302673339844,129.5399932861328,130.47999572753906,129.0,129.77000427246094,1256200
2018-05-22,119.74142456054688,128.1999969482422,130.33999633789062,128.1300048828125,129.75999450683594,725900
2018-05-23,121.02387237548828,129.2899932861328,129.38999938964844,125.83000183105469,126.61000061035156,1095200
2018-05-24,119.73210144042969,127.91000366210938,129.74000549316406,126.63999938964844,128.57000732421875,734400
2018-05-25,119.19852447509766,127.33999633789062,128.8800048828125,127.05000305175781,128.13999938964844,890900
2018-05-29,119.08618927001953,127.22000122070312,129.44000244140625,126.05000305175781,126.11000061035156,1232400
2018-05-30,119.61039733886719,127.77999877929688,128.9199981689453,126.83999633789062,127.5999984741211,1016300
2018-05-31,119.57295227050781,127.73999786376953,130.0500030517578,127.0199966430664,128.14999389648438,1160800
2018-06-01,121.05193328857422,129.32000732421875,130.0800018310547,128.33999633789062,129.0399932861328,808900
2018-06-04,121.2297592163086,129.50999450683594,130.3300018310547,128.50999450683594,129.86000061035156,618000
2018-06-05,120.57453918457031,128.80999755859375,130.42999267578125,128.5399932861328,129.57000732421875,771700
2018-06-06,121.90374755859375,130.22999572753906,130.72999572753906,128.36000061035156,129.5500030517578,1314600
2018-06-07,122.20327758789062,130.5500030517578,131.69000244140625,129.55999755859375,130.27999877929688,681800
2018-06-08,121.72590637207031,130.0399932861328,130.3800048828125,128.44000244140625,130.2899932861328,1209200
2018-06-11,121.93183135986328,130.25999450683594,130.97999572753906,129.63999938964844,130.0,713700
2018-06-12,122.596435546875,130.97000122070312,132.38999938964844,130.50999450683594,130.75,908300
2018-06-13,122.82112121582031,131.2100067138672,132.77000427246094,130.77999877929688,131.4199981689453,994800
2018-06-14,123.42953491210938,131.86000061035156,132.25,130.6300048828125,131.50999450683594,902600
2018-06-15,123.64481353759766,132.08999633789062,132.85000610351562,130.55999755859375,131.47999572753906,1591900
2018-06-18,124.07540893554688,132.5500030517578,132.86000061035156,130.44000244140625,131.07000732421875,1013100
2018-06-19,122.77429962158203,131.16000366210938,132.27999877929688,130.63999938964844,131.0800018310547,1064700
2018-06-20,124.72127532958984,133.24000549316406,133.5500030517578,131.10000610351562,132.0,970000
2018-06-21,121.5573959350586,129.86000061035156,133.58999633789062,129.77999877929688,132.52999877929688,956600
2018-06-22,123.1581039428711,131.57000732421875,132.3300018310547,130.02999877929688,130.69000244140625,1122100
2018-06-25,120.21881866455078,128.42999267578125,130.72000122070312,127.54000091552734,130.25999450683594,827100
2018-06-26,119.5916748046875,127.76000213623047,129.36000061035156,126.70999908447266,128.2100067138672,1401000
2018-06-27,120.1252212524414,128.3300018310547,129.75999450683594,127.44999694824219,127.93000030517578,1219800
2018-06-28,118.92707061767578,127.05000305175781,128.2899932861328,125.62000274658203,127.73999786376953,1266400
2018-06-29,120.80853271484375,129.05999755859375,130.07000732421875,127.5,127.93000030517578,1104900
2018-07-02,119.08618927001953,127.22000122070312,128.64999389648438,126.26000213623047,127.66999816894531,1111900
2018-07-03,120.3030776977539,128.52000427246094,129.27000427246094,127.70999908447266,128.07000732421875,789900
2018-07-05,121.15489959716797,129.42999267578125,129.5800018310547,127.58000183105469,129.39999389648438,559900
2018-07-06,122.10032653808594,130.44000244140625,131.52000427246094,129.25999450683594,129.35000610351562,735600
2018-07-09,121.033203125,129.3000030517578,130.85000610351562,128.86000061035156,130.52000427246094,865900
2018-07-10,119.20787048339844,127.3499984741211,129.60000610351562,127.0,129.02999877929688,1194600
2018-07-11,119.02999877929688,127.16000366210938,128.9499969482422,125.51000213623047,126.20999908447266,1691800
2018-07-12,119.1517105102539,127.29000091552734,128.38999938964844,125.58999633789062,128.38999938964844,1361500
2018-07-13,118.09396362304688,126.16000366210938,128.19000244140625,125.87999725341797,127.62999725341797,916700
2018-07-16,115.05175018310547,122.91000366210938,125.9000015258789,121.7699966430664,125.88999938964844,1607600
2018-07-17,115.74445343017578,123.6500015258789,124.47000122070312,122.36000061035156,122.6500015258789,1323500
2018-07-18,116.47459411621094,124.43000030517578,124.98999786376953,123.72000122070312,123.91000366210938,1513000
2018-07-19,116.9426040649414,124.93000030517578,125.05999755859375,123.52999877929688,124.25,715700
2018-07-20,115.95975494384766,123.87999725341797,124.94000244140625,123.55999755859375,124.43000030517578,797300
2018-07-23,115.73507690429688,123.63999938964844,124.30000305175781,122.87999725341797,123.16000366210938,963900
2018-07-24,114.74286651611328,122.58000183105469,124.66000366210938,122.18000030517578,124.2699966430664,1172900
2018-07-25,112.79584503173828,120.5,121.93000030517578,117.6500015258789,121.93000030517578,2339000
2018-07-26,109.3230209350586,116.79000091552734,121.0,116.0199966430664,121.0,2585700
2018-07-27,110.81137084960938,118.37999725341797,119.5199966430664,116.91999816894531,117.30999755859375,1662900
2018-07-30,109.73491668701172,117.2300033569336,118.37000274658203,115.43000030517578,117.93000030517578,2148500
2018-07-31,104.83929443359375,112.0,115.68000030517578,111.08000183105469,115.58999633789062,4311800
2018-08-01,106.16851043701172,113.41999816894531,114.8499984741211,112.01000213623047,113.91000366210938,2804300
2018-08-02,107.33855438232422,114.66999816894531,115.05999755859375,112.13999938964844,112.94000244140625,1223300
2018-08-03,107.17945098876953,114.5,115.56999969482422,114.05999755859375,114.54000091552734,1240000
2018-08-06,107.4509048461914,114.79000091552734,114.9800033569336,113.54000091552734,114.19999694824219,752400
2018-08-07,108.41505432128906,115.81999969482422,117.43000030517578,114.5,114.5,883400
2018-08-08,106.67398071289062,113.95999908447266,116.08000183105469,113.87999725341797,116.05000305175781,779300
2018-08-09,105.69111633300781,112.91000366210938,114.44999694824219,112.81999969482422,113.83999633789062,953300
2018-08-10,103.44453430175781,110.51000213623047,112.4800033569336,110.41999816894531,112.18000030517578,1116000
2018-08-13,103.28543090820312,110.33999633789062,111.2300033569336,109.45999908447266,110.51000213623047,959200
2018-08-14,104.24020385742188,111.36000061035156,111.83999633789062,110.01000213623047,110.3499984741211,798700
2018-08-15,102.79865264892578,109.81999969482422,111.0,109.1500015258789,111.0,984400
2018-08-16,102.80802154541016,109.83000183105469,110.95999908447266,109.6500015258789,110.5,2213800
2018-08-17,103.28543090820312,110.33999633789062,110.7300033569336,109.6500015258789,109.75,845400
2018-08-20,103.00458526611328,110.04000091552734,110.4800033569336,109.37999725341797,110.0199966430664,862500
2018-08-21,104.89087677001953,111.7699966430664,112.22000122070312,110.11000061035156,110.11000061035156,1028800
2018-08-22,105.51964569091797,112.44000244140625,113.18000030517578,111.66000366210938,111.80999755859375,896600
2018-08-23,104.26214599609375,111.0999984741211,112.79000091552734,110.29000091552734,112.56999969482422,911300
2018-08-24,104.7407455444336,111.61000061035156,112.12999725341797,111.0,111.43000030517578,685400
2018-08-27,106.58948516845703,113.58000183105469,114.69000244140625,111.91000366210938,113.08999633789062,1435300
2018-08-28,105.2850341796875,112.19000244140625,114.13999938964844,111.95999908447266,113.54000091552734,941100
2018-08-29,106.40178680419922,113.37999725341797,113.6500015258789,111.26000213623047,111.91999816894531,811900
2018-08-30,105.24750518798828,112.1500015258789,113.3499984741211,112.0,113.3499984741211,801700
2018-08-31,103.98059844970703,110.80000305175781,112.1500015258789,110.0,111.80000305175781,984200
2018-09-04,103.86798095703125,110.68000030517578,111.0,109.33000183105469,110.0,858400
2018-09-05,103.2298355102539,110.0,111.19000244140625,109.2300033569336,110.36000061035156,895800
2018-09-06,103.43627166748047,110.22000122070312,111.44000244140625,109.41999816894531,110.5,793500
2018-09-07,103.99935913085938,110.81999969482422,111.08999633789062,109.25,109.73999786376953,815700
2018-09-10,100.60215759277344,107.19999694824219,110.62999725341797,106.0999984741211,110.44000244140625,2089700
2018-09-11,102.37584686279297,109.08999633789062,109.87999725341797,106.23999786376953,106.69999694824219,1541300
2018-09-12,102.16938018798828,108.87000274658203,109.81999969482422,107.6500015258789,109.19000244140625,1070800
2018-09-13,102.93891143798828,109.69000244140625,111.31999969482422,108.98999786376953,109.79000091552734,617800
2018-09-14,104.35596466064453,111.19999694824219,111.5,109.69999694824219,109.69999694824219,700200
2018-09-17,104.13072204589844,110.95999908447266,112.48999786376953,110.70999908447266,112.02999877929688,784600
2018-09-18,105.92321014404297,112.87000274658203,113.08999633789062,110.83999633789062,110.83999633789062,990200
2018-09-19,107.37776947021484,114.41999816894531,114.9000015258789,112.55999755859375,112.63999938964844,1178500
2018-09-20,107.95962524414062,115.04000091552734,117.56999969482422,114.62000274658203,114.63999938964844,1483700
2018-09-21,108.43824768066406,115.55000305175781,115.9000015258789,112.79000091552734,115.41000366210938,2365400
2018-09-24,107.49039459228516,114.54000091552734,115.08999633789062,113.62999725341797,114.8499984741211,1204300
2018-09-25,105.91378784179688,112.86000061035156,115.04000091552734,112.70999908447266,114.5,1353500
2018-09-26,105.93258666992188,112.87999725341797,113.93000030517578,111.27999877929688,112.72000122070312,1279100
2018-09-27,106.07335662841797,113.02999877929688,115.66000366210938,112.94000244140625,113.38999938964844,1482600
2018-09-28,104.35596466064453,111.19999694824219,112.83999633789062,110.41999816894531,112.4000015258789,1223400
2018-10-01,105.36951446533203,112.27999877929688,113.0,111.19999694824219,111.86000061035156,816800
2018-10-02,105.444580078125,112.36000061035156,113.23999786376953,111.63999938964844,111.7699966430664,701600
2018-10-03,105.9044189453125,112.8499984741211,113.5,112.43000030517578,112.43000030517578,835200
2018-10-04,104.63750457763672,111.5,114.58999633789062,111.43000030517578,112.44999694824219,1824500
2018-10-05,103.83042907714844,110.63999938964844,111.94000244140625,109.44999694824219,111.73999786376953,1294600
2018-10-08,103.85858917236328,110.66999816894531,110.95999908447266,109.52999877929688,110.30999755859375,1154800
2018-10-09,102.4321517944336,109.1500015258789,110.58999633789062,109.04000091552734,110.37999725341797,1002700
2018-10-10,98.77215576171875,105.25,108.3499984741211,105.12999725341797,108.3499984741211,1644100
2018-10-11,94.19251251220703,100.37000274658203,105.30999755859375,98.69999694824219,104.51000213623047,2417900
2018-10-12,94.77437591552734,100.98999786376953,102.80000305175781,100.5,101.94999694824219,2073500
2018-10-15,93.17900085449219,99.29000091552734,101.6500015258789,98.98999786376953,100.30999755859375,1303800
2018-10-16,94.68991088867188,100.9000015258789,101.11000061035156,99.0199966430664,99.83000183105469,1317600
2018-10-17,90.30731964111328,96.2300033569336,98.04000091552734,95.45999908447266,97.38999938964844,2239400
2018-10-18,88.33656311035156,94.12999725341797,96.80000305175781,93.4000015258789,94.51000213623047,1716000
2018-10-19,87.12596130371094,92.83999633789062,94.6500015258789,92.79000091552734,94.58999633789062,1223100
2018-10-22,85.28661346435547,90.87999725341797,94.11000061035156,90.81999969482422,93.23999786376953,1297800
2018-10-23,86.65673065185547,92.33999633789062,92.70999908447266,87.69000244140625,89.48999786376953,2140600
2018-10-24,86.05615234375,91.69999694824219,94.23999786376953,91.04000091552734,92.38999938964844,2188400
2018-10-25,85.31475067138672,90.91000366210938,93.87000274658203,90.80999755859375,92.62000274658203,1557100
2018-10-26,82.93110656738281,88.37000274658203,89.69999694824219,86.08999633789062,89.5,3301100
2018-10-29,79.01773834228516,84.19999694824219,91.0199966430664,82.5199966430664,89.69999694824219,3795300
2018-10-30,92.84115600585938,98.93000030517578,99.22000122070312,89.98999786376953,94.55000305175781,6538500
2018-10-31,94.91514587402344,101.13999938964844,104.31999969482422,99.91000366210938,99.91000366210938,3474500
2018-11-01,96.4260482788086,102.75,103.31999969482422,100.06999969482422,101.7699966430664,2289100
2018-11-02,95.45003509521484,101.70999908447266,104.4000015258789,101.55999755859375,103.12999725341797,2141300
2018-11-05,94.39897155761719,100.58999633789062,101.94000244140625,98.56999969482422,101.54000091552734,1810300
2018-11-06,97.71173858642578,104.12000274658203,105.6500015258789,98.12999725341797,100.36000061035156,2810500
2018-11-07,102.47905731201172,109.19999694824219,112.58000183105469,108.69999694824219,109.97000122070312,3319200
2018-11-08,101.33415222167969,107.9800033569336,109.37000274658203,105.66000366210938,108.38999938964844,1741900
2018-11-09,99.25077056884766,105.76000213623047,107.56999969482422,104.20999908447266,106.73999786376953,1284100
2018-11-12,97.31758117675781,103.69999694824219,105.58999633789062,102.63999938964844,105.58999633789062,1095700
2018-11-13,98.45308685302734,104.91000366210938,107.22000122070312,103.75,103.87000274658203,1131000
2018-11-14,99.37277221679688,105.88999938964844,107.77999877929688,104.87000274658203,106.41000366210938,1175300
2018-11-15,100.56461334228516,107.16000366210938,107.41999816894531,104.26000213623047,104.58999633789062,1239400
2018-11-16,99.98279571533203,106.54000091552734,107.37999725341797,104.4800033569336,105.95999908447266,1341400
2018-11-19,97.50525665283203,103.9000015258789,107.16999816894531,103.08999633789062,106.18000030517578,1144600
2018-11-20,96.69601440429688,102.76000213623047,104.31999969482422,100.94000244140625,101.56999969482422,1787500
2018-11-21,97.67464447021484,103.80000305175781,105.08999633789062,103.0999984741211,104.05999755859375,780500
2018-11-23,97.04418182373047,103.12999725341797,104.11000061035156,102.38999938964844,103.0199966430664,562100
2018-11-26,99.70716094970703,105.95999908447266,106.81999969482422,104.55999755859375,104.66999816894531,1053600
2018-11-27,98.99201202392578,105.19999694824219,106.63999938964844,104.27999877929688,105.55999755859375,742300
2018-11-28,101.58916473388672,107.95999908447266,108.37000274658203,103.31999969482422,105.55999755859375,1020000
2018-11-29,100.61051940917969,106.91999816894531,109.0,106.81999969482422,107.83000183105469,869800
2018-11-30,99.47190856933594,105.70999908447266,107.44000244140625,105.56999969482422,106.5199966430664,1254700
2018-12-03,99.80126190185547,106.05999755859375,109.12999725341797,105.77999877929688,107.7699966430664,1485700
2018-12-04,94.6258316040039,100.55999755859375,105.73999786376953,100.43000030517578,105.26000213623047,1325700
2018-12-06,97.28883361816406,103.38999938964844,103.70999908447266,99.5999984741211,100.08000183105469,1607400
2018-12-07,95.37862396240234,101.36000061035156,105.94000244140625,101.11000061035156,103.5,1363000
2018-12-10,95.54800415039062,101.54000091552734,102.37999725341797,99.55999755859375,100.94000244140625,1349100
2018-12-11,93.77893829345703,99.66000366210938,103.9800033569336,99.5199966430664,103.5999984741211,785500
2018-12-12,94.68229675292969,100.62000274658203,102.1500015258789,99.3499984741211,101.36000061035156,925400
2018-12-13,92.92264556884766,98.75,102.1500015258789,97.5199966430664,101.56999969482422,1114100
2018-12-14,93.76012420654297,99.63999938964844,99.69000244140625,97.02999877929688,97.79000091552734,1584600
2018-12-17,92.57447814941406,98.37999725341797,101.08999633789062,97.62000274658203,100.88999938964844,1327000
2018-12-18,92.88502502441406,98.70999908447266,100.22000122070312,97.81999969482422,98.66000366210938,846000
2018-12-19,90.26904296875,95.93000030517578,100.7300033569336,95.58000183105469,98.5,952300
2018-12-20,89.4786148071289,95.08999633789062,96.16000366210938,91.94000244140625,95.51000213623047,2372200
2018-12-21,87.79425811767578,93.30000305175781,97.56999969482422,92.9800033569336,95.66000366210938,1897000
2018-12-24,85.62056732177734,90.98999786376953,94.80000305175781,90.9800033569336,92.30000305175781,681600
2018-12-26,91.01245880126953,96.72000122070312,96.76000213623047,90.04000091552734,92.11000061035156,1024000
2018-12-27,92.40508270263672,98.19999694824219,98.19999694824219,94.19999694824219,95.37000274658203,1022700
2018-12-28,91.34178924560547,97.06999969482422,99.19000244140625,96.5,97.91000366210938,1294700
2018-12-31,92.96968841552734,98.80000305175781,98.80000305175781,97.0,97.43000030517578,678800
2019-01-02,91.83109283447266,97.58999633789062,99.37000274658203,96.5999984741211,97.5,1062000
2019-01-03,90.89010620117188,96.58999633789062,98.94999694824219,95.30999755859375,98.48999786376953,972900
2019-01-04,95.5385971069336,101.52999877929688,101.94999694824219,98.12000274658203,98.12000274658203,1146300
2019-01-07,97.43939971923828,103.55000305175781,104.45999908447266,101.08000183105469,101.08000183105469,1177800
2019-01-08,97.05358123779297,103.13999938964844,105.0,101.26000213623047,104.66000366210938,973400
2019-01-09,97.31707000732422,103.41999816894531,105.16000366210938,102.1500015258789,103.80000305175781,887300
2019-01-10,96.95008850097656,103.02999877929688,103.9800033569336,102.25,103.06999969482422,775600
2019-01-11,95.62328338623047,101.62000274658203,102.5,100.8499984741211,101.80999755859375,667800
2019-01-14,95.99968719482422,102.0199966430664,103.4000015258789,100.70999908447266,100.7699966430664,1090600
2019-01-15,94.48470306396484,100.41000366210938,102.18000030517578,99.19000244140625,101.55000305175781,744400
2019-01-16,94.30590057373047,100.22000122070312,101.54000091552734,99.76000213623047,100.38999938964844,1025900
2019-01-17,95.21868133544922,101.19000244140625,102.29000091552734,99.5,99.7699966430664,870500
2019-01-18,97.495849609375,103.61000061035156,105.37999725341797,101.9800033569336,102.12000274658203,1499600
2019-01-22,95.83029174804688,101.83999633789062,103.19999694824219,99.4800033569336,103.06999969482422,723400
2019-01-23,93.60013580322266,99.47000122070312,101.6500015258789,97.44999694824219,101.6500015258789,1440600
2019-01-24,94.13654327392578,100.04000091552734,100.76000213623047,99.31999969482422,99.31999969482422,1322900
2019-01-25,94.8234634399414,100.7699966430664,101.69000244140625,100.0999984741211,100.80999755859375,868000
2019-01-28,96.59251403808594,102.6500015258789,102.66999816894531,100.04000091552734,100.04000091552734,758300
2019-01-29,95.9432144165039,101.95999908447266,103.68000030517578,101.72000122070312,102.55999755859375,1191600
2019-01-30,95.03985595703125,101.0,102.91999816894531,100.54000091552734,102.37999725341797,1348900
2019-01-31,95.65152740478516,101.6500015258789,102.75,98.93000030517578,100.76000213623047,1538300
2019-02-01,98.24864196777344,104.41000366210938,104.69999694824219,101.66000366210938,102.20999908447266,1937800
2019-02-04,98.05104064941406,104.19999694824219,105.08999633789062,103.87000274658203,104.26000213623047,1239400
2019-02-05,99.07670593261719,105.29000091552734,105.3499984741211,103.76000213623047,104.87999725341797,1694400
2019-02-06,95.2939453125,101.2699966430664,105.66999816894531,101.11000061035156,105.62999725341797,1636600
2019-02-07,95.84912109375,101.86000061035156,102.86000061035156,100.5,101.0999984741211,1329900
2019-02-08,97.36412048339844,103.47000122070312,103.68000030517578,101.30000305175781,101.86000061035156,1226300
2019-02-11,99.3778305053711,105.61000061035156,106.0199966430664,103.47000122070312,104.12999725341797,1992300
2019-02-12,100.45995330810547,106.76000213623047,108.20999908447266,105.43000030517578,105.62999725341797,1858400
2019-02-13,99.64129638671875,105.88999938964844,108.41000366210938,105.62000274658203,107.62000274658203,1646800
2019-02-14,106.04003143310547,112.69000244140625,114.72000122070312,109.55999755859375,113.62000274658203,4241300
2019-02-15,106.46348571777344,113.13999938964844,115.41999816894531,112.01000213623047,113.68000030517578,1653200
2019-02-19,106.48230743408203,113.16000366210938,114.95999908447266,112.26000213623047,113.0,1181000
2019-02-20,107.52678680419922,114.2699966430664,115.30999755859375,113.44000244140625,113.80999755859375,1657900
2019-02-21,106.61152648925781,112.98999786376953,114.75,112.87000274658203,113.30999755859375,765800
2019-02-22,106.31904602050781,112.68000030517578,113.97000122070312,112.13999938964844,113.62999725341797,1012300
2019-02-25,105.12075805664062,111.41000366210938,113.83999633789062,111.30999755859375,113.44000244140625,1118900
2019-02-26,106.85688018798828,113.25,113.91999816894531,110.9000015258789,111.01000213623047,1081700
2019-02-27,105.78121185302734,112.11000061035156,114.44000244140625,111.62999725341797,112.95999908447266,936700
2019-02-28,105.16790008544922,111.45999908447266,112.43000030517578,110.80000305175781,112.0,1417100
2019-03-01,106.6493148803711,113.02999877929688,114.23999786376953,111.88999938964844,111.88999938964844,1276900
2019-03-04,108.6213150024414,115.12000274658203,115.19999694824219,112.81999969482422,113.1500015258789,1190400
2019-03-05,106.79084014892578,113.18000030517578,115.44999694824219,113.06999969482422,114.83999633789062,805200
2019-03-06,108.1212158203125,114.58999633789062,115.26000213623047,113.80000305175781,114.73999786376953,1301500
2019-03-07,107.64945220947266,114.08999633789062,115.30000305175781,113.41999816894531,114.19000244140625,1177700
2019-03-08,107.1210708618164,113.52999877929688,114.25,112.68000030517578,113.37999725341797,807100
2019-03-11,107.573974609375,114.01000213623047,115.63999938964844,113.52999877929688,113.52999877929688,910000
2019-03-12,105.19622802734375,111.48999786376953,114.2699966430664,111.12000274658203,114.2699966430664,1469900
2019-03-13,103.66767883300781,109.87000274658203,112.97000122070312,109.6500015258789,112.08999633789062,1466200
2019-03-14,104.95091247558594,111.2300033569336,111.56999969482422,109.19000244140625,109.6500015258789,1288200
2019-03-15,106.23414611816406,112.58999633789062,112.62000274658203,111.37999725341797,111.37999725341797,1256400
2019-03-18,107.53620910644531,113.97000122070312,114.27999877929688,112.54000091552734,112.94000244140625,919000
2019-03-19,108.76285552978516,115.2699966430664,116.05999755859375,114.47000122070312,114.72000122070312,1372600
2019-03-20,108.83831787109375,115.3499984741211,116.5,113.7699966430664,115.0,1182400
2019-03-21,110.8575210571289,117.48999786376953,118.08999633789062,115.4800033569336,115.55000305175781,938600
2019-03-22,107.04557037353516,113.44999694824219,117.31999969482422,113.3499984741211,117.08999633789062,1095100
2019-03-25,108.4986572265625,114.98999786376953,115.7300033569336,112.86000061035156,113.55000305175781,1605200
2019-03-26,108.0268783569336,114.48999786376953,116.48999786376953,112.79000091552734,116.1500015258789,916600
2019-03-27,108.60240936279297,115.0999984741211,115.68000030517578,113.95999908447266,114.43000030517578,1432600
2019-03-28,109.37614440917969,115.91999816894531,116.69999694824219,114.72000122070312,115.55999755859375,670800
2019-03-29,111.71614837646484,118.4000015258789,120.0,116.83999633789062,117.26000213623047,2181900
2019-04-01,113.40509033203125,120.19000244140625,121.05000305175781,119.05999755859375,119.0999984741211,1287100
2019-04-02,113.76365661621094,120.56999969482422,121.5999984741211,119.62999725341797,119.93000030517578,1656600
2019-04-03,112.47098541259766,119.19999694824219,121.29000091552734,118.37000274658203,120.98999786376953,993100
2019-04-04,112.89558410644531,119.6500015258789,120.86000061035156,118.51000213623047,119.1500015258789,814300
2019-04-05,113.4239730834961,120.20999908447266,120.75,119.4000015258789,119.45999908447266,666100
2019-04-08,113.87689208984375,120.69000244140625,120.94999694824219,119.45999908447266,119.52999877929688,799200
2019-04-09,112.9427490234375,119.69999694824219,120.5199966430664,118.7300033569336,119.76000213623047,685300
2019-04-10,112.99938201904297,119.76000213623047,120.05000305175781,118.66999816894531,119.87000274658203,570900
2019-04-11,113.68816375732422,120.48999786376953,121.0,119.27999877929688,119.37000274658203,655900
2019-04-12,115.25445556640625,122.1500015258789,122.88999938964844,120.94000244140625,121.38999938964844,1192000
2019-04-15,115.21670532226562,122.11000061035156,122.33999633789062,121.04000091552734,121.91000366210938,450000
2019-04-16,115.66019439697266,122.58000183105469,123.23999786376953,121.27999877929688,122.16999816894531,662400
2019-04-17,115.20726776123047,122.0999984741211,123.2699966430664,120.9000015258789,123.0199966430664,692200
2019-04-18,115.86775970458984,122.80000305175781,124.2300033569336,122.45999908447266,122.63999938964844,1355200
2019-04-22,116.31122589111328,123.2699966430664,123.31999969482422,121.61000061035156,122.13999938964844,507800
2019-04-23,116.16971588134766,123.12000274658203,124.08999633789062,122.51000213623047,123.2300033569336,722200
2019-04-24,117.57559967041016,124.61000061035156,125.0,122.88999938964844,123.55999755859375,653300
2019-04-25,114.87702941894531,121.75,124.16999816894531,121.2699966430664,124.16999816894531,989800
2019-04-26,115.98100280761719,122.91999816894531,123.19999694824219,121.62000274658203,121.87999725341797,691600
2019-04-29,116.11308288574219,123.05999755859375,123.6500015258789,122.12999725341797,123.26000213623047,1402400
2019-04-30,118.99089813232422,126.11000061035156,126.88999938964844,124.19000244140625,125.0,2097000
2019-05-01,116.77356719970703,123.76000213623047,128.4199981689453,123.72000122070312,126.9800033569336,2353700
2019-05-02,121.90645599365234,129.1999969482422,130.4199981689453,126.37999725341797,128.5,2297300
2019-05-03,121.24600219726562,128.5,130.0,127.41999816894531,129.72999572753906,987100
2019-05-06,121.21768188476562,128.47000122070312,129.41000366210938,126.0,126.26000213623047,1499600
2019-05-07,122.45372009277344,129.77999877929688,129.91000366210938,126.41999816894531,126.86000061035156,1554200
2019-05-08,121.29318237304688,128.5500030517578,131.0,128.4499969482422,129.2899932861328,1128500
2019-05-09,121.16106414794922,128.41000366210938,128.85000610351562,126.37999725341797,127.27999877929688,670100
2019-05-10,121.66117095947266,128.94000244140625,129.3800048828125,126.68000030517578,128.1999969482422,866000
2019-05-13,120.51947021484375,127.7300033569336,128.0399932861328,125.83999633789062,126.63999938964844,881800
2019-05-14,121.878173828125,129.1699981689453,129.91000366210938,127.6500015258789,128.0,920800
2019-05-15,122.50090789794922,129.8300018310547,130.3800048828125,128.0,128.1199951171875,896700
2019-05-16,123.15196228027344,130.52000427246094,131.0,129.55999755859375,129.72999572753906,934800
2019-05-17,122.61415100097656,129.9499969482422,130.69000244140625,129.02999877929688,129.3000030517578,800400
2019-05-20,122.65188598632812,129.99000549316406,130.35000610351562,128.72999572753906,129.38999938964844,716900
2019-05-21,124.13323974609375,131.55999755859375,132.60000610351562,130.19000244140625,130.3000030517578,642400
2019-05-22,120.71760559082031,127.94000244140625,130.99000549316406,127.58000183105469,130.72000122070312,1423500
2019-05-23,118.25840759277344,125.02999877929688,126.86000061035156,123.41000366210938,126.70999908447266,1278400
2019-05-24,119.41232299804688,126.25,126.4800033569336,124.5199966430664,125.54000091552734,529900
2019-05-28,119.00562286376953,125.81999969482422,128.25,125.75,125.88999938964844,1137800
2019-05-29,118.94889068603516,125.76000213623047,126.18000030517578,124.70999908447266,125.43000030517578,640800
2019-05-30,120.20686340332031,127.08999633789062,127.73999786376953,126.19000244140625,126.23999786376953,590900
2019-05-31,118.1448974609375,124.91000366210938,125.86000061035156,123.70999908447266,125.55000305175781,1111900
2019-06-03,121.3702392578125,128.32000732421875,128.32000732421875,125.29000091552734,125.29000091552734,1403400
2019-06-04,124.72795867919922,131.8699951171875,131.94000244140625,128.9499969482422,129.32000732421875,1269600
2019-06-05,126.1656723022461,133.38999938964844,133.4499969482422,130.99000549316406,132.4199981689453,1103700
2019-06-06,127.74522399902344,135.05999755859375,135.32000732421875,133.32000732421875,133.97999572753906,1348200
2019-06-07,127.10200500488281,134.3800048828125,135.55999755859375,134.08999633789062,135.55999755859375,946500
2019-06-10,128.21812438964844,135.55999755859375,135.82000732421875,134.0,135.10000610351562,748900
2019-06-11,123.87672424316406,130.97000122070312,136.4499969482422,128.58999633789062,136.0500030517578,1549600
2019-06-12,123.7064437866211,130.7899932861328,131.39999389648438,129.47999572753906,130.97000122070312,662000
2019-06-13,125.05902099609375,132.22000122070312,134.25999450683594,130.16000366210938,131.0399932861328,808900
2019-06-14,125.40896606445312,132.58999633789062,133.1300048828125,130.89999389648438,132.11000061035156,780900
2019-06-17,126.2885971069336,133.52000427246094,133.91000366210938,132.22999572753906,132.97999572753906,668600
2019-06-18,125.22923278808594,132.39999389648438,135.69000244140625,132.39999389648438,134.5800018310547,592300
2019-06-19,124.4253158569336,131.5500030517578,132.9600067138672,129.25,132.92999267578125,970300
2019-06-20,126.46833038330078,133.7100067138672,134.24000549316406,132.33999633789062,132.6999969482422,1034700
2019-06-21,127.61276245117188,134.9199981689453,135.50999450683594,133.1300048828125,133.80999755859375,980300
2019-06-24,127.15874481201172,134.44000244140625,135.6199951171875,134.27999877929688,135.1199951171875,648000
2019-06-25,127.11148834228516,134.38999938964844,135.91000366210938,133.72000122070312,134.44000244140625,566000
2019-06-26,127.0263671875,134.3000030517578,135.14999389648438,133.1999969482422,134.41000366210938,732100
2019-06-27,128.07623291015625,135.41000366210938,136.30999755859375,134.27999877929688,135.41000366210938,686900
2019-06-28,129.8733367919922,137.30999755859375,137.9199981689453,135.47999572753906,135.47999572753906,1193300
2019-07-01,130.0624542236328,137.50999450683594,139.13999938964844,135.91000366210938,138.6999969482422,858000
2019-07-02,129.63687133789062,137.05999755859375,138.11000061035156,135.99000549316406,138.05999755859375,807000
2019-07-03,132.37037658691406,139.9499969482422,140.0,136.99000549316406,137.5399932861328,512600
2019-07-05,132.1906280517578,139.75999450683594,140.0,138.2100067138672,139.61000061035156,538700
2019-07-08,130.58273315429688,138.05999755859375,139.50999450683594,136.61000061035156,138.7899932861328,1281000
2019-07-09,130.45973205566406,137.92999267578125,138.0,136.44000244140625,137.97000122070312,735000
2019-07-10,129.50445556640625,136.9199981689453,138.97000122070312,136.30999755859375,138.4199981689453,565000
2019-07-11,129.40042114257812,136.80999755859375,136.91000366210938,135.16000366210938,136.47000122070312,637000
2019-07-12,128.43565368652344,135.7899932861328,138.0,134.66000366210938,136.63999938964844,878600
2019-07-15,127.47087097167969,134.77000427246094,136.1999969482422,132.50999450683594,136.1999969482422,1185700
2019-07-16,130.17601013183594,137.6300048828125,138.1199951171875,135.0,135.17999267578125,1229700
2019-07-17,130.13815307617188,137.58999633789062,138.99000549316406,136.08999633789062,137.88999938964844,649500
2019-07-18,129.031494140625,136.4199981689453,137.72000122070312,134.8300018310547,137.42999267578125,985500
2019-07-19,128.6437530517578,136.00999450683594,137.5399932861328,135.88999938964844,136.86000061035156,754200
2019-07-22,127.2628173828125,134.5500030517578,136.82000732421875,134.19000244140625,135.88999938964844,916400
2019-07-23,128.36944580078125,135.72000122070312,136.0399932861328,134.67999267578125,135.0,1018700
2019-07-24,130.09088134765625,137.5399932861328,137.55999755859375,134.94000244140625,135.4499969482422,3155600
2019-07-25,127.21553802490234,134.5,139.8000030517578,133.9600067138672,139.6199951171875,1768200
2019-07-26,129.39096069335938,136.8000030517578,139.08999633789062,134.57000732421875,135.1999969482422,961000
2019-07-29,128.68154907226562,136.0500030517578,137.22999572753906,134.85000610351562,136.8000030517578,1017100
2019-07-30,132.72035217285156,140.32000732421875,140.72000122070312,137.1300048828125,137.25,1516300
2019-07-31,130.85699462890625,138.35000610351562,141.83999633789062,138.2899932861328,139.8000030517578,1167800
2019-08-01,129.34365844726562,136.75,140.47000122070312,135.77999877929688,138.3800048828125,810900
2019-08-02,130.25172424316406,137.7100067138672,138.38999938964844,134.27999877929688,135.55999755859375,595200
2019-08-05,130.1287078857422,137.5800018310547,138.0399932861328,135.3699951171875,136.10000610351562,1062000
2019-08-06,130.6394805908203,138.1199951171875,138.69000244140625,136.0,138.07000732421875,920300
2019-08-07,130.51654052734375,137.99000549316406,138.47000122070312,136.1300048828125,136.9199981689453,861900
2019-08-08,131.79339599609375,139.33999633789062,140.47000122070312,137.6300048828125,138.3300018310547,858400
2019-08-09,132.4176483154297,140.0,141.0,138.41000366210938,139.35000610351562,847800
2019-08-12,131.83123779296875,139.3800048828125,141.02999877929688,138.8800048828125,139.60000610351562,702000
2019-08-13,133.0703125,140.69000244140625,142.0399932861328,138.5,139.16000366210938,647700
2019-08-14,131.6041717529297,139.13999938964844,139.91000366210938,138.0,139.10000610351562,622400
2019-08-15,131.33937072753906,138.86000061035156,140.57000732421875,138.44000244140625,139.22999572753906,653600
2019-08-16,134.05392456054688,141.72999572753906,142.00999450683594,139.5500030517578,139.5500030517578,659400
2019-08-19,134.64979553222656,142.36000061035156,143.0500030517578,141.50999450683594,142.5,695200
2019-08-20,134.55503845214844,141.9499969482422,143.9499969482422,140.9199981689453,142.2899932861328,1489900
2019-08-21,135.8157196044922,143.27999877929688,144.0500030517578,142.30999755859375,143.25,800700
2019-08-22,135.89154052734375,143.36000061035156,144.22999572753906,142.19000244140625,143.33999633789062,417300
2019-08-23,132.45065307617188,139.72999572753906,144.1199951171875,138.92999267578125,143.1699981689453,979900
2019-08-26,131.59759521484375,138.8300018310547,140.72000122070312,137.27999877929688,140.3800048828125,831700
2019-08-27,132.53598022460938,139.82000732421875,141.77000427246094,139.4199981689453,139.9600067138672,709200
2019-08-28,132.53598022460938,139.82000732421875,141.10000610351562,138.64999389648438,139.47999572753906,654500
2019-08-29,133.23744201660156,140.55999755859375,141.85000610351562,140.3800048828125,141.52999877929688,608400
2019-08-30,133.89151000976562,141.25,142.22000122070312,140.89999389648438,141.52999877929688,910000
2019-09-03,136.375,143.8699951171875,144.02000427246094,138.33999633789062,140.47000122070312,1181600
2019-09-04,135.673583984375,143.1300048828125,145.16000366210938,142.89999389648438,144.97999572753906,715000
2019-09-05,135.4176483154297,142.86000061035156,144.9600067138672,140.89999389648438,144.60000610351562,808400
2019-09-06,137.4556427001953,145.00999450683594,145.1699981689453,142.6300048828125,142.66000366210938,931000
2019-09-09,134.65928649902344,142.05999755859375,145.52999877929688,141.75,144.83999633789062,707400
2019-09-10,134.7351531982422,142.13999938964844,142.1699981689453,137.2899932861328,141.83999633789062,1199400
2019-09-11,137.6925811767578,145.25999450683594,145.27000427246094,141.30999755859375,141.94000244140625,1017800
2019-09-12,137.3607940673828,144.91000366210938,148.14999389648438,143.97000122070312,146.0,1743500
2019-09-13,139.89173889160156,147.5800018310547,147.6300048828125,144.74000549316406,145.42999267578125,976500
2019-09-16,138.0433349609375,145.6300048828125,147.05999755859375,144.4600067138672,147.00999450683594,912800
2019-09-17,140.3941650390625,148.11000061035156,149.2100067138672,144.6699981689453,145.38999938964844,917400
2019-09-18,140.90599060058594,148.64999389648438,148.86000061035156,146.17999267578125,147.39999389648438,949200
2019-09-19,142.47000122070312,150.3000030517578,151.22999572753906,147.61000061035156,149.42999267578125,1090400
2019-09-20,141.99607849121094,149.8000030517578,151.50999450683594,148.47000122070312,150.75999450683594,1114100
2019-09-23,141.9771270751953,149.77999877929688,151.13999938964844,149.07000732421875,149.27000427246094,796900
2019-09-24,141.86338806152344,149.66000366210938,151.17999267578125,149.39999389648438,149.63999938964844,727500
2019-09-25,143.0198211669922,150.8800048828125,150.9600067138672,147.9600067138672,149.57000732421875,568500
2019-09-26,143.7212371826172,151.6199951171875,151.99000549316406,150.41000366210938,150.75,787200
2019-09-27,141.27565002441406,149.0399932861328,152.24000549316406,147.6699981689453,152.0,950700
2019-09-30,143.36106872558594,151.24000549316406,152.49000549316406,149.30999755859375,149.67999267578125,1235800
2019-10-01,141.29464721679688,149.05999755859375,152.47000122070312,148.86000061035156,151.33999633789062,732100
2019-10-02,137.91064453125,145.49000549316406,148.58999633789062,144.35000610351562,148.30999755859375,1210500
2019-10-03,137.73048400878906,145.3000030517578,146.3000030517578,144.1999969482422,145.49000549316406,870500
2019-10-04,139.40830993652344,147.07000732421875,148.0399932861328,145.11000061035156,145.16000366210938,866400
2019-10-07,139.9391326904297,147.6300048828125,148.52999877929688,146.5,146.97000122070312,884800
2019-10-08,139.67373657226562,147.35000610351562,150.22000122070312,146.25999450683594,146.5,953700
2019-10-09,140.5363311767578,148.25999450683594,149.08999633789062,147.4600067138672,148.8300018310547,882900
2019-10-10,140.7637939453125,148.5,149.5399932861328,147.2899932861328,148.4499969482422,447400
2019-10-11,139.759033203125,147.44000244140625,150.14999389648438,147.25,149.6999969482422,747200
2019-10-14,139.02919006347656,146.6699981689453,148.17999267578125,146.52999877929688,147.52000427246094,673100
2019-10-15,139.33248901367188,146.99000549316406,149.0399932861328,146.47999572753906,148.89999389648438,1161000
2019-10-16,139.54098510742188,147.2100067138672,147.8699951171875,146.36000061035156,147.17999267578125,972600
2019-10-17,140.03392028808594,147.72999572753906,149.5,147.50999450683594,147.64999389648438,489400
2019-10-18,138.43194580078125,146.0399932861328,147.07000732421875,143.72000122070312,147.05999755859375,1566100
2019-10-21,138.99119567871094,146.6300048828125,148.05999755859375,146.3300018310547,147.0,561300
2019-10-22,138.15707397460938,145.75,148.25,145.63999938964844,145.69000244140625,610700
2019-10-23,136.9627227783203,144.49000549316406,147.05999755859375,143.86000061035156,146.41000366210938,827600
2019-10-24,137.82528686523438,145.39999389648438,146.5,144.6300048828125,144.9499969482422,606300
2019-10-25,139.4178009033203,147.0800018310547,148.47999572753906,145.0500030517578,145.5,621300
2019-10-28,138.11915588378906,145.7100067138672,147.86000061035156,145.67999267578125,147.6300048828125,1264500
2019-10-29,136.75416564941406,144.27000427246094,149.0,143.27000427246094,147.6300048828125,1359100
2019-10-30,137.1049041748047,144.63999938964844,145.4199981689453,141.91000366210938,143.63999938964844,1075600
2019-10-31,135.42706298828125,142.8699951171875,146.5399932861328,142.08999633789062,145.1999969482422,965400
2019-11-01,136.1664276123047,143.64999389648438,145.47000122070312,142.75999450683594,143.7100067138672,912700
2019-11-04,134.6024627685547,142.0,144.8800048828125,141.94000244140625,144.22999572753906,1624700
2019-11-05,133.68296813964844,141.02999877929688,143.47000122070312,140.1300048828125,142.6999969482422,1626400
2019-11-06,130.924560546875,138.1199951171875,139.0,131.5,133.5,2253200
2019-11-07,130.2515869140625,137.41000366210938,139.8300018310547,136.6699981689453,139.3699951171875,1193500
2019-11-08,129.33209228515625,136.44000244140625,137.7100067138672,135.72999572753906,137.0,1045400
2019-11-11,129.4174041748047,136.52999877929688,137.02999877929688,135.32000732421875,135.5399932861328,656000
2019-11-12,129.39840698242188,136.50999450683594,137.97999572753906,136.11000061035156,136.75999450683594,636000
2019-11-13,131.34164428710938,138.55999755859375,138.83999633789062,134.86000061035156,135.91000366210938,916300
2019-11-14,134.21380615234375,141.58999633789062,141.89999389648438,138.38999938964844,138.6199951171875,1498300
2019-11-15,133.19952392578125,140.52000427246094,142.38999938964844,140.14999389648438,141.99000549316406,1180100
2019-11-18,133.38003540039062,140.39999389648438,142.27000427246094,139.74000549316406,140.41000366210938,1099800
2019-11-19,134.092529296875,141.14999389648438,141.8300018310547,139.86000061035156,140.94000244140625,788500
2019-11-20,133.7125244140625,140.75,142.5800018310547,140.24000549316406,140.75999450683594,793100
2019-11-21,133.59854125976562,140.6300048828125,141.92999267578125,139.9199981689453,140.0,1064600
2019-11-22,131.5465545654297,138.47000122070312,141.89999389648438,138.3800048828125,141.55999755859375,1378100
2019-11-25,133.27552795410156,140.2899932861328,140.3699951171875,138.69000244140625,139.3000030517578,1008000
2019-11-26,134.9190216064453,142.02000427246094,142.13999938964844,140.27999877929688,140.5,732400
2019-11-27,136.57205200195312,143.75999450683594,144.39999389648438,141.6300048828125,142.02000427246094,991600
2019-11-29,134.77655029296875,141.8699951171875,143.75,140.97999572753906,143.4199981689453,425700
2019-12-02,134.50106811523438,141.5800018310547,142.3000030517578,140.24000549316406,142.3000030517578,581100
2019-12-03,134.8715057373047,141.97000122070312,142.75,140.33999633789062,140.49000549316406,572600
2019-12-04,134.33950805664062,141.41000366210938,144.22000122070312,141.3800048828125,141.8699951171875,693700
2019-12-05,136.7430419921875,143.94000244140625,144.2899932861328,141.32000732421875,141.80999755859375,1132200
2019-12-06,136.32501220703125,143.5,145.0,142.61000061035156,144.69000244140625,574900
2019-12-09,135.33700561523438,142.4600067138672,143.42999267578125,141.75999450683594,143.42999267578125,889500
2019-12-10,133.05702209472656,140.05999755859375,142.2899932861328,140.0,142.1999969482422,870600
2019-12-11,135.28005981445312,142.39999389648438,142.52999877929688,140.11000061035156,140.2100067138672,511200
2019-12-12,135.36557006835938,142.49000549316406,143.3300018310547,141.47000122070312,142.39999389648438,559700
2019-12-13,135.8500518798828,143.0,143.92999267578125,141.91000366210938,141.91000366210938,666300
2019-12-16,135.23251342773438,142.35000610351562,144.1300048828125,142.2899932861328,143.86000061035156,632400
2019-12-17,135.87852478027344,143.02999877929688,144.83999633789062,142.88999938964844,143.47000122070312,1077800
2019-12-18,136.25852966308594,143.42999267578125,143.9600067138672,142.3000030517578,143.1199951171875,1369400
2019-12-19,134.62449645996094,141.7100067138672,144.3699951171875,141.52000427246094,143.38999938964844,1250200
2019-12-20,134.68157958984375,141.77000427246094,143.32000732421875,141.3699951171875,141.86000061035156,2218600
2019-12-23,133.34205627441406,140.36000061035156,142.1999969482422,139.52000427246094,142.1999969482422,790300
2019-12-24,135.51751708984375,142.64999389648438,143.35000610351562,140.50999450683594,140.89999389648438,305600
2019-12-26,136.46749877929688,143.64999389648438,143.92999267578125,142.66000366210938,142.75999450683594,315800
2019-12-27,136.69557189941406,143.88999938964844,144.4199981689453,142.91000366210938,143.85000610351562,500900
2019-12-30,135.40350341796875,142.52999877929688,144.22999572753906,142.16000366210938,143.86000061035156,536000
2019-12-31,136.79054260253906,143.99000549316406,144.38999938964844,142.7100067138672,142.77000427246094,600200
2020-01-02,135.58407592773438,142.72000122070312,145.7100067138672,142.02000427246094,145.0,843400
2020-01-03,134.9950408935547,142.10000610351562,143.60000610351562,141.0,141.36000061035156,906800
2020-01-06,134.75755310058594,141.85000610351562,142.8699951171875,140.7899932861328,142.19000244140625,798000
2020-01-07,133.23753356933594,140.25,142.8300018310547,140.22999572753906,141.5,976500
2020-01-08,134.30154418945312,141.3699951171875,142.4600067138672,140.16000366210938,140.32000732421875,674100
2020-01-09,135.18504333496094,142.3000030517578,143.5,141.50999450683594,141.75999450683594,649900
2020-01-10,136.00201416015625,143.16000366210938,143.1999969482422,140.6199951171875,142.1300048828125,659900
2020-01-13,135.10897827148438,142.22000122070312,143.1699981689453,141.9499969482422,142.91000366210938,687800
2020-01-14,132.42999267578125,139.39999389648438,141.9499969482422,138.38999938964844,141.72000122070312,1412700
2020-01-15,132.67698669433594,139.66000366210938,140.85000610351562,138.66000366210938,139.13999938964844,1203100
2020-01-16,132.8765106201172,139.8699951171875,140.39999389648438,138.30999755859375,140.13999938964844,888700
2020-01-17,134.05455017089844,141.11000061035156,141.47000122070312,139.85000610351562,139.97999572753906,826800
2020-01-21,134.6909942626953,141.77999877929688,142.10000610351562,140.24000549316406,140.5,1173700
2020-01-22,134.61497497558594,141.6999969482422,142.39999389648438,140.82000732421875,142.27000427246094,665500
2020-01-23,135.43203735351562,142.55999755859375,142.8000030517578,140.1300048828125,141.19000244140625,545400
2020-01-24,133.49403381347656,140.52000427246094,142.77999877929688,139.1199951171875,142.64999389648438,565300
2020-01-27,131.93600463867188,138.8800048828125,141.77000427246094,138.6300048828125,139.19000244140625,1071800
2020-01-28,134.23504638671875,141.3000030517578,141.88999938964844,138.05999755859375,139.60000610351562,838000
2020-01-29,132.373046875,139.33999633789062,142.2899932861328,139.30999755859375,141.33999633789062,669000
2020-01-30,135.27053833007812,142.38999938964844,142.44000244140625,138.77999877929688,138.77999877929688,621600
2020-01-31,134.54855346679688,141.6300048828125,141.8300018310547,139.41000366210938,141.58999633789062,1042500
2020-02-03,137.322509765625,144.5500030517578,145.22000122070312,142.24000549316406,142.38999938964844,1011900
2020-02-04,137.31298828125,144.5399932861328,146.0,141.0,145.77000427246094,936800
2020-02-05,140.98951721191406,148.41000366210938,149.0500030517578,145.27000427246094,145.92999267578125,1222800
2020-02-06,139.6785125732422,147.02999877929688,148.64999389648438,146.7899932861328,148.1699981689453,1030000
2020-02-07,140.3340301513672,147.72000122070312,148.1699981689453,146.05999755859375,146.77000427246094,544800
2020-02-10,139.76402282714844,147.1199951171875,147.6999969482422,145.6699981689453,147.05999755859375,732400
2020-02-11,136.99005126953125,144.1999969482422,147.5399932861328,143.9600067138672,147.02999877929688,982900
2020-02-12,137.90203857421875,145.16000366210938,145.8000030517578,141.0800018310547,143.50999450683594,1050900
2020-02-13,137.82598876953125,145.0800018310547,146.60000610351562,144.5500030517578,145.4499969482422,704800
2020-02-14,139.6215362548828,146.97000122070312,147.63999938964844,144.8699951171875,145.1699981689453,640600
2020-02-18,130.31150817871094,137.1699981689453,143.63999938964844,136.3000030517578,142.74000549316406,2306400
2020-02-19,128.6300506591797,135.39999389648438,137.61000061035156,134.3800048828125,136.4499969482422,1220000
2020-02-20,129.00054931640625,135.7899932861328,137.3800048828125,134.22000122070312,135.38999938964844,1299600
2020-02-21,127.25253295898438,133.9499969482422,135.7100067138672,133.13999938964844,135.4199981689453,1032300
2020-02-24,123.70904541015625,130.22000122070312,131.2100067138672,127.98999786376953,130.0,994600
2020-02-25,118.90850067138672,124.83999633789062,130.72999572753906,124.58000183105469,129.77999877929688,901000
2020-02-26,115.26998901367188,121.0199966430664,126.51000213623047,119.37000274658203,125.73999786376953,1911200
2020-02-27,113.07927703857422,118.72000122070312,123.69000244140625,118.44999694824219,119.4800033569336,2282500
2020-02-28,114.54611206054688,120.26000213623047,120.37000274658203,113.19999694824219,115.94999694824219,2431900
2020-03-02,119.86096954345703,125.83999633789062,126.25,119.69000244140625,120.68000030517578,1619600
2020-03-03,121.99456024169922,128.0800018310547,131.83999633789062,126.95999908447266,128.22000122070312,2133200
2020-03-04,128.32858276367188,134.72999572753906,134.88999938964844,129.0,129.9199981689453,1515700
2020-03-05,123.58521270751953,129.75,132.4499969482422,127.45999908447266,131.52000427246094,1129700
2020-03-06,121.38496398925781,127.44000244140625,128.07000732421875,123.04000091552734,126.38999938964844,1387700
2020-03-09,113.09832000732422,118.73999786376953,124.19999694824219,116.66999816894531,120.94000244140625,1425700
2020-03-10,117.15592956542969,123.0,123.29000091552734,117.22000122070312,121.36000061035156,1539400
2020-03-11,112.02201843261719,117.61000061035156,120.1500015258789,115.23999786376953,119.81999969482422,1454800
2020-03-12,102.03042602539062,107.12000274658203,118.80000305175781,106.77999877929688,111.0999984741211,2366900
2020-03-13,104.55451202392578,109.7699966430664,112.91999816894531,102.29000091552734,112.91999816894531,2147300
2020-03-16,90.48627471923828,95.0,102.01000213623047,95.0,100.48999786376953,1575800
2020-03-17,88.57178497314453,92.98999786376953,98.47000122070312,92.54000091552734,97.45999908447266,1774100
2020-03-18,72.97003173828125,76.61000061035156,89.11000061035156,65.55999755859375,88.5,2865300
2020-03-19,85.93339538574219,90.22000122070312,91.58999633789062,73.08999633789062,77.0199966430664,2696200
2020-03-20,80.6280517578125,84.6500015258789,91.80000305175781,83.52999877929688,90.55999755859375,3278700
2020-03-23,78.12298583984375,82.0199966430664,85.87999725341797,77.83999633789062,84.19999694824219,1956900
2020-03-24,81.38052368164062,85.44000244140625,88.30000305175781,82.7300033569336,85.01000213623047,3488100
2020-03-25,91.19113159179688,95.73999786376953,100.01000213623047,84.05000305175781,84.9800033569336,2192400
2020-03-26,97.36322784423828,102.22000122070312,103.0,95.79000091552734,96.23999786376953,1451900
2020-03-27,94.49624633789062,99.20999908447266,103.11000061035156,97.2300033569336,98.68000030517578,1741500
2020-03-30,97.02033996582031,101.86000061035156,102.23999786376953,96.19999694824219,99.18000030517578,1034300
2020-03-31,102.93527221679688,108.06999969482422,113.20999908447266,98.51000213623047,100.61000061035156,2921900
2020-04-01,102.03042602539062,107.12000274658203,112.66999816894531,102.95999908447266,104.19999694824219,2616100
2020-04-02,102.2018814086914,107.30000305175781,110.87999725341797,104.31999969482422,107.83000183105469,2667100
2020-04-03,94.49624633789062,99.20999908447266,107.7300033569336,94.0999984741211,106.94000244140625,1988500
2020-04-06,98.26810455322266,103.16999816894531,104.26000213623047,101.30000305175781,101.9800033569336,1997400
2020-04-07,102.79239654541016,107.91999816894531,113.8499984741211,107.2300033569336,107.81999969482422,1600800
2020-04-08,107.60249328613281,112.97000122070312,113.36000061035156,106.0,108.16000366210938,1182300
2020-04-09,107.726318359375,113.0999984741211,124.4800033569336,112.55999755859375,115.29000091552734,2769300
2020-04-13,104.23067474365234,109.43000030517578,114.79000091552734,108.38999938964844,113.87999725341797,1523700
2020-04-14,107.12623596191406,112.47000122070312,112.9000015258789,108.9800033569336,111.1500015258789,1209300
2020-04-15,104.94503021240234,110.18000030517578,110.20999908447266,106.58999633789062,108.80000305175781,1659500
2020-04-16,101.1827163696289,106.2300033569336,110.05000305175781,105.05000305175781,109.66000366210938,1708800
2020-04-17,106.70713806152344,112.02999877929688,112.4800033569336,108.1500015258789,109.23999786376953,1203100
2020-04-20,102.86861419677734,108.0,111.88999938964844,107.4000015258789,110.29000091552734,1347900
2020-04-21,100.96363067626953,106.0,107.0999984741211,104.58000183105469,105.36000061035156,1068400
2020-04-22,99.9159164428711,104.9000015258789,108.54000091552734,104.19999694824219,107.9800033569336,891400
2020-04-23,96.3917007446289,101.19999694824219,105.86000061035156,100.70999908447266,105.25,2290200
2020-04-24,97.18225860595703,102.02999877929688,103.9800033569336,100.91999816894531,103.1500015258789,1541200
2020-04-27,103.13528442382812,108.27999877929688,109.08999633789062,103.6500015258789,103.6500015258789,1325300
2020-04-28,105.5069808959961,110.7699966430664,114.19000244140625,110.61000061035156,110.75,1214000
2020-04-29,111.10762023925781,116.6500015258789,117.87000274658203,112.77999877929688,113.30999755859375,1478900
2020-04-30,107.60249328613281,112.97000122070312,115.18000030517578,112.0,115.18000030517578,1262400
2020-05-01,105.4212875366211,110.68000030517578,111.97000122070312,107.87000274658203,110.9000015258789,983900
2020-05-04,106.42139434814453,111.7300033569336,112.05999755859375,107.66000366210938,108.86000061035156,1157800
2020-05-05,102.90672302246094,108.04000091552734,114.12999725341797,107.62000274658203,112.62000274658203,1401000
2020-05-06,95.54398345947266,100.30999755859375,111.33999633789062,99.76000213623047,110.81999969482422,1781600
2020-05-07,97.32513427734375,102.18000030517578,104.33999633789062,100.33000183105469,101.0,1066600
2020-05-08,96.30599212646484,101.11000061035156,104.6500015258789,100.5199966430664,104.0,1210900
2020-05-11,92.49602508544922,97.11000061035156,99.86000061035156,94.61000061035156,99.86000061035156,2016500
2020-05-12,94.03907012939453,98.7300033569336,99.61000061035156,97.37000274658203,97.62000274658203,1283400
2020-05-13,88.62893676757812,93.05000305175781,100.45999908447266,92.79000091552734,97.79000091552734,1460400
2020-05-14,92.2579116821289,96.86000061035156,98.2699966430664,88.5999984741211,91.56999969482422,1870100
2020-05-15,91.50543975830078,96.06999969482422,98.36000061035156,95.47000122070312,96.91999816894531,2076600
2020-05-18,96.42979431152344,101.23999786376953,102.2300033569336,99.08999633789062,99.55000305175781,1288300
2020-05-19,94.35338592529297,99.05999755859375,101.5,98.75,101.2699966430664,928800
2020-05-20,96.64887237548828,101.47000122070312,102.41000366210938,99.0,99.3499984741211,1476900
2020-05-21,96.1710205078125,100.62999725341797,102.4000015258789,99.61000061035156,100.80999755859375,961000
2020-05-22,95.41603088378906,99.83999633789062,102.12999725341797,98.5999984741211,101.75,1013900
2020-05-26,100.08935546875,104.7300033569336,105.22000122070312,101.0199966430664,103.5,1791800
2020-05-27,106.56891632080078,111.51000213623047,111.58000183105469,106.9800033569336,108.8499984741211,2153300
2020-05-28,105.4794692993164,110.37000274658203,113.11000061035156,109.73999786376953,112.69999694824219,1107300
2020-05-29,103.52030181884766,108.31999969482422,109.95999908447266,108.0,109.61000061035156,843600
2020-06-01,102.58369445800781,107.33999633789062,109.27999877929688,107.11000061035156,108.06999969482422,1692000
2020-06-02,105.68968200683594,110.58999633789062,110.63999938964844,107.0999984741211,107.80999755859375,2537100
2020-06-03,113.08671569824219,118.33000183105469,119.41999816894531,111.80000305175781,112.13999938964844,2469900
2020-06-04,115.29435729980469,120.63999938964844,122.5999984741211,117.52999877929688,117.55999755859375,1461400
2020-06-05,118.62972259521484,124.12999725341797,128.7899932861328,123.2300033569336,125.2699966430664,1135100
2020-06-08,118.56282043457031,124.05999755859375,127.01000213623047,122.61000061035156,125.04000091552734,1021700
2020-06-09,112.80001831054688,118.02999877929688,122.72000122070312,117.62000274658203,121.5,1190600
2020-06-10,110.9268798828125,116.06999969482422,117.83000183105469,114.48999786376953,116.58000183105469,710900
2020-06-11,104.25617218017578,109.08999633789062,114.44000244140625,108.88999938964844,111.80999755859375,1936700
2020-06-12,107.12322998046875,112.08999633789062,115.80000305175781,110.16999816894531,113.4000015258789,1026900
2020-06-15,108.21272277832031,113.2300033569336,113.66000366210938,107.0,108.43000030517578,801200
2020-06-16,117.69315338134766,123.1500015258789,128.24000549316406,120.52999877929688,125.27999877929688,3247700
2020-06-17,113.71748352050781,118.98999786376953,123.62000274658203,118.36000061035156,123.0,1014500
2020-06-18,115.66709899902344,121.02999877929688,122.98999786376953,117.62999725341797,117.97000122070312,969500
2020-06-19,114.73050689697266,120.05000305175781,123.5,119.80000305175781,123.5,1212900
2020-06-22,114.40557098388672,119.70999908447266,119.94000244140625,117.73999786376953,118.76000213623047,719200
2020-06-23,114.33869171142578,119.63999938964844,121.70999908447266,118.77999877929688,121.44999694824219,818200
2020-06-24,112.82870483398438,118.05999755859375,119.66000366210938,116.63999938964844,117.87999725341797,1299300
2020-06-25,111.72967529296875,116.91000366210938,117.47000122070312,114.91000366210938,116.95999908447266,1507100
2020-06-26,107.80176544189453,112.80000305175781,116.63999938964844,111.51000213623047,115.9800033569336,3678100
2020-06-29,110.87906646728516,116.0199966430664,116.73999786376953,114.20999908447266,114.7699966430664,1169500
2020-06-30,110.71659851074219,115.8499984741211,116.41999816894531,113.91000366210938,115.91999816894531,1200300
2020-07-01,110.82173919677734,115.95999908447266,117.36000061035156,114.33000183105469,116.36000061035156,1119000
2020-07-02,115.46640014648438,120.81999969482422,121.27999877929688,117.58999633789062,118.58000183105469,1674100
2020-07-06,118.24746704101562,123.7300033569336,123.88999938964844,122.25,123.0,1268400
2020-07-07,117.23441314697266,122.66999816894531,123.06999969482422,122.04000091552734,122.29000091552734,1716200
2020-07-08,113.84173583984375,119.12000274658203,123.62999725341797,118.87000274658203,122.27999877929688,1087100
2020-07-09,111.91122436523438,117.0999984741211,119.48999786376953,114.44000244140625,118.8499984741211,1243200
2020-07-10,113.52635192871094,118.79000091552734,119.44000244140625,116.77999877929688,117.0,657400
2020-07-13,113.87993621826172,119.16000366210938,122.13999938964844,118.44999694824219,120.0,705000
2020-07-14,115.47594451904297,120.83000183105469,121.13999938964844,118.27999877929688,119.25,612300
2020-07-15,118.0562973022461,123.52999877929688,125.3499984741211,122.61000061035156,122.61000061035156,879400
2020-07-16,118.72528839111328,124.2300033569336,124.4000015258789,122.52999877929688,122.81999969482422,577100
2020-07-17,119.41338348388672,124.94999694824219,126.16000366210938,124.05000305175781,125.0199966430664,518900
2020-07-20,119.56629180908203,125.11000061035156,125.4000015258789,123.29000091552734,124.37000274658203,571600
2020-07-21,121.3343276977539,126.95999908447266,128.2100067138672,125.43000030517578,125.5,525700
2020-07-22,121.51591491699219,127.1500015258789,128.8800048828125,126.62000274658203,127.79000091552734,565400
2020-07-23,121.49679565429688,127.12999725341797,128.36000061035156,126.25,127.0999984741211,576300
2020-07-24,121.64016723632812,127.27999877929688,127.70999908447266,125.62999725341797,127.06999969482422,926400
2020-07-27,122.45248413085938,128.1300048828125,128.2899932861328,125.83000183105469,126.45999908447266,836400
2020-07-28,115.16058349609375,120.5,127.61000061035156,120.2699966430664,127.58000183105469,1748300
2020-07-29,115.71485137939453,121.08000183105469,122.08000183105469,119.97000122070312,121.06999969482422,870300
2020-07-30,114.37691497802734,119.68000030517578,121.0,118.58999633789062,119.69000244140625,702400
2020-07-31,112.21705627441406,117.41999816894531,119.97000122070312,114.83999633789062,119.52999877929688,1499900
2020-08-03,112.32217407226562,117.52999877929688,119.13999938964844,115.62000274658203,118.0,1254500
2020-08-04,118.82089233398438,124.33000183105469,124.91999816894531,118.08999633789062,118.08999633789062,2278100
2020-08-05,120.93293762207031,126.54000091552734,128.5500030517578,123.0199966430664,125.22000122070312,1445700
2020-08-06,120.79912567138672,126.4000015258789,127.41999816894531,125.0,125.08000183105469,1059500
2020-08-07,124.31610107421875,130.0800018310547,130.69000244140625,125.83999633789062,126.38999938964844,1163600
2020-08-10,126.20838165283203,132.05999755859375,132.64999389648438,130.47000122070312,131.10000610351562,1028400
2020-08-11,127.33602905273438,133.24000549316406,136.13999938964844,132.6999969482422,133.52999877929688,760500
2020-08-12,126.0458755493164,131.88999938964844,134.27999877929688,130.74000549316406,133.57000732421875,908400
2020-08-13,123.89557647705078,129.63999938964844,131.80999755859375,128.97999572753906,130.5,484400
2020-08-14,123.99115753173828,129.74000549316406,130.88999938964844,128.5500030517578,129.02000427246094,313500
2020-08-17,124.268310546875,130.02999877929688,131.08999633789062,129.47999572753906,129.75,585600
2020-08-18,123.26219940185547,128.63999938964844,130.8300018310547,128.24000549316406,130.32000732421875,452300
2020-08-19,121.71949005126953,127.02999877929688,129.22999572753906,126.70999908447266,128.5399932861328,526200
2020-08-20,120.83795166015625,126.11000061035156,126.69000244140625,125.33000183105469,126.01000213623047,389200
2020-08-21,120.56964874267578,125.83000183105469,126.4000015258789,124.80999755859375,125.62999725341797,560000
2020-08-24,119.45816040039062,124.66999816894531,126.79000091552734,124.02999877929688,126.5199966430664,856600
2020-08-25,119.30485534667969,124.51000213623047,125.62000274658203,122.5199966430664,125.25,1344600
2020-08-26,117.75255584716797,122.88999938964844,123.79000091552734,121.48999786376953,123.30000305175781,1157300
2020-08-27,118.8736572265625,124.05999755859375,125.62999725341797,123.76000213623047,123.8499984741211,890400
2020-08-28,117.75255584716797,122.88999938964844,124.45999908447266,121.44999694824219,124.41999816894531,655800
2020-08-31,114.98338317871094,120.0,122.94000244140625,119.94999694824219,122.87000274658203,915000
2020-09-01,117.11058807373047,122.22000122070312,122.2699966430664,119.27999877929688,119.54000091552734,957300
2020-09-02,120.15763854980469,125.4000015258789,126.0,120.37000274658203,122.01000213623047,892200
2020-09-03,118.74910736083984,123.93000030517578,127.19999694824219,122.44999694824219,125.77999877929688,765900
2020-09-04,119.77436828613281,125.0,126.23999786376953,123.45999908447266,124.98999786376953,855700
2020-09-08,117.25431060791016,122.37000274658203,124.66000366210938,121.76000213623047,124.66000366210938,1121200
2020-09-09,116.5739974975586,121.66000366210938,122.91000366210938,119.68000030517578,122.02999877929688,846300
2020-09-10,118.17418670654297,123.33000183105469,124.76000213623047,121.68000030517578,122.26000213623047,593100
2020-09-11,120.71337890625,125.9800033569336,129.41000366210938,123.01000213623047,123.45999908447266,995700
2020-09-14,124.89110565185547,130.33999633789062,130.8000030517578,126.36000061035156,126.5,740300
2020-09-15,125.92591857910156,131.4199981689453,134.13999938964844,130.69000244140625,130.91000366210938,830100
2020-09-16,127.71778106689453,133.2899932861328,134.5800018310547,129.77000427246094,132.25,1135100
2020-09-17,128.15858459472656,133.75,134.24000549316406,129.91000366210938,131.80999755859375,752300
2020-09-18,125.89725494384766,131.38999938964844,134.6999969482422,131.3300018310547,132.8699951171875,980200
2020-09-21,121.37454986572266,126.66999816894531,129.4199981689453,124.58000183105469,128.17999267578125,732400
2020-09-22,123.06096649169922,128.42999267578125,129.0800018310547,126.30000305175781,126.80999755859375,487400
2020-09-23,121.13499450683594,126.41999816894531,132.0800018310547,126.38999938964844,129.58999633789062,1256900
2020-09-24,123.1663818359375,128.5399932861328,130.47000122070312,125.5999984741211,126.06999969482422,683100
2020-09-25,125.0252685546875,130.47999572753906,131.22000122070312,126.80000305175781,126.80000305175781,829600
2020-09-28,128.1298065185547,133.72000122070312,135.7100067138672,131.74000549316406,131.74000549316406,708500
2020-09-29,127.15245819091797,132.6999969482422,133.60000610351562,131.17999267578125,132.85000610351562,544200
2020-09-30,129.8737030029297,135.5399932861328,136.44000244140625,133.24000549316406,133.36000061035156,1029100
2020-10-01,128.76223754882812,134.3800048828125,138.80999755859375,133.8300018310547,136.0,975100
2020-10-02,131.08106994628906,136.8000030517578,138.0500030517578,132.25,132.25,1159200
2020-10-05,135.63250732421875,141.5500030517578,143.6300048828125,137.97999572753906,138.0,1533200
2020-10-06,135.40249633789062,141.30999755859375,147.14999389648438,140.6199951171875,142.11000061035156,1611500
2020-10-07,140.35641479492188,146.47999572753906,147.75,143.3300018310547,143.80999755859375,923500
2020-10-08,146.69004821777344,153.08999633789062,153.8800048828125,148.66000366210938,149.99000549316406,1698500
2020-10-09,144.4766082763672,150.77999877929688,153.50999450683594,149.44000244140625,153.1300048828125,980000
2020-10-12,143.81546020507812,150.08999633789062,152.19000244140625,148.17999267578125,151.27000427246094,788500
2020-10-13,139.80064392089844,145.89999389648438,147.13999938964844,144.3699951171875,145.25,1127700
2020-10-14,141.5541229248047,147.72999572753906,148.5800018310547,146.0399932861328,146.88999938964844,937500
2020-10-15,139.7335662841797,145.8300018310547,146.97000122070312,143.85000610351562,146.0800018310547,940200
2020-10-16,140.2989044189453,146.4199981689453,147.97000122070312,145.52000427246094,147.17999267578125,876000
2020-10-19,139.53237915039062,145.6199951171875,146.92999267578125,144.3300018310547,146.72999572753906,636800
2020-10-20,139.36944580078125,145.4499969482422,148.1999969482422,144.19000244140625,146.9199981689453,592100
2020-10-21,138.65078735351562,144.6999969482422,147.3000030517578,144.19000244140625,144.55999755859375,607800
2020-10-22,138.77537536621094,144.8300018310547,146.1300048828125,143.3800048828125,144.1300048828125,513300
2020-10-23,139.3311309814453,145.41000366210938,146.57000732421875,143.8699951171875,146.30999755859375,727100
2020-10-26,135.1917266845703,141.08999633789062,144.07000732421875,140.00999450683594,143.27999877929688,806900
2020-10-27,136.15951538085938,142.10000610351562,142.89999389648438,140.6300048828125,141.44000244140625,565700
2020-10-28,131.7326202392578,137.47999572753906,139.4199981689453,136.33999633789062,139.0800018310547,942000
2020-10-29,137.50096130371094,143.5,145.94000244140625,137.10000610351562,137.75,1047600
2020-10-30,138.78494262695312,144.83999633789062,145.89999389648438,141.3699951171875,142.17999267578125,834200
2020-11-02,143.19265747070312,149.44000244140625,149.6999969482422,145.99000549316406,146.47000122070312,1218000
2020-11-03,143.88255310058594,150.16000366210938,151.4199981689453,148.16000366210938,150.38999938964844,1009100
2020-11-04,130.65945434570312,136.36000061035156,142.85000610351562,131.36000061035156,140.61000061035156,3240500
2020-11-05,131.7230682373047,137.47000122070312,141.0,132.05999755859375,133.0,1926300
2020-11-06,129.0592498779297,134.69000244140625,141.85000610351562,132.85000610351562,135.33999633789062,1138500
2020-11-09,130.0078887939453,135.67999267578125,144.44000244140625,133.35000610351562,143.5800018310547,2262400
2020-11-10,134.16647338867188,140.02000427246094,145.0500030517578,136.9600067138672,137.25,1536400
2020-11-11,135.71875,141.63999938964844,142.47999572753906,137.55999755859375,140.61000061035156,844500
2020-11-12,133.22743225097656,139.0399932861328,141.44000244140625,137.2100067138672,141.44000244140625,857100
2020-11-13,132.21173095703125,137.97999572753906,142.47999572753906,137.07000732421875,140.42999267578125,900400
2020-11-16,135.89065551757812,141.47000122070312,143.63999938964844,138.0,141.05999755859375,690000
2020-11-17,134.99737548828125,140.5399932861328,141.44000244140625,138.7899932861328,140.25,549700
2020-11-18,135.25674438476562,140.80999755859375,142.69000244140625,139.2899932861328,141.10000610351562,589400
2020-11-19,134.58432006835938,140.11000061035156,142.25999450683594,138.38999938964844,140.02000427246094,541200
2020-11-20,133.89268493652344,139.38999938964844,139.8699951171875,135.50999450683594,139.0500030517578,728900
2020-11-23,133.37399291992188,138.85000610351562,141.82000732421875,137.97999572753906,140.50999450683594,766900
2020-11-24,139.2141876220703,144.92999267578125,145.5399932861328,140.10000610351562,141.0800018310547,959300
2020-11-25,138.3401336669922,144.02000427246094,144.86000061035156,140.8699951171875,143.8699951171875,685600
2020-11-27,136.7167510986328,142.3300018310547,144.7899932861328,140.52000427246094,144.0,298000
2020-11-30,134.1424560546875,139.64999389648438,142.05999755859375,137.8800048828125,141.89999389648438,811200
2020-12-01,137.69656372070312,143.35000610351562,145.24000549316406,141.22000122070312,141.60000610351562,906100
2020-12-02,135.2855224609375,140.83999633789062,144.0800018310547,140.61000061035156,142.5399932861328,541000
2020-12-03,138.86842346191406,144.57000732421875,145.77000427246094,138.75999450683594,140.4199981689453,1164900
2020-12-04,140.66468811035156,146.44000244140625,146.72000122070312,144.10000610351562,144.42999267578125,612800
2020-12-07,140.3188934326172,146.0800018310547,146.41000366210938,144.38999938964844,145.19000244140625,527700
2020-12-08,138.75315856933594,144.4499969482422,146.58999633789062,144.0399932861328,144.0399932861328,455700
2020-12-09,136.15965270996094,141.75,144.08999633789062,140.5399932861328,144.08999633789062,904500
2020-12-10,132.3269805908203,137.75999450683594,141.11000061035156,137.36000061035156,140.85000610351562,1448400
2020-12-11,133.40286254882812,138.8800048828125,139.47999572753906,137.22999572753906,137.97999572753906,599500
2020-12-14,130.09848022460938,135.44000244140625,140.0,135.32000732421875,139.5,675800
2020-12-15,132.01962280273438,137.44000244140625,137.9199981689453,134.52999877929688,136.30999755859375,1037900
2020-12-16,132.259765625,137.69000244140625,139.42999267578125,136.22000122070312,138.97999572753906,934400
2020-12-17,134.03675842285156,139.5399932861328,139.8000030517578,137.72999572753906,138.25,763400
2020-12-18,139.4927978515625,145.22000122070312,145.8699951171875,139.08999633789062,140.0,2209600
2020-12-21,138.83963012695312,144.5399932861328,146.77999877929688,140.74000549316406,141.4199981689453,1051300
2020-12-22,137.61964416503906,143.27000427246094,146.0800018310547,142.60000610351562,144.99000549316406,641400
2020-12-23,137.081787109375,142.7100067138672,143.8699951171875,141.24000549316406,143.19000244140625,644600
2020-12-24,137.5716552734375,143.22000122070312,143.3699951171875,141.72000122070312,142.94000244140625,185900
2020-12-28,140.40530395507812,146.1699981689453,147.8699951171875,143.38999938964844,144.13999938964844,633900
2020-12-29,137.13943481445312,142.77000427246094,146.39999389648438,142.24000549316406,146.25999450683594,512200
2020-12-30,140.69349670410156,146.47000122070312,147.4499969482422,143.24000549316406,143.24000549316406,514000
2020-12-31,142.46092224121094,148.30999755859375,148.82000732421875,144.5,145.89999389648438,467400
2021-01-04,140.75112915039062,146.52999877929688,151.0,145.5800018310547,149.02999877929688,766600
2021-01-05,141.75009155273438,147.57000732421875,148.02000427246094,145.60000610351562,146.52999877929688,663100
2021-01-06,154.41990661621094,160.75999450683594,163.27000427246094,155.10000610351562,156.0,2826100
2021-01-07,155.62059020996094,162.00999450683594,163.97000122070312,159.5500030517578,162.1999969482422,952300
2021-01-08,156.4082794189453,162.8300018310547,164.1199951171875,160.0,161.91000366210938,801800
2021-01-11,156.57156372070312,163.0,164.27000427246094,160.24000549316406,161.1999969482422,615600
2021-01-12,159.64540100097656,166.1999969482422,168.24000549316406,162.02000427246094,162.99000549316406,963000
2021-01-13,155.22679138183594,161.60000610351562,166.07000732421875,160.97000122070312,165.00999450683594,839000
2021-01-14,154.28541564941406,160.6199951171875,162.7100067138672,159.85000610351562,162.11000061035156,694400
2021-01-15,154.57362365722656,160.9199981689453,161.30999755859375,157.1199951171875,158.82000732421875,717600
2021-01-19,152.5948486328125,158.86000061035156,161.5500030517578,158.2899932861328,161.2100067138672,639900
2021-01-20,154.28541564941406,160.6199951171875,161.00999450683594,159.1999969482422,159.47999572753906,575600
2021-01-21,152.5948486328125,158.86000061035156,162.35000610351562,158.0399932861328,160.35000610351562,624000
2021-01-22,152.12416076660156,158.3699951171875,159.17999267578125,155.88999938964844,157.6300048828125,684300
2021-01-25,150.6256866455078,156.80999755859375,158.05999755859375,155.0800018310547,158.0,732800
2021-01-26,144.56459045410156,150.5,158.02999877929688,150.22000122070312,158.02999877929688,695500
2021-01-27,140.2708282470703,146.02999877929688,148.72999572753906,143.10000610351562,147.83999633789062,913200
2021-01-28,143.08529663085938,148.9600067138672,150.10000610351562,146.9600067138672,148.64999389648438,627700
2021-01-29,143.2582244873047,149.13999938964844,150.63999938964844,146.25999450683594,148.0399932861328,860900
2021-02-01,146.00540161132812,152.0,152.49000549316406,148.52000427246094,150.7100067138672,551900
2021-02-02,145.93817138671875,151.92999267578125,155.1199951171875,151.89999389648438,153.57000732421875,476200
2021-02-03,146.3416290283203,152.35000610351562,154.02999877929688,151.5,151.82000732421875,514500
2021-02-04,147.1100311279297,153.14999389648438,155.3300018310547,150.8300018310547,152.7899932861328,722600
2021-02-05,146.9083251953125,152.94000244140625,154.86000061035156,152.25,154.86000061035156,587600
2021-02-08,148.09942626953125,154.17999267578125,156.25,152.7100067138672,154.25,490000
2021-02-09,149.51145935058594,155.64999389648438,157.72999572753906,153.3300018310547,154.36000061035156,609100
2021-02-10,152.9598846435547,159.24000549316406,161.08999633789062,155.38999938964844,156.67999267578125,723900
2021-02-11,153.74749755859375,160.05999755859375,161.52999877929688,158.75,159.60000610351562,608000
2021-02-12,158.0124053955078,164.5,164.72999572753906,158.83999633789062,159.02999877929688,787600
2021-02-16,156.04327392578125,162.4499969482422,167.52999877929688,159.02000427246094,160.82000732421875,957000
2021-02-17,155.4957275390625,161.8800048828125,162.25,157.8000030517578,162.0,623000
2021-02-18,154.28541564941406,160.6199951171875,162.05999755859375,159.3699951171875,161.35000610351562,606400
2021-02-19,157.89712524414062,164.3800048828125,165.3000030517578,161.77999877929688,161.85000610351562,1004500
2021-02-22,155.60142517089844,161.99000549316406,164.55999755859375,161.44000244140625,163.3800048828125,521200
2021-02-23,159.44366455078125,165.99000549316406,166.67999267578125,159.44000244140625,164.17999267578125,922000
2021-02-24,167.28184509277344,174.14999389648438,175.02000427246094,165.57000732421875,165.57000732421875,1614000
2021-02-25,161.64334106445312,168.27999877929688,174.47000122070312,167.5500030517578,174.47000122070312,793300
2021-02-26,160.7576904296875,166.99000549316406,169.05999755859375,164.5,167.47999572753906,926400
2021-03-01,165.54217529296875,171.9600067138672,173.91000366210938,169.72999572753906,169.72999572753906,646600
2021-03-02,162.6348876953125,168.94000244140625,173.0,168.6199951171875,172.36000061035156,733500
2021-03-03,163.90562438964844,170.25999450683594,171.72999572753906,168.94000244140625,168.94000244140625,1432200
2021-03-04,159.8046417236328,166.0,171.25,162.60000610351562,169.72999572753906,1380800
2021-03-05,161.171630859375,167.4199981689453,169.27000427246094,161.22000122070312,168.39999389648438,1071500
2021-03-08,162.78892517089844,169.10000610351562,172.4600067138672,167.0399932861328,167.69000244140625,672000
2021-03-09,161.55674743652344,167.82000732421875,169.99000549316406,166.1300048828125,169.66000366210938,583900
2021-03-10,164.94534301757812,171.33999633789062,172.6699981689453,166.66000366210938,168.0800018310547,630600
2021-03-11,165.51332092285156,171.92999267578125,174.67999267578125,170.39999389648438,173.33999633789062,757200
2021-03-12,165.52291870117188,171.94000244140625,172.89999389648438,170.0,172.07000732421875,374000
2021-03-15,166.05239868164062,172.49000549316406,172.49000549316406,168.75999450683594,171.9600067138672,562700
2021-03-16,162.26910400390625,168.55999755859375,173.0,168.17999267578125,173.0,803500
2021-03-17,162.33648681640625,168.6300048828125,170.6300048828125,166.4600067138672,168.80999755859375,545700
2021-03-18,161.77810668945312,168.0500030517578,171.25,166.9499969482422,169.07000732421875,770600
2021-03-19,159.10186767578125,165.27000427246094,167.6699981689453,164.4499969482422,167.2100067138672,1177100
2021-03-22,155.99244689941406,162.0399932861328,164.5500030517578,160.88999938964844,164.5500030517578,818600
2021-03-23,152.4978790283203,158.41000366210938,161.4499969482422,157.8000030517578,161.38999938964844,958700
2021-03-24,154.55799865722656,160.5500030517578,163.39999389648438,159.25,160.32000732421875,720700
2021-03-25,159.409912109375,165.58999633789062,167.16000366210938,158.72999572753906,160.60000610351562,1007400
2021-03-26,163.98265075683594,170.33999633789062,170.72999572753906,166.55999755859375,168.38999938964844,699400
2021-03-29,164.52175903320312,170.89999389648438,173.6699981689453,168.8000030517578,171.55999755859375,959400
2021-03-30,165.80210876464844,172.22999572753906,175.1699981689453,170.5,170.5,805900
2021-03-31,162.4519805908203,168.75,176.35000610351562,167.1999969482422,175.0,1421000
2021-04-01,160.18011474609375,166.38999938964844,169.74000549316406,164.1300048828125,168.0,1337600
2021-04-05,163.93447875976562,170.2899932861328,170.74000549316406,168.3300018310547,169.80999755859375,755400
2021-04-06,164.26181030273438,170.6300048828125,170.88999938964844,168.69000244140625,170.0,668700
2021-04-07,162.60604858398438,168.91000366210938,171.64999389648438,168.0800018310547,171.52999877929688,712400
2021-04-08,163.99229431152344,170.35000610351562,170.5500030517578,165.86000061035156,167.33999633789062,637700
2021-04-09,166.09092712402344,172.52999877929688,172.82000732421875,170.0399932861328,170.74000549316406,569500
2021-04-12,167.84300231933594,174.35000610351562,174.82000732421875,172.0399932861328,173.3699951171875,551400
2021-04-13,166.19679260253906,172.63999938964844,174.0,171.22000122070312,173.22000122070312,627800
2021-04-14,167.5830841064453,174.0800018310547,174.80999755859375,171.69000244140625,172.10000610351562,454600
2021-04-15,168.2280731201172,174.75,175.1300048828125,173.0,174.8800048828125,518600
2021-04-16,169.11370849609375,175.6699981689453,176.74000549316406,175.4600067138672,176.1199951171875,546100
2021-04-19,170.14378356933594,176.74000549316406,177.10000610351562,175.61000061035156,175.6699981689453,709000
2021-04-20,167.99703979492188,174.50999450683594,176.89999389648438,172.58999633789062,176.17999267578125,619700
2021-04-21,170.75030517578125,177.3699951171875,177.39999389648438,173.0,173.72999572753906,648300
2021-04-22,169.5373077392578,176.11000061035156,178.27999877929688,176.0500030517578,177.8300018310547,656200
2021-04-23,169.9801788330078,176.57000732421875,177.1300048828125,175.35000610351562,176.30999755859375,503700
2021-04-26,172.7815399169922,179.47999572753906,179.5500030517578,176.5800018310547,177.22000122070312,746800
2021-04-27,174.1100311279297,180.86000061035156,181.9499969482422,179.47000122070312,180.0,569800
2021-04-28,172.35792541503906,179.0399932861328,182.5500030517578,178.77000427246094,182.22999572753906,530800
2021-04-29,174.89939880371094,181.67999267578125,181.8000030517578,179.30999755859375,180.05999755859375,364400
2021-04-30,171.58782958984375,178.24000549316406,180.77000427246094,178.0,180.77000427246094,558400
2021-05-03,172.9740753173828,179.67999267578125,181.25999450683594,178.63999938964844,180.0,562300
2021-05-04,182.14837646484375,189.2100067138672,189.8000030517578,180.08999633789062,181.16000366210938,1512800
2021-05-05,182.42755126953125,189.5,191.61000061035156,188.32000732421875,190.9600067138672,913100
2021-05-06,184.07376098632812,191.2100067138672,191.27999877929688,187.77000427246094,190.0,698000
2021-05-07,184.5550994873047,191.7100067138672,192.64999389648438,189.25,190.47999572753906,539900
2021-05-10,183.6405487060547,190.75999450683594,194.1699981689453,190.47000122070312,193.17999267578125,589100
2021-05-11,184.29518127441406,191.44000244140625,191.97000122070312,187.0399932861328,189.08999633789062,686900
2021-05-12,181.1375732421875,188.16000366210938,193.24000549316406,187.5,191.5,661600
2021-05-13,182.95701599121094,190.0500030517578,190.97000122070312,187.41000366210938,187.6999969482422,1164600
2021-05-14,184.0448760986328,191.17999267578125,193.1300048828125,190.39999389648438,191.75,848500
2021-05-17,185.90281677246094,193.11000061035156,194.0,189.6999969482422,191.2899932861328,572600
2021-05-18,182.96665954589844,190.05999755859375,193.8800048828125,190.0500030517578,193.66000366210938,495100
2021-05-19,178.04739379882812,184.9499969482422,187.10000610351562,182.8000030517578,186.94000244140625,703400
2021-05-20,177.83558654785156,184.72999572753906,186.22999572753906,182.8699951171875,185.74000549316406,723600
2021-05-21,177.58529663085938,184.47000122070312,187.8800048828125,184.41000366210938,185.58999633789062,568800
2021-05-24,177.7777862548828,184.6699981689453,186.30999755859375,183.27999877929688,186.00999450683594,906100
2021-05-25,175.6117706298828,182.4199981689453,186.22000122070312,181.8800048828125,185.22000122070312,804400
2021-05-26,177.06546020507812,183.92999267578125,185.0,182.5,183.00999450683594,490700
2021-05-27,178.96572875976562,185.52999877929688,187.0,184.75999450683594,186.33999633789062,1524200
2021-05-28,176.833984375,183.32000732421875,186.17999267578125,182.80999755859375,185.83999633789062,592000
2021-06-01,177.12332153320312,183.6199951171875,185.89999389648438,183.3699951171875,185.25,507300
2021-06-02,174.10406494140625,180.49000549316406,184.14999389648438,180.47000122070312,184.11000061035156,879500
2021-06-03,176.51564025878906,182.99000549316406,183.9199981689453,179.11000061035156,180.0,1156000
2021-06-04,173.24559020996094,179.60000610351562,184.30999755859375,178.67999267578125,183.42999267578125,1082800
2021-06-07,171.66357421875,177.9600067138672,182.52000427246094,177.5,180.5500030517578,1012700
2021-06-08,172.6667938232422,179.0,180.92999267578125,176.6999969482422,177.97000122070312,1698100
2021-06-09,172.3002471923828,178.6199951171875,179.82000732421875,177.0,178.57000732421875,833300
2021-06-10,166.9755401611328,173.10000610351562,180.25,173.00999450683594,180.1300048828125,1311200
2021-06-11,168.07521057128906,174.24000549316406,176.0500030517578,173.75999450683594,174.91000366210938,766200
2021-06-14,165.65402221679688,171.72999572753906,174.9600067138672,170.5500030517578,173.99000549316406,865500
2021-06-15,165.9723358154297,172.05999755859375,173.22999572753906,170.8800048828125,172.0399932861328,555600
2021-06-16,164.35179138183594,170.3800048828125,172.2899932861328,169.66000366210938,171.38999938964844,598300
2021-06-17,160.1749725341797,166.0500030517578,171.2899932861328,164.3000030517578,170.6300048828125,1274900
2021-06-18,159.97239685058594,165.83999633789062,167.22999572753906,163.0,164.63999938964844,1243300
2021-06-21,162.9627227783203,168.94000244140625,169.6199951171875,167.1199951171875,167.5,536100
2021-06-22,163.8887481689453,169.89999389648438,170.50999450683594,168.11000061035156,169.77000427246094,584700
2021-06-23,164.30357360839844,170.3300018310547,171.5399932861328,168.8800048828125,169.72000122070312,490500
2021-06-24,169.67645263671875,175.89999389648438,177.05999755859375,171.57000732421875,172.19000244140625,2227100
2021-06-25,171.3259735107422,177.61000061035156,181.3800048828125,176.9199981689453,181.0,1379700
2021-06-28,170.72792053222656,176.99000549316406,178.17999267578125,175.55999755859375,177.61000061035156,661800
2021-06-29,167.94015502929688,174.10000610351562,179.44000244140625,173.13999938964844,178.1699981689453,662900
2021-06-30,167.9112091064453,174.07000732421875,174.2899932861328,171.41000366210938,173.22999572753906,868400
2021-07-01,167.6797332763672,173.8300018310547,175.49000549316406,173.11000061035156,174.63999938964844,881300
2021-07-02,164.93051147460938,170.97999572753906,173.47000122070312,170.8300018310547,173.32000732421875,1068200
2021-07-06,164.978759765625,171.02999877929688,171.60000610351562,167.16000366210938,170.55999755859375,714300
2021-07-07,168.2681121826172,174.44000244140625,175.3000030517578,170.77999877929688,170.94000244140625,818400
2021-07-08,166.75364685058594,172.8699951171875,173.91000366210938,172.0,172.3000030517578,741800
2021-07-09,168.74078369140625,174.92999267578125,176.64999389648438,174.32000732421875,175.1699981689453,685300
2021-07-12,168.5574951171875,174.74000549316406,175.25999450683594,171.80999755859375,172.92999267578125,435400
2021-07-13,167.3903350830078,173.52999877929688,174.5800018310547,172.24000549316406,174.57000732421875,526600
2021-07-14,169.73435974121094,175.9600067138672,176.19000244140625,172.3000030517578,172.7899932861328,829300
2021-07-15,170.40960693359375,176.66000366210938,177.52999877929688,175.08999633789062,175.47000122070312,662500
2021-07-16,169.1459503173828,175.35000610351562,177.17999267578125,175.0,176.8000030517578,612900
2021-07-19,164.7086639404297,170.75,173.19000244140625,168.7899932861328,172.7899932861328,1510500
2021-07-20,168.17166137695312,174.33999633789062,176.2899932861328,171.16000366210938,171.16000366210938,570200
2021-07-21,170.1105499267578,176.35000610351562,176.8300018310547,174.63999938964844,175.35000610351562,585300
2021-07-22,169.82118225097656,176.0500030517578,176.8000030517578,174.2899932861328,176.27999877929688,412600
2021-07-23,171.83721923828125,178.13999938964844,178.44000244140625,175.97999572753906,176.9499969482422,408700
2021-07-26,169.7632598876953,175.99000549316406,178.77999877929688,175.91000366210938,178.41000366210938,842600
2021-07-27,170.40960693359375,176.66000366210938,176.97999572753906,172.52999877929688,174.3300018310547,498400
2021-07-28,176.50599670410156,182.97999572753906,183.8800048828125,174.9600067138672,177.07000732421875,1149500
2021-07-29,176.1490936279297,182.61000061035156,185.8300018310547,180.55999755859375,184.0,860400
2021-07-30,173.6217498779297,179.99000549316406,183.85000610351562,179.2899932861328,182.05999755859375,803200
2021-08-02,173.2262725830078,179.5800018310547,183.3800048828125,179.42999267578125,181.10000610351562,517000
2021-08-03,174.45135498046875,180.85000610351562,181.13999938964844,177.3800048828125,179.75,556600
2021-08-04,173.30345153808594,179.66000366210938,181.72999572753906,170.3300018310547,171.13999938964844,924100
2021-08-05,171.50924682617188,177.8000030517578,181.35000610351562,174.94000244140625,180.5800018310547,922800
2021-08-06,174.75033569335938,181.16000366210938,181.74000549316406,178.35000610351562,179.50999450683594,671300
2021-08-09,176.7471160888672,183.22999572753906,185.58999633789062,180.1699981689453,181.58999633789062,907200
2021-08-10,180.7117156982422,187.33999633789062,189.64999389648438,183.3699951171875,183.41000366210938,1122200
2021-08-11,186.56698608398438,193.41000366210938,193.86000061035156,189.47999572753906,189.60000610351562,1185200
2021-08-12,185.55409240722656,192.36000061035156,193.9600067138672,190.49000549316406,193.41000366210938,524700
2021-08-13,183.0750274658203,189.7899932861328,192.24000549316406,189.49000549316406,191.8800048828125,384900
2021-08-16,181.1457977294922,187.7899932861328,190.1300048828125,187.02999877929688,188.77000427246094,435900
2021-08-17,179.0001220703125,185.1999969482422,188.3000030517578,184.05999755859375,186.75,929000
2021-08-18,178.1012420654297,184.27000427246094,186.92999267578125,183.0,184.6199951171875,423000
2021-08-19,177.17337036132812,183.30999755859375,184.91000366210938,181.52999877929688,182.22999572753906,358900
2021-08-20,177.25070190429688,183.38999938964844,184.72999572753906,182.47999572753906,183.27000427246094,445900
2021-08-23,178.74884033203125,184.94000244140625,185.6999969482422,182.92999267578125,184.39999389648438,383700
2021-08-24,180.13095092773438,186.3699951171875,186.94000244140625,184.0,185.5500030517578,408100
2021-08-25,183.2334747314453,189.5800018310547,191.86000061035156,186.13999938964844,186.5500030517578,571300
2021-08-26,181.25213623046875,187.52999877929688,189.42999267578125,186.75999450683594,189.42999267578125,348200
2021-08-27,181.65806579589844,187.9499969482422,189.67999267578125,187.42999267578125,189.08999633789062,507100
2021-08-30,179.81199645996094,186.0399932861328,189.27000427246094,185.94000244140625,188.6999969482422,718400
2021-08-31,179.70565795898438,185.92999267578125,187.72000122070312,184.88999938964844,187.27000427246094,768600
2021-09-01,179.6283721923828,185.85000610351562,187.0500030517578,183.97999572753906,186.35000610351562,486300
2021-09-02,176.87376403808594,183.0,186.4600067138672,181.9199981689453,185.85000610351562,1456200
2021-09-03,174.27383422851562,180.30999755859375,182.75,178.77000427246094,182.75,1062700
2021-09-07,171.1229248046875,177.0500030517578,179.8000030517578,176.07000732421875,179.02000427246094,803500
2021-09-08,170.10812377929688,176.0,177.10000610351562,174.9499969482422,176.36000061035156,549900
2021-09-09,170.10812377929688,176.0,178.27999877929688,175.08999633789062,175.39999389648438,535500
2021-09-10,171.74156188964844,177.69000244140625,180.8699951171875,177.10000610351562,177.13999938964844,667700
2021-09-13,171.9734344482422,177.92999267578125,180.35000610351562,176.6999969482422,178.91000366210938,863200
2021-09-14,169.84713745117188,175.72999572753906,177.88999938964844,175.07000732421875,177.88999938964844,794300
2021-09-15,169.12222290039062,174.97999572753906,176.2100067138672,174.4499969482422,175.72999572753906,1155100
2021-09-16,166.7542724609375,172.52999877929688,175.1300048828125,172.42999267578125,174.72999572753906,921000
2021-09-17,164.19296264648438,169.8800048828125,172.80999755859375,169.58999633789062,171.58999633789062,1262500
2021-09-20,163.7483673095703,169.4199981689453,170.4600067138672,166.30999755859375,167.07000732421875,1092000
2021-09-21,165.8166961669922,171.55999755859375,172.94000244140625,168.1199951171875,170.5,1468000
2021-09-22,168.41668701171875,174.25,174.8300018310547,173.16000366210938,173.33999633789062,1185400
2021-09-23,172.7273406982422,178.7100067138672,180.80999755859375,174.3000030517578,175.24000549316406,1000900
2021-09-24,170.1660614013672,176.05999755859375,179.3000030517578,175.64999389648438,178.02000427246094,620300
2021-09-27,172.26344299316406,178.22999572753906,180.2100067138672,176.38999938964844,176.38999938964844,658700
2021-09-28,171.0746307373047,177.0,179.72999572753906,176.30999755859375,178.32000732421875,1059400
2021-09-29,167.94309997558594,173.75999450683594,176.7100067138672,173.3699951171875,176.7100067138672,1008200
2021-09-30,163.4970703125,169.16000366210938,174.24000549316406,168.77000427246094,174.24000549316406,1550200
2021-10-01,167.15054321289062,172.94000244140625,173.75,167.24000549316406,169.0,1236700
2021-10-04,165.7490997314453,171.49000549316406,173.80999755859375,170.6699981689453,172.16000366210938,1432800
2021-10-05,163.61306762695312,169.27999877929688,171.52000427246094,168.13999938964844,171.4199981689453,1475100
2021-10-06,168.86131286621094,174.7100067138672,174.77999877929688,170.94000244140625,170.97000122070312,1060200
2021-10-07,170.72669982910156,176.63999938964844,179.3000030517578,175.5800018310547,176.0399932861328,924900
2021-10-08,169.5668487548828,175.44000244140625,178.27000427246094,175.27999877929688,176.9600067138672,658400
2021-10-11,166.12608337402344,171.8800048828125,176.10000610351562,171.77999877929688,175.0,531800
2021-10-12,165.1111602783203,170.8300018310547,172.3800048828125,170.44000244140625,170.77999877929688,524100
2021-10-13,164.77288818359375,170.47999572753906,172.36000061035156,168.86000061035156,171.25,542200
2021-10-14,170.37872314453125,176.27999877929688,176.47999572753906,171.5,171.6999969482422,670700
2021-10-15,171.00694274902344,176.92999267578125,178.25,176.3300018310547,177.94000244140625,363300
2021-10-18,174.49607849121094,180.5399932861328,181.3300018310547,177.02999877929688,177.89999389648438,828300
2021-10-19,173.84852600097656,179.8699951171875,181.17999267578125,179.08999633789062,180.8699951171875,501900
2021-10-20,179.49307250976562,185.7100067138672,185.99000549316406,179.72999572753906,179.8699951171875,827900
2021-10-21,178.27520751953125,184.4499969482422,185.61000061035156,182.92999267578125,185.61000061035156,535800
2021-10-22,178.96145629882812,185.16000366210938,186.5,184.44000244140625,184.9499969482422,423300
2021-10-25,184.4802703857422,190.8699951171875,191.47000122070312,184.5,186.07000732421875,793100
2021-10-26,182.7985382080078,189.1300048828125,191.52000427246094,188.14999389648438,191.52000427246094,513800
2021-10-27,178.8358154296875,185.02999877929688,190.38999938964844,184.77000427246094,189.10000610351562,588400
2021-10-28,182.54725646972656,188.8699951171875,190.92999267578125,186.77999877929688,187.0399932861328,694900
2021-10-29,183.75543212890625,190.1199951171875,190.3800048828125,187.36000061035156,187.42999267578125,1014400
2021-11-01,181.8610382080078,188.16000366210938,191.85000610351562,186.7100067138672,191.0,879000
2021-11-02,188.48170471191406,195.00999450683594,197.0,187.02999877929688,188.3000030517578,1318400
2021-11-03,188.47203063964844,195.0,196.9600067138672,194.0,195.00999450683594,942900
2021-11-04,187.48617553710938,193.97999572753906,196.4199981689453,190.0800018310547,192.85000610351562,1923100
2021-11-05,189.49655151367188,196.05999755859375,200.4600067138672,195.3000030517578,196.60000610351562,1169700
2021-11-08,198.87184143066406,205.75999450683594,207.5,200.22000122070312,206.5,1604900
2021-11-09,198.89111328125,205.77999877929688,210.16000366210938,202.9199981689453,210.16000366210938,901300
2021-11-10,193.57528686523438,200.27999877929688,205.77999877929688,199.1199951171875,204.64999389648438,864000
2021-11-11,192.5894775390625,199.25999450683594,201.5500030517578,198.25999450683594,199.6300048828125,556600
2021-11-12,195.50831604003906,202.27999877929688,202.55999755859375,199.1199951171875,200.0,497000
2021-11-15,195.53738403320312,201.94000244140625,203.25999450683594,201.33999633789062,203.0,388100
2021-11-16,196.51536560058594,202.9499969482422,204.0,201.9499969482422,202.66000366210938,452300
2021-11-17,195.62451171875,202.02999877929688,202.6300048828125,201.2899932861328,202.4499969482422,446200
2021-11-18,192.29359436035156,198.58999633789062,202.9600067138672,198.33999633789062,201.75,748500
2021-11-19,189.9309539794922,196.14999389648438,199.35000610351562,195.77000427246094,198.27000427246094,997800
2021-11-22,191.8772430419922,198.16000366210938,201.0800018310547,196.77000427246094,196.77000427246094,804600
2021-11-23,193.64920043945312,199.99000549316406,200.3800048828125,197.25,199.3000030517578,679600
2021-11-24,195.48895263671875,201.88999938964844,202.16000366210938,198.61000061035156,199.47000122070312,531200
2021-11-26,191.18971252441406,197.4499969482422,198.86000061035156,194.2100067138672,197.44000244140625,441900
2021-11-29,193.02952575683594,199.35000610351562,200.91000366210938,198.35000610351562,198.69000244140625,629300
2021-11-30,185.56396484375,191.63999938964844,198.38999938964844,190.97000122070312,197.4499969482422,951700
2021-12-01,182.98826599121094,188.97999572753906,196.11000061035156,188.89999389648438,194.88999938964844,743300
2021-12-02,189.6017303466797,195.80999755859375,196.91000366210938,189.0399932861328,189.66000366210938,691600
2021-12-03,185.302490234375,191.3699951171875,197.97999572753906,189.2100067138672,195.39999389648438,999900
2021-12-06,191.3156280517578,197.5800018310547,200.4499969482422,192.27999877929688,194.10000610351562,831400
2021-12-07,193.4264678955078,199.75999450683594,201.99000549316406,199.5,199.86000061035156,580600
2021-12-08,194.16244506835938,200.52000427246094,201.0500030517578,198.86000061035156,199.74000549316406,948900
2021-12-09,194.93702697753906,201.32000732421875,202.74000549316406,199.8000030517578,200.17999267578125,614800
2021-12-10,198.94577026367188,205.4600067138672,205.91000366210938,202.25999450683594,203.0,782300
2021-12-13,197.4061737060547,203.8699951171875,205.72000122070312,201.5,205.0,673000
2021-12-14,197.66766357421875,204.13999938964844,205.3300018310547,202.13999938964844,203.2100067138672,792700
2021-12-15,199.7204132080078,206.25999450683594,206.3000030517578,202.3000030517578,204.0500030517578,688900
2021-12-16,198.8392791748047,205.35000610351562,207.4499969482422,204.74000549316406,206.6300048828125,617300
2021-12-17,198.24862670898438,204.74000549316406,206.19000244140625,203.22000122070312,205.17999267578125,1358700
2021-12-20,192.47755432128906,198.77999877929688,201.99000549316406,195.83999633789062,201.0,779600
2021-12-21,195.93434143066406,202.35000610351562,203.88999938964844,199.27000427246094,200.0,545500
2021-12-22,199.1685028076172,205.69000244140625,205.80999755859375,202.38999938964844,203.0399932861328,608000
2021-12-23,199.8172149658203,206.36000061035156,207.99000549316406,204.4600067138672,205.57000732421875,365400
2021-12-27,200.9114227294922,207.49000549316406,207.7899932861328,205.8000030517578,207.02999877929688,394500
2021-12-28,202.21861267089844,208.83999633789062,209.13999938964844,206.74000549316406,206.74000549316406,287100
2021-12-29,202.344482421875,208.97000122070312,210.0,207.75999450683594,207.75999450683594,588400
2021-12-30,200.2723388671875,206.8300018310547,210.25,206.52000427246094,209.13999938964844,388100
2021-12-31,200.9985809326172,207.5800018310547,208.35000610351562,204.8800048828125,206.4199981689453,523600
2022-01-03,201.30841064453125,207.89999389648438,209.91000366210938,206.86000061035156,208.39999389648438,614700
2022-01-04,203.8550262451172,210.52999877929688,213.64999389648438,209.2100067138672,210.0,710300
2022-01-05,201.87005615234375,208.47999572753906,213.27000427246094,208.36000061035156,210.6199951171875,637400
2022-01-06,203.29339599609375,209.9499969482422,211.88999938964844,207.57000732421875,209.8000030517578,563400
2022-01-07,201.3277587890625,207.9199981689453,211.6300048828125,206.22999572753906,210.0,692700
2022-01-10,193.73634338378906,200.0800018310547,207.38999938964844,198.75,207.38999938964844,868100
2022-01-11,194.08493041992188,200.44000244140625,200.60000610351562,195.8699951171875,200.0500030517578,1017600
2022-01-12,196.4475860595703,202.8800048828125,203.75,199.7100067138672,201.74000549316406,912800
2022-01-13,192.7583770751953,199.07000732421875,204.1300048828125,198.85000610351562,202.77999877929688,951400
2022-01-14,186.13523864746094,192.22999572753906,198.6199951171875,190.22999572753906,197.0399932861328,2301700
2022-01-18,184.5472412109375,190.58999633789062,190.8000030517578,186.8800048828125,189.52999877929688,1180100
2022-01-19,182.25238037109375,188.22000122070312,192.30999755859375,187.72000122070312,191.42999267578125,986200
2022-01-20,182.25238037109375,188.22000122070312,192.38999938964844,187.8800048828125,189.5800018310547,1199100
2022-01-21,180.1221160888672,186.02000427246094,190.64999389648438,185.52000427246094,187.42999267578125,1105500
2022-01-24,182.80430603027344,188.7899932861328,189.66000366210938,179.72000122070312,183.08999633789062,1431600
2022-01-25,177.69171142578125,183.50999450683594,185.5500030517578,179.9199981689453,184.00999450683594,999400
2022-01-26,177.8369903564453,183.66000366210938,188.1999969482422,181.19000244140625,185.4499969482422,1050900
2022-01-27,177.40126037597656,183.2100067138672,187.8000030517578,181.30999755859375,186.1199951171875,751300
2022-01-28,182.446044921875,188.4199981689453,188.4499969482422,181.74000549316406,183.61000061035156,716300
2022-01-31,184.276123046875,190.30999755859375,190.3800048828125,186.19000244140625,186.49000549316406,764000
2022-02-01,185.33154296875,191.39999389648438,193.1699981689453,186.69000244140625,190.8699951171875,637300
2022-02-02,183.95657348632812,189.97999572753906,192.02000427246094,189.52000427246094,190.92999267578125,521600
2022-02-03,179.48306274414062,185.36000061035156,189.66000366210938,184.57000732421875,187.4600067138672,664400
2022-02-04,178.2048797607422,184.0399932861328,185.74000549316406,181.89999389648438,184.74000549316406,913100
2022-02-07,176.63626098632812,182.4199981689453,184.9199981689453,180.85000610351562,184.9199981689453,944900
2022-02-08,179.72512817382812,185.61000061035156,186.08999633789062,182.5,182.58999633789062,693200
2022-02-09,182.84303283691406,188.8300018310547,189.77000427246094,187.2899932861328,187.57000732421875,768800
2022-02-10,182.94955444335938,188.94000244140625,193.30999755859375,182.69000244140625,186.27000427246094,1170400
2022-02-11,181.07107543945312,187.0,190.6199951171875,185.97000122070312,187.6999969482422,1037200
2022-02-14,178.05966186523438,183.88999938964844,190.0500030517578,182.42999267578125,187.0,838700
2022-02-15,183.1141815185547,189.11000061035156,190.58999633789062,184.86000061035156,185.0399932861328,865800
2022-02-16,185.6414337158203,191.72000122070312,191.97000122070312,183.72000122070312,188.41000366210938,1201100
2022-02-17,181.66171264648438,187.61000061035156,192.5399932861328,187.41000366210938,191.05999755859375,999700
2022-02-18,179.4346466064453,185.30999755859375,188.60000610351562,183.52000427246094,187.7100067138672,844800
2022-02-22,177.25596618652344,183.05999755859375,187.0399932861328,181.8000030517578,184.72999572753906,994800
2022-02-23,169.74205017089844,175.3000030517578,184.9600067138672,174.8300018310547,183.2100067138672,895600
2022-02-24,171.53335571289062,177.14999389648438,177.82000732421875,169.7100067138672,170.77999877929688,1006300
2022-02-25,177.66265869140625,183.47999572753906,183.86000061035156,176.2100067138672,177.30999755859375,1045300
2022-02-28,176.0808868408203,181.4499969482422,182.74000549316406,178.60000610351562,179.83999633789062,1064500
2022-03-01,169.27830505371094,174.44000244140625,181.0,172.89999389648438,180.38999938964844,810800
2022-03-02,172.9755859375,178.25,179.32000732421875,174.52999877929688,176.75999450683594,946300
2022-03-03,172.0731201171875,177.32000732421875,180.99000549316406,176.2100067138672,180.5399932861328,656000
2022-03-04,171.859619140625,177.10000610351562,177.2899932861328,172.50999450683594,174.1199951171875,1129400
2022-03-07,165.1444091796875,170.17999267578125,177.58999633789062,169.52999877929688,177.2899932861328,1347700
2022-03-08,165.89161682128906,170.9499969482422,177.17999267578125,169.99000549316406,170.77999877929688,775600
2022-03-09,171.53936767578125,176.77000427246094,178.22000122070312,173.75999450683594,176.0500030517578,620200
2022-03-10,170.19052124023438,175.3800048828125,176.61000061035156,173.47000122070312,173.47000122070312,682800
2022-03-11,170.13232421875,175.32000732421875,178.22000122070312,174.86000061035156,176.74000549316406,610900
2022-03-14,172.65533447265625,177.9199981689453,180.24000549316406,175.97999572753906,177.8000030517578,691500
2022-03-15,176.6243133544922,182.00999450683594,182.88999938964844,176.57000732421875,179.8699951171875,1167900
2022-03-16,175.91595458984375,181.27999877929688,186.86000061035156,177.10000610351562,183.1699981689453,946900
2022-03-17,177.65296936035156,183.07000732421875,183.82000732421875,178.49000549316406,179.50999450683594,523100
2022-03-18,178.0411376953125,183.47000122070312,184.4199981689453,180.0,182.97000122070312,1012500
2022-03-21,176.93484497070312,182.3300018310547,184.50999450683594,181.2899932861328,182.3800048828125,525900
2022-03-22,176.6631622314453,182.0500030517578,184.5,180.99000549316406,183.3699951171875,499300
2022-03-23,172.092529296875,177.33999633789062,181.4499969482422,177.17999267578125,181.1699981689453,551800
2022-03-24,175.4889373779297,180.83999633789062,180.85000610351562,177.6300048828125,178.57000732421875,723000
2022-03-25,179.24444580078125,184.7100067138672,184.80999755859375,179.11000061035156,181.1300048828125,822500
2022-03-28,181.7480926513672,187.2899932861328,187.36000061035156,182.8800048828125,184.0,973800
2022-03-29,185.6685333251953,191.3300018310547,192.0,188.07000732421875,189.99000549316406,811600
2022-03-30,181.58309936523438,187.1199951171875,191.7100067138672,186.19000244140625,191.3699951171875,795500
2022-03-31,178.2643280029297,183.6999969482422,187.4600067138672,183.69000244140625,185.60000610351562,953200
2022-04-01,178.73011779785156,184.17999267578125,186.47999572753906,183.5800018310547,185.35000610351562,800200
2022-04-04,178.01202392578125,183.44000244140625,184.7100067138672,182.33999633789062,184.36000061035156,619700
2022-04-05,176.9542694091797,182.35000610351562,184.94000244140625,181.9199981689453,181.9199981689453,653400
2022-04-06,173.70339965820312,179.0,181.1300048828125,177.52999877929688,180.64999389648438,995100
2022-04-07,170.860107421875,176.07000732421875,179.72999572753906,175.64999389648438,178.99000549316406,1085500
2022-04-08,171.67523193359375,176.91000366210938,179.5800018310547,174.33999633789062,177.07000732421875,433800
2022-04-11,170.95713806152344,176.1699981689453,179.7100067138672,175.77999877929688,176.35000610351562,483700
2022-04-12,170.3069610595703,175.5,179.9499969482422,174.80999755859375,177.25999450683594,378300
2022-04-13,171.24826049804688,176.47000122070312,177.25999450683594,175.39999389648438,175.6300048828125,517500
2022-04-14,169.59857177734375,174.77000427246094,177.82000732421875,174.72000122070312,176.39999389648438,536500
2022-04-18,168.84165954589844,173.99000549316406,176.22000122070312,172.44000244140625,174.3000030517578,441400
2022-04-19,171.96636962890625,177.2100067138672,177.7100067138672,173.9199981689453,174.5,633900
2022-04-20,177.2259979248047,182.6300048828125,183.6199951171875,178.67999267578125,179.24000549316406,662300
2022-04-21,176.00326538085938,181.3699951171875,185.2100067138672,179.5800018310547,184.16000366210938,698800
2022-04-22,166.01779174804688,171.0800018310547,180.91000366210938,170.94000244140625,180.8000030517578,1127600
2022-04-25,170.8018798828125,176.00999450683594,176.75999450683594,169.52999877929688,171.1699981689453,1074200
2022-04-26,165.45492553710938,170.5,175.57000732421875,170.5,174.94000244140625,626400
2022-04-27,166.9978485107422,172.08999633789062,174.00999450683594,170.08999633789062,170.91000366210938,537300
2022-04-28,172.61656188964844,177.8800048828125,178.97000122070312,171.02999877929688,172.6699981689453,765700
2022-04-29,167.1919403076172,172.2899932861328,177.94000244140625,171.83999633789062,176.52000427246094,640000
2022-05-02,166.92994689941406,172.02000427246094,174.25,168.47000122070312,172.91000366210938,1090900
2022-05-03,171.6946258544922,176.92999267578125,178.38999938964844,171.5,171.6699981689453,1076000
2022-05-04,179.943115234375,185.42999267578125,185.57000732421875,175.25,175.39999389648438,1314400
2022-05-05,171.8402099609375,177.0800018310547,183.50999450683594,174.58999633789062,183.00999450683594,747300
2022-05-06,164.853271484375,169.8800048828125,174.82000732421875,164.6300048828125,174.6999969482422,1157100
2022-05-09,158.12832641601562,162.9499969482422,169.27999877929688,161.85000610351562,167.58999633789062,964500
2022-05-10,156.76002502441406,161.5399932861328,166.2899932861328,158.14999389648438,165.72999572753906,802200
2022-05-11,153.42185974121094,158.10000610351562,165.38999938964844,157.8000030517578,161.82000732421875,822500
2022-05-12,160.22442626953125,165.11000061035156,165.2899932861328,156.52999877929688,157.88999938964844,1426900
2022-05-13,163.04833984375,168.02000427246094,170.88999938964844,165.67999267578125,166.5800018310547,1020700
2022-05-16,155.39178466796875,160.1300048828125,165.33999633789062,157.1300048828125,164.5,1338400
2022-05-17,160.00120544433594,164.8800048828125,165.13999938964844,161.52000427246094,163.74000549316406,917700
2022-05-18,155.77993774414062,160.52999877929688,163.8300018310547,159.89999389648438,163.0500030517578,594800
2022-05-19,155.56643676757812,160.30999755859375,163.41000366210938,159.30999755859375,159.30999755859375,546500
2022-05-20,155.2947235107422,160.02999877929688,163.1999969482422,156.8800048828125,162.52000427246094,826700
2022-05-23,159.05990600585938,163.91000366210938,163.97000122070312,160.02999877929688,162.02999877929688,727400
2022-05-24,156.4689178466797,161.24000549316406,163.66000366210938,157.3300018310547,163.3300018310547,745200
2022-05-25,155.89639282226562,160.64999389648438,161.6300048828125,158.8300018310547,160.47999572753906,545300
2022-05-26,159.81686401367188,164.27999877929688,165.4499969482422,161.7100067138672,162.27999877929688,334900
2022-05-27,165.099365234375,169.7100067138672,169.74000549316406,165.77000427246094,165.77000427246094,461800
2022-05-31,160.39085388183594,164.8699951171875,167.3300018310547,163.50999450683594,167.3300018310547,968200
2022-06-01,160.06980895996094,164.5399932861328,166.25,161.2899932861328,165.89999389648438,648100
2022-06-02,163.9027862548828,168.47999572753906,168.67999267578125,163.97000122070312,165.9600067138672,550300
2022-06-03,161.43179321289062,165.94000244140625,167.8699951171875,164.77999877929688,167.30999755859375,614900
2022-06-06,162.20033264160156,166.72999572753906,167.8000030517578,165.89999389648438,167.1699981689453,485400
2022-06-07,164.67132568359375,169.27000427246094,169.7899932861328,164.4199981689453,164.99000549316406,443600
2022-06-08,158.58140563964844,163.00999450683594,168.02000427246094,162.72999572753906,167.3699951171875,408500
2022-06-09,156.7038116455078,161.0800018310547,164.5,161.0399932861328,162.07000732421875,522300
2022-06-10,152.10235595703125,156.35000610351562,158.1999969482422,154.8800048828125,157.0,663600
2022-06-13,148.8141632080078,152.97000122070312,155.11000061035156,151.41000366210938,151.99000549316406,1012500
2022-06-14,146.9365692138672,151.0399932861328,153.19000244140625,150.33999633789062,152.91000366210938,1004600
2022-06-15,147.33544921875,151.4499969482422,154.1699981689453,148.99000549316406,152.82000732421875,758100
2022-06-16,140.9925994873047,144.92999267578125,148.83999633789062,144.08999633789062,147.97999572753906,792500
2022-06-17,140.7201385498047,144.64999389648438,148.1699981689453,143.24000549316406,145.5,1162400
2022-06-21,140.7396240234375,144.6699981689453,146.50999450683594,143.32000732421875,145.75,898900
2022-06-22,139.92245483398438,143.8300018310547,144.88999938964844,141.32000732421875,142.44000244140625,753100
2022-06-23,137.60711669921875,141.4499969482422,144.52999877929688,141.17999267578125,143.4600067138672,904200
2022-06-24,141.8583984375,145.82000732421875,146.2899932861328,142.17999267578125,142.72000122070312,2470300
2022-06-27,141.99461364746094,145.9600067138672,146.6699981689453,143.3699951171875,146.6699981689453,722500
2022-06-28,139.47496032714844,143.3699951171875,147.9600067138672,143.22999572753906,146.55999755859375,502100
2022-06-29,139.38739013671875,143.27999877929688,143.94000244140625,139.5,143.94000244140625,841800
2022-06-30,138.2394561767578,142.10000610351562,143.60000610351562,139.08999633789062,141.72000122070312,861400
2022-07-01,138.59942626953125,142.47000122070312,144.1699981689453,140.27000427246094,141.72000122070312,952500
2022-07-05,140.70069885253906,144.6300048828125,144.6999969482422,137.5399932861328,139.00999450683594,954000
2022-07-06,141.6930389404297,145.64999389648438,146.1699981689453,143.08999633789062,144.4499969482422,1086100
2022-07-07,143.27870178222656,147.27999877929688,148.33999633789062,146.19000244140625,147.07000732421875,697200
2022-07-08,142.432373046875,146.41000366210938,147.77999877929688,145.0800018310547,147.77999877929688,568500
2022-07-11,144.0570068359375,148.0800018310547,148.27999877929688,144.42999267578125,144.8000030517578,578500
2022-07-12,144.45587158203125,148.49000549316406,150.5,147.5500030517578,147.5500030517578,677600
2022-07-13,142.31561279296875,146.2899932861328,147.6999969482422,143.99000549316406,145.3800048828125,528700
2022-07-14,143.26902770996094,147.27000427246094,147.85000610351562,142.52999877929688,144.25,581600
2022-07-15,144.67959594726562,148.72000122070312,149.6199951171875,147.2899932861328,149.6199951171875,429800
2022-07-18,144.3683319091797,148.39999389648438,150.52000427246094,147.80999755859375,149.47999572753906,406000
2022-07-19,148.4250030517578,152.57000732421875,152.85000610351562,149.57000732421875,150.61000061035156,414200
2022-07-20,150.3804168701172,154.5800018310547,154.77999877929688,151.52000427246094,151.52000427246094,632500
2022-07-21,152.20936584472656,156.4600067138672,156.64999389648438,153.14999389648438,153.86000061035156,592300
2022-07-22,151.4213104248047,155.64999389648438,157.82000732421875,154.1300048828125,157.16000366210938,480400
2022-07-25,152.1509552001953,156.39999389648438,156.8000030517578,154.86000061035156,156.32000732421875,591000
2022-07-26,151.9661102294922,156.2100067138672,157.0,154.69000244140625,155.50999450683594,399300
2022-07-27,156.23684692382812,160.60000610351562,161.0399932861328,155.75999450683594,157.1999969482422,730300
2022-07-28,158.48410034179688,162.91000366210938,163.39999389648438,159.1300048828125,161.3699951171875,578400
2022-07-29,160.8383331298828,165.3300018310547,165.97999572753906,163.32000732421875,163.6699981689453,693900
2022-08-01,160.381103515625,164.86000061035156,166.3699951171875,163.33999633789062,164.00999450683594,676500
2022-08-02,159.52505493164062,163.97999572753906,166.0500030517578,162.75,163.63999938964844,524400
2022-08-03,161.73338317871094,166.25,166.94000244140625,164.27999877929688,165.27000427246094,843100
2022-08-04,165.7900848388672,170.4199981689453,174.2100067138672,163.52000427246094,164.41000366210938,1427500
2022-08-05,167.3466033935547,172.02000427246094,172.8699951171875,167.22000122070312,168.4199981689453,1120000
2022-08-08,167.49252319335938,172.1699981689453,174.7899932861328,170.05999755859375,173.11000061035156,803500
2022-08-09,165.86790466308594,170.5,172.3300018310547,169.69000244140625,171.74000549316406,705300
2022-08-10,169.7786865234375,174.52000427246094,175.85000610351562,173.5800018310547,174.1999969482422,538800
2022-08-11,170.83909606933594,175.61000061035156,177.69000244140625,175.42999267578125,176.42999267578125,619500
2022-08-12,173.38787841796875,178.22999572753906,178.2899932861328,175.66000366210938,176.52000427246094,572600
2022-08-15,173.0765838623047,177.91000366210938,179.39999389648438,176.2100067138672,177.16000366210938,497400
2022-08-16,173.9346160888672,178.38999938964844,179.75,176.4499969482422,176.4499969482422,504300
2022-08-17,173.75912475585938,178.2100067138672,178.7899932861328,175.83999633789062,176.25999450683594,672100
2022-08-18,173.349609375,177.7899932861328,179.0500030517578,176.4499969482422,178.10000610351562,413100
2022-08-19,171.27281188964844,175.66000366210938,177.83999633789062,175.0800018310547,177.83999633789062,534800
2022-08-22,167.8699493408203,172.1699981689453,174.33999633789062,172.02000427246094,172.66000366210938,682400
2022-08-23,166.87542724609375,171.14999389648438,173.5,170.75,172.0,453500
2022-08-24,166.8656768798828,171.13999938964844,172.39999389648438,169.9199981689453,171.10000610351562,722200
2022-08-25,170.5122528076172,174.8800048828125,174.97000122070312,171.97999572753906,172.38999938964844,469700
2022-08-26,164.8863525390625,169.11000061035156,174.82000732421875,168.50999450683594,174.82000732421875,579000
2022-08-29,165.01312255859375,169.24000549316406,171.5800018310547,167.38999938964844,167.38999938964844,498700
2022-08-30,162.60482788085938,166.77000427246094,170.47999572753906,164.6999969482422,169.8699951171875,578800
2022-08-31,162.33181762695312,166.49000549316406,167.91000366210938,164.89999389648438,167.91000366210938,736500
2022-09-01,162.0685577392578,166.22000122070312,167.14999389648438,163.77000427246094,167.14999389648438,781600
2022-09-02,160.8302459716797,164.9499969482422,169.72999572753906,163.9499969482422,168.49000549316406,537100
2022-09-06,160.30377197265625,164.41000366210938,166.39999389648438,163.3000030517578,165.69000244140625,570600
2022-09-07,165.7834014892578,170.02999877929688,170.13999938964844,163.77000427246094,163.77000427246094,478200
2022-09-08,166.5634307861328,170.8300018310547,171.6699981689453,166.8300018310547,168.4499969482422,718600
2022-09-09,167.51895141601562,171.80999755859375,172.72000122070312,171.0500030517578,172.0,723800
2022-09-12,167.02169799804688,171.3000030517578,173.74000549316406,170.2899932861328,173.22000122070312,776200
2022-09-13,159.572509765625,163.66000366210938,168.08999633789062,163.10000610351562,167.50999450683594,688100
2022-09-14,156.21841430664062,160.22000122070312,163.6699981689453,158.3000030517578,163.4499969482422,1064800
2022-09-15,158.16847229003906,162.22000122070312,164.0800018310547,159.83999633789062,160.22000122070312,752600
2022-09-16,155.41888427734375,159.39999389648438,161.47999572753906,157.38999938964844,161.47999572753906,1050200
2022-09-19,158.8997344970703,162.97000122070312,163.27999877929688,158.4600067138672,158.52000427246094,763100
2022-09-20,158.1392059326172,162.19000244140625,162.8300018310547,159.3000030517578,160.89999389648438,814800
2022-09-21,156.46218872070312,160.47000122070312,167.05999755859375,160.3699951171875,164.0500030517578,802400
2022-09-22,154.98989868164062,158.9600067138672,161.66000366210938,158.61000061035156,160.1699981689453,647000
2022-09-23,151.74307250976562,155.6300048828125,156.8800048828125,153.22999572753906,156.02000427246094,763600
2022-09-26,150.10501098632812,153.9499969482422,157.3300018310547,152.5500030517578,155.91000366210938,779400
2022-09-27,148.53521728515625,152.33999633789062,156.3699951171875,150.5399932861328,155.82000732421875,860600
2022-09-28,152.25009155273438,156.14999389648438,156.80999755859375,152.42999267578125,153.39999389648438,662200
2022-09-29,153.83935546875,157.77999877929688,158.1199951171875,151.72999572753906,154.13999938964844,1629300
2022-09-30,153.77108764648438,157.7100067138672,161.7899932861328,156.75,158.22000122070312,950800
2022-10-03,156.39395141601562,160.39999389648438,162.10000610351562,158.0399932861328,158.8699951171875,912500
2022-10-04,159.86500549316406,163.9600067138672,165.52000427246094,163.3000030517578,163.49000549316406,653700
2022-10-05,160.01126098632812,164.11000061035156,165.8800048828125,161.24000549316406,161.75999450683594,654900
2022-10-06,158.1489715576172,162.1999969482422,164.94000244140625,162.00999450683594,163.41000366210938,538300
2022-10-07,153.55661010742188,157.49000549316406,160.60000610351562,156.5,160.27000427246094,509000
2022-10-10,154.22933959960938,158.17999267578125,159.3000030517578,156.25999450683594,158.89999389648438,374700
2022-10-11,152.3670654296875,156.27000427246094,159.22000122070312,156.11000061035156,158.1699981689453,536400
2022-10-12,150.22201538085938,154.07000732421875,156.02999877929688,152.82000732421875,156.02999877929688,664900
2022-10-13,151.3920440673828,155.27000427246094,156.47000122070312,147.63999938964844,150.3699951171875,832400
2022-10-14,144.73265075683594,148.44000244140625,157.47999572753906,148.00999450683594,156.99000549316406,603300
2022-10-17,150.18299865722656,154.02999877929688,154.4499969482422,150.10000610351562,150.64999389648438,529100
2022-10-18,154.81434631347656,158.77999877929688,159.2899932861328,156.80999755859375,157.3800048828125,598500
2022-10-19,150.904541015625,154.77000427246094,158.0,153.13999938964844,157.52999877929688,594000
2022-10-20,145.43463134765625,149.16000366210938,156.25,149.05999755859375,154.47000122070312,928000
2022-10-21,151.54803466796875,155.42999267578125,155.8800048828125,148.50999450683594,149.24000549316406,832000
2022-10-24,152.0258331298828,155.9199981689453,157.2899932861328,154.6300048828125,156.7100067138672,885700
2022-10-25,158.22695922851562,162.27999877929688,163.00999450683594,155.07000732421875,155.07000732421875,735600
2022-10-26,157.37869262695312,161.41000366210938,163.19000244140625,160.1300048828125,162.7899932861328,646300
2022-10-27,158.01246643066406,162.05999755859375,164.08999633789062,161.52999877929688,161.6699981689453,556200
2022-10-28,161.55178833007812,165.69000244140625,166.52000427246094,161.50999450683594,162.60000610351562,729400
2022-10-31,159.61151123046875,163.6999969482422,165.49000549316406,162.2100067138672,164.8699951171875,845000
2022-11-01,160.67428588867188,164.7899932861328,166.22999572753906,162.02999877929688,165.25999450683594,1469200
2022-11-02,158.84121704101562,162.91000366210938,169.92999267578125,162.8800048828125,166.94000244140625,1377600
2022-11-03,164.81809997558594,169.0399932861328,171.5399932861328,160.66000366210938,160.94000244140625,1485100
2022-11-04,165.90042114257812,170.14999389648438,172.99000549316406,167.86000061035156,171.72999572753906,944200
2022-11-07,167.86021423339844,172.16000366210938,173.00999450683594,168.8699951171875,171.41000366210938,838700
2022-11-08,168.19171142578125,172.5,174.08999633789062,170.9199981689453,173.22000122070312,552200
2022-11-09,164.7206573486328,168.94000244140625,171.97999572753906,168.5500030517578,171.75,544200
2022-11-10,175.5726776123047,180.07000732421875,181.8800048828125,176.1199951171875,176.1199951171875,1095800
2022-11-11,174.49038696289062,178.9600067138672,183.57000732421875,178.02000427246094,181.47999572753906,920700
2022-11-14,171.16787719726562,175.16000366210938,179.75999450683594,174.9600067138672,177.86000061035156,590000
2022-11-15,171.8909912109375,175.89999389648438,179.72999572753906,173.77999877929688,177.99000549316406,743100
2022-11-16,172.76071166992188,176.7899932861328,177.5500030517578,174.39999389648438,175.5,1256900
2022-11-17,171.7346649169922,175.74000549316406,175.92999267578125,173.47999572753906,174.89999389648438,569700
2022-11-18,174.8128662109375,178.88999938964844,179.7100067138672,176.8000030517578,177.8699951171875,652900
2022-11-21,174.49037170410156,178.55999755859375,180.27000427246094,177.3000030517578,178.49000549316406,366600
2022-11-22,178.12559509277344,182.27999877929688,182.47999572753906,178.80999755859375,179.49000549316406,567000
2022-11-23,178.12559509277344,182.27999877929688,184.85000610351562,181.61000061035156,182.47999572753906,333600
2022-11-25,179.16140747070312,183.33999633789062,183.33999633789062,181.42999267578125,182.02999877929688,170400
2022-11-28,175.58480834960938,179.67999267578125,183.3300018310547,178.99000549316406,182.25,658200
2022-11-29,174.38284301757812,178.4499969482422,180.3699951171875,177.8300018310547,179.1199951171875,501800
2022-11-30,179.15164184570312,183.3300018310547,183.77000427246094,177.4499969482422,177.89999389648438,860800
2022-12-01,179.6402587890625,183.8300018310547,184.8300018310547,182.0,184.25,638400
2022-12-02,180.2852325439453,184.49000549316406,185.4600067138672,180.8800048828125,181.75999450683594,528700
2022-12-05,174.9203643798828,179.0,182.30999755859375,178.24000549316406,182.30999755859375,591700
2022-12-06,173.89425659179688,177.9499969482422,180.0,176.44000244140625,179.66000366210938,484300
2022-12-07,175.01803588867188,179.10000610351562,181.19000244140625,178.00999450683594,178.17999267578125,603500
2022-12-08,178.64349365234375,182.80999755859375,183.66000366210938,181.11000061035156,183.47000122070312,559500
2022-12-09,178.2917022705078,182.4499969482422,184.99000549316406,181.9600067138672,182.5800018310547,911800
2022-12-12,179.9431915283203,184.13999938964844,184.16000366210938,180.83999633789062,182.77999877929688,679300
2022-12-13,181.69239807128906,185.92999267578125,190.14999389648438,184.0,188.61000061035156,922200
2022-12-14,180.39271545410156,184.60000610351562,185.99000549316406,182.41000366210938,185.02000427246094,837200
2022-12-15,175.1939697265625,179.27999877929688,182.11000061035156,178.60000610351562,181.67999267578125,611000
2022-12-16,173.1320343017578,177.1699981689453,178.4199981689453,175.11000061035156,176.97000122070312,963300
2022-12-19,171.4219512939453,175.4199981689453,178.72000122070312,174.25,177.4600067138672,655000
2022-12-20,172.55551147460938,176.5800018310547,177.6199951171875,174.9600067138672,175.5,683000
2022-12-21,171.94960021972656,175.9600067138672,178.7100067138672,175.22000122070312,178.05999755859375,637200
2022-12-22,170.06361389160156,174.02999877929688,174.9499969482422,171.27999877929688,174.19000244140625,660100
2022-12-23,171.2069549560547,175.1999969482422,175.22999572753906,172.5,173.77999877929688,413100
2022-12-27,171.67601013183594,175.67999267578125,176.7100067138672,174.52999877929688,175.8000030517578,330400
2022-12-28,170.12225341796875,174.08999633789062,176.77999877929688,174.0399932861328,176.1699981689453,270800
2022-12-29,172.01803588867188,176.02999877929688,177.02999877929688,174.10000610351562,175.5500030517578,326300
2022-12-30,171.11900329589844,175.11000061035156,175.66000366210938,172.69000244140625,174.83999633789062,449100
2023-01-03,172.0864715576172,176.10000610351562,178.08999633789062,174.75999450683594,177.39999389648438,591900
2023-01-04,175.4773406982422,179.57000732421875,179.85000610351562,176.83999633789062,178.17999267578125,606400
2023-01-05,171.46102905273438,175.4600067138672,178.92999267578125,175.07000732421875,177.77999877929688,432400
2023-01-06,177.2265625,181.36000061035156,181.52999877929688,175.94000244140625,177.61000061035156,700300
2023-01-09,173.96267700195312,178.02000427246094,182.3000030517578,177.67999267578125,181.9199981689453,806100
2023-01-10,172.72161865234375,176.75,177.55999755859375,174.82000732421875,177.0800018310547,671900
2023-01-11,178.2526397705078,182.41000366210938,182.47000122070312,177.38999938964844,177.9600067138672,679700
2023-01-12,176.68911743164062,180.80999755859375,183.47000122070312,179.1300048828125,182.8000030517578,633700
2023-01-13,179.01487731933594,183.19000244140625,184.0800018310547,180.0,181.55999755859375,479500
2023-01-17,178.39920043945312,182.55999755859375,183.00999450683594,181.0500030517578,182.30999755859375,442300
2023-01-18,176.24935913085938,180.36000061035156,184.1999969482422,180.10000610351562,182.61000061035156,458200
2023-01-19,172.6434783935547,176.6699981689453,180.5800018310547,176.42999267578125,179.74000549316406,498900
2023-01-20,174.8128662109375,178.88999938964844,179.25999450683594,175.82000732421875,177.27999877929688,819600
2023-01-23,175.36007690429688,179.4499969482422,180.24000549316406,176.97000122070312,178.75,719900
2023-01-24,174.23629760742188,178.3000030517578,179.02000427246094,176.17999267578125,177.44000244140625,571000
2023-01-25,174.59786987304688,178.6699981689453,179.1999969482422,175.02000427246094,176.91000366210938,625500
2023-01-26,175.42852783203125,179.52000427246094,179.61000061035156,175.1699981689453,179.61000061035156,743100
2023-01-27,174.43173217773438,178.5,180.10000610351562,177.74000549316406,178.7899932861328,869000
2023-01-30,174.31446838378906,178.3800048828125,180.0399932861328,177.3300018310547,177.61000061035156,710900
2023-01-31,179.15164184570312,183.3300018310547,183.3300018310547,179.05999755859375,179.5800018310547,687600
2023-02-01,179.69888305664062,183.88999938964844,185.3800048828125,180.14999389648438,182.91000366210938,560900
2023-02-02,183.24615478515625,187.52000427246094,189.07000732421875,184.38999938964844,185.75999450683594,1056800
2023-02-03,179.3373260498047,183.52000427246094,186.60000610351562,182.89999389648438,185.22000122070312,526800
2023-02-06,177.45130920410156,181.58999633789062,183.36000061035156,180.6999969482422,181.89999389648438,682800
2023-02-07,179.96275329589844,184.16000366210938,185.1999969482422,180.41000366210938,180.52000427246094,785600
2023-02-08,180.93019104003906,185.14999389648438,185.44000244140625,182.5800018310547,182.5800018310547,712700
2023-02-09,180.87152099609375,185.08999633789062,188.33999633789062,184.30999755859375,186.74000549316406,829200
2023-02-10,179.9334259033203,184.1300048828125,185.6300048828125,182.72000122070312,183.89999389648438,793900
2023-02-13,181.81942749023438,186.05999755859375,186.1699981689453,184.00999450683594,185.2100067138672,609200
2023-02-14,181.35035705566406,185.5800018310547,187.6999969482422,183.91000366210938,185.35000610351562,890300
2023-02-15,190.9954376220703,195.4499969482422,197.75999450683594,186.3800048828125,187.5,2026100
2023-02-16,181.1451416015625,185.3699951171875,190.47000122070312,181.66000366210938,181.9499969482422,2402700
2023-02-17,181.4187774658203,185.64999389648438,188.2899932861328,183.5,183.6199951171875,1122400
2023-02-21,176.4057159423828,180.52000427246094,184.75999450683594,180.2899932861328,184.13999938964844,910400
2023-02-22,176.76724243164062,180.88999938964844,182.6300048828125,180.1199951171875,182.6300048828125,608300
2023-02-23,178.4089813232422,182.57000732421875,182.58999633789062,180.1199951171875,181.1300048828125,567200
2023-02-24,179.45462036132812,183.63999938964844,183.85000610351562,179.6300048828125,180.8300018310547,630300
2023-02-27,177.45130920410156,181.58999633789062,186.0,180.77000427246094,185.44000244140625,768500
2023-02-28,176.78683471679688,180.91000366210938,183.11000061035156,180.7899932861328,181.5,612800
2023-03-01,175.8682098388672,179.97000122070312,182.83999633789062,179.52999877929688,179.6999969482422,708400
2023-03-02,177.5099334716797,181.64999389648438,182.72999572753906,176.77000427246094,179.0,910600
2023-03-03,178.73435974121094,182.47000122070312,182.9600067138672,180.0,182.00999450683594,730900
2023-03-06,176.10922241210938,179.7899932861328,182.55999755859375,178.77000427246094,182.08999633789062,692300
2023-03-07,173.60162353515625,177.22999572753906,180.97999572753906,176.7100067138672,179.77999877929688,597000
2023-03-08,175.2570343017578,178.9199981689453,181.33999633789062,176.66000366210938,177.22000122070312,607600
2023-03-09,170.50634765625,174.07000732421875,180.4600067138672,173.38999938964844,179.36000061035156,726300
2023-03-10,165.82420349121094,169.2899932861328,174.89999389648438,168.49000549316406,174.47000122070312,1003600
2023-03-13,162.58193969726562,165.97999572753906,169.0,165.00999450683594,166.25,910700
2023-03-14,164.08059692382812,167.50999450683594,171.0399932861328,165.74000549316406,169.6300048828125,953000
2023-03-15,159.47686767578125,162.80999755859375,164.92999267578125,159.75999450683594,163.80999755859375,1081500
2023-03-16,162.8072509765625,166.2100067138672,166.33999633789062,160.41000366210938,161.77999877929688,1026800
2023-03-17,157.72349548339844,161.02000427246094,165.4600067138672,160.80999755859375,165.39999389648438,1296700
2023-03-20,159.9274444580078,163.27000427246094,163.52999877929688,161.4499969482422,162.22000122070312,1126400
2023-03-21,162.73867797851562,166.13999938964844,166.7100067138672,164.88999938964844,165.8000030517578,1067800
2023-03-22,160.3584442138672,163.7100067138672,168.05999755859375,163.6199951171875,165.4600067138672,726200
2023-03-23,161.1322479248047,164.5,167.00999450683594,163.3000030517578,163.3000030517578,740000
2023-03-24,162.7974395751953,166.1999969482422,166.25999450683594,161.69000244140625,162.91000366210938,717100
2023-03-27,162.40562438964844,165.8000030517578,168.00999450683594,165.6300048828125,167.9600067138672,739800
2023-03-28,164.59976196289062,168.0399932861328,168.25,164.75999450683594,165.61000061035156,597800
2023-03-29,166.50987243652344,169.99000549316406,170.0,168.6199951171875,169.52999877929688,456700
2023-03-30,166.6567840576172,170.13999938964844,171.9499969482422,169.44000244140625,171.55999755859375,394800
2023-03-31,168.04771423339844,171.55999755859375,172.3699951171875,170.13999938964844,171.27000427246094,1537700
2023-04-03,169.3896484375,172.92999267578125,174.6699981689453,171.3800048828125,174.4499969482422,849200
2023-04-04,165.40301513671875,168.86000061035156,173.3000030517578,168.32000732421875,172.8800048828125,929600
2023-04-05,160.70126342773438,164.05999755859375,167.9499969482422,163.27000427246094,166.85000610351562,1304100
2023-04-06,161.55340576171875,164.92999267578125,165.35000610351562,162.0,163.33999633789062,877200
2023-04-10,162.61134338378906,166.00999450683594,166.6999969482422,163.9600067138672,164.0399932861328,523100
2023-04-11,163.15988159179688,166.57000732421875,167.85000610351562,166.25,166.3300018310547,786900
2023-04-12,163.89451599121094,167.32000732421875,169.02999877929688,166.63999938964844,167.83999633789062,700500
2023-04-13,165.99069213867188,169.4600067138672,169.9499969482422,166.5,167.22999572753906,605900
2023-04-14,165.6184844970703,169.0800018310547,171.13999938964844,168.25999450683594,168.75,615500
2023-04-17,168.36117553710938,171.8800048828125,172.02999877929688,168.27999877929688,169.0,575800
2023-04-18,168.83132934570312,172.36000061035156,173.4499969482422,170.50999450683594,172.0,670300
2023-04-19,169.98719787597656,173.5399932861328,174.2899932861328,171.27999877929688,172.30999755859375,456100
2023-04-20,168.90969848632812,172.44000244140625,173.58999633789062,171.27999877929688,172.5,562600
2023-04-21,167.63633728027344,171.13999938964844,172.85000610351562,169.74000549316406,172.64999389648438,826100
2023-04-24,167.90078735351562,171.41000366210938,172.75999450683594,170.5500030517578,171.97999572753906,524100
2023-04-25,166.1964111328125,169.6699981689453,171.07000732421875,169.3800048828125,170.4600067138672,466800
2023-04-26,163.23822021484375,166.64999389648438,169.22999572753906,166.44000244140625,168.2100067138672,651100
2023-04-27,169.43865966796875,172.97999572753906,173.0399932861328,166.5500030517578,166.66000366210938,707600
2023-04-28,171.53482055664062,175.1199951171875,175.27999877929688,172.27000427246094,172.27000427246094,576500
2023-05-01,173.8759002685547,177.50999450683594,177.7899932861328,174.1699981689453,174.1699981689453,815900
2023-05-02,175.5998992919922,179.27000427246094,179.5500030517578,174.77999877929688,176.75,1105400
2023-05-03,174.96316528320312,178.6199951171875,182.63999938964844,178.5399932861328,180.0,1213800
2023-05-04,186.3354949951172,190.22999572753906,199.10000610351562,187.1999969482422,194.89999389648438,2325700
2023-05-05,189.60714721679688,193.57000732421875,195.0500030517578,191.00999450683594,192.97999572753906,1068100
2023-05-08,188.88226318359375,192.8300018310547,194.7100067138672,192.63999938964844,193.6999969482422,515800
2023-05-09,189.15652465820312,193.11000061035156,194.1300048828125,191.60000610351562,192.55999755859375,560400
2023-05-10,192.0755157470703,196.08999633789062,196.33999633789062,192.36000061035156,194.99000549316406,738500
2023-05-11,190.84130859375,194.8300018310547,196.4600067138672,194.05999755859375,195.13999938964844,481300
2023-05-12,191.3800811767578,195.3800048828125,196.32000732421875,193.32000732421875,194.80999755859375,469400
2023-05-15,192.1538848876953,196.1699981689453,196.1999969482422,194.50999450683594,195.4199981689453,571500
2023-05-16,191.01760864257812,195.00999450683594,196.2100067138672,194.22999572753906,195.60000610351562,580600
2023-05-17,192.48692321777344,196.50999450683594,197.42999267578125,194.77999877929688,196.1699981689453,572700
2023-05-18,192.38897705078125,196.41000366210938,197.1199951171875,194.50999450683594,196.36000061035156,745300
2023-05-19,193.18240356445312,197.22000122070312,197.72000122070312,194.4499969482422,197.2899932861328,663100
2023-05-22,193.22157287597656,197.25999450683594,198.0,195.60000610351562,197.44000244140625,714000
2023-05-23,191.20375061035156,195.1999969482422,197.24000549316406,193.57000732421875,195.41000366210938,1089400
2023-05-24,190.12625122070312,194.10000610351562,194.19000244140625,192.17999267578125,194.19000244140625,845900
2023-05-25,191.53009033203125,195.10000610351562,195.86000061035156,193.52000427246094,194.25,648200
2023-05-26,192.41360473632812,196.0,196.39999389648438,193.57000732421875,195.5,731800
2023-05-30,192.46273803710938,196.0500030517578,196.64999389648438,193.6199951171875,195.49000549316406,724900
2023-05-31,191.92279052734375,195.5,196.3300018310547,193.61000061035156,195.4499969482422,1104900
2023-06-01,195.16238403320312,198.8000030517578,198.8000030517578,194.47999572753906,195.35000610351562,916000
2023-06-02,199.02044677734375,202.72999572753906,202.80999755859375,199.02999877929688,199.99000549316406,1029200
2023-06-05,198.53944396972656,202.24000549316406,204.3000030517578,201.02000427246094,202.17999267578125,755300
2023-06-06,199.4033203125,203.1199951171875,206.6699981689453,202.27999877929688,202.55999755859375,736400
2023-06-07,201.23912048339844,204.99000549316406,206.42999267578125,201.25999450683594,201.58999633789062,918500
2023-06-08,202.4073486328125,206.17999267578125,206.77000427246094,204.08999633789062,204.41000366210938,763100
2023-06-09,202.85890197753906,206.63999938964844,207.3800048828125,204.6999969482422,205.5800018310547,632800
2023-06-12,202.12265014648438,205.88999938964844,207.1300048828125,205.64999389648438,206.50999450683594,765000
2023-06-13,203.89955139160156,207.6999969482422,209.22000122070312,206.13999938964844,206.3800048828125,691900
2023-06-14,203.59523010253906,207.38999938964844,208.52999877929688,206.14999389648438,208.1300048828125,726200
2023-06-15,205.11685180664062,208.94000244140625,209.41000366210938,206.2899932861328,206.94000244140625,568100
2023-06-16,203.5166778564453,207.30999755859375,210.08999633789062,207.1300048828125,209.42999267578125,1259300
2023-06-20,204.86158752441406,208.67999267578125,208.99000549316406,206.02999877929688,206.36000061035156,528100
2023-06-21,206.71702575683594,210.57000732421875,212.22000122070312,208.1199951171875,208.61000061035156,1034200
2023-06-22,209.54432678222656,213.4499969482422,213.94000244140625,209.77999877929688,210.74000549316406,850700
2023-06-23,210.50640869140625,214.42999267578125,214.94000244140625,211.91000366210938,212.14999389648438,1687900
2023-06-26,210.84017944335938,214.77000427246094,215.88999938964844,213.86000061035156,213.94000244140625,923200
2023-06-27,216.38677978515625,220.4199981689453,220.89999389648438,215.05999755859375,215.3699951171875,698300
2023-06-28,216.81874084472656,220.86000061035156,221.6300048828125,219.47000122070312,220.5,827800
2023-06-29,220.72589111328125,224.83999633789062,224.88999938964844,220.30999755859375,220.30999755859375,882500
2023-06-30,221.31494140625,225.44000244140625,225.92999267578125,223.61000061035156,225.2899932861328,811700
2023-07-03,219.25335693359375,223.33999633789062,224.52999877929688,222.25,224.52999877929688,457100
2023-07-05,216.59295654296875,220.6300048828125,222.69000244140625,218.41000366210938,220.5399932861328,1253700
2023-07-06,214.00123596191406,217.99000549316406,219.1999969482422,215.77000427246094,216.4499969482422,822400
2023-07-07,213.4024200439453,217.3800048828125,219.02000427246094,215.6999969482422,217.85000610351562,792000
2023-07-10,215.37564086914062,219.38999938964844,219.9499969482422,216.24000549316406,217.39999389648438,609800
2023-07-11,219.51844787597656,223.61000061035156,224.32000732421875,219.17999267578125,220.42999267578125,1199900
2023-07-12,216.24935913085938,220.27999877929688,225.25999450683594,219.9499969482422,225.02999877929688,1000900
2023-07-13,219.27297973632812,223.36000061035156,223.66000366210938,219.3800048828125,221.5399932861328,665000
2023-07-14,220.63755798339844,224.75,225.0399932861328,221.60000610351562,224.19000244140625,668200
2023-07-17,219.61659240722656,223.7100067138672,226.19000244140625,223.64999389648438,224.83999633789062,860500
2023-07-18,219.8031005859375,223.89999389648438,224.17999267578125,221.8300018310547,222.67999267578125,726000
2023-07-19,217.28993225097656,221.33999633789062,223.32000732421875,220.47000122070312,222.91000366210938,789400
2023-07-20,217.57464599609375,221.6300048828125,222.75,220.24000549316406,222.75,902800
2023-07-21,218.2323760986328,222.3000030517578,224.02999877929688,220.22000122070312,221.17999267578125,784300
2023-07-24,218.52691650390625,222.60000610351562,223.32000732421875,220.77000427246094,222.25,587800
2023-07-25,218.18331909179688,222.25,223.8300018310547,221.5500030517578,222.25,755200
2023-07-26,219.37115478515625,223.4600067138672,224.32000732421875,221.30999755859375,221.8699951171875,717900
2023-07-27,214.2957305908203,218.2899932861328,225.47000122070312,216.5399932861328,224.88999938964844,1461800
2023-07-28,216.16102600097656,220.19000244140625,221.47999572753906,218.92999267578125,220.61000061035156,753000
2023-07-31,216.46531677246094,220.5,221.47999572753906,219.52000427246094,220.8000030517578,688900
2023-08-01,219.87184143066406,223.97000122070312,224.75999450683594,220.10000610351562,220.5399932861328,1127700
2023-08-02,218.9980926513672,223.0800018310547,227.44000244140625,222.3000030517578,223.19000244140625,1389200
2023-08-03,222.05120849609375,226.19000244140625,226.55999755859375,212.6999969482422,219.57000732421875,1385100
2023-08-04,221.8647003173828,226.0,229.24000549316406,224.14999389648438,227.63999938964844,888200
2023-08-07,224.53492736816406,228.72000122070312,229.75,225.80999755859375,227.83999633789062,773200
2023-08-08,222.68930053710938,226.83999633789062,228.4199981689453,224.75,226.7899932861328,724000
2023-08-09,219.29263305664062,223.3800048828125,226.9199981689453,222.7100067138672,226.9199981689453,591400
2023-08-10,220.20559692382812,224.30999755859375,225.25,222.5399932861328,223.14999389648438,542100
2023-08-11,219.82273864746094,223.9199981689453,226.3800048828125,223.6199951171875,223.82000732421875,570700
2023-08-14,221.01060485839844,225.1300048828125,225.24000549316406,222.38999938964844,223.47000122070312,365600
2023-08-15,220.03871154785156,224.13999938964844,225.3800048828125,223.10000610351562,224.5800018310547,369000
2023-08-16,218.84857177734375,222.5,225.13999938964844,222.3699951171875,223.41000366210938,400200
2023-08-17,209.8290557861328,213.3300018310547,223.92999267578125,213.02000427246094,223.13999938964844,826500
2023-08-18,208.32418823242188,211.8000030517578,213.00999450683594,208.27000427246094,211.63999938964844,1209000
2023-08-21,209.08151245117188,212.57000732421875,213.07000732421875,208.72999572753906,212.5399932861328,856400
2023-08-22,211.05856323242188,214.5800018310547,215.19000244140625,212.88999938964844,212.92999267578125,1001700
2023-08-23,213.49786376953125,217.05999755859375,217.77000427246094,214.27000427246094,214.27000427246094,778800
2023-08-24,211.4519805908203,214.97999572753906,218.22999572753906,214.97000122070312,216.52000427246094,578600
2023-08-25,211.304443359375,214.8300018310547,215.94000244140625,211.9199981689453,215.14999389648438,571500
2023-08-28,211.579833984375,215.11000061035156,217.72999572753906,214.6999969482422,215.5399932861328,434600
2023-08-29,215.0027618408203,218.58999633789062,218.6300048828125,213.63999938964844,214.6999969482422,624900
2023-08-30,214.6584930419922,218.24000549316406,220.14999389648438,217.39999389648438,218.72999572753906,414100
2023-08-31,214.6682891845703,218.25,218.6699981689453,216.69000244140625,217.8000030517578,530300
2023-09-01,219.26168823242188,222.9199981689453,223.97000122070312,219.0500030517578,219.4199981689453,677100
2023-09-05,212.69131469726562,216.24000549316406,222.19000244140625,214.47999572753906,221.88999938964844,827400
2023-09-06,211.6683349609375,215.1999969482422,217.05999755859375,211.99000549316406,216.22999572753906,657500
2023-09-07,212.02247619628906,215.55999755859375,215.99000549316406,212.1300048828125,213.6300048828125,762500
2023-09-08,212.70115661621094,216.25,218.10000610351562,214.52000427246094,215.0500030517578,648900
2023-09-11,213.0355682373047,216.58999633789062,217.92999267578125,214.52999877929688,217.61000061035156,363300
2023-09-12,211.24545288085938,214.77000427246094,215.9499969482422,213.52999877929688,215.27000427246094,540300
2023-09-13,210.23233032226562,213.74000549316406,215.3300018310547,211.8300018310547,214.11000061035156,612500
2023-09-14,211.44215393066406,214.97000122070312,216.05999755859375,211.44000244140625,215.47999572753906,649200
2023-09-15,207.13401794433594,210.58999633789062,214.82000732421875,209.27000427246094,214.82000732421875,1457900
2023-09-18,208.2159881591797,211.69000244140625,212.6300048828125,209.10000610351562,211.0399932861328,496500
2023-09-19,206.43569946289062,209.8800048828125,211.77999877929688,207.85000610351562,211.0,656500
2023-09-20,206.11109924316406,209.5500030517578,211.91000366210938,207.91000366210938,211.0,974700
2023-09-21,199.02923583984375,202.35000610351562,208.88999938964844,201.27000427246094,208.69000244140625,1581800
2023-09-22,197.32765197753906,200.6199951171875,202.8800048828125,199.8000030517578,201.74000549316406,1021600
2023-09-25,198.72433471679688,202.0399932861328,202.66000366210938,199.6199951171875,200.0,624700
2023-09-26,198.045654296875,201.35000610351562,203.1999969482422,200.17999267578125,201.3000030517578,938500
2023-09-27,200.25872802734375,203.60000610351562,204.42999267578125,200.72999572753906,202.63999938964844,1050000
2023-09-28,201.66525268554688,205.02999877929688,208.25,203.5800018310547,203.5800018310547,1123300
2023-09-29,198.70468139648438,202.02000427246094,207.85000610351562,201.22000122070312,206.30999755859375,717600
2023-10-02,197.63253784179688,200.92999267578125,203.69000244140625,199.3300018310547,201.35000610351562,853700
2023-10-03,196.70797729492188,199.99000549316406,202.99000549316406,198.9600067138672,199.91000366210938,895400
2023-10-04,201.66525268554688,205.02999877929688,206.6999969482422,200.61000061035156,201.19000244140625,1336700
2023-10-05,203.55374145507812,206.9499969482422,207.6300048828125,203.92999267578125,204.30999755859375,949800
2023-10-06,208.91432189941406,212.39999389648438,214.75999450683594,206.58999633789062,206.89999389648438,1228000
2023-10-09,206.7996063232422,210.25,211.9600067138672,208.33999633789062,210.49000549316406,774400
2023-10-10,207.5373077392578,211.0,213.52999877929688,209.42999267578125,210.25999450683594,541500
2023-10-11,211.23561096191406,214.75999450683594,214.88999938964844,211.02000427246094,211.05999755859375,455800
2023-10-12,207.17337036132812,210.6300048828125,215.27999877929688,208.66000366210938,215.27999877929688,538400
2023-10-13,205.8553466796875,209.2899932861328,212.75,208.64999389648438,211.5800018310547,491900
2023-10-16,209.54380798339844,213.0399932861328,213.9600067138672,210.8699951171875,211.72999572753906,581400
2023-10-17,211.26507568359375,214.7899932861328,215.5,211.3000030517578,211.94000244140625,569000
2023-10-18,200.39645385742188,203.74000549316406,211.97999572753906,203.44000244140625,211.5500030517578,779400
2023-10-19,199.3636932373047,202.69000244140625,207.94000244140625,202.4199981689453,204.30999755859375,837100
2023-10-20,198.2423858642578,201.5500030517578,203.07000732421875,200.33999633789062,202.61000061035156,750000
2023-10-23,199.1768035888672,202.5,204.47999572753906,200.44000244140625,200.8300018310547,705400
2023-10-24,201.78329467773438,205.14999389648438,206.8000030517578,203.9499969482422,205.0800018310547,844700
2023-10-25,200.0325164794922,203.3699951171875,206.4199981689453,203.08999633789062,203.9199981689453,772700
2023-10-26,190.7867889404297,193.97000122070312,202.22999572753906,190.80999755859375,199.19000244140625,2527900
2023-10-27,190.51136779785156,193.69000244140625,196.08999633789062,190.50999450683594,192.8699951171875,1569300
2023-10-30,192.77365112304688,195.99000549316406,197.83999633789062,194.39999389648438,195.0,1091600
2023-10-31,193.26541137695312,196.49000549316406,199.17999267578125,195.80999755859375,195.9199981689453,1224000
2023-11-01,200.45547485351562,203.8000030517578,204.72000122070312,195.6999969482422,197.10000610351562,1717700
2023-11-02,203.4259033203125,206.82000732421875,210.42999267578125,206.02000427246094,206.02000427246094,1207900
2023-11-03,204.3701629638672,207.77999877929688,210.27999877929688,206.91000366210938,209.32000732421875,961300
2023-11-06,203.7406768798828,207.13999938964844,208.27999877929688,206.38999938964844,208.27999877929688,1138500
2023-11-07,203.80950927734375,207.2100067138672,208.83999633789062,206.11000061035156,207.30999755859375,670400
2023-11-08,205.0094757080078,208.42999267578125,209.3800048828125,206.7899932861328,208.27999877929688,555800
2023-11-09,205.79637145996094,209.22999572753906,211.4499969482422,208.08999633789062,209.2899932861328,826800
2023-11-10,208.6151885986328,211.66000366210938,212.0800018310547,208.55999755859375,210.24000549316406,839600
2023-11-13,207.4620361328125,210.49000549316406,211.7100067138672,209.66000366210938,211.0399932861328,605700
2023-11-14,213.4250030517578,216.5399932861328,219.3000030517578,213.3800048828125,213.3800048828125,1068600
2023-11-15,207.83656311035156,210.8699951171875,217.99000549316406,210.75,217.33999633789062,918500
2023-11-16,209.21646118164062,212.27000427246094,213.4499969482422,210.0399932861328,211.6699981689453,803300
2023-11-17,209.2952880859375,212.35000610351562,214.10000610351562,211.9600067138672,212.50999450683594,713100
2023-11-20,207.35365295410156,210.3800048828125,212.72999572753906,209.38999938964844,211.8300018310547,552800
2023-11-21,206.82139587402344,209.83999633789062,212.77999877929688,209.6699981689453,211.49000549316406,746700
2023-11-22,208.8517303466797,211.89999389648438,213.47000122070312,210.77000427246094,211.52000427246094,511800
2023-11-24,208.63491821289062,211.67999267578125,212.47999572753906,210.72000122070312,211.9600067138672,172500
2023-11-27,209.7880859375,212.85000610351562,213.85000610351562,210.6199951171875,211.27999877929688,657400
2023-11-28,208.12242126464844,211.16000366210938,214.0,210.24000549316406,212.85000610351562,802200
2023-11-29,209.6205291748047,212.67999267578125,213.88999938964844,212.17999267578125,212.3000030517578,609400
2023-11-30,210.4878692626953,213.55999755859375,213.80999755859375,209.60000610351562,212.49000549316406,808500
2023-12-01,212.52810668945312,215.6300048828125,217.3699951171875,214.25,214.25,653400
2023-12-04,211.7100372314453,214.8000030517578,216.2899932861328,213.47999572753906,214.6699981689453,830900
2023-12-05,208.97003173828125,212.02000427246094,214.8300018310547,210.91000366210938,213.9600067138672,836300
2023-12-06,208.88131713867188,211.92999267578125,216.0800018310547,211.66000366210938,213.6300048828125,717900
2023-12-07,211.08909606933594,214.1699981689453,214.25,210.86000061035156,212.35000610351562,485200
2023-12-08,212.92234802246094,216.02999877929688,216.8300018310547,212.6699981689453,213.72999572753906,563600
2023-12-11,215.71163940429688,218.86000061035156,219.27999877929688,216.38999938964844,216.6300048828125,880600
2023-12-12,217.72225952148438,220.89999389648438,222.0800018310547,218.41000366210938,220.58999633789062,619800
2023-12-13,220.4524383544922,223.6699981689453,224.72999572753906,219.60000610351562,221.08999633789062,512000
2023-12-14,221.52674865722656,224.75999450683594,225.3000030517578,221.32000732421875,224.8800048828125,917600
2023-12-15,221.1226806640625,224.35000610351562,226.83999633789062,223.24000549316406,224.0,1092500
2023-12-18,219.4963836669922,222.6999969482422,224.5800018310547,221.66000366210938,224.5800018310547,832700
2023-12-19,221.457763671875,224.69000244140625,225.22999572753906,223.85000610351562,224.4199981689453,503100
2023-12-20,217.99826049804688,221.17999267578125,224.36000061035156,220.8699951171875,223.6699981689453,540900
2023-12-21,220.0680389404297,223.27999877929688,223.63999938964844,221.5,223.19000244140625,614600
2023-12-22,221.69432067871094,224.92999267578125,224.9499969482422,223.1300048828125,224.0500030517578,470000
2023-12-26,222.40396118164062,225.64999389648438,225.94000244140625,224.89999389648438,225.36000061035156,302800
2023-12-27,222.571533203125,225.82000732421875,226.07000732421875,224.4600067138672,225.0,461700
2023-12-28,222.19699096679688,225.44000244140625,226.11000061035156,225.0800018310547,225.88999938964844,427200
2023-12-29,223.744384765625,227.00999450683594,227.3300018310547,225.1300048828125,225.5500030517578,559200
2024-01-02,220.38345336914062,223.60000610351562,226.22000122070312,222.57000732421875,225.2899932861328,720200
2024-01-03,216.1748809814453,219.3300018310547,222.0800018310547,218.3699951171875,222.0800018310547,744500
2024-01-04,217.5054473876953,220.67999267578125,221.86000061035156,218.3800048828125,219.6199951171875,862800
2024-01-05,218.4319305419922,221.6199951171875,223.77000427246094,219.5800018310547,220.1300048828125,618700
2024-01-08,220.77767944335938,224.0,224.11000061035156,220.22999572753906,220.91000366210938,662200
2024-01-09,220.20603942871094,223.4199981689453,223.5,220.3800048828125,221.97000122070312,406200
2024-01-10,222.8573455810547,226.11000061035156,226.22000122070312,222.74000549316406,223.30999755859375,519600
2024-01-11,221.13250732421875,224.36000061035156,226.52000427246094,223.57000732421875,226.1999969482422,640100
2024-01-12,220.73828125,223.9600067138672,224.00999450683594,221.8800048828125,222.60000610351562,711000
2024-01-16,219.18099975585938,222.3800048828125,223.5399932861328,220.89999389648438,223.2899932861328,637700
2024-01-17,218.07711791992188,221.25999450683594,222.27999877929688,220.5,220.88999938964844,553000
2024-01-18,221.88160705566406,225.1199951171875,225.22000122070312,221.3300018310547,221.67999267578125,469900
2024-01-19,222.8277587890625,226.0800018310547,226.24000549316406,222.9199981689453,226.22999572753906,495800
2024-01-22,224.010498046875,227.27999877929688,229.8000030517578,226.5800018310547,226.82000732421875,722200
2024-01-23,219.59494018554688,222.8000030517578,228.25,222.7899932861328,226.8300018310547,856200
2024-01-24,216.63812255859375,219.8000030517578,224.27000427246094,219.72999572753906,224.0500030517578,823000
2024-01-25,220.19618225097656,223.41000366210938,223.5500030517578,221.00999450683594,222.4600067138672,655600
2024-01-26,219.1613006591797,222.36000061035156,224.3000030517578,222.0,223.41000366210938,691600
2024-01-29,226.07041931152344,229.3699951171875,229.47999572753906,222.08999633789062,222.08999633789062,696900
2024-01-30,227.72625732421875,231.0500030517578,232.00999450683594,228.69000244140625,228.8000030517578,753300
2024-01-31,222.7587890625,226.00999450683594,231.8300018310547,225.66000366210938,230.5399932861328,706500
2024-02-01,227.04620361328125,230.36000061035156,230.66000366210938,223.89999389648438,227.27000427246094,702700
2024-02-02,231.06752014160156,234.44000244140625,235.42999267578125,228.75,228.97999572753906,1036900
2024-02-05,226.3463897705078,229.64999389648438,234.30999755859375,227.66000366210938,232.39999389648438,1064900
2024-02-06,228.24864196777344,231.5800018310547,232.55999755859375,229.1999969482422,229.8699951171875,818000
2024-02-07,233.1175994873047,236.52000427246094,237.52999877929688,233.50999450683594,234.0,822400
2024-02-08,235.00997924804688,238.44000244140625,239.25,235.0,236.97000122070312,882000
2024-02-09,236.54751586914062,240.0,240.11000061035156,237.39999389648438,237.74000549316406,1050200
2024-02-12,236.6756591796875,240.1300048828125,243.44000244140625,240.1300048828125,241.13999938964844,910400
2024-02-13,233.70896911621094,237.1199951171875,238.0399932861328,234.52999877929688,236.0,859600
2024-02-14,237.6317138671875,241.10000610351562,242.5500030517578,237.85000610351562,238.7899932861328,1024800
2024-02-15,238.97213745117188,242.4600067138672,244.60000610351562,239.63999938964844,243.47000122070312,1187500
2024-02-16,251.47958374023438,255.14999389648438,260.80999755859375,253.3699951171875,256.760009765625,2202400
2024-02-20,247.76382446289062,251.3800048828125,254.8300018310547,249.49000549316406,253.22000122070312,1115300
2024-02-21,249.7843475341797,253.42999267578125,253.86000061035156,250.67999267578125,251.6300048828125,650100
2024-02-22,253.2438507080078,256.94000244140625,257.2200012207031,254.58999633789062,255.50999450683594,717000
2024-02-23,253.52967834472656,257.2300109863281,257.9200134277344,255.67999267578125,257.9200134277344,786800
2024-02-26,257.3242492675781,261.0799865722656,261.45001220703125,257.5299987792969,257.8299865722656,855800
2024-02-27,259.76861572265625,263.55999755859375,263.67999267578125,261.2900085449219,261.82000732421875,727400
2024-02-28,258.5267028808594,262.29998779296875,265.1000061035156,261.1700134277344,263.3599853515625,1066800
2024-02-29,262.0257263183594,265.8500061035156,266.7799987792969,261.32000732421875,263.9100036621094,1113600
2024-03-01,264.0398254394531,267.42999267578125,268.4100036621094,265.739990234375,267.07000732421875,712300
2024-03-04,264.4544982910156,267.8500061035156,269.67999267578125,266.9800109863281,268.3999938964844,885900
2024-03-05,261.6208801269531,264.9800109863281,268.8399963378906,263.05999755859375,266.17999267578125,1026000
2024-03-06,263.95098876953125,267.3399963378906,268.2900085449219,264.2300109863281,265.489990234375,743300
2024-03-07,267.7323913574219,271.1700134277344,271.7300109863281,268.9800109863281,268.9800109863281,643400
2024-03-08,263.3190612792969,266.70001220703125,271.4200134277344,264.8599853515625,270.25,926200
2024-03-11,261.5912780761719,264.95001220703125,266.3599853515625,262.8699951171875,266.3599853515625,975200
2024-03-12,266.1625061035156,269.5799865722656,269.9700012207031,264.8900146484375,265.260009765625,577700
2024-03-13,265.9058532714844,269.32000732421875,270.6499938964844,268.3800048828125,269.42999267578125,618100
2024-03-14,267.29803466796875,270.7300109863281,272.7300109863281,268.6000061035156,268.6000061035156,1003000
2024-03-15,263.47698974609375,266.8599853515625,271.6000061035156,266.54998779296875,268.8399963378906,1861300
2024-03-18,266.004638671875,269.4200134277344,270.25,267.54998779296875,267.8500061035156,934600
2024-03-19,265.59979248046875,269.010009765625,271.80999755859375,266.8299865722656,266.8299865722656,1239500
2024-03-20,268.29522705078125,271.739990234375,272.260009765625,268.9599914550781,269.79998779296875,933100
2024-03-21,272.09637451171875,275.5899963378906,275.8699951171875,270.3800048828125,272.45001220703125,1035600
2024-03-22,270.8819274902344,274.3599853515625,275.1499938964844,272.260009765625,274.79998779296875,581600
2024-03-25,269.16400146484375,272.6199951171875,274.8299865722656,272.04998779296875,274.489990234375,427800
2024-03-26,270.3981628417969,273.8699951171875,275.3500061035156,272.6600036621094,272.6600036621094,537800
2024-03-27,269.33184814453125,272.7900085449219,276.5799865722656,271.67999267578125,275.5199890136719,703200
2024-03-28,269.460205078125,272.9200134277344,274.7900085449219,271.42999267578125,273.4800109863281,683000
2024-04-01,266.27117919921875,269.69000244140625,273.1099853515625,269.55999755859375,273.1099853515625,599100
2024-04-02,262.8747863769531,266.25,270.4599914550781,264.1600036621094,269.7300109863281,888500
2024-04-03,265.3628234863281,268.7699890136719,269.79998779296875,265.760009765625,266.1600036621094,629700
2024-04-04,262.5193786621094,265.8900146484375,272.7699890136719,265.5,270.95001220703125,576800
2024-04-05,266.7253112792969,270.1499938964844,270.8699951171875,267.19000244140625,267.19000244140625,454100
2024-04-08,266.3008117675781,269.7200012207031,271.6199951171875,269.3800048828125,270.5199890136719,580200
2024-04-09,262.25274658203125,265.6199951171875,270.2300109863281,263.0799865722656,269.54998779296875,637500
2024-04-10,261.2061767578125,264.55999755859375,265.8999938964844,259.0799865722656,260.0199890136719,800600
2024-04-11,262.13427734375,265.5,267.0299987792969,263.8399963378906,264.2300109863281,545900
2024-04-12,259.44873046875,262.7799987792969,264.6700134277344,261.2900085449219,263.25,507900
2024-04-15,257.1680603027344,260.4700012207031,268.4100036621094,260.25,268.4100036621094,514100
2024-04-16,255.26251220703125,258.5400085449219,261.2099914550781,257.0199890136719,260.8299865722656,782800
2024-04-17,254.98605346679688,258.260009765625,260.0899963378906,256.07000732421875,260.0799865722656,708200
2024-04-18,251.8365020751953,255.07000732421875,260.260009765625,254.33999633789062,260.260009765625,538100
2024-04-19,248.86463928222656,252.05999755859375,257.45001220703125,251.32000732421875,256.2799987792969,613800
2024-04-22,251.2539825439453,254.47999572753906,256.1300048828125,251.5800018310547,253.02999877929688,591400
2024-04-23,256.0523681640625,259.3399963378906,260.010009765625,254.14999389648438,254.14999389648438,764900
2024-04-24,253.149658203125,256.3999938964844,259.9599914550781,253.75999450683594,258.2099914550781,568000
2024-04-25,255.26251220703125,258.5400085449219,258.989990234375,250.77000427246094,253.99000549316406,655900
2024-04-26,257.92828369140625,261.239990234375,261.8299865722656,258.7900085449219,258.989990234375,689100
2024-04-29,258.1356506347656,261.45001220703125,262.6400146484375,259.8399963378906,261.2900085449219,632700
2024-04-30,254.36404418945312,257.6300048828125,264.1000061035156,257.32000732421875,260.6199951171875,817100
2024-05-01,256.4374084472656,259.7300109863281,263.760009765625,256.1600036621094,257.5299987792969,1036600
2024-05-02,261.05810546875,264.4100036621094,273.17999267578125,259.9200134277344,268.5899963378906,1524200
2024-05-03,261.08770751953125,264.44000244140625,268.1400146484375,262.3699951171875,265.54998779296875,809400
2024-05-06,263.2301940917969,266.6099853515625,267.75,265.010009765625,267.0799865722656,576400
2024-05-07,264.9480895996094,268.3500061035156,269.0,265.6199951171875,268.04998779296875,682700
2024-05-08,264.53350830078125,267.92999267578125,268.7900085449219,266.3500061035156,268.0,510400
2024-05-09,267.2584533691406,270.69000244140625,270.80999755859375,267.6700134277344,268.3800048828125,653900
2024-05-10,268.6209411621094,272.07000732421875,274.1300048828125,270.95001220703125,272.0,517100
2024-05-13,266.6661071777344,270.0899963378906,272.94000244140625,269.1000061035156,272.3900146484375,377100
2024-05-14,264.3558044433594,267.75,270.1499938964844,266.8699951171875,269.8699951171875,524900
2024-05-15,267.0708923339844,270.5,271.69000244140625,268.5899963378906,269.0799865722656,740500
2024-05-16,256.7039794921875,260.0,270.2300109863281,258.7699890136719,270.2300109863281,1181500
2024-05-17,255.81539916992188,259.1000061035156,262.8699951171875,258.6499938964844,261.9700012207031,498300
2024-05-20,256.911376953125,260.2099914550781,261.010009765625,257.5400085449219,258.3399963378906,567000
2024-05-21,258.8563232421875,262.17999267578125,262.7799987792969,255.27999877929688,257.45001220703125,1526600
2024-05-22,257.56298828125,260.8699951171875,261.7300109863281,256.5,261.7300109863281,1042100
2024-05-23,254.39797973632812,257.2099914550781,262.19000244140625,256.3900146484375,261.8699951171875,679400
2024-05-24,256.4156188964844,259.25,259.4700012207031,256.3999938964844,257.6600036621094,329600
2024-05-28,251.20327758789062,253.97999572753906,258.5299987792969,253.49000549316406,257.9599914550781,519700
2024-05-29,249.1559295654297,251.91000366210938,254.22000122070312,251.38999938964844,252.47000122070312,486800
2024-05-30,251.3022003173828,254.0800018310547,255.35000610351562,251.9199981689453,252.52000427246094,647800
2024-05-31,252.97369384765625,255.77000427246094,256.3599853515625,245.41000366210938,253.47999572753906,1649500
2024-06-03,249.43284606933594,252.19000244140625,257.3800048828125,248.9199981689453,256.7300109863281,685000
2024-06-04,247.7217559814453,250.4600067138672,252.7100067138672,247.9499969482422,251.91000366210938,559700
2024-06-05,248.4338836669922,251.17999267578125,251.97999572753906,249.07000732421875,251.5,427600
2024-06-06,245.86231994628906,248.5800018310547,251.38999938964844,247.41000366210938,250.97000122070312,654400
2024-06-07,244.8831329345703,247.58999633789062,250.80999755859375,246.9199981689453,248.58999633789062,608200
2024-06-10,245.10073852539062,247.80999755859375,249.52000427246094,245.0800018310547,246.32000732421875,558200
2024-06-11,241.9653778076172,244.63999938964844,247.1699981689453,243.50999450683594,247.0,571300
2024-06-12,246.39642333984375,249.1199951171875,253.02999877929688,246.0500030517578,248.89999389648438,804100
2024-06-13,251.17361450195312,253.9499969482422,254.5399932861328,247.52000427246094,247.77999877929688,692700
2024-06-14,249.87791442871094,252.63999938964844,253.63999938964844,249.00999450683594,252.0,617300
2024-06-17,253.54736328125,256.3500061035156,257.239990234375,251.35000610351562,252.1699981689453,552500
2024-06-18,252.81546020507812,255.61000061035156,257.1199951171875,252.82000732421875,255.97999572753906,1143300
2024-06-20,243.76548767089844,246.4600067138672,255.22999572753906,243.75999450683594,255.02000427246094,1142600
2024-06-21,245.10073852539062,247.80999755859375,248.55999755859375,243.30999755859375,245.72000122070312,1251600
2024-06-24,244.87326049804688,247.5800018310547,249.19000244140625,245.05999755859375,247.72999572753906,822600
2024-06-25,243.45889282226562,246.14999389648438,246.63999938964844,243.85000610351562,245.3800048828125,903600
2024-06-26,243.19183349609375,245.8800048828125,247.22999572753906,243.89999389648438,244.5500030517578,790800
2024-06-27,245.05125427246094,247.75999450683594,249.16000366210938,245.3800048828125,246.2100067138672,577000
2024-06-28,245.96121215820312,248.67999267578125,251.80999755859375,247.02000427246094,248.7100067138672,988700
2024-07-01,241.05545043945312,243.72000122070312,249.99000549316406,242.17999267578125,249.69000244140625,652200
2024-07-02,242.3907012939453,245.07000732421875,245.0800018310547,240.99000549316406,241.5399932861328,773400
2024-07-03,241.2532501220703,243.9199981689453,245.5399932861328,242.22000122070312,244.4600067138672,439200
2024-07-05,241.54010009765625,244.2100067138672,245.0,241.02000427246094,243.36000061035156,415600
2024-07-08,239.3245849609375,241.97000122070312,246.5500030517578,241.44000244140625,244.97999572753906,735000
2024-07-09,239.6015167236328,242.25,242.9199981689453,239.47999572753906,242.32000732421875,796400
2024-07-10,245.01171875,247.72000122070312,248.60000610351562,241.0500030517578,242.6699981689453,634700
2024-07-11,251.90550231933594,254.69000244140625,255.2899932861328,248.35000610351562,248.35000610351562,902300
2024-07-12,249.74932861328125,252.50999450683594,258.8399963378906,252.00999450683594,255.58999633789062,833700
2024-07-15,251.1241455078125,253.89999389648438,256.6600036621094,252.61000061035156,255.5500030517578,838300
2024-07-16,259.9367370605469,262.80999755859375,263.3299865722656,254.61000061035156,255.07000732421875,866700
2024-07-17,253.00338745117188,255.8000030517578,260.8900146484375,255.5,260.80999755859375,628600
2024-07-18,253.29019165039062,256.0899963378906,259.4599914550781,254.52999877929688,254.52999877929688,531700
2024-07-19,253.3396759033203,256.1400146484375,258.19000244140625,254.6999969482422,257.79998779296875,599700
2024-07-22,257.76080322265625,260.6099853515625,261.489990234375,255.25,257.5799865722656,743900
2024-07-23,257.30584716796875,260.1499938964844,262.0899963378906,259.3800048828125,260.0400085449219,408500
2024-07-24,247.77120971679688,250.50999450683594,259.8299865722656,250.05999755859375,258.4200134277344,1116300
2024-07-25,250.99557495117188,253.77000427246094,259.6400146484375,251.1199951171875,251.4499969482422,825200
2024-07-26,258.8487548828125,261.7099914550781,262.8500061035156,256.0,257.2300109863281,673500
2024-07-29,261.6379089355469,264.5299987792969,265.25,260.94000244140625,262.2099914550781,586800
2024-07-30,267.04815673828125,270.0,273.3299865722656,267.6400146484375,268.8299865722656,1205100
2024-07-31,271.50885009765625,274.510009765625,278.7900085449219,268.5199890136719,271.79998779296875,1458900
2024-08-01,268.1658020019531,271.1300048828125,274.9800109863281,269.9599914550781,273.94000244140625,1316700
2024-08-02,263.42816162109375,266.3399963378906,268.3599853515625,260.1199951171875,268.3599853515625,986600
2024-08-05,254.61557006835938,257.42999267578125,262.4100036621094,252.92999267578125,260.0,1355100
2024-08-06,243.44898986816406,246.13999938964844,251.7100067138672,238.88999938964844,245.61000061035156,2295000
2024-08-07,238.58279418945312,241.22000122070312,251.72000122070312,241.22000122070312,248.49000549316406,1376800
2024-08-08,243.6369171142578,246.3300018310547,250.77000427246094,242.32000732421875,242.6699981689453,1196300
2024-08-09,241.66867065429688,244.33999633789062,249.1300048828125,243.36000061035156,246.17999267578125,888000
2024-08-12,239.25534057617188,241.89999389648438,244.7899932861328,239.91000366210938,244.22999572753906,869300
2024-08-13,241.17413330078125,243.83999633789062,245.9199981689453,241.7899932861328,244.05999755859375,706000
2024-08-14,239.8488006591797,242.5,246.3000030517578,242.07000732421875,245.08999633789062,876700
2024-08-15,244.33778381347656,246.57000732421875,247.08999633789062,242.33999633789062,245.8699951171875,1028900
2024-08-16,242.21714782714844,244.42999267578125,247.05999755859375,243.60000610351562,247.05999755859375,490900
2024-08-19,242.07839965820312,244.2899932861328,245.6199951171875,242.17999267578125,244.61000061035156,660400
2024-08-20,243.37655639648438,245.60000610351562,246.7899932861328,244.22999572753906,244.22999572753906,534000
2024-08-21,245.59628295898438,247.83999633789062,249.8800048828125,246.7899932861328,247.22999572753906,920700
2024-08-22,245.7350311279297,247.97999572753906,250.24000549316406,246.6699981689453,248.75,680600
2024-08-23,252.5824432373047,254.88999938964844,257.4200134277344,249.66000366210938,250.25999450683594,1252300
2024-08-26,248.4105682373047,250.67999267578125,257.5400085449219,250.22999572753906,256.3299865722656,447600
2024-08-27,238.23353576660156,240.41000366210938,250.0,237.1699981689453,249.02000427246094,1007300
2024-08-28,233.6355743408203,235.77000427246094,242.38999938964844,235.08999633789062,241.80999755859375,1835000
2024-08-29,239.09567260742188,241.27999877929688,243.41000366210938,236.85000610351562,237.52000427246094,866600
2024-08-30,242.99009704589844,245.2100067138672,245.8699951171875,241.3699951171875,242.2899932861328,844600
2024-09-03,236.85614013671875,239.02000427246094,244.0,237.67999267578125,241.64999389648438,933400
2024-09-04,232.7040557861328,234.8300018310547,240.00999450683594,232.69000244140625,239.08999633789062,1009400
2024-09-05,230.0582275390625,232.16000366210938,235.0399932861328,230.72000122070312,234.11000061035156,727600
2024-09-06,229.8699493408203,231.97000122070312,236.02999877929688,231.55999755859375,234.02999877929688,1161500
2024-09-09,229.73123168945312,231.8300018310547,234.66000366210938,230.9499969482422,232.89999389648438,1757100
2024-09-10,230.84107971191406,232.9499969482422,233.82000732421875,231.02999877929688,233.72999572753906,1076900
2024-09-11,230.84107971191406,232.9499969482422,233.3699951171875,225.36000061035156,231.5,1553000
2024-09-12,234.1310272216797,236.27000427246094,237.3300018310547,233.52000427246094,233.52000427246094,680100
2024-09-13,235.32017517089844,237.47000122070312,239.63999938964844,235.4600067138672,236.0,726300
2024-09-16,240.67127990722656,242.8699951171875,243.3300018310547,237.0,238.0500030517578,894700
2024-09-17,242.90090942382812,245.1199951171875,247.0,242.0399932861328,243.36000061035156,757600
2024-09-18,242.18740844726562,244.39999389648438,249.5800018310547,244.27000427246094,245.7100067138672,679400
2024-09-19,251.37350463867188,253.6699981689453,254.00999450683594,246.44000244140625,250.0,1015200
2024-09-20,249.76817321777344,252.0500030517578,258.17999267578125,250.74000549316406,258.17999267578125,1697600
2024-09-23,250.04563903808594,252.3300018310547,253.8000030517578,250.3300018310547,252.60000610351562,728500
2024-09-24,247.60789489746094,249.8699951171875,253.8300018310547,247.38999938964844,253.08999633789062,1079700
2024-09-25,247.37008666992188,249.6300048828125,251.94000244140625,249.33999633789062,251.94000244140625,922100
2024-09-26,248.3114776611328,250.5800018310547,257.010009765625,249.6300048828125,254.0800018310547,887800
2024-09-27,247.9745635986328,250.24000549316406,252.3699951171875,248.1999969482422,251.1699981689453,777700
2024-09-30,248.162841796875,250.42999267578125,250.91000366210938,246.02000427246094,249.25,795200
2024-10-01,245.2494659423828,247.49000549316406,251.72999572753906,244.4199981689453,249.77999877929688,667500
2024-10-02,238.28309631347656,240.4600067138672,245.99000549316406,239.97000122070312,244.44000244140625,930700
2024-10-03,238.91729736328125,241.10000610351562,242.94000244140625,238.60000610351562,240.22999572753906,524800
2024-10-04,239.24429321289062,241.42999267578125,243.1999969482422,239.41000366210938,243.17999267578125,532500
2024-10-07,235.87509155273438,238.02999877929688,240.3000030517578,237.3300018310547,238.61000061035156,971100
2024-10-08,236.0336456298828,238.19000244140625,239.58999633789062,236.6300048828125,238.1999969482422,853200
2024-10-09,239.45242309570312,241.63999938964844,243.35000610351562,236.5500030517578,238.19000244140625,869800
2024-10-10,241.69195556640625,243.89999389648438,245.5399932861328,238.6999969482422,239.36000061035156,909600
2024-10-11,245.26925659179688,247.50999450683594,248.52999877929688,243.94000244140625,243.94000244140625,607500
2024-10-14,246.44850158691406,248.6999969482422,249.44000244140625,244.6300048828125,247.91000366210938,1387300
2024-10-15,250.50144958496094,252.7899932861328,257.79998779296875,249.69000244140625,250.0,972900
2024-10-16,254.15806579589844,256.4800109863281,256.7900085449219,251.82000732421875,253.00999450683594,462200
2024-10-17,256.29852294921875,258.6400146484375,259.7699890136719,256.3900146484375,257.94000244140625,746700
2024-10-18,259.3506164550781,261.7200012207031,262.79998779296875,255.5,258.6300048828125,829100
2024-10-21,257.58673095703125,259.94000244140625,261.5799865722656,257.2200012207031,261.5799865722656,902600
2024-10-22,251.4230499267578,253.72000122070312,259.1000061035156,253.6699981689453,258.95001220703125,653500
2024-10-23,251.2744140625,253.57000732421875,254.99000549316406,250.75999450683594,253.49000549316406,545500
2024-10-24,253.82115173339844,256.1400146484375,256.5400085449219,252.3800048828125,253.72999572753906,1281200
2024-10-25,254.21751403808594,256.5400085449219,259.30999755859375,255.6300048828125,258.3399963378906,742300
2024-10-28,256.1597900390625,258.5,260.1600036621094,257.19000244140625,258.44000244140625,1437500
2024-10-29,257.20025634765625,259.54998779296875,260.8699951171875,254.47000122070312,256.8999938964844,1183000
2024-10-30,273.72930908203125,276.2300109863281,279.4700012207031,267.8800048828125,270.0,1952100
2024-10-31,271.4500732421875,273.92999267578125,278.4599914550781,273.1099853515625,273.8500061035156,1429200
2024-11-01,267.9421691894531,270.3900146484375,275.3999938964844,270.260009765625,275.29998779296875,986500
2024-11-04,266.8800354003906,268.8599853515625,272.7099914550781,268.20001220703125,270.1300048828125,1124200
2024-11-05,270.6619567871094,272.6700134277344,272.8900146484375,267.69000244140625,267.9100036621094,689300
2024-11-06,288.31103515625,290.45001220703125,298.30999755859375,287.6000061035156,288.0299987792969,2679100
2024-11-07,288.4499816894531,290.5899963378906,293.2799987792969,288.55999755859375,292.1099853515625,1163400
2024-11-08,290.15728759765625,292.30999755859375,293.7300109863281,290.0199890136719,290.5799865722656,740700
2024-11-11,289.8893127441406,292.0400085449219,295.1000061035156,290.67999267578125,293.7900085449219,526900
2024-11-12,286.2562561035156,288.3800048828125,292.3800048828125,286.44000244140625,290.92999267578125,783000
2024-11-13,285.5911865234375,287.7099914550781,290.9200134277344,286.7099914550781,288.8399963378906,580000
2024-11-14,280.59820556640625,282.67999267578125,288.6099853515625,281.6099853515625,287.32000732421875,927700
2024-11-15,277.2232666015625,279.2799987792969,283.2200012207031,277.6000061035156,281.67999267578125,669400
2024-11-18,276.687255859375,278.739990234375,280.70001220703125,277.6000061035156,280.70001220703125,491600
2024-11-19,275.9626159667969,278.010009765625,278.2099914550781,273.6600036621094,275.0899963378906,724000
2024-11-20,275.76409912109375,277.80999755859375,278.5299987792969,276.2900085449219,278.5299987792969,714200
2024-11-21,279.1092834472656,281.17999267578125,282.4100036621094,277.1600036621094,279.489990234375,792600
2024-11-22,282.5140075683594,284.6099853515625,284.9200134277344,280.0899963378906,281.3500061035156,503300
2024-11-25,288.2315979003906,290.3699951171875,291.8999938964844,285.6600036621094,285.95001220703125,1066400
2024-11-26,286.27606201171875,288.3999938964844,290.5400085449219,285.9200134277344,289.8999938964844,577600
2024-11-27,284.28094482421875,286.3900146484375,291.69000244140625,285.6300048828125,290.07000732421875,386200
2024-11-29,286.0080871582031,288.1300048828125,289.1300048828125,287.0899963378906,287.9200134277344,355200
2024-12-02,284.93603515625,287.04998779296875,288.32000732421875,285.0799865722656,288.32000732421875,579600
2024-12-03,284.3901062011719,286.5,289.1199951171875,284.5899963378906,287.260009765625,543100
2024-12-04,283.54632568359375,285.6499938964844,286.8900146484375,283.67999267578125,285.1300048828125,616900
2024-12-05,285.51177978515625,287.6300048828125,289.2200012207031,282.1600036621094,285.0,765700
2024-12-06,284.7474365234375,286.8599853515625,289.2900085449219,285.70001220703125,288.2300109863281,1355200
2024-12-09,279.1589660644531,281.2300109863281,288.8500061035156,278.8299865722656,286.5899963378906,672000
2024-12-10,274.2751159667969,276.30999755859375,281.010009765625,273.4200134277344,279.45001220703125,775400
2024-12-11,277.501220703125,279.55999755859375,279.8999938964844,276.8299865722656,279.3900146484375,919200
2024-12-12,276.0618591308594,278.1099853515625,279.8999938964844,277.3800048828125,279.8999938964844,689700
2024-12-13,273.7391052246094,275.7699890136719,278.67999267578125,274.0799865722656,277.9599914550781,492600
2024-12-16,274.9600830078125,277.0,278.42999267578125,274.3299865722656,276.19000244140625,595400
2024-12-17,270.64208984375,272.6499938964844,276.2099914550781,272.1499938964844,275.3900146484375,774500
2024-12-18,262.9392395019531,264.8900146484375,277.6700134277344,264.7300109863281,272.55999755859375,976100
2024-12-19,258.99847412109375,260.9200134277344,267.6199951171875,259.989990234375,265.8500061035156,1061500
2024-12-20,261.19219970703125,263.1300048828125,265.82000732421875,258.3800048828125,259.19000244140625,2007300
2024-12-23,260.9341125488281,262.8699951171875,264.45001220703125,260.8900146484375,261.9800109863281,656800
2024-12-24,262.3634948730469,264.30999755859375,264.6700134277344,262.1400146484375,263.0,246300
2024-12-26,262.6017150878906,264.54998779296875,265.0,263.0400085449219,263.0400085449219,483000
2024-12-27,260.4278564453125,262.3599853515625,265.2300109863281,261.20001220703125,262.0,409300
2024-12-30,256.2587890625,258.1600036621094,260.5299987792969,257.5199890136719,259.1199951171875,713500
2024-12-31,255.33566284179688,257.2300109863281,260.2799987792969,256.7099914550781,259.3299865722656,389200
